row_id,Precip_T45,Precip,Temp,SoilTemp_T30,SoilTemp_T15
0,0.020068225247882765,0.0013740441676972637,295.9191934797499,298.7314372592502,299.30367694430885
1,0.020068225247882765,0.0013740441676972637,295.9191934797499,298.7314372592502,299.30367694430885
2,0.00828280745270149,0.00021734153002483936,301.1274454328749,304.1918593512641,304.81169018215604
3,0.0027581274342765028,0.003246732699572874,297.28626162211106,300.7707438998752,301.74967303805875
4,0.023474496586345595,0.01562450145453198,296.5376233842638,299.2783882141113,300.68584382798934
5,0.01121411917927162,0.0048038593408463726,302.1336303287082,306.416246287028,307.8754922654894
6,0.02012537120106117,0.012415148961245848,297.0539482540554,299.85700692070844,301.3834512498644
7,0.01831003723862068,0.0004294446584580669,305.7932223425971,310.4270210266113,311.85593931410057
8,0.01121411917927162,0.0048038593408463726,302.1336303287082,306.416246287028,307.8754922654894
9,0.014771711809657972,0.009125941145121885,299.0534111446804,302.37941360473627,303.3710543314616
10,0.01831003723862068,0.0004294446584580669,305.7932223425971,310.4270210266113,311.85593931410057
11,0.023474496586345595,0.01562450145453198,296.5376233842638,299.2783882141113,300.68584382798934
12,0.01141306458237068,0.008024134385287596,301.89172494676376,305.41908916897245,306.72058775160053
13,0.013007757051013868,0.0005061856386063823,298.60073102315266,301.66936043633353,301.6432982550727
14,0.00874924360039131,0.00030101155012829395,298.0102416568332,302.8350885179308,303.06428349812825
15,0.022585687024616163,0.01479413424700482,297.55279808044435,300.11341425577797,301.5473943922255
16,0.029992204887889784,0.001530998098552061,305.4474052853054,307.714146677653,309.3339178297255
17,0.0405282348227729,0.021424435722529722,291.0991576724582,292.24661195543075,293.93866500854494
18,0.09563864467861549,0.03233691369265301,290.93892004224995,293.5271186828613,294.26897642347546
19,0.09563864467861549,0.03233691369265301,290.93892004224995,293.5271186828613,294.26897642347546
20,0.028374043090366285,0.012375303256213499,293.2820190005832,294.7341553582085,295.80079065958665
21,0.04297440944435493,0.013658814775645567,293.01503766377766,294.500963083903,296.27949617173937
22,0.06796316502811806,0.0513753077861665,291.112531153361,291.7186822679307,292.8000473870171
23,0.06796316502811806,0.0513753077861665,291.112531153361,291.7186822679307,292.8000473870171
24,0.04801235793354408,0.0002922496673463115,303.47995736863874,301.52015253702797,302.0893160502116
25,0.04801235793354408,0.0002922496673463115,303.47995736863874,301.52015253702797,302.0893160502116
26,0.045801085217021864,0.0002448788759110698,301.8303968217638,300.6478543599446,300.93631583319774
27,0.045801085217021864,0.0002448788759110698,301.8303968217638,300.6478543599446,300.93631583319774
28,0.04211067853691475,0.0008742741224168071,299.1317043304443,301.245884958903,301.0679727342394
29,0.011131805164836805,0.0008437267419694194,299.9857299380832,303.6911432054308,303.4120645311143
30,0.013007757051013868,0.0005061856386063823,298.60073102315266,301.66936043633353,301.6432982550727
31,0.03416020868542091,0.00023307715624554248,303.10083410474994,302.44234220716686,302.3934176127115
32,0.023474496586345595,0.01562450145453198,296.5376233842638,299.2783882141113,300.68584382798934
33,0.04016911683800117,0.014104687320887876,293.896906153361,294.98858786688913,296.3325777689616
34,0.0188481628728141,0.012494825470149351,293.15844044155546,294.1226427714029,295.1380248175727
35,0.030805465562366408,0.004419156062304808,297.67469478183324,301.8058350457086,302.912080807156
36,0.0430730700326194,0.05622092698782666,293.1278848859999,294.121324412028,294.56724573771163
37,0.031224769337200087,0.009477981078326536,291.41671952141655,292.760359785292,294.0376179165311
38,0.04103830157043831,0.0390069714662431,293.6154988182916,295.03980857001415,296.0035250345865
39,0.030661162717365187,0.0015488198873399028,305.23637012905544,304.8095242818196,306.1171480814616
40,0.03168013392212288,0.00019776140421612354,296.56317676968047,297.9057807922363,298.4551906161838
41,0.013007757051013868,0.0005061856386063823,298.60073102315266,301.66936043633353,301.6432982550727
42,0.013007757051013868,0.0005061856386063823,298.60073102315266,301.66936043633353,301.6432982550727
43,0.020359468443416517,0.000927396762072874,304.9020168304443,309.1399008009169,309.96426722208656
44,0.010255661590122145,0.0024193606254456768,302.38154157002765,305.9108860439724,306.6577296786838
45,0.005617138726734083,0.0032899162647126445,302.79026010301374,306.899351755778,307.6977741665311
46,0.011801716668628615,0.0019196352836488018,297.92868783738874,301.48189298841686,302.17846535576706
47,0.04484100340130226,0.00035006617277844043,301.0622490353054,302.25054533216695,302.24526223076714
48,0.010444608314060133,0.009263359653651548,301.57328961690274,305.40459806654184,306.5211302863227
49,0.015450042469524305,0.018123128163516355,301.44761144849986,303.3672771030002,303.5996567620171
50,0.01688980756523506,0.009426437961757017,303.3253946516249,306.6517063564724,308.1504054599338
51,0.020068225247882765,0.0013740441676972637,295.9191934797499,298.7314372592502,299.30367694430885
52,0.023100700957797926,0.0002703300592301616,302.1482624901666,305.19121373494465,304.6127426995172
53,0.02912638781788246,0.0006290159103272686,304.2121079762777,311.2374593946669,311.3633394877116
54,0.01563134489776985,0.00026243244379742237,305.6699855804444,310.2805854797363,310.93442238701715
55,0.009652656300090712,0.0008794150230286846,305.52324078877774,309.5341336568197,310.8945515102811
56,0.0025434762072791273,0.0021412155506013164,297.2019625769721,300.95708287556965,301.8187865363227
57,0.007496532781146925,0.0024752101776002178,302.95704612731936,306.6590251498752,307.4949204338921
58,0.012619313581012648,0.0020698985931275615,302.6144788530138,306.6671306186252,307.81653501722553
59,0.005622130615734022,0.0040160796520112285,298.12643631829155,300.967320505778,301.35955259535046
60,0.007361781580470961,0.0008058330890534648,297.47717416551376,301.03202862209747,302.0868909200032
61,0.026934784634136122,0.00023349438875897022,305.26144065856926,310.4582764519585,311.13129196166994
62,0.006784942729495924,0.0002227953550217876,301.5598727332221,305.46611065334747,305.4461411370172
63,0.00411529539348976,0.0022938779470322856,302.6993150075277,306.32329381306965,307.03753653632276
64,0.046497684700511854,0.0029871991750596294,301.4045504675971,305.668074629042,306.570479244656
65,0.01831003723862068,0.0004294446584580669,305.7932223425971,310.4270210266113,311.85593931410057
66,0.012121301872753065,0.009797909009158445,300.8867390526666,304.96476516723635,306.30195710923937
67,0.012121301872753065,0.009797909009158445,300.8867390526666,304.96476516723635,306.30195710923937
68,0.02170492408993141,0.01072967861860974,295.04047169155547,298.1306777106391,300.0369668748644
69,0.008319881541751784,0.0020004591819642314,302.7336845821804,306.7881918165419,307.9278251647949
70,0.009233725054286879,7.390295237286182e-05,300.23595237731934,301.7298639085558,301.65892868041993
71,0.036338311417125624,0.0020052275535462627,304.9684502071804,310.0774821811252,310.2253512064616
72,0.007993203384899061,0.0003398588773606548,297.5208699120415,299.6385607401529,300.8279282463921
73,0.04612670539142982,0.0076385817405579814,300.9814873165554,301.05375713772247,300.98606626722545
74,0.010244664533161085,0.00462550734251721,301.69919022454155,305.45074064466684,306.916035885281
75,0.02941521702530281,0.00126113806933148,305.559943262736,309.09086651272247,310.62955042521156
76,0.014196258766673964,0.003972151028811766,298.0124497731527,303.2120253668891,303.8617227342394
77,0.010404688103221815,0.00032145594328625293,305.62581240336107,310.39527732001415,311.81669777764216
78,0.0024615049195517713,0.0013729116794465313,303.88263206481935,307.6099094814724,308.51325810750325
79,0.05007105766060249,0.0009619078513978252,302.5832505544027,304.9213678148058,304.3493041144477
80,0.026149240119480055,0.0015106878158448467,305.12222082349984,309.8912408616807,311.44250072903105
81,0.005911868793987196,0.0018529376861451397,303.23688011169435,307.71260587904186,308.7561888800727
82,0.049192291481517714,0.0024794272062180767,302.3231539832221,308.1662896898058,308.8980562845866
83,0.01723444162132637,0.00018995319575054737,300.43314747280544,302.3476373460557,302.9046480814615
84,0.018721428496860426,0.0009190074083207378,298.0254868825277,300.902281443278,302.1373195224338
85,0.031702351553462904,0.0006681463596223125,305.02849252488875,308.8544081793891,308.3798488193088
86,0.020068225247882765,0.0013740441676972637,295.9191934797499,298.7314372592502,299.30367694430885
87,0.02145187257053749,0.0041941038247941265,302.9827405717638,303.4217530144586,303.0734848870171
88,0.02145187257053749,0.0041941038247941265,302.9827405717638,303.4217530144586,303.0734848870171
89,0.02145187257053749,0.0041941038247941265,302.9827405717638,303.4217530144586,303.0734848870171
90,0.020512354357265394,0.0001418075439332256,302.12473275926374,304.6255073547363,304.28505172729496
91,0.020512354357265394,0.0001418075439332256,302.12473275926374,304.6255073547363,304.28505172729496
92,0.031169217808269423,0.0012185654518006572,296.52323536343044,298.9734131707085,299.63223597208656
93,0.031169217808269423,0.0012185654518006572,296.52323536343044,298.9734131707085,299.63223597208656
94,0.14005230067493812,0.03130184923380597,294.3890719519721,293.93949932522247,294.2096665276421
95,0.020512354357265394,0.0001418075439332256,302.12473275926374,304.6255073547363,304.28505172729496
96,0.01991015372993843,0.012386762249171568,297.06056175231936,298.7918105231391,300.2337930467393
97,0.01991015372993843,0.012386762249171568,297.06056175231936,298.7918105231391,300.2337930467393
98,0.01991015372993843,0.012386762249171568,297.06056175231936,298.7918105231391,300.2337930467393
99,0.01831003723862068,0.0004294446584580669,305.7932223425971,310.4270210266113,311.85593931410057
100,0.011977148039363783,0.00506471906870587,302.18986405266656,305.9068767123752,307.24312464396166
101,0.02012537120106117,0.012415148961245848,297.0539482540554,299.85700692070844,301.3834512498644
102,0.011223447306178969,0.004741632091700865,299.72849252488874,304.1379096984863,305.0266098870172
103,0.014369022829555433,0.010482244836985899,296.6903306325277,300.18247892591694,301.98952763875326
104,0.00965299902679817,0.0005674294111130962,304.93130285474996,309.18753534952805,310.5448987325033
105,0.022585687024616163,0.01479413424700482,297.55279808044435,300.11341425577797,301.5473943922255
106,0.01388530133488075,0.006580703603923155,298.30843501620825,301.8784695943197,303.37815611097545
107,0.018015262467883986,0.0020002505657075176,296.55934104919436,300.47623977661135,300.8306680467394
108,0.018015262467883986,0.0020002505657075176,296.55934104919436,300.47623977661135,300.8306680467394
109,0.031169217808269423,0.0012185654518006572,296.52323536343044,298.9734131707085,299.63223597208656
110,0.031169217808269423,0.0012185654518006572,296.52323536343044,298.9734131707085,299.63223597208656
111,0.031169217808269423,0.0012185654518006572,296.52323536343044,298.9734131707085,299.63223597208656
112,0.031169217808269423,0.0012185654518006572,296.52323536343044,298.9734131707085,299.63223597208656
113,0.01121411917927162,0.0048038593408463726,302.1336303287082,306.416246287028,307.8754922654894
114,0.018015262467883986,0.0020002505657075176,296.55934104919436,300.47623977661135,300.8306680467394
115,0.08269688187363045,0.00275591825216992,298.3924193912082,299.51376690334746,299.85702980889215
116,0.018713366968654555,0.012275450575053526,298.80259734259715,301.85514602661135,302.99899486965603
117,0.01006982920887367,0.005520903217494322,299.45329721238875,302.81488995022244,303.8148097568088
118,0.027353239042781752,0.007609002935588194,295.91950272454153,299.568297068278,299.59671079847544
119,0.0019571453166236097,0.001234628903567625,298.13698319329154,302.02237692938905,303.05359013875324
120,0.003154543025516432,0.0012939802286027202,295.7906832800971,297.8474311828614,299.05882559882264
121,0.0038665503096808607,0.0009524754163621196,296.8651081932916,298.3100396898058,299.5181409200033
122,0.004092571122669142,0.003543519127070738,298.19259842766655,300.9718777974446,301.6879922654894
123,0.01690952180149452,0.001706280457675291,297.4514363182916,301.49660110473627,301.39956995646156
124,0.031169217808269423,0.0012185654518006572,296.52323536343044,298.9734131707085,299.63223597208656
125,0.0269026279282798,0.0010166696187852153,297.75210363599984,299.92080900404187,300.334932369656
126,0.018218186481021803,0.0012350461360810527,305.4073119693332,309.8545438130697,310.96657842000326
127,0.013806161267780226,0.0079064152118562,298.8953219519721,302.1301460266113,303.15823966132274
128,0.04567926822426216,0.004629411446749998,300.180109278361,305.0179986741808,305.2186563279894
129,0.0723587989640464,0.04550450359553082,291.1106431325277,292.70368660820856,293.9518648783366
130,0.009556961042903822,0.001207046854197813,296.94703636169436,300.4543213738335,301.5531832377116
131,0.04031879900219337,0.010657050358950926,292.6434122297499,294.2748346116808,295.2964612325033
132,0.02181777058365242,0.0009048513051865825,305.707648340861,310.17720006306973,311.61918258666987
133,0.012841206772350233,0.005995281684100462,303.70558670891654,307.0063450283475,308.43596861097546
134,0.019894924743198317,0.0005043229934571514,305.53970129224984,310.036802927653,311.38117802937825
135,0.01681847570660011,0.0006562403318284282,304.49097624884706,308.78990080091694,309.0612670050727
136,0.05568334160568611,0.0035433403131364116,300.65275467766656,306.1606690300835,306.6788125779894
137,0.025977638347171705,0.00014739547938091846,304.50412729051374,309.3031169467502,308.3899074130588
138,0.003906813247226637,0.0017715773460267314,304.12261144849987,307.8036757575141,308.72910012139215
139,0.04801235793354408,0.0002922496673463115,303.47995736863874,301.52015253702797,302.0893160502116
140,0.0404221534562339,0.0063572308894990215,297.54130176968044,299.9649713304308,300.9395927429199
141,0.01129811702492134,0.0007352164861558208,304.265216700236,309.12831225925015,310.42226418389214
142,0.016324651224636,0.014182560789286924,293.36274816724995,295.5775418599447,296.99393302069774
143,0.006509405357860487,0.006345637786090208,302.8317043304443,307.25980097452793,308.02218280368373
144,0.00807591973068611,0.0030057511207459697,302.2535142262777,305.45903057522247,306.0986856248644
145,0.40567530391933815,0.17908937548369153,284.643683497111,287.62110739813915,288.38630498250325
146,0.005076971633457106,0.0030521384355424175,303.61671952141654,307.4013211568197,308.5165078904893
147,0.00791187284710304,0.004363336312472654,304.4163831498888,308.6194038391113,310.058955807156
148,0.01506715713264839,0.000917129862010313,304.8489894866944,310.01970223320853,310.2427774217394
149,0.007156711800121229,0.0032938501712678203,302.85477290683326,306.55523283216695,307.8533839755588
150,0.04796752033951179,0.005123653161227537,297.9771144866943,302.039879099528,302.38676613701705
151,0.003997859342121046,0.001845174181163145,301.4174248165554,306.2619765387641,307.4524453904894
152,0.023719337565921705,0.002441816675364805,301.8608655717637,305.2859131707085,306.5779716491699
153,0.055761438591503065,0.002958007800280882,301.8591565873887,305.79070917765296,306.58022316826714
154,0.024105486257099074,0.018989034640490843,295.9902004241943,298.1751818339029,299.44101960923933
155,0.0269026279282798,0.0010166696187852153,297.75210363599984,299.92080900404187,300.334932369656
156,0.009281140549205702,0.007084631073176695,301.8546372731526,305.4096599155002,306.3412203470867
157,0.012907293422244948,0.011248194324672056,302.7774291568332,306.94596633911135,307.3830226474338
158,0.007327240688823622,0.0027938864108918438,302.904572168986,306.8080051845974,307.5115871005588
159,0.009609219415210646,0.0006524554368851909,302.3262952592638,306.4729031880697,306.15166414048934
160,0.014825549705051344,0.004240640151202513,301.9399562835694,304.71729880438915,305.8833047654894
161,0.01540691850902931,0.00846967910498364,303.0216565873888,306.0928847418891,307.3739731682671
162,0.025117021782421034,0.00017499242991192432,305.6464667002361,309.9481473286947,308.9611910502116
163,0.005889293534778517,0.0009389153596757183,301.95412729051367,306.6328315734863,306.77662073771165
164,0.0072725981307257825,0.00011514936655743213,303.2287854936388,303.98214797973634,303.8197848002116
165,0.02145187257053749,0.0041941038247941265,302.9827405717638,303.4217530144586,303.0734848870171
166,0.04964799879314796,0.0002579471942780742,303.6458970387777,301.893052927653,302.40994322035044
167,0.010791224224590223,0.0007131031629441509,298.418781153361,302.13684090508355,302.57072338528104
168,0.02145187257053749,0.0041941038247941265,302.9827405717638,303.4217530144586,303.0734848870171
169,0.02145187257053749,0.0041941038247941265,302.9827405717638,303.4217530144586,303.0734848870171
170,0.03298294244530098,0.0010048082944749126,296.8462659623888,298.936754099528,299.80759947035045
171,0.021297407133602064,0.0018193206664918193,303.40848926968044,310.32174758911134,311.77094039916994
172,0.02316988704922096,0.0107445499774812,298.4985012054443,301.36255705091685,303.1210977342394
173,0.013741058094524305,0.0005136064168809185,305.7294582366943,310.24705683390306,311.55916197035043
174,0.02627086339714424,0.013097070800959898,295.49748666551375,297.0191705491807,298.45572230021156
175,0.022475552542232435,0.014638208496272398,296.8303968217638,298.8980279710558,300.3092270745172
176,0.011140894873165053,0.0012884667989609966,296.9899779849582,299.5434001498752,300.35972078111433
177,0.011140894873165053,0.0012884667989609966,296.9899779849582,299.5434001498752,300.35972078111433
178,0.008107078058742445,0.0006342462179063091,297.0109903547499,300.7262343512641,301.3804022047255
179,0.011540409905933302,0.001810752498805357,297.85204938252775,301.32652732001407,301.83977177937817
180,0.008107078058742445,0.0006342462179063091,297.0109903547499,300.7262343512641,301.3804022047255
181,0.010791224224590223,0.0007131031629441509,298.418781153361,302.13684090508355,302.57072338528104
182,0.010791224224590223,0.0007131031629441509,298.418781153361,302.13684090508355,302.57072338528104
183,0.010791224224590223,0.0007131031629441509,298.418781153361,302.13684090508355,302.57072338528104
184,0.010791224224590223,0.0007131031629441509,298.418781153361,302.13684090508355,302.57072338528104
185,0.010791224224590223,0.0007131031629441509,298.418781153361,302.13684090508355,302.57072338528104
186,0.0269026279282798,0.0010166696187852153,297.75210363599984,299.92080900404187,300.334932369656
187,0.010791224224590223,0.0007131031629441509,298.418781153361,302.13684090508355,302.57072338528104
188,0.010791224224590223,0.0007131031629441509,298.418781153361,302.13684090508355,302.57072338528104
189,0.010886204226039808,0.0008730373260377178,296.9327188703749,299.9213135613336,300.78660880194764
190,0.014716488106273573,0.002072670209109617,297.7462768130832,301.321763865153,301.75648727416996
191,0.01101788578750984,0.001481109010875059,296.42267655266653,299.9249159918891,300.796992916531
192,0.03298294244530098,0.0010048082944749126,296.8462659623888,298.936754099528,299.80759947035045
193,0.015336093289874952,0.0011279514905808696,297.00126270718044,300.4819960700141,301.6059935675727
194,0.01868070362331764,0.007886879789531065,298.2868638356526,302.15803773668074,303.9425929599338
195,0.06470870671989815,0.04876313422888501,289.2401244693332,291.7056939866808,292.368086666531
196,0.022315558774494093,0.014805012094676329,296.07089161343043,297.8332330491808,298.99430736965604
197,0.021297407133602064,0.0018193206664918193,303.40848926968044,310.32174758911134,311.77094039916994
198,0.014716488106273573,0.002072670209109617,297.7462768130832,301.321763865153,301.75648727416996
199,0.02932370899441139,0.000873216139972044,297.4848456064859,299.7584500630697,300.54457863701714
200,0.01193070111992256,0.0008382580158112773,299.90008540683317,302.9445448981391,303.1579087151421
201,0.025599461777233046,0.0032816759225724468,298.74189313252765,305.7985867818196,307.26848814222546
202,0.011425939185642164,0.007730492102801634,297.5382201724582,300.88975431654194,302.3586248609755
203,0.038979095203899305,0.01156430755823834,291.69651010301374,293.19119745890305,294.6160196092394
204,0.03319827912571327,0.004312046515643431,295.8635999467637,300.67022306654184,301.7985608418783
205,0.005620819313548964,0.0026530555364487896,303.55323753356936,307.2866998460558,308.45422490437824
206,0.00987122653248207,0.0001942149278519878,301.656037012736,303.8787462870279,304.51831995646154
207,0.008920875175022047,0.004417487132251097,303.27657195197213,307.2528131273058,308.52672381930887
208,0.03471526203873054,0.0013777843591569194,305.3457017262777,311.63177905612525,312.178291744656
209,0.020949092490695875,0.0005435577508805522,305.07095129224984,308.9387180752224,309.95888527764214
210,0.014229577763103407,0.008380555259883238,300.9697902679443,304.16604554918075,305.2943290710449
211,0.030326005799793165,0.000929840552508665,305.3433308495416,307.3267931620281,307.7792574564616
212,0.010444608314060133,0.009263359653651548,301.57328961690274,305.40459806654184,306.5211302863227
213,0.011006128771327894,0.002969243275821043,302.50600988599984,306.7380995856391,307.5528251647949
214,0.05106484590294258,0.00025289570063335987,304.38700489468044,307.6384034050835,306.62634404500324
215,0.010164004547618788,0.007925145971476866,303.20187577141655,307.4415501064724,307.4456582811144
216,0.013511103374980848,0.008372910964190794,302.8691663530138,306.38062888251415,306.59910337660045
217,0.011051875336193007,0.0006620219823716411,304.36771235995826,309.70302471584745,311.0651515536838
218,0.019402292354129713,0.0005119970914719829,304.13176400926375,308.5427165561252,308.57588289048937
219,0.02258765397789375,0.014327176558673216,300.1721340179444,301.84598261515293,303.3392238193088
220,0.019562584145091932,0.000971906530558897,306.3096340179443,311.00738669501413,311.8130248175727
221,0.016951990110896986,0.01053097163408978,297.744415918986,300.4144830491808,301.4797945658365
222,0.020884734375499647,0.00020379637449963184,304.0077242957221,308.86231291029185,307.50264612833666
223,0.00680885909321205,0.001239918815791441,296.7253403981527,298.8497857835558,299.6406506856283
224,0.004864674789928358,0.006682314622104002,303.60944413079153,306.9473823547363,307.4726222568088
225,0.042902854068302076,0.03954895650118573,297.81078419155546,299.1024062262641,300.0952730814616
226,0.010349583609126967,0.00825334404677136,302.3384914398193,306.3343777974447,307.3764851040311
227,0.005856496078990858,0.003949560868441893,303.4587062835693,307.3409695943197,308.35312355889215
228,0.009994056804202955,0.0032610825178025493,302.52623015509715,306.2491401672363,307.54364547729494
229,0.03306124804737465,0.00032540475100262256,301.4854369693332,305.86172697279187,304.90293367173933
230,0.007308167202495497,0.0023938796398041973,303.26562902662494,307.4912896898058,308.35878219604496
231,0.04934741256954567,0.010817878591716124,292.60142546759715,293.83368335300025,294.63621817694764
232,0.005909663422130507,0.0020085654136536846,303.55274382697206,308.3157525804308,309.6120753818088
233,0.04244200585605995,0.0011288306590913066,303.537482325236,306.1036703321669,305.41138636271154
234,0.014716488106273573,0.002072670209109617,297.7462768130832,301.321763865153,301.75648727416996
235,0.019410502893947523,0.0018833360549805889,296.077960840861,300.0935249328613,300.3926363627116
236,0.014882248623393934,0.01258730207651837,293.8695244259304,295.8299018859863,297.29069408840604
237,0.0060175627303351575,0.0004756531593201885,296.5479695214166,298.78716642591684,299.77341978285045
238,0.007084038836978834,0.002662979709803892,302.8646090613471,306.78497458563913,307.52796622382266
239,0.024732214195751112,0.0002438357946275005,305.6831094953749,310.9085748460558,311.73270797729487
240,0.04996668992760078,0.01577847515314801,293.21590571933325,294.36095657348636,295.7560912238227
241,0.02731117306473152,0.00016627525061352344,305.26044782002765,309.48968921237525,308.4433091057671
242,0.011868265254520338,0.0005209675905106792,302.6546589745416,306.7248129102919,306.3751396179199
243,0.011763495190166395,0.0014896920797227153,304.8161498599582,309.29716534084747,310.53960359361434
244,0.014863041026615065,0.010058276998698545,296.86596539815275,299.48437779744467,300.96152742173933
245,0.008866173012279432,0.00018195127218945117,298.6669094085693,301.53507224188905,302.8309447394477
246,0.04801235793354408,0.0002922496673463115,303.47995736863874,301.52015253702797,302.0893160502116
247,0.02145187257053749,0.0041941038247941265,302.9827405717638,303.4217530144586,303.0734848870171
248,0.02145187257053749,0.0041941038247941265,302.9827405717638,303.4217530144586,303.0734848870171
249,0.016661477072261732,0.00098686729639752,302.29755176968047,304.9990208095975,304.6980128818088
250,0.016661477072261732,0.00098686729639752,302.29755176968047,304.9990208095975,304.6980128818088
251,0.02145187257053749,0.0041941038247941265,302.9827405717638,303.4217530144586,303.0734848870171
252,0.016661477072261732,0.00098686729639752,302.29755176968047,304.9990208095975,304.6980128818088
253,0.02145187257053749,0.0041941038247941265,302.9827405717638,303.4217530144586,303.0734848870171
254,0.03416020868542091,0.00023307715624554248,303.10083410474994,302.44234220716686,302.3934176127115
255,0.008987274749301832,0.00015010749071819873,303.86562360127766,305.06607810126405,304.8417791578505
256,0.08396519420864479,0.001347788321673704,300.04409582349984,299.5320340474446,299.66782082451715
257,0.024025779945873182,0.000350304591357542,306.053009668986,306.5296197679308,306.1560152689616
258,0.0625197708440055,0.00033403252333386035,303.08180198669436,302.26176495022247,302.46939417521156
259,0.07488874791386024,0.0003846666690705547,301.77550315856934,300.46982159084746,300.84991717868377
260,0.0625197708440055,0.00033403252333386035,303.08180198669436,302.26176495022247,302.46939417521156
261,0.07488874791386024,0.0003846666690705547,301.77550315856934,300.46982159084746,300.84991717868377
262,0.01991015372993843,0.012386762249171568,297.06056175231936,298.7918105231391,300.2337930467393
263,0.01121411917927162,0.0048038593408463726,302.1336303287082,306.416246287028,307.8754922654894
264,0.01991015372993843,0.012386762249171568,297.06056175231936,298.7918105231391,300.2337930467393
265,0.04996668992760078,0.01577847515314801,293.21590571933325,294.36095657348636,295.7560912238227
266,0.01991015372993843,0.012386762249171568,297.06056175231936,298.7918105231391,300.2337930467393
267,0.04153151510479347,0.031087481128871275,294.09369434780547,295.4503879970974,296.2689818488227
268,0.011140894873165053,0.0012884667989609966,296.9899779849582,299.5434001498752,300.35972078111433
269,0.009875056130908888,0.0010836354371903667,296.2308091481527,300.4037028842502,301.2173759460449
270,0.011140894873165053,0.0012884667989609966,296.9899779849582,299.5434001498752,300.35972078111433
271,0.009556961042903822,0.001207046854197813,296.94703636169436,300.4543213738335,301.5531832377116
272,0.011140894873165053,0.0012884667989609966,296.9899779849582,299.5434001498752,300.35972078111433
273,0.01101788578750984,0.001481109010875059,296.42267655266653,299.9249159918891,300.796992916531
274,0.008107078058742445,0.0006342462179063091,297.0109903547499,300.7262343512641,301.3804022047255
275,0.008107078058742445,0.0006342462179063091,297.0109903547499,300.7262343512641,301.3804022047255
276,0.008107078058742445,0.0006342462179063091,297.0109903547499,300.7262343512641,301.3804022047255
277,0.009195727093242567,0.00018227909773571582,301.230304590861,304.242222849528,304.82688115437827
278,0.007520985586666029,0.0007429799911378154,300.6000365787082,303.4307862175836,303.5110282897949
279,0.010886204226039808,0.0008730373260377178,296.9327188703749,299.9213135613336,300.78660880194764
280,0.01262601910354988,0.000571065294444395,296.6892835405137,299.81314298841687,300.9653794182671
281,0.008107078058742445,0.0006342462179063091,297.0109903547499,300.7262343512641,301.3804022047255
282,0.005616721494220656,0.0009814432737229595,296.70094803704154,300.671812693278,301.49957538180877
283,0.00950544772865669,0.0007820657369492778,296.46756045023596,299.9707004970975,301.0348401387531
284,0.00950544772865669,0.0007820657369492778,296.46756045023596,299.9707004970975,301.0348401387531
285,0.01262601910354988,0.000571065294444395,296.6892835405137,299.81314298841687,300.9653794182671
286,0.01262601910354988,0.000571065294444395,296.6892835405137,299.81314298841687,300.9653794182671
287,0.008107078058742445,0.0006342462179063091,297.0109903547499,300.7262343512641,301.3804022047255
288,0.008107078058742445,0.0006342462179063091,297.0109903547499,300.7262343512641,301.3804022047255
289,0.00863112209560768,0.0016607872125504741,297.2923108842637,300.94269485473626,301.74732928805884
290,0.011540409905933302,0.001810752498805357,297.85204938252775,301.32652732001407,301.83977177937817
291,0.013735812885784071,0.001447670805156065,298.21139725579155,301.6451362609863,301.58511683146156
292,0.010428142530940931,0.0009042254564164409,298.94463293287487,302.3579834832086,302.3485337151422
293,0.013367053849719923,0.00042567466467602344,297.906720606486,301.0219863043891,302.31652959187824
294,0.00950544772865669,0.0007820657369492778,296.46756045023596,299.9707004970975,301.0348401387531
295,0.1831598847937812,0.10416818474501355,288.22695715162496,290.28283157348625,291.1223509894477
296,0.04629127381565468,0.0006677440282700786,304.6926852332221,309.39970440334747,309.4586465623644
297,0.18143918810608284,0.0912075272676347,289.3766316307916,291.0054823981391,291.85150680541994
298,0.18143918810608284,0.0912075272676347,289.3766316307916,291.0054823981391,291.85150680541994
299,0.05757306216480629,0.0011074176904557476,301.9442748599582,303.6222195943197,303.3499768575032
300,0.04244200585605995,0.0011288306590913066,303.537482325236,306.1036703321669,305.41138636271154
301,0.02890765367271797,0.00032652233809216114,304.87663705613875,308.9259413825141,307.58292499118386
302,0.00863112209560768,0.0016607872125504741,297.2923108842637,300.94269485473626,301.74732928805884
303,0.004997354729198378,0.000995971905886961,297.50314530266655,301.3510498894586,302.1123086717394
304,0.030514729006313246,0.0008330575105546245,304.55019933912484,308.6606256273058,307.535811275906
305,0.002045062167667311,0.0005587718364594707,297.8513061099582,301.70448413425027,302.55411097208656
306,0.0016161620450247938,0.00044349645346386524,297.56038271586095,301.70400127834745,302.49002677069774
307,0.007243779284976881,0.0005040249702332744,299.93554005093046,304.11797697279195,304.6028956943088
308,0.007243779284976881,0.0005040249702332744,299.93554005093046,304.11797697279195,304.6028956943088
309,0.007243779284976881,0.0005040249702332744,299.93554005093046,304.11797697279195,304.6028956943088
310,0.006672602875255507,0.00018958066672070117,300.7606160057915,304.72770462036135,305.26985532972554
311,0.006672602875255507,0.00018958066672070117,300.7606160057915,304.72770462036135,305.26985532972554
312,0.011140894873165053,0.0012884667989609966,296.9899779849582,299.5434001498752,300.35972078111433
313,0.01262601910354988,0.000571065294444395,296.6892835405137,299.81314298841687,300.9653794182671
314,0.011140894873165053,0.0012884667989609966,296.9899779849582,299.5434001498752,300.35972078111433
315,0.00950544772865669,0.0007820657369492778,296.46756045023596,299.9707004970975,301.0348401387531
316,0.03080799875976936,0.014325090396106077,294.6985717349582,295.8353760613336,297.0976059807671
317,0.008107078058742445,0.0006342462179063091,297.0109903547499,300.7262343512641,301.3804022047255
318,0.009875056130908888,0.0010836354371903667,296.2308091481527,300.4037028842502,301.2173759460449
319,0.009875056130908888,0.0010836354371903667,296.2308091481527,300.4037028842502,301.2173759460449
320,0.0269026279282798,0.0010166696187852153,297.75210363599984,299.92080900404187,300.334932369656
321,0.01713332234146492,0.0006173781034348735,299.6723998599582,300.5081842210558,301.08745515611434
322,0.01713332234146492,0.0006173781034348735,299.6723998599582,300.5081842210558,301.08745515611434
323,0.01713332234146492,0.0006173781034348735,299.6723998599582,300.5081842210558,301.08745515611434
324,0.009195727093242567,0.00018227909773571582,301.230304590861,304.242222849528,304.82688115437827
325,0.00987122653248207,0.0001942149278519878,301.656037012736,303.8787462870279,304.51831995646154
326,0.00828280745270149,0.00021734153002483936,301.1274454328749,304.1918593512641,304.81169018215604
327,0.005156141502880018,0.0020008317109940776,303.53472624884705,306.9323270161947,307.5774996439616
328,0.018772748096012037,0.002276532995402647,303.01504851447214,307.44694832695853,308.90315611097543
329,0.026796993596576613,0.0009746930477021465,298.38989660474994,297.3699572245279,298.1977795918782
330,0.00587923525097267,0.0060073516246674785,303.2575344085693,307.3533990648057,308.07318649291994
331,0.0329242765736808,0.008382224189936949,292.10088835822205,293.5488200717502,294.54308666653105
332,0.010818701965831679,0.00024413381785137744,301.99579938252765,306.1775961134169,305.8214395311144
333,0.02143525777580635,0.00039941881865246387,304.60101856655547,309.04145245022244,308.5168388366699
334,0.01949305532696144,0.011010014164149595,302.9669311099582,306.2813830057781,307.8364677429199
335,0.007760536654018324,0.0006743750450013408,297.1692368825277,300.8251167297364,301.7291760762533
336,0.013169419748805922,0.009434991228282286,299.48578419155535,302.3585856967502,303.40153935750317
337,0.010260817391895216,0.0018255791541932354,303.0282321082221,307.53043357001405,308.8265556335449
338,0.02652197776558296,0.0013086876747010479,304.60887989468046,311.7832330491808,312.46721861097546
339,0.03383317290069954,0.0030979893085358867,299.93632130093044,306.5026612175836,307.44310836791993
340,0.011545133574031752,0.005080052363574339,299.1914428287083,303.97750930786134,305.1526244269477
341,0.006005477888606947,0.0017269483682511577,300.9558851030138,305.0328912523058,305.516475338406
342,0.07466630337955849,0.020599552142321897,291.7019028981527,293.6534478929308,294.6702568054199
343,0.02442668078663246,0.021801584112346006,300.6323119693332,302.32653817070855,303.0048108418783
344,0.048956167681240004,0.00018823956221325489,303.6953219519721,306.28375388251413,306.128096432156
345,0.012136247737430494,0.008640833842456175,300.61162512037487,304.93355857001404,306.1349703470866
346,0.011140894873165053,0.0012884667989609966,296.9899779849582,299.5434001498752,300.35972078111433
347,0.014594998939060133,0.0019490948793290386,303.0518757714166,307.8321805318197,309.11807581583656
348,0.01992383299591438,0.0002845159646867046,303.7537366655138,307.6681180318197,307.24412833319764
349,0.00965299902679817,0.0005674294111130962,304.93130285474996,309.18753534952805,310.5448987325033
350,0.02025282083275215,0.006477885591685606,301.5746730804443,305.5829617818197,306.8700777689616
351,0.007189017517589491,0.0015809616920350322,304.4022229936388,309.18501798841686,310.5101385328505
352,0.021310311539195936,0.014345221864878965,296.6725734710693,299.5687419467502,300.80752894083656
353,0.02145187257053749,0.0041941038247941265,302.9827405717638,303.4217530144586,303.0734848870171
354,0.02145187257053749,0.0041941038247941265,302.9827405717638,303.4217530144586,303.0734848870171
355,0.016661477072261732,0.00098686729639752,302.29755176968047,304.9990208095975,304.6980128818088
356,0.016661477072261732,0.00098686729639752,302.29755176968047,304.9990208095975,304.6980128818088
357,0.016661477072261732,0.00098686729639752,302.29755176968047,304.9990208095975,304.6980128818088
358,0.018415746076129835,0.01060973917216046,295.6582397037082,297.76470548841684,298.88839374118385
359,0.019492951018833082,0.013611667501628233,296.24517546759705,298.75661087036127,299.89055845472546
360,0.021310311539195936,0.014345221864878965,296.6725734710693,299.5687419467502,300.80752894083656
361,0.019492951018833082,0.013611667501628233,296.24517546759705,298.75661087036127,299.89055845472546
362,0.022315558774494093,0.014805012094676329,296.07089161343043,297.8332330491808,298.99430736965604
363,0.018770363910221022,0.014294125783145262,295.3111097123887,297.2656766255697,298.68512768215606
364,0.021310311539195936,0.014345221864878965,296.6725734710693,299.5687419467502,300.80752894083656
365,0.02012370227100746,0.013407804715335203,296.4096665700277,299.2642660352919,300.3464124043783
366,0.021310311539195936,0.014345221864878965,296.6725734710693,299.5687419467502,300.80752894083656
367,0.021310311539195936,0.014345221864878965,296.6725734710693,299.5687419467502,300.80752894083656
368,0.023474496586345595,0.01562450145453198,296.5376233842638,299.2783882141113,300.68584382798934
369,0.022315558774494093,0.014805012094676329,296.07089161343043,297.8332330491808,298.99430736965604
370,0.022315558774494093,0.014805012094676329,296.07089161343043,297.8332330491808,298.99430736965604
371,0.021310311539195936,0.014345221864878965,296.6725734710693,299.5687419467502,300.80752894083656
372,0.03416020868542091,0.00023307715624554248,303.10083410474994,302.44234220716686,302.3934176127115
373,0.02145187257053749,0.0041941038247941265,302.9827405717638,303.4217530144586,303.0734848870171
374,0.01101788578750984,0.001481109010875059,296.42267655266653,299.9249159918891,300.796992916531
375,0.02145187257053749,0.0041941038247941265,302.9827405717638,303.4217530144586,303.0734848870171
376,0.04801235793354408,0.0002922496673463115,303.47995736863874,301.52015253702797,302.0893160502116
377,0.03416020868542091,0.00023307715624554248,303.10083410474994,302.44234220716686,302.3934176127115
378,0.042505037767909926,0.008824207532107664,299.3902004241943,298.04131681654184,298.32786314222545
379,0.02193380592586891,0.03188180242747052,294.6801743825276,295.84560284084745,296.3388711717394
380,0.01991015372993843,0.012386762249171568,297.06056175231936,298.7918105231391,300.2337930467393
381,0.01991015372993843,0.012386762249171568,297.06056175231936,298.7918105231391,300.2337930467393
382,0.023770806176685255,0.008030333268344236,298.15839161343047,300.56845982869464,302.2263114929199
383,0.02012537120106117,0.012415148961245848,297.0539482540554,299.85700692070844,301.3834512498644
384,0.010357674939655226,0.005154021727740599,299.32630610995824,302.32954923841686,303.3170015970866
385,0.021297407133602064,0.0018193206664918193,303.40848926968044,310.32174758911134,311.77094039916994
386,0.018629249913715284,0.0008747658607362041,305.476691309611,309.75326885647246,310.1949475606282
387,0.020964694006465834,0.00031902705401165576,305.54352616204153,309.780308787028,310.4070840623644
388,0.020964694006465834,0.00031902705401165576,305.54352616204153,309.780308787028,310.4070840623644
389,0.018629249913715284,0.0008747658607362041,305.476691309611,309.75326885647246,310.1949475606282
390,0.01991015372993843,0.012386762249171568,297.06056175231936,298.7918105231391,300.2337930467393
391,0.0625197708440055,0.00033403252333386035,303.08180198669436,302.26176495022247,302.46939417521156
392,0.07488874791386024,0.0003846666690705547,301.77550315856934,300.46982159084746,300.84991717868377
393,0.04842658041241066,0.0001868686553834209,303.94341765509705,306.19706768459747,306.02829717000327
394,0.029575449211620253,0.00014946674078686328,304.95806609259705,307.8478814866808,306.7098618401422
395,0.04801235793354408,0.0002922496673463115,303.47995736863874,301.52015253702797,302.0893160502116
396,0.04842658041241066,0.0001868686553834209,303.94341765509705,306.19706768459747,306.02829717000327
397,0.030366119725727003,0.005424060570895506,298.3264363182916,298.27002775404185,298.44782842000325
398,0.029575449211620253,0.00014946674078686328,304.95806609259705,307.8478814866808,306.7098618401422
399,0.029575449211620253,0.00014946674078686328,304.95806609259705,307.8478814866808,306.7098618401422
400,0.04842658041241066,0.0001868686553834209,303.94341765509705,306.19706768459747,306.02829717000327
401,0.019190964086078566,7.75239345429668e-05,305.77036535474986,310.2224366082085,309.21933992173933
402,0.02145187257053749,0.0041941038247941265,302.9827405717638,303.4217530144586,303.0734848870171
403,0.016661477072261732,0.00098686729639752,302.29755176968047,304.9990208095975,304.6980128818088
404,0.020512354357265394,0.0001418075439332256,302.12473275926374,304.6255073547363,304.28505172729496
405,0.04801235793354408,0.0002922496673463115,303.47995736863874,301.52015253702797,302.0893160502116
406,0.04842658041241066,0.0001868686553834209,303.94341765509705,306.19706768459747,306.02829717000327
407,0.024025779945873182,0.000350304591357542,306.053009668986,306.5296197679308,306.1560152689616
408,0.05086287556412117,0.000380136716067625,303.77774382697214,302.4494331359863,302.73594690958663
409,0.016661477072261732,0.00098686729639752,302.29755176968047,304.9990208095975,304.6980128818088
410,0.005616721494220656,0.0009814432737229595,296.70094803704154,300.671812693278,301.49957538180877
411,0.013735812885784071,0.001447670805156065,298.21139725579155,301.6451362609863,301.58511683146156
412,0.009875056130908888,0.0010836354371903667,296.2308091481527,300.4037028842502,301.2173759460449
413,0.009875056130908888,0.0010836354371903667,296.2308091481527,300.4037028842502,301.2173759460449
414,0.013269779069446486,0.0058051726695893535,297.13769933912494,301.07287606133355,301.90111075507264
415,0.01849367914917366,0.014341556179225279,294.8608872731526,296.3903402540419,297.6376070658367
416,0.18143918810608284,0.0912075272676347,289.3766316307916,291.0054823981391,291.85150680541994
417,0.013269779069446486,0.0058051726695893535,297.13769933912494,301.07287606133355,301.90111075507264
418,0.018770363910221022,0.014294125783145262,295.3111097123887,297.2656766255697,298.68512768215606
419,0.018770363910221022,0.014294125783145262,295.3111097123887,297.2656766255697,298.68512768215606
420,0.011223447306178969,0.004741632091700865,299.72849252488874,304.1379096984863,305.0266098870172
421,0.019492951018833082,0.013611667501628233,296.24517546759705,298.75661087036127,299.89055845472546
422,0.021310311539195936,0.014345221864878965,296.6725734710693,299.5687419467502,300.80752894083656
423,0.021310311539195936,0.014345221864878965,296.6725734710693,299.5687419467502,300.80752894083656
424,0.019492951018833082,0.013611667501628233,296.24517546759705,298.75661087036127,299.89055845472546
425,0.019492951018833082,0.013611667501628233,296.24517546759705,298.75661087036127,299.89055845472546
426,0.021310311539195936,0.014345221864878965,296.6725734710693,299.5687419467502,300.80752894083656
427,0.01849367914917366,0.014341556179225279,294.8608872731526,296.3903402540419,297.6376070658367
428,0.1831598847937812,0.10416818474501355,288.22695715162496,290.28283157348625,291.1223509894477
429,0.02145187257053749,0.0041941038247941265,302.9827405717638,303.4217530144586,303.0734848870171
430,0.0269026279282798,0.0010166696187852153,297.75210363599984,299.92080900404187,300.334932369656
431,0.06470870671989815,0.04876313422888501,289.2401244693332,291.7056939866808,292.368086666531
432,0.02157123087170021,0.02387570654124005,296.3881876203749,297.4511963738335,298.13680411444767
433,0.05331660507442848,0.040699728476703,291.2224703894721,293.3705377366807,294.1122381422255
434,0.02193380592586891,0.03188180242747052,294.6801743825276,295.84560284084745,296.3388711717394
435,0.008524295671008986,0.001128204810321165,297.48896887037495,300.6301677280002,301.0841945224338
436,0.011540409905933302,0.001810752498805357,297.85204938252775,301.32652732001407,301.83977177937817
437,0.02012537120106117,0.012415148961245848,297.0539482540554,299.85700692070844,301.3834512498644
438,0.05935881732227699,0.024610616910159422,291.62985428704155,292.5644993252224,293.78520906236434
439,0.016548243148349684,0.009388782727420164,297.5357787662082,300.8306126064724,302.2517889234754
440,0.018408161385082167,0.010515548932254148,298.08916418287487,300.889830271403,302.526631588406
441,0.01991015372993843,0.012386762249171568,297.06056175231936,298.7918105231391,300.2337930467393
442,0.18143918810608284,0.0912075272676347,289.3766316307916,291.0054823981391,291.85150680541994
443,0.03416020868542091,0.00023307715624554248,303.10083410474994,302.44234220716686,302.3934176127115
444,0.010428142530940931,0.0009042254564164409,298.94463293287487,302.3579834832086,302.3485337151422
445,0.008524295671008986,0.001128204810321165,297.48896887037495,300.6301677280002,301.0841945224338
446,0.015780699236415785,0.0011450729247926006,298.3833970387777,302.26273066202793,301.6779445224338
447,0.010428142530940931,0.0009042254564164409,298.94463293287487,302.3579834832086,302.3485337151422
448,0.020068225247882765,0.0013740441676972637,295.9191934797499,298.7314372592502,299.30367694430885
449,0.008524295671008986,0.001128204810321165,297.48896887037495,300.6301677280002,301.0841945224338
450,0.008107078058742445,0.0006342462179063091,297.0109903547499,300.7262343512641,301.3804022047255
451,0.011801716668628615,0.0019196352836488018,297.92868783738874,301.48189298841686,302.17846535576706
452,0.011540409905933302,0.001810752498805357,297.85204938252775,301.32652732001407,301.83977177937817
453,0.01101788578750984,0.001481109010875059,296.42267655266653,299.9249159918891,300.796992916531
454,0.006964531524204176,0.0005002847787736187,296.62153180440265,298.57296286688904,299.52502026028105
455,0.006964531524204176,0.0005002847787736187,296.62153180440265,298.57296286688904,299.52502026028105
456,0.0060175627303351575,0.0004756531593201885,296.5479695214166,298.78716642591684,299.77341978285045
457,0.005842891318820875,0.0003494701263306865,296.90788705613875,299.0885227627224,300.28713506062826
458,0.006496575458072584,0.0004894516345856914,295.88458518981935,297.8058730231391,298.82666414048947
459,0.007474911196254652,0.0007392547008393535,295.2268052419027,298.4636204189725,299.4406235588922
460,0.0060175627303351575,0.0004756531593201885,296.5479695214166,298.78716642591684,299.77341978285045
461,0.020068225247882765,0.0013740441676972637,295.9191934797499,298.7314372592502,299.30367694430885
462,0.02894936202289955,0.0012770525094865093,296.3888820648193,298.78537063598634,299.2258503384061
463,0.02894936202289955,0.0012770525094865093,296.3888820648193,298.78537063598634,299.2258503384061
464,0.031169217808269423,0.0012185654518006572,296.52323536343044,298.9734131707085,299.63223597208656
465,0.0269026279282798,0.0010166696187852153,297.75210363599984,299.92080900404187,300.334932369656
466,0.01713332234146492,0.0006173781034348735,299.6723998599582,300.5081842210558,301.08745515611434
467,0.01713332234146492,0.0006173781034348735,299.6723998599582,300.5081842210558,301.08745515611434
468,0.009875056130908888,0.0010836354371903667,296.2308091481527,300.4037028842502,301.2173759460449
469,0.008107078058742445,0.0006342462179063091,297.0109903547499,300.7262343512641,301.3804022047255
470,0.008107078058742445,0.0006342462179063091,297.0109903547499,300.7262343512641,301.3804022047255
471,0.008107078058742445,0.0006342462179063091,297.0109903547499,300.7262343512641,301.3804022047255
472,0.03299914000751869,0.013714530217349363,292.377228418986,293.54896113077797,294.4371187845865
473,0.08029356299164192,0.0022857866165040264,299.94850663079154,300.2348606533474,300.5784979078505
474,0.0151402771306266,0.007907741415202452,303.58753657870824,307.0431180318197,308.59641782972545
475,0.03322542904140846,0.0005937001582978496,304.8457180023194,308.9203749762641,309.49452438354496
476,0.004704934341930311,0.0024204633113740215,303.1806355370416,307.42744420369473,308.1643648783365
477,0.00497753618481056,0.0026280364868043193,303.23053788079153,306.3506050109863,307.2778468661838
478,0.04355740247490303,0.003255136954486204,299.696124903361,302.77468270195857,303.56408276028105
479,0.04136752782585518,0.033689685809314085,297.80531001620824,299.3637126498752,300.47589916653106
480,0.01569497285606758,0.009907343136966063,302.8898586273193,306.13576668633357,306.08141674465605
481,0.010918718559764784,0.0008165321227906475,303.0115220387777,307.4599203321669,307.3471719529893
482,0.048956167681240004,0.00018823956221325489,303.6953219519721,306.28375388251413,306.128096432156
483,0.005353894813083571,0.0021495452997086772,300.89015159606936,304.530211130778,305.15189200507274
484,0.008714687807582777,0.002026118981540037,303.7088636186388,308.13514277140297,309.1640664842393
485,0.025047865493320387,0.001810543882548643,304.63675532870815,306.2984240214029,307.63840459187827
486,0.011254248006366652,0.00040010427206738086,302.28539899190275,306.52723804050027,306.1515936109755
487,0.01129811702492134,0.0007352164861558208,304.265216700236,309.12831225925015,310.42226418389214
488,0.003780034167789381,0.0005868605253098735,298.4810912662082,301.56714146931967,302.6194158766004
489,0.006841373426937025,0.002253436195552183,301.4769300248888,305.3411540561252,305.9904065450033
490,0.012787339074634474,0.0098939320918916,300.0652980804444,302.8942410786946,303.97213940090603
491,0.04763886032822029,0.0018329850313065776,301.9676689571804,302.8672554016113,303.06636683146166
492,0.002736684663318556,0.0026937506076691875,304.37856847974984,307.78119311862525,308.4307114495171
493,0.005757641775630873,0.002450533854663206,302.717413965861,306.261412302653,306.95306930541994
494,0.011836108548664015,0.009703405844867063,301.4743529849582,305.21893725925025,306.29571795993377
495,0.00791187284710304,0.004363336312472654,304.4163831498888,308.6194038391113,310.058955807156
496,0.007070493681453627,0.002038144218623472,303.32563879224983,307.07440058390296,307.95473488701714
497,0.011051875336193007,0.0006620219823716411,304.36771235995826,309.70302471584745,311.0651515536838
498,0.014549729211353224,0.0015837035056947002,304.4912041134304,308.98164884779186,310.19138853285045
499,0.031702351553462904,0.0006681463596223125,305.02849252488875,308.8544081793891,308.3798488193088
500,0.027272534353755873,0.0004431984302399883,305.5465752071804,309.0097412957086,310.0374985588922
501,0.022393298132442396,0.0006117156621812114,304.34537620544427,308.71488995022247,308.75287399291994
502,0.030056428892635267,0.00187129591673596,305.2551526811388,309.68784459431964,310.00961227416997
503,0.007189017517589491,0.0015809616920350322,304.4022229936388,309.18501798841686,310.5101385328505
504,0.028991055471919935,0.0017910531637070903,306.08809538947213,309.2006918165419,309.4612290276421
505,0.013418835384868544,0.0017186186191437969,302.9410142262777,307.12443313598635,307.6571545918783
506,0.024071526510738295,0.014062114703357054,296.69942351447213,298.68305401272244,299.95261900160045
507,0.009281140549205702,0.007084631073176695,301.8546372731526,305.4096599155002,306.3412203470867
508,0.03130945263626472,0.0029112628576157817,301.4491305457221,304.39589038425027,305.0688950432671
509,0.026752126200221937,0.00663010095328076,297.1458916134305,301.4131863911946,301.19538158840606
510,0.02729189096214668,0.002201431142985655,301.2844821082221,305.59718161688915,306.23791088528105
511,0.0363904505801429,0.004218213903605772,299.42642546759714,302.9153728061253,304.06565611097545
512,0.004110631330036085,0.0022345266219971904,303.7138603634304,307.5491781446669,308.61064309014216
513,0.007593584044002455,0.0034409544345734844,303.21552051968047,307.4236084832085,308.8367986891005
514,0.005607721192859572,0.002991550314128233,301.6964938269721,305.42137324015306,306.13343497382266
515,0.00791187284710304,0.004363336312472654,304.4163831498888,308.6194038391113,310.058955807156
516,0.01485404072525398,0.0029340914365647563,302.4580660925971,306.67255596584744,307.7819538540309
517,0.003349301202320021,0.0014321288940308818,303.35856522454156,307.36168899536136,308.0459838019477
518,0.02064025102379219,0.004385285722911192,300.80216874016656,305.40548239813904,306.41129413180886
519,0.039574500901721876,0.004752390730082823,299.13629959954153,302.8778836568197,304.0397283766004
520,0.015970927460216444,8.822296828014942e-05,305.4321003807916,309.5020807054308,309.40177807278104
521,0.020135816915058058,0.013459020006358458,298.85062794155544,300.56303448147247,301.6794039408366
522,0.005155366642497938,0.002718069302737547,303.60947668287486,307.5329400804308,308.50190828111437
523,0.014882248623393934,0.01258730207651837,293.8695244259304,295.8299018859863,297.29069408840604
524,0.010404688103221815,0.00032145594328625293,305.62581240336107,310.39527732001415,311.81669777764216
525,0.04831102190735237,0.011877917396724058,292.37442351447214,293.6273465474447,294.4897500779894
526,0.012826231105350416,0.008298360454737974,302.2375528547499,306.1095731099446,307.1928805033366
527,0.0055069893431891614,0.0030495754358170757,301.90904265509715,304.9384522332086,305.55381800333663
528,0.028374043090366285,0.012375303256213499,293.2820190005832,294.7341553582085,295.80079065958665
529,0.02103152571442024,0.0012031725522874126,305.3739894866943,310.6444852193197,310.6927394443088
530,0.006833758933566969,0.00017906044691784473,301.24864768981934,304.16787931654187,304.61063223944774
531,0.020462509973071974,0.0009175768968461284,297.2850192175971,300.3235650804308,301.49720450507266
532,0.021870148165248793,0.0006072751161454448,305.0338256412082,309.4415392557779,310.0336411370171
533,0.01590820847275154,0.012301035868823362,292.8391858842637,294.17973370022247,295.18320168389215
534,0.004622054083370131,0.0020414671775697,301.5233655717638,306.0575114780002,307.3140068054199
535,0.03728235958340065,0.0005830905315278301,299.94686275058325,301.08789342244467,301.15595016479494
536,0.004942741973422926,0.0017635605213044414,304.0893215179443,308.85066468980574,310.1263277689616
537,0.016546186788104933,0.0007564357396958599,298.4664265526666,301.62832853529187,302.8909816318088
538,0.09207901058914558,0.00825891708105786,298.6557169172499,299.6368300543891,301.2939221700033
539,0.04550149737121956,0.0013572058555482158,299.38336448669435,300.8624105665419,300.8456420050727
540,0.06309246717216865,0.006956108557879759,299.674933497111,302.26577970716687,304.1687865363227
541,0.015570846183322828,0.010022245990931822,300.417072168986,302.99277080959746,304.3566446092393
542,0.045302432758830946,0.04340677772730572,299.0065741221109,298.96325692070855,299.6705443488227
543,0.00941106377365486,0.005939357626139952,301.459308497111,305.3033285352919,306.81821144951715
544,0.024161335809253615,0.023635499822795225,300.59882672627765,301.6369602627225,302.16926939222543
545,0.020666760189556044,0.014295034753978086,300.3656778547499,302.0935249328613,302.73721644083656
546,0.08530562816383735,0.017505102503001524,296.1418497297499,294.88752992418074,295.120186275906
547,0.03855248986008064,0.0009981772777436504,296.4196058061388,297.9345351325141,299.0222913106282
548,0.018793833239101332,0.0026287070390580425,302.72846539815265,307.8046685960558,309.37165111965606
549,0.024025779945873182,0.000350304591357542,306.053009668986,306.5296197679308,306.1560152689616
550,0.008987274749301832,0.00015010749071819873,303.86562360127766,305.06607810126405,304.8417791578505
551,0.009233725054286879,7.390295237286182e-05,300.23595237731934,301.7298639085558,301.65892868041993
552,0.07488874791386024,0.0003846666690705547,301.77550315856934,300.46982159084746,300.84991717868377
553,0.02145187257053749,0.0041941038247941265,302.9827405717638,303.4217530144586,303.0734848870171
554,0.022979897243999403,0.0011033794757722148,299.6366576724583,299.1801894293891,299.42642542521156
555,0.04801235793354408,0.0002922496673463115,303.47995736863874,301.52015253702797,302.0893160502116
556,0.022878867371105116,0.00013838027685864063,304.8434013790555,306.7436280144586,306.11839048597545
557,0.0072725981307257825,0.00011514936655743213,303.2287854936388,303.98214797973634,303.8197848002116
558,0.0072725981307257825,0.00011514936655743213,303.2287854936388,303.98214797973634,303.8197848002116
559,0.024025779945873182,0.000350304591357542,306.053009668986,306.5296197679308,306.1560152689616
560,0.020512354357265394,0.0001418075439332256,302.12473275926374,304.6255073547363,304.28505172729496
561,0.04334459899189369,0.004141309010684324,299.9258883582221,299.5730225457085,299.9626504686144
562,0.05405457018139259,0.0018103948709367046,298.938165918986,298.9085911220974,299.4808199564615
563,0.016661477072261732,0.00098686729639752,302.29755176968047,304.9990208095975,304.6980128818088
564,0.007993203384899061,0.0003398588773606548,297.5208699120415,299.6385607401529,300.8279282463921
565,0.05405457018139259,0.0018103948709367046,298.938165918986,298.9085911220974,299.4808199564615
566,0.016704928858302992,0.0001721761104462871,302.9021904415555,305.82745505438913,305.32761357625327
567,0.04334459899189369,0.004141309010684324,299.9258883582221,299.5730225457085,299.9626504686144
568,0.04801235793354408,0.0002922496673463115,303.47995736863874,301.52015253702797,302.0893160502116
569,0.04801235793354408,0.0002922496673463115,303.47995736863874,301.52015253702797,302.0893160502116
570,0.014805492742084425,0.00033768330782635303,304.0701646169027,308.1664090474447,307.70101309882267
571,0.05405457018139259,0.0018103948709367046,298.938165918986,298.9085911220974,299.4808199564615
572,0.026916486008190077,0.0001271746036408672,305.0136542002359,308.72612041897247,307.3396469963921
573,0.018086907250904005,0.0001226744529603252,305.76301943461107,309.31134177313913,308.33505172729485
574,0.04842658041241066,0.0001868686553834209,303.94341765509705,306.19706768459747,306.02829717000327
575,0.008987274749301832,0.00015010749071819873,303.86562360127766,305.06607810126405,304.8417791578505
576,0.05405457018139259,0.0018103948709367046,298.938165918986,298.9085911220974,299.4808199564615
577,0.020810168964885634,0.0006056210872529277,300.47217742072206,303.97412931654185,303.83000072903104
578,0.018086907250904005,0.0001226744529603252,305.76301943461107,309.31134177313913,308.33505172729485
579,0.009233725054286879,7.390295237286182e-05,300.23595237731934,301.7298639085558,301.65892868041993
580,0.04801235793354408,0.0002922496673463115,303.47995736863874,301.52015253702797,302.0893160502116
581,0.04964799879314796,0.0002579471942780742,303.6458970387777,301.893052927653,302.40994322035044
582,0.007993203384899061,0.0003398588773606548,297.5208699120415,299.6385607401529,300.8279282463921
583,0.04801235793354408,0.0002922496673463115,303.47995736863874,301.52015253702797,302.0893160502116
584,0.02145187257053749,0.0041941038247941265,302.9827405717638,303.4217530144586,303.0734848870171
585,0.0625197708440055,0.00033403252333386035,303.08180198669436,302.26176495022247,302.46939417521156
586,0.0625197708440055,0.00033403252333386035,303.08180198669436,302.26176495022247,302.46939417521156
587,0.042505037767909926,0.008824207532107664,299.3902004241943,298.04131681654184,298.32786314222545
588,0.02145187257053749,0.0041941038247941265,302.9827405717638,303.4217530144586,303.0734848870171
589,0.020810168964885634,0.0006056210872529277,300.47217742072206,303.97412931654185,303.83000072903104
590,0.016661477072261732,0.00098686729639752,302.29755176968047,304.9990208095975,304.6980128818088
591,0.02213871179344551,0.00011067901819927783,302.59888097974994,304.8422608269585,304.5316337585449
592,0.022878867371105116,0.00013838027685864063,304.8434013790555,306.7436280144586,306.11839048597545
593,0.042505037767909926,0.008824207532107664,299.3902004241943,298.04131681654184,298.32786314222545
594,0.02004493473293678,0.0005186281082032451,304.0656832800971,306.74451777140297,306.36531431410054
595,0.02213871179344551,0.00011067901819927783,302.59888097974994,304.8422608269585,304.5316337585449
596,0.022878867371105116,0.00013838027685864063,304.8434013790555,306.7436280144586,306.11839048597545
597,0.02162119446518318,0.00011066411703808399,305.70112707349995,310.3183784484863,309.3410304599338
598,0.04842658041241066,0.0001868686553834209,303.94341765509705,306.19706768459747,306.02829717000327
599,0.04801235793354408,0.0002922496673463115,303.47995736863874,301.52015253702797,302.0893160502116
600,0.012610313279651564,0.005833917009532286,299.34696583218044,303.4507243686252,304.67830259535043
601,0.023373272998355787,0.0033908567306397686,300.43234994676374,306.1119114345974,307.5188082377116
602,0.023373272998355787,0.0033908567306397686,300.43234994676374,306.1119114345974,307.5188082377116
603,0.023373272998355787,0.0033908567306397686,300.43234994676374,306.1119114345974,307.5188082377116
604,0.023373272998355787,0.0033908567306397686,300.43234994676374,306.1119114345974,307.5188082377116
605,0.023373272998355787,0.0033908567306397686,300.43234994676374,306.1119114345974,307.5188082377116
606,0.023373272998355787,0.0033908567306397686,300.43234994676374,306.1119114345974,307.5188082377116
607,0.030805465562366408,0.004419156062304808,297.67469478183324,301.8058350457086,302.912080807156
608,0.025599461777233046,0.0032816759225724468,298.74189313252765,305.7985867818196,307.26848814222546
609,0.02012537120106117,0.012415148961245848,297.0539482540554,299.85700692070844,301.3834512498644
610,0.04801235793354408,0.0002922496673463115,303.47995736863874,301.52015253702797,302.0893160502116
611,0.016661477072261732,0.00098686729639752,302.29755176968047,304.9990208095975,304.6980128818088
612,0.008987274749301832,0.00015010749071819873,303.86562360127766,305.06607810126405,304.8417791578505
613,0.016661477072261732,0.00098686729639752,302.29755176968047,304.9990208095975,304.6980128818088
614,0.016661477072261732,0.00098686729639752,302.29755176968047,304.9990208095975,304.6980128818088
615,0.05405457018139259,0.0018103948709367046,298.938165918986,298.9085911220974,299.4808199564615
616,0.04334459899189369,0.004141309010684324,299.9258883582221,299.5730225457085,299.9626504686144
617,0.016661477072261732,0.00098686729639752,302.29755176968047,304.9990208095975,304.6980128818088
618,0.04801235793354408,0.0002922496673463115,303.47995736863874,301.52015253702797,302.0893160502116
619,0.04801235793354408,0.0002922496673463115,303.47995736863874,301.52015253702797,302.0893160502116
620,0.04801235793354408,0.0002922496673463115,303.47995736863874,301.52015253702797,302.0893160502116
621,0.02213871179344551,0.00011067901819927783,302.59888097974994,304.8422608269585,304.5316337585449
622,0.022878867371105116,0.00013838027685864063,304.8434013790555,306.7436280144586,306.11839048597545
623,0.02145187257053749,0.0041941038247941265,302.9827405717638,303.4217530144586,303.0734848870171
624,0.016661477072261732,0.00098686729639752,302.29755176968047,304.9990208095975,304.6980128818088
625,0.02145187257053749,0.0041941038247941265,302.9827405717638,303.4217530144586,303.0734848870171
626,0.016661477072261732,0.00098686729639752,302.29755176968047,304.9990208095975,304.6980128818088
627,0.042505037767909926,0.008824207532107664,299.3902004241943,298.04131681654184,298.32786314222545
628,0.016661477072261732,0.00098686729639752,302.29755176968047,304.9990208095975,304.6980128818088
629,0.016661477072261732,0.00098686729639752,302.29755176968047,304.9990208095975,304.6980128818088
630,0.020512354357265394,0.0001418075439332256,302.12473275926374,304.6255073547363,304.28505172729496
631,0.04801235793354408,0.0002922496673463115,303.47995736863874,301.52015253702797,302.0893160502116
632,0.02213871179344551,0.00011067901819927783,302.59888097974994,304.8422608269585,304.5316337585449
633,0.019313466532253187,0.00026708160608990283,304.78505176968054,309.50041512383353,308.2824855380588
634,0.022878867371105116,0.00013838027685864063,304.8434013790555,306.7436280144586,306.11839048597545
635,0.015550088865779799,0.0008638880130646953,299.8017835405138,300.1650798373752,300.20552156236437
636,0.020550397021793287,0.00035967742174847217,305.38173688252766,309.93786629570855,309.03580042521156
637,0.019313466532253187,0.00026708160608990283,304.78505176968054,309.50041512383353,308.2824855380588
638,0.04801235793354408,0.0002922496673463115,303.47995736863874,301.52015253702797,302.0893160502116
639,0.04801235793354408,0.0002922496673463115,303.47995736863874,301.52015253702797,302.0893160502116
640,0.016661477072261732,0.00098686729639752,302.29755176968047,304.9990208095975,304.6980128818088
641,0.03058643339397804,0.0011046758767960796,297.41822776794436,297.5942139519586,298.81867802937825
642,0.013741058094524305,0.0005136064168809185,305.7294582366943,310.24705683390306,311.55916197035043
643,0.01121411917927162,0.0048038593408463726,302.1336303287082,306.416246287028,307.8754922654894
644,0.02004493473293678,0.0005186281082032451,304.0656832800971,306.74451777140297,306.36531431410054
645,0.008987274749301832,0.00015010749071819873,303.86562360127766,305.06607810126405,304.8417791578505
646,0.02145187257053749,0.0041941038247941265,302.9827405717638,303.4217530144586,303.0734848870171
647,0.08396519420864479,0.001347788321673704,300.04409582349984,299.5320340474446,299.66782082451715
648,0.02145187257053749,0.0041941038247941265,302.9827405717638,303.4217530144586,303.0734848870171
649,0.04801235793354408,0.0002922496673463115,303.47995736863874,301.52015253702797,302.0893160502116
650,0.013625305874370497,0.010434248196780516,296.9686726464166,300.09502232869465,301.682100338406
651,0.023373272998355787,0.0033908567306397686,300.43234994676374,306.1119114345974,307.5188082377116
652,0.02481640575649635,0.0025168142196534404,302.9651353200276,308.9967096116808,310.8112724304199
653,0.18143918810608284,0.0912075272676347,289.3766316307916,291.0054823981391,291.85150680541994
654,0.02193380592586891,0.03188180242747052,294.6801743825276,295.84560284084745,296.3388711717394
655,0.02082495091678993,0.014415033805072142,296.71710472106935,299.2861844380696,300.606270260281
656,0.03487151561500923,0.0523073158141969,297.66611188252773,298.16115731133357,298.560615963406
657,0.03743295071842567,0.008471139418780638,292.6619614919027,295.0516792297363,295.77477611965605
658,0.01388530133488075,0.006580703603923155,298.30843501620825,301.8784695943197,303.37815611097545
659,0.04831102190735237,0.011877917396724058,292.37442351447214,293.6273465474447,294.4897500779894
660,0.031224769337200087,0.009477981078326536,291.41671952141655,292.760359785292,294.0376179165311
661,0.06611053345920936,0.026143409955203367,290.9931572384304,293.1022543165419,294.0366033766005
662,0.04831102190735237,0.011877917396724058,292.37442351447214,293.6273465474447,294.4897500779894
663,0.06796316502811806,0.0513753077861665,291.112531153361,291.7186822679307,292.8000473870171
664,0.05639752445938484,0.03215538774698956,290.3796915266249,291.38922805786126,292.0647446526421
665,0.0329242765736808,0.008382224189936949,292.10088835822205,293.5488200717502,294.54308666653105
666,0.04934741256954567,0.010817878591716124,292.60142546759715,293.83368335300025,294.63621817694764
667,0.01388530133488075,0.006580703603923155,298.30843501620825,301.8784695943197,303.37815611097545
668,0.03605194090130226,0.013019808280169798,293.81816266377774,295.0247749328613,296.47224790785043
669,0.03605194090130226,0.013019808280169798,293.81816266377774,295.0247749328613,296.47224790785043
670,0.04103830157043831,0.0390069714662431,293.6154988182916,295.03980857001415,296.0035250345865
671,0.03290413020374672,0.0395260087129472,292.9266099294027,294.2850451151529,294.95107820298944
672,0.02193380592586891,0.03188180242747052,294.6801743825276,295.84560284084745,296.3388711717394
673,0.03080799875976936,0.014325090396106077,294.6985717349582,295.8353760613336,297.0976059807671
674,0.09563864467861549,0.03233691369265301,290.93892004224995,293.5271186828613,294.26897642347546
675,0.09563864467861549,0.03233691369265301,290.93892004224995,293.5271186828613,294.26897642347546
676,0.02082495091678993,0.014415033805072142,296.71710472106935,299.2861844380696,300.606270260281
677,0.04831102190735237,0.011877917396724058,292.37442351447214,293.6273465474447,294.4897500779894
678,0.038979095203899305,0.01156430755823834,291.69651010301374,293.19119745890305,294.6160196092394
679,0.021380600316547316,0.0014078698036072979,302.93593610127766,308.24878751966685,309.71097403632274
680,0.014565479738735121,0.0008029124614594707,297.62366939120824,300.8714871724447,302.0343627081977
681,0.0026149421763648206,0.0013525417920945415,303.73423254224986,307.83237041897246,308.56526548597543
682,0.002273035032771986,0.0026144317266343364,297.4636216481527,301.26059307522246,302.2645601908367
683,0.002380651218913954,0.001217418062388731,303.9014308929443,308.1027534484863,308.9191988627116
684,0.012605813128971022,0.0019330314275620708,304.08810624016655,308.39923239813913,309.4439764234755
685,0.025823113305591505,0.016724892604052854,301.5966891394721,304.19491924709746,304.5061943054199
686,0.01600484250309364,0.011428170549571348,294.09794782002774,295.7589654710557,297.09956995646155
687,0.02927580176117317,0.01181479607790692,291.12466222974996,292.36442337036135,293.80331344604485
688,0.010918718559764784,0.0008165321227906475,303.0115220387777,307.4599203321669,307.3471719529893
689,0.06264806984188453,0.002121411907374693,299.8561129675971,300.2216933356391,300.5794527689616
690,0.004660201056026381,0.001881860840022398,303.6555161794026,308.1357124328613,309.279707760281
691,0.004942741973422926,0.0017635605213044414,304.0893215179443,308.85066468980574,310.1263277689616
692,0.016536635143779677,0.01465634320944531,300.83163380093043,303.3329400804307,303.61276440090603
693,0.01764148174049751,6.5766918361021e-05,305.5617119259304,310.17881139119464,311.2194918314616
694,0.009873104078792494,0.00608446513384564,298.57068545023594,301.950377146403,303.1791598002116
695,0.008901324851535719,0.000180207836329771,300.1581691741943,304.0196696811252,304.3845417446561
696,0.009441640956424635,0.001397588002383543,296.9687811533611,300.69700800577806,301.7750311109755
697,0.016162452085040968,0.0005859068509934673,299.58662512037483,303.46919767591686,304.13609881930887
698,0.013620209677242201,0.007532768594920469,297.9221231672499,300.99701885647244,302.1300875345866
699,0.04796752033951179,0.005123653161227537,297.9771144866943,302.039879099528,302.38676613701705
700,0.009292688949130934,0.010680400478541685,302.9116685231526,307.03106291029184,307.59706887139214
701,0.01766846774341957,0.0007331750270722637,304.04112815856934,308.40831442938907,308.5823933071561
702,0.0060733228755225355,0.002708368646800352,302.95693762037484,306.9737007141113,307.70179434882266
703,0.01004883347275154,0.006955169784724546,301.286505762736,304.80657831827796,305.8446437411838
704,0.025692146999858778,0.0008279762145875225,303.6804185231527,307.73309199015296,307.2544798956977
705,0.02194635270359413,0.015641354667842222,301.9927774641249,304.6834229363336,305.0179673088922
706,0.024823543412708204,0.0010584226724503765,305.6703382280138,309.3447890387641,309.2700723436144
707,0.03216559885265724,0.002313785898387266,303.7145168304444,309.2272760179307,311.2293225606282
708,0.03870452640774147,0.0009648731824754009,303.8342542436388,309.5763808356391,309.7183036804199
709,0.005652931315921705,0.0025237283584473857,303.23073319329154,307.14554858737523,307.8539699130588
710,0.021586176736377638,0.0005571029064057598,299.55619977315274,302.9880561828614,302.8156018575033
711,0.01967446206333534,0.000274889814555479,303.8399183061389,307.7546197679307,307.86696904500326
712,0.023588520271800917,0.01663894270628674,301.2182386186388,303.02727059258353,303.6316663106282
713,0.012500476820491713,0.000488810884654356,303.687726465861,308.88513192070855,310.1737073262533
714,0.009609219415210646,0.0006524554368851909,302.3262952592638,306.4729031880697,306.15166414048934
715,0.05079132018806831,0.014827036010920835,295.3047946082221,296.5062419467502,297.6620645311143
716,0.019455862028621596,0.012413852560221983,296.67035450405547,299.2658882141113,300.2570406595866
717,0.021320921165965956,0.001035981523692442,304.701105372111,309.4583741082086,310.6966565450033
718,0.003505495173953932,0.0031153193590043315,299.02095129225,301.8295872158474,302.64475767347545
719,0.007271122915767592,0.00350553606718762,302.5995591481527,306.0039036220974,306.79141565958656
720,0.014913973195575636,0.0008627555248139629,297.0584458669026,300.65147849188907,301.74200702243377
721,0.03769707380058662,0.0003790787336228618,303.8382961273193,306.69049216376413,305.6534762064615
722,0.017107930762790602,0.011164419996440245,293.04844695197215,294.64385045369465,295.6619180467393
723,0.01949305532696144,0.011010014164149595,302.9669311099582,306.2813830057781,307.8364677429199
724,0.004622054083370131,0.0020414671775697,301.5233655717638,306.0575114780002,307.3140068054199
725,0.008969378454708021,0.0029233029958604106,302.66398514641656,306.09743118286127,306.81023618910046
726,0.01485404072525398,0.0029340914365647563,302.4580660925971,306.67255596584744,307.7819538540309
727,0.03391457794430153,0.011346586692035032,292.278497950236,293.8014893425836,295.535567135281
728,0.00698743460895912,0.0018767348405717144,303.1019517262777,307.5770427280003,308.5623683505588
729,0.03391457794430153,0.011346586692035032,292.278497950236,293.8014893425836,295.535567135281
730,0.010700014216922682,0.0007881752130387554,301.7742607540555,304.7826254102919,304.66769061618385
731,0.01564873455288307,0.015680201995074583,300.80450706481935,303.16509068806965,303.36801613701715
732,0.0031517267060507947,0.0020254782316087017,303.7503620995415,307.50180943806964,308.31392542521155
733,0.0067046999764670545,0.0011584839698670635,302.2287258148193,306.23267966376415,306.40018302069774
734,0.036884886009715956,0.00045128976076824756,304.313800684611,308.6698432922363,308.19299986097553
735,0.018490266783260267,0.0007320127364991436,297.45909690856934,301.02533916897244,302.30826136271156
736,0.031328481419109266,0.004987396943270994,300.80695389641653,303.5997586568197,304.35576027764205
737,0.013580289466403883,0.00010859285563213916,304.82785233391655,307.2144233703614,307.02155888875325
738,0.0062039017510642225,0.004337900030314756,303.3541598425971,307.4065186394585,308.52193866305885
739,0.046047162992977064,0.0028200975534318218,296.1329521603055,296.726793162028,297.9785901387532
740,0.04200206397297279,0.0016114643689988384,304.2631984710694,311.1724420335558,311.29387876722546
741,0.028624680621646803,0.007037841427028013,298.4282212575277,302.2218886481391,302.6090100606282
742,0.011884284002803724,0.0034808746454118022,301.998126856486,305.570836130778,306.95932473076715
743,0.01681847570660011,0.0006562403318284282,304.49097624884706,308.78990080091694,309.0612670050727
744,0.031702351553462904,0.0006681463596223125,305.02849252488875,308.8544081793891,308.3798488193088
745,0.022315558774494093,0.014805012094676329,296.07089161343043,297.8332330491808,298.99430736965604
746,0.021305036528133314,0.0010794482108948955,304.29526769849986,307.4719917297363,308.4413071526422
747,0.017902669293903273,0.01005492423742993,300.912677637736,303.498961130778,304.7038559807671
748,0.007108968479656141,0.0015755674716828594,302.6953436533611,306.6156766255697,307.81086010403106
749,0.04260573981525795,0.0016079178926347026,304.0757581498888,307.88319507175027,308.50921079847546
750,0.005253669602893751,0.0024590871211884746,303.3859415266249,306.69934090508355,307.9277112325033
751,0.028286126239322584,0.010672085630595518,293.73351097106934,295.16435826619465,296.5103067186144
752,0.044130948169254225,0.0006572983142731914,304.5203490787082,309.441832224528,309.5384425693088
753,0.017536845786594313,0.0005515447732804546,305.6995862748888,309.9931343078613,311.3170449998644
754,0.005621534569286268,0.002045296775996519,298.01786969502774,301.15215123494465,301.7366630554199
755,0.018258464319728773,0.0014827332374451885,303.4627644432915,308.2011475457085,309.4096719529893
756,0.03383317290069954,0.0030979893085358867,299.93632130093044,306.5026612175836,307.44310836791993
757,0.007913780195735853,0.0028427175161240825,302.96984994676376,306.655943552653,307.3551689147949
758,0.013901856524967116,0.0007555565711854229,297.0697794172499,300.64244528876407,301.6401949564615
759,0.015905511362575453,0.010436408865153624,302.9485391828749,306.38605965508356,306.3718410068087
760,0.004927527887844008,0.0025911412116883525,303.4209241655138,306.62846959431965,307.82491717868385
761,0.02731117306473152,0.00016627525061352344,305.26044782002765,309.48968921237525,308.4433091057671
762,0.009546977264903944,0.007330336320102049,303.03399925231935,307.0541477627224,307.39021123250325
763,0.013032105548404616,0.007206477868258787,299.6044528113471,302.68695483737525,303.71654586791993
764,0.030226093513988417,0.000869401442706419,303.6157212575277,310.9479411655002,311.47209057278104
765,0.0038665503096808607,0.0009524754163621196,296.8651081932916,298.3100396898058,299.5181409200033
766,0.007488620264552992,0.004067935692965818,302.78519825405544,306.6700874328613,307.9807711283366
767,0.030767706019901198,0.0007082751867173442,305.04582650926375,308.98514819675023,308.7124117533366
768,0.005933907611392897,0.002331682192981077,303.4333644866944,307.74264060126404,309.052168697781
769,0.0024615049195517713,0.0013729116794465313,303.88263206481935,307.6099094814724,308.51325810750325
770,0.004927527887844008,0.0025911412116883525,303.4209241655138,306.62846959431965,307.82491717868385
771,0.018713366968654555,0.012275450575053526,298.80259734259715,301.85514602661135,302.99899486965603
772,0.01938214598419563,0.0021261504766343364,303.52452117072215,308.45719680786135,309.70172381930877
773,0.028019946796916884,5.350326269848438e-05,304.8275973425971,305.0971436394585,306.40135489569764
774,0.012619313581012648,0.0020698985931275615,302.6144788530138,306.6671306186252,307.81653501722553
775,0.010453146679424208,0.0011621645566819438,305.2417140960693,309.83966208563913,311.1754434373644
776,0.011344429833911818,0.004093684899508787,302.20259191724995,306.1143257141114,307.4275267706977
777,0.022870954854511183,0.00012397085398418994,303.5876125335693,308.35107701619467,308.21820602417
778,0.008946311457179945,0.005171113359629942,303.063898340861,306.99168574015306,308.20058449639214
779,0.031535711867832106,0.001970954882800413,304.61979569329156,309.75788040161126,311.54832212660045
780,0.005118098838352125,0.003721021759211851,303.58701574537486,307.5154433356391,308.58898510403105
781,0.015825968964122694,0.00906860147684796,300.7047783321804,303.4513048807779,304.5744343227811
782,0.01109069286110298,0.005189903723895384,302.5775539398193,306.49321026272247,307.82155888875326
783,0.012643378956340712,0.0002701363441346416,302.17957216898594,306.2841607835558,305.82237269083663
784,0.011344429833911818,0.004093684899508787,302.20259191724995,306.1143257141114,307.4275267706977
785,0.02532668112041847,0.0019518515941499004,304.67803679572205,309.41238886515293,309.96965459187834
786,0.022878867371105116,0.00013838027685864063,304.8434013790555,306.7436280144586,306.11839048597545
787,0.004658770544551771,0.0002944848415253887,300.16418588426376,302.8480876498752,304.0088852776422
788,0.004302364571117323,0.0023107907649873027,302.76752789815265,306.36078296237525,307.09342846340604
789,0.03487151561500923,0.0523073158141969,297.66611188252773,298.16115731133357,298.560615963406
790,0.03088293669941322,0.00020451163023693653,301.891095606486,305.9712810092502,305.373848385281
791,0.004183095676921766,0.0006253055211900005,299.3829684363471,301.5077122158474,302.5441880120171
792,0.0625197708440055,0.00033403252333386035,303.08180198669436,302.26176495022247,302.46939417521156
793,0.032742467505954664,0.0013754597780106792,303.0256116655138,310.1534424675836,311.0620970831977
794,0.04297440944435493,0.013658814775645567,293.01503766377766,294.500963083903,296.27949617173937
795,0.006994542462848585,0.00424953614443524,302.9384751637777,306.1649713304308,307.2632038540311
796,0.061598849279903334,0.00027290796011669727,304.22841657002766,305.7381755405002,305.36854782104496
797,0.00944746731045143,0.005038791048228575,301.57901335822214,303.59855965508353,304.37027308146156
798,0.012121301872753065,0.009797909009158445,300.8867390526666,304.96476516723635,306.30195710923937
799,0.012827646715663832,0.0066859803077576885,303.47608909606936,306.70214038425024,308.09066696166997
800,0.02003548739673988,0.0010459802028535137,305.8964612748888,311.4867161220975,311.6522012498644
801,0.02913842795612709,0.0016054144975541362,305.19629308912494,309.9313721550835,310.1315415276421
802,0.0037114441228141004,0.0008232078430054912,297.7270059797499,301.5810357835558,302.25527199639214
803,0.02605542240860359,0.016552813994586302,297.49176834954153,298.4299724155002,299.5568887498644
804,0.03240899441959755,0.0008550665256379375,305.3882255978054,310.2126058790419,310.05941153632267
805,0.0404221534562339,0.0063572308894990215,297.54130176968044,299.9649713304308,300.9395927429199
806,0.003997859342121046,0.001845174181163145,301.4174248165554,306.2619765387641,307.4524453904894
807,0.01101730464222328,0.008098550784289671,300.6809176550971,304.33423673841685,305.7175495571561
808,0.017780449969791334,6.776367396099658e-05,304.68838835822214,311.4220948113336,312.7066934373643
809,0.02403475044491188,0.013372950899302793,297.5410142262777,299.99751798841686,301.54300528632274
810,0.018793833239101332,0.0026287070390580425,302.72846539815265,307.8046685960558,309.37165111965606
811,0.02481640575649635,0.0025168142196534404,302.9651353200276,308.9967096116808,310.8112724304199
812,0.018793833239101332,0.0026287070390580425,302.72846539815265,307.8046685960558,309.37165111965606
813,0.07488874791386024,0.0003846666690705547,301.77550315856934,300.46982159084746,300.84991717868377
814,0.08396519420864479,0.001347788321673704,300.04409582349984,299.5320340474446,299.66782082451715
815,0.08396519420864479,0.001347788321673704,300.04409582349984,299.5320340474446,299.66782082451715
816,0.07488874791386024,0.0003846666690705547,301.77550315856934,300.46982159084746,300.84991717868377
817,0.020810168964885634,0.0006056210872529277,300.47217742072206,303.97412931654185,303.83000072903104
818,0.018793833239101332,0.0026287070390580425,302.72846539815265,307.8046685960558,309.37165111965606
819,0.018793833239101332,0.0026287070390580425,302.72846539815265,307.8046685960558,309.37165111965606
820,0.02012537120106117,0.012415148961245848,297.0539482540554,299.85700692070844,301.3834512498644
821,0.018793833239101332,0.0026287070390580425,302.72846539815265,307.8046685960558,309.37165111965606
822,0.016704928858302992,0.0001721761104462871,302.9021904415555,305.82745505438913,305.32761357625327
823,0.02213871179344551,0.00011067901819927783,302.59888097974994,304.8422608269585,304.5316337585449
824,0.02213871179344551,0.00011067901819927783,302.59888097974994,304.8422608269585,304.5316337585449
825,0.022878867371105116,0.00013838027685864063,304.8434013790555,306.7436280144586,306.11839048597545
826,0.04801235793354408,0.0002922496673463115,303.47995736863874,301.52015253702797,302.0893160502116
827,0.02213871179344551,0.00011067901819927783,302.59888097974994,304.8422608269585,304.5316337585449
828,0.015550088865779799,0.0008638880130646953,299.8017835405138,300.1650798373752,300.20552156236437
829,0.042505037767909926,0.008824207532107664,299.3902004241943,298.04131681654184,298.32786314222545
830,0.020810168964885634,0.0006056210872529277,300.47217742072206,303.97412931654185,303.83000072903104
831,0.02145187257053749,0.0041941038247941265,302.9827405717638,303.4217530144586,303.0734848870171
832,0.016661477072261732,0.00098686729639752,302.29755176968047,304.9990208095975,304.6980128818088
833,0.04334459899189369,0.004141309010684324,299.9258883582221,299.5730225457085,299.9626504686144
834,0.05405457018139259,0.0018103948709367046,298.938165918986,298.9085911220974,299.4808199564615
835,0.016661477072261732,0.00098686729639752,302.29755176968047,304.9990208095975,304.6980128818088
836,0.04801235793354408,0.0002922496673463115,303.47995736863874,301.52015253702797,302.0893160502116
837,0.04801235793354408,0.0002922496673463115,303.47995736863874,301.52015253702797,302.0893160502116
838,0.008987274749301832,0.00015010749071819873,303.86562360127766,305.06607810126405,304.8417791578505
839,0.04334459899189369,0.004141309010684324,299.9258883582221,299.5730225457085,299.9626504686144
840,0.05405457018139259,0.0018103948709367046,298.938165918986,298.9085911220974,299.4808199564615
841,0.02145187257053749,0.0041941038247941265,302.9827405717638,303.4217530144586,303.0734848870171
842,0.0625197708440055,0.00033403252333386035,303.08180198669436,302.26176495022247,302.46939417521156
843,0.05086287556412117,0.000380136716067625,303.77774382697214,302.4494331359863,302.73594690958663
844,0.0625197708440055,0.00033403252333386035,303.08180198669436,302.26176495022247,302.46939417521156
845,0.02145187257053749,0.0041941038247941265,302.9827405717638,303.4217530144586,303.0734848870171
846,0.028064456565402907,0.005401753532588316,301.1061238182916,301.112242380778,300.9623520745172
847,0.0625197708440055,0.00033403252333386035,303.08180198669436,302.26176495022247,302.46939417521156
848,0.04801235793354408,0.0002922496673463115,303.47995736863874,301.52015253702797,302.0893160502116
849,0.016661477072261732,0.00098686729639752,302.29755176968047,304.9990208095975,304.6980128818088
850,0.016661477072261732,0.00098686729639752,302.29755176968047,304.9990208095975,304.6980128818088
851,0.029992204887889784,0.001530998098552061,305.4474052853054,307.714146677653,309.3339178297255
852,0.0625197708440055,0.00033403252333386035,303.08180198669436,302.26176495022247,302.46939417521156
853,0.0625197708440055,0.00033403252333386035,303.08180198669436,302.26176495022247,302.46939417521156
854,0.02213871179344551,0.00011067901819927783,302.59888097974994,304.8422608269585,304.5316337585449
855,0.022878867371105116,0.00013838027685864063,304.8434013790555,306.7436280144586,306.11839048597545
856,0.040434178693317335,0.0013213685628770122,295.5520602332221,296.68716642591687,297.84408493041985
857,0.042505037767909926,0.008824207532107664,299.3902004241943,298.04131681654184,298.32786314222545
858,0.042505037767909926,0.008824207532107664,299.3902004241943,298.04131681654184,298.32786314222545
859,0.016661477072261732,0.00098686729639752,302.29755176968047,304.9990208095975,304.6980128818088
860,0.016661477072261732,0.00098686729639752,302.29755176968047,304.9990208095975,304.6980128818088
861,0.029575449211620253,0.00014946674078686328,304.95806609259705,307.8478814866808,306.7098618401422
862,0.0072725981307257825,0.00011514936655743213,303.2287854936388,303.98214797973634,303.8197848002116
863,0.0625197708440055,0.00033403252333386035,303.08180198669436,302.26176495022247,302.46939417521156
864,0.07488874791386024,0.0003846666690705547,301.77550315856934,300.46982159084746,300.84991717868377
865,0.02145187257053749,0.0041941038247941265,302.9827405717638,303.4217530144586,303.0734848870171
866,0.04801235793354408,0.0002922496673463115,303.47995736863874,301.52015253702797,302.0893160502116
867,0.04801235793354408,0.0002922496673463115,303.47995736863874,301.52015253702797,302.0893160502116
868,0.016704928858302992,0.0001721761104462871,302.9021904415555,305.82745505438913,305.32761357625327
869,0.02145187257053749,0.0041941038247941265,302.9827405717638,303.4217530144586,303.0734848870171
870,0.02145187257053749,0.0041941038247941265,302.9827405717638,303.4217530144586,303.0734848870171
871,0.02213871179344551,0.00011067901819927783,302.59888097974994,304.8422608269585,304.5316337585449
872,0.020810168964885634,0.0006056210872529277,300.47217742072206,303.97412931654185,303.83000072903104
873,0.022878867371105116,0.00013838027685864063,304.8434013790555,306.7436280144586,306.11839048597545
874,0.031548646075748366,0.0010971358892319927,296.5046264224582,296.97968487209744,298.1478392706977
875,0.042505037767909926,0.008824207532107664,299.3902004241943,298.04131681654184,298.32786314222545
876,0.05405457018139259,0.0018103948709367046,298.938165918986,298.9085911220974,299.4808199564615
877,0.020810168964885634,0.0006056210872529277,300.47217742072206,303.97412931654185,303.83000072903104
878,0.05405457018139259,0.0018103948709367046,298.938165918986,298.9085911220974,299.4808199564615
879,0.04334459899189369,0.004141309010684324,299.9258883582221,299.5730225457085,299.9626504686144
880,0.02157123087170021,0.02387570654124005,296.3881876203749,297.4511963738335,298.13680411444767
881,0.010246855003856581,0.00014596496790630908,302.1995374467637,301.08894051445856,301.7813516404894
882,0.007988524420284193,0.00021088932722790332,301.7616739484999,301.5575277540419,302.30759404500327
883,0.06731891332390205,0.0007267973300812969,298.47755936516654,298.83781746758353,299.3229749043782
884,0.04127862749817268,0.0005547485229371318,298.2439439137777,299.4096436394585,299.94186053805885
885,0.02145187257053749,0.0041941038247941265,302.9827405717638,303.4217530144586,303.0734848870171
886,0.06479346452476875,0.000515022027194334,299.9508449554443,299.5250787523058,299.93884404500324
887,0.07488874791386024,0.0003846666690705547,301.77550315856934,300.46982159084746,300.84991717868377
888,0.02145187257053749,0.0041941038247941265,302.9827405717638,303.4217530144586,303.0734848870171
889,0.02481640575649635,0.0025168142196534404,302.9651353200276,308.9967096116808,310.8112724304199
890,0.02012537120106117,0.012415148961245848,297.0539482540554,299.85700692070844,301.3834512498644
891,0.0625197708440055,0.00033403252333386035,303.08180198669436,302.26176495022247,302.46939417521156
892,0.04801235793354408,0.0002922496673463115,303.47995736863874,301.52015253702797,302.0893160502116
893,0.07488874791386024,0.0003846666690705547,301.77550315856934,300.46982159084746,300.84991717868377
894,0.02042439280273811,0.0001636973497269878,302.82614334954155,301.91289884779195,301.8841348436144
895,0.04801235793354408,0.0002922496673463115,303.47995736863874,301.52015253702797,302.0893160502116
896,0.020810168964885634,0.0006056210872529277,300.47217742072206,303.97412931654185,303.83000072903104
897,0.020810168964885634,0.0006056210872529277,300.47217742072206,303.97412931654185,303.83000072903104
898,0.028624680621646803,0.007037841427028013,298.4282212575277,302.2218886481391,302.6090100606282
899,0.015398037416957777,0.005588286268412901,298.88223058912496,303.7737278408474,304.5383774651421
900,0.03388206361057655,0.005297549712359739,297.37492807176375,300.30491273668065,301.28568106757274
901,0.02012537120106117,0.012415148961245848,297.0539482540554,299.85700692070844,301.3834512498644
902,0.09563864467861549,0.03233691369265301,290.93892004224995,293.5271186828613,294.26897642347546
903,0.02145187257053749,0.0041941038247941265,302.9827405717638,303.4217530144586,303.0734848870171
904,0.016704928858302992,0.0001721761104462871,302.9021904415555,305.82745505438913,305.32761357625327
905,0.02012537120106117,0.012415148961245848,297.0539482540554,299.85700692070844,301.3834512498644
906,0.02145187257053749,0.0041941038247941265,302.9827405717638,303.4217530144586,303.0734848870171
907,0.02145187257053749,0.0041941038247941265,302.9827405717638,303.4217530144586,303.0734848870171
908,0.022475552542232435,0.014638208496272398,296.8303968217638,298.8980279710558,300.3092270745172
909,0.04831102190735237,0.011877917396724058,292.37442351447214,293.6273465474447,294.4897500779894
910,0.023373272998355787,0.0033908567306397686,300.43234994676374,306.1119114345974,307.5188082377116
911,0.023373272998355787,0.0033908567306397686,300.43234994676374,306.1119114345974,307.5188082377116
912,0.023373272998355787,0.0033908567306397686,300.43234994676374,306.1119114345974,307.5188082377116
913,0.01388530133488075,0.006580703603923155,298.30843501620825,301.8784695943197,303.37815611097545
914,0.04589076040508644,0.013983123647868467,291.6659870995416,293.07666837904185,294.1947576734755
915,0.029787388427280348,0.016876318204104734,291.4294473859999,292.66043574015305,294.241204071045
916,0.028826650960468214,0.00169562612742169,305.22383757697213,309.32271872626404,311.03462312486437
917,0.03080799875976936,0.014325090396106077,294.6985717349582,295.8353760613336,297.0976059807671
918,0.021020007116817396,0.0025173804637788066,302.0049519432916,308.1620633443197,309.81735967000327
919,0.01121411917927162,0.0048038593408463726,302.1336303287082,306.416246287028,307.8754922654894
920,0.028826650960468214,0.00169562612742169,305.22383757697213,309.32271872626404,311.03462312486437
921,0.030661162717365187,0.0015488198873399028,305.23637012905544,304.8095242818196,306.1171480814616
922,0.030661162717365187,0.0015488198873399028,305.23637012905544,304.8095242818196,306.1171480814616
923,0.022315558774494093,0.014805012094676329,296.07089161343043,297.8332330491808,298.99430736965604
924,0.020157334191821974,0.013345949995219542,295.5046589745416,297.15931811862527,298.5328381856283
925,0.021020007116817396,0.0025173804637788066,302.0049519432916,308.1620633443197,309.81735967000327
926,0.0027830123734702283,0.0023900351402161846,304.41512446933325,308.6953424241808,309.15573857625327
927,0.03080799875976936,0.014325090396106077,294.6985717349582,295.8353760613336,297.0976059807671
928,0.01514693794968025,0.012591921436488462,294.1839287228055,296.9112495422363,298.3210326300727
929,0.01514693794968025,0.012591921436488462,294.1839287228055,296.9112495422363,298.3210326300727
930,0.01121411917927162,0.0048038593408463726,302.1336303287082,306.416246287028,307.8754922654894
931,0.0026734292340506727,0.003128462183177305,304.38571908738874,308.362877146403,308.85887442694764
932,0.04966491161110298,0.001998164403140379,293.22206891377766,294.7299778408475,296.07422815958654
933,0.020810168964885634,0.0006056210872529277,300.47217742072206,303.97412931654185,303.83000072903104
934,0.04801235793354408,0.0002922496673463115,303.47995736863874,301.52015253702797,302.0893160502116
935,0.030661162717365187,0.0015488198873399028,305.23637012905544,304.8095242818196,306.1171480814616
936,0.028826650960468214,0.00169562612742169,305.22383757697213,309.32271872626404,311.03462312486437
937,0.05010765491249458,0.04334864829748852,291.8376233842638,293.35611173841687,294.5016098870171
938,0.019492951018833082,0.013611667501628233,296.24517546759705,298.75661087036127,299.89055845472546
939,0.029787388427280348,0.016876318204104734,291.4294473859999,292.66043574015305,294.241204071045
940,0.04831102190735237,0.011877917396724058,292.37442351447214,293.6273465474447,294.4897500779894
941,0.07776783107044594,0.018389292704760862,292.1089124467638,293.7843886481391,294.66947013007274
942,0.02481640575649635,0.0025168142196534404,302.9651353200276,308.9967096116808,310.8112724304199
943,0.02627086339714424,0.013097070800959898,295.49748666551375,297.0191705491807,298.45572230021156
944,0.02082495091678993,0.014415033805072142,296.71710472106935,299.2861844380696,300.606270260281
945,0.03080799875976936,0.014325090396106077,294.6985717349582,295.8353760613336,297.0976059807671
946,0.02082495091678993,0.014415033805072142,296.71710472106935,299.2861844380696,300.606270260281
947,0.018770363910221022,0.014294125783145262,295.3111097123887,297.2656766255697,298.68512768215606
948,0.01849367914917366,0.014341556179225279,294.8608872731526,296.3903402540419,297.6376070658367
949,0.02481640575649635,0.0025168142196534404,302.9651353200276,308.9967096116808,310.8112724304199
950,0.02082495091678993,0.014415033805072142,296.71710472106935,299.2861844380696,300.606270260281
951,0.018772748096012037,0.002276532995402647,303.01504851447214,307.44694832695853,308.90315611097543
952,0.06237378416778938,0.0003628066655991802,299.99518089294435,299.8552002800835,300.28837746514216
953,0.013917741162799757,0.017326482283770872,301.22939313252766,303.2128662957086,303.40297707451714
954,0.010811564309619826,0.004222743856608702,304.11837425231937,308.15650236341685,309.63925637139215
955,0.005921182019733351,0.003197037326991392,298.60724143981935,301.15662714640297,301.5332667880587
956,0.007811707241557997,0.004744955050647093,302.9787637922499,306.22457419501404,307.465205807156
957,0.0356587439608802,0.0021917602893708477,300.1769137488471,301.61016447279184,302.20297707451715
958,0.012647685391925734,0.0034374079582093486,302.25997038947213,305.67616924709745,306.9978446960449
959,0.00411529539348976,0.0022938779470322856,302.6993150075277,306.32329381306965,307.03753653632276
960,0.02932370899441139,0.000873216139972044,297.4848456064859,299.7584500630697,300.54457863701714
961,0.01901066003563301,0.0008175305005906353,305.52833518981936,309.7661757575141,310.87668041653103
962,0.012841206772350233,0.005995281684100462,303.70558670891654,307.0063450283475,308.43596861097546
963,0.03135509489300148,0.0007169774648545513,305.29347733391654,309.01850323147244,308.42805845472543
964,0.019517791254543226,0.0005284628745911846,303.2925930023194,306.81995722452797,306.47947447035045
965,0.004707899673007887,0.0022032341834901104,303.26395801968044,307.3024930318197,307.99937464396163
966,0.017266151292346876,0.0012661746618150005,297.97615420023595,302.3216390821669,301.7072902255588
967,0.010072541220210951,0.0007714710113404522,302.61221105787484,306.5657905578613,306.25873336791994
968,0.00863112209560768,0.0016607872125504741,297.2923108842637,300.94269485473626,301.74732928805884
969,0.018887695653461378,0.0008117041465638408,304.4779716915554,309.01168899536134,309.6332179599338
970,0.027353239042781752,0.007609002935588194,295.91950272454153,299.568297068278,299.59671079847544
971,0.019075480086826246,0.000449680435359312,303.6085543738471,306.7711236741807,307.8111856248644
972,0.012828972919010084,0.00042439316481335254,302.3404933929443,305.5837647332085,305.2693996005588
973,0.018629249913715284,0.0008747658607362041,305.476691309611,309.75326885647246,310.1949475606282
974,0.015570846183322828,0.010022245990931822,300.417072168986,302.99277080959746,304.3566446092393
975,0.016162452085040968,0.0005859068509934673,299.58662512037483,303.46919767591686,304.13609881930887
976,0.010700014216922682,0.0007881752130387554,301.7742607540555,304.7826254102919,304.66769061618385
977,0.02137380538704292,9.223138064129444e-05,305.830890528361,310.2472901238335,311.1601819356282
978,0.006672602875255507,0.00018958066672070117,300.7606160057915,304.72770462036135,305.26985532972554
979,0.05603831706764595,0.0017953745004533062,299.17670758565265,301.32242575751405,301.377510494656
980,0.004298773391269606,0.0015280476686356792,303.47256804572214,307.72612584431965,308.47721752590604
981,0.004900184257053297,0.0021790346977113018,303.02735320197206,306.41587736341694,307.11004087660046
982,0.011539933068775099,0.0003203234550355205,300.8665947384305,304.61407072279184,304.44692238701714
983,0.0077480643820990736,0.0009546956893800029,302.17605654398596,305.94248326619464,305.592500729031
984,0.01901066003563301,0.0008175305005906353,305.52833518981936,309.7661757575141,310.87668041653103
985,0.007604074461482924,0.002135076272189451,302.92104352315266,307.2041314866808,308.16027416653105
986,0.024161335809253615,0.023635499822795225,300.59882672627765,301.6369602627225,302.16926939222543
987,0.0032221793961753065,0.005964555489718748,303.3736205630832,307.65943747626403,308.12346861097546
988,0.04103830157043831,0.0390069714662431,293.6154988182916,295.03980857001415,296.0035250345865
989,0.027272534353755873,0.0004431984302399883,305.5465752071804,309.0097412957086,310.0374985588922
990,0.04127862749817268,0.0005547485229371318,298.2439439137777,299.4096436394585,299.94186053805885
991,0.00587923525097267,0.0060073516246674785,303.2575344085693,307.3533990648057,308.07318649291994
992,0.002607282979511183,0.0006017318841813335,297.9073011186387,301.0513320075141,302.13264287312825
993,0.01193070111992256,0.0008382580158112773,299.90008540683317,302.9445448981391,303.1579087151421
994,0.011140894873165053,0.0012884667989609966,296.9899779849582,299.5434001498752,300.35972078111433
995,0.01342788038971321,0.002488591420352293,302.1642184363472,305.4759739345974,306.78635381062827
996,0.012500476820491713,0.000488810884654356,303.687726465861,308.88513192070855,310.1737073262533
997,0.02605542240860359,0.016552813994586302,297.49176834954153,298.4299724155002,299.5568887498644
998,0.031535711867832106,0.001970954882800413,304.61979569329156,309.75788040161126,311.54832212660045
999,0.14005230067493812,0.03130184923380597,294.3890719519721,293.93949932522247,294.2096665276421
1000,0.008249786479495924,0.001594283330142332,304.5698119693333,309.2309001498752,310.4646144443088
1001,0.008536216599964064,0.002481662380397154,302.93827442593044,306.32036955091684,307.12912182278103
1002,0.01006982920887367,0.005520903217494322,299.45329721238875,302.81488995022244,303.8148097568088
1003,0.03830749986889259,0.0001585415479539165,303.7613267262776,306.87873001098626,306.47895906236437
1004,0.015570846183322828,0.010022245990931822,300.417072168986,302.99277080959746,304.3566446092393
1005,0.08585007189037697,0.0022237828847764263,298.499738184611,298.9261746724447,299.4209838019477
1006,0.020072710497402113,0.00011468743056042285,305.4902167002361,310.4764296637641,309.0328870137533
1007,0.03434362707855598,0.002372690188586546,303.2359578026665,309.3484782748753,309.5222207811144
1008,0.018721428496860426,0.0009190074083207378,298.0254868825277,300.902281443278,302.1373195224338
1009,0.03852149544479744,0.01671189879149182,292.807062403361,294.1393691168891,294.6083969963921
1010,0.00581665037395851,0.0030041119930146465,301.58675532870825,304.9818604363336,305.5423976474338
1011,0.05651789603950874,0.0004917911168931255,300.602228418986,301.95308439466686,301.7896795484755
1012,0.0060733228755225355,0.002708368646800352,302.95693762037484,306.9737007141113,307.70179434882266
1013,0.00578450856926338,0.0021654448387025127,303.4024020300971,307.65107159084744,308.71988788180886
1014,0.014565479738735121,0.0008029124614594707,297.62366939120824,300.8714871724447,302.0343627081977
1015,0.04004692731621162,0.002638914334475828,294.5246676550971,295.7448324415419,296.89781756930887
1016,0.010117930157207411,0.003052764284312559,302.20263532002775,306.4511041429308,307.2283948262533
1017,0.006710809452556532,0.003268175470530821,303.29171952141655,306.45490731133356,307.5875419616699
1018,0.0039766102862586195,0.002534948932826353,304.1604478200277,308.01269810994467,308.82169994778104
1019,0.02790870962860481,0.0006266317245362529,303.3608655717638,306.230064646403,305.94020038180884
1020,0.011331167800449293,0.006488450514972044,299.57186275058325,303.14717619154186,304.135051727295
1021,0.055679571611904066,0.0017720392820237407,297.98565940856935,298.9201199849447,299.1656289842394
1022,0.0581439107489814,0.0013014755126832256,302.41261253356936,301.9780084398058,302.2479260762532
1023,0.03830749986889259,0.0001585415479539165,303.7613267262776,306.87873001098626,306.47895906236437
1024,0.02170492408993141,0.01072967861860974,295.04047169155547,298.1306777106391,300.0369668748644
1025,0.028258559091113966,0.0062843642112611064,295.61446257697213,298.612828318278,299.2301797654893
1026,0.0040889948439826185,0.0019862732765076885,302.8109089745416,305.52106942070856,306.09203414916993
1027,0.010088619573139113,0.007631190764605833,301.3071383582221,305.1539470248752,306.6158351474338
1028,0.0056545853448142225,0.00230617140501721,303.34127464294437,307.5760227627224,308.2809013366699
1029,0.00402645467045204,0.004040860283076597,303.9274183061388,307.9428630405002,308.6771632724338
1030,0.019562584145091932,0.000971906530558897,306.3096340179443,311.00738669501413,311.8130248175727
1031,0.022139084322475355,0.0010394534942506084,305.14131804572213,309.3786323547364,310.36184751722544
1032,0.005641517026447218,0.0025761953470109233,303.07876921759714,306.08707419501405,306.93285446166993
1033,0.00563327668430702,0.003973387825190855,297.95818002488886,300.9547662523057,301.2858004252115
1034,0.04098498521568672,0.00037770782679302783,304.3395439571804,304.8142768859864,305.01765263875325
1035,0.011943083984874647,0.007335566627681089,300.24992264641656,304.1455485873752,305.1683959113227
1036,0.024402794225238722,0.0011118880388139019,305.6172620561388,309.4965577019586,309.24432907104494
1037,0.010818701965831679,0.00024413381785137744,301.99579938252765,306.1775961134169,305.8214395311144
1038,0.0271106779408683,0.0014698884364960918,305.72175966898607,309.469566599528,309.44073749118377
1039,0.005904209597133558,0.0025648406621812114,303.140412012736,307.12721091376415,307.9948390536838
1040,0.004050341231845778,0.001811929690539671,303.00339486863885,306.90850974188913,307.5324584113227
1041,0.03745512364628212,0.001952581751048399,303.9679185231527,308.0329889085557,308.9326917012533
1042,0.014901083691142958,0.0011258206245301494,305.0513549380832,309.40492358737527,309.37934968736437
1043,0.02147139309170143,0.0006174377080796489,304.99291852315275,309.4418756273057,310.06355107625325
1044,0.018218186481021803,0.0012350461360810527,305.4073119693332,309.8545438130697,310.96657842000326
1045,0.020965483768009108,0.0011946937915681133,304.218829981486,310.37123218112527,310.6838635762533
1046,0.002292034013294142,0.0016683719035981426,304.2991685231526,308.3235596550836,308.9901786804199
1047,0.011208412034534376,0.006804742562472654,300.26992047627766,304.3093235439725,305.64828957451715
1048,0.01099054215671913,0.011720754849612547,302.6431897905138,305.695103708903,306.30139287312824
1049,0.00934329329254524,0.004860781776606871,302.5446980370415,306.4967475891114,307.837200164795
1050,0.014863041026615065,0.010058276998698545,296.86596539815275,299.48437779744467,300.96152742173933
1051,0.008489173634075087,0.0028847983953355083,301.53203527662487,306.3063124762641,307.53205693562825
1052,0.045801085217021864,0.0002448788759110698,301.8303968217638,300.6478543599446,300.93631583319774
1053,0.023770806176685255,0.008030333268344236,298.15839161343047,300.56845982869464,302.2263114929199
1054,0.00578450856926338,0.0021654448387025127,303.4024020300971,307.65107159084744,308.71988788180886
1055,0.019402292354129713,0.0005119970914719829,304.13176400926375,308.5427165561252,308.57588289048937
1056,0.013620820624851149,0.010494225370585752,295.522003809611,297.4847575717502,298.6673976474338
1057,0.011977148039363783,0.00506471906870587,302.18986405266656,305.9068767123752,307.24312464396166
1058,0.015570846183322828,0.010022245990931822,300.417072168986,302.99277080959746,304.3566446092393
1059,0.006532323343776625,0.0017154297706483135,302.2020168304444,306.8650038825141,308.14651548597544
1060,0.008742448670886915,0.003920920836627317,303.01900901794437,306.9108534918891,308.22035446166984
1061,0.002931517345928114,0.0007992020723222026,297.86597624884706,301.53265253702796,302.4162637498643
1062,0.0063817322087516,0.003355213153064085,302.61224903530547,306.78774151272245,307.7642346700032
1063,0.030366119725727003,0.005424060570895506,298.3264363182916,298.27002775404185,298.44782842000325
1064,0.02004493473293678,0.0005186281082032451,304.0656832800971,306.74451777140297,306.36531431410054
1065,0.009005781991504591,0.007858686792552305,302.4616793738471,306.45305184258353,307.47854673597544
1066,0.003906813247226637,0.0017715773460267314,304.12261144849987,307.8036757575141,308.72910012139215
1067,0.020602640492938917,0.00018047605723126026,305.59001053704156,310.0123997158474,310.7181680467394
1068,0.012647685391925734,0.0034374079582093486,302.25997038947213,305.67616924709745,306.9978446960449
1069,0.00496034024479286,0.006241597878634764,303.3655747731527,307.7048096550836,308.16721318562827
1070,0.007026967389606398,0.0022657147523759136,298.1810424380832,301.1918159484863,301.62926830715605
1071,0.016548243148349684,0.009388782727420164,297.5357787662082,300.8306126064724,302.2517889234754
1072,0.020829004032634657,0.0022740594026444683,300.6797457800971,305.3239068773058,305.90852720472554
1073,0.019190964086078566,7.75239345429668e-05,305.77036535474986,310.2224366082085,309.21933992173933
1074,0.018495020253681105,0.0013183734294770488,304.00859235127774,308.0578749762641,308.4990653991699
1075,0.04567926822426216,0.004629411446749998,300.180109278361,305.0179986741808,305.2186563279894
1076,0.022472214682125013,0.0019781372424958477,303.7665567609999,307.8942031012641,308.37620841132264
1077,0.05046274958374397,0.003406845676600767,299.3147555457221,302.92559416029195,303.88211661444774
1078,0.0062039017510642225,0.004337900030314756,303.3541598425971,307.4065186394585,308.52193866305885
1079,0.014716488106273573,0.002072670209109617,297.7462768130832,301.321763865153,301.75648727416996
1080,0.03543814717056648,0.003495880114734007,297.9805704328749,303.12676603529184,303.70678024291993
1081,0.011836108548664015,0.009703405844867063,301.4743529849582,305.21893725925025,306.29571795993377
1082,0.004333120567821425,0.003262274610698057,298.5860771603054,301.8141304016114,302.55864656236434
1083,0.015453335626148146,0.0009880593892930278,298.7645873599582,302.596959177653,302.12097837660053
1084,0.01061856446983711,0.008323960649669004,301.2639905717638,303.42603361341685,304.2295341491699
1085,0.00847257374050514,0.005040608989894224,302.72505828009713,305.03607593112525,306.1370970831977
1086,0.013032984716915053,0.00039953802794201465,306.22855220370826,310.5894016689724,311.3101602342394
1087,0.04200206397297279,0.0016114643689988384,304.2631984710694,311.1724420335558,311.29387876722546
1088,0.006724384410404127,0.0035449198362229595,302.50103484259705,305.5698161655002,306.3789102342394
1089,0.01206977365734474,0.0010260126468537578,303.34647755093044,308.0795546637641,308.31287290785053
1090,0.021020007116817396,0.0025173804637788066,302.0049519432916,308.1620633443197,309.81735967000327
1091,0.015841838700794142,0.00025010918349011035,301.0832776811388,303.5719103495279,304.01920428805886
1092,0.08396519420864479,0.001347788321673704,300.04409582349984,299.5320340474446,299.66782082451715
1093,0.07488874791386024,0.0003846666690705547,301.77550315856934,300.46982159084746,300.84991717868377
1094,0.07488874791386024,0.0003846666690705547,301.77550315856934,300.46982159084746,300.84991717868377
1095,0.018770363910221022,0.014294125783145262,295.3111097123887,297.2656766255697,298.68512768215606
1096,0.028833922727130812,0.01682115410536511,298.12807477315266,300.4005670335558,302.04060728285043
1097,0.13241104481937782,0.14454533969134076,291.01026878356936,292.22960891723636,293.0427719963921
1098,0.018770363910221022,0.014294125783145262,295.3111097123887,297.2656766255697,298.68512768215606
1099,0.020512354357265394,0.0001418075439332256,302.12473275926374,304.6255073547363,304.28505172729496
1100,0.020810168964885634,0.0006056210872529277,300.47217742072206,303.97412931654185,303.83000072903104
1101,0.016704928858302992,0.0001721761104462871,302.9021904415555,305.82745505438913,305.32761357625327
1102,0.009233725054286879,7.390295237286182e-05,300.23595237731934,301.7298639085558,301.65892868041993
1103,0.029575449211620253,0.00014946674078686328,304.95806609259705,307.8478814866808,306.7098618401422
1104,0.018086907250904005,0.0001226744529603252,305.76301943461107,309.31134177313913,308.33505172729485
1105,0.018086907250904005,0.0001226744529603252,305.76301943461107,309.31134177313913,308.33505172729485
1106,0.018086907250904005,0.0001226744529603252,305.76301943461107,309.31134177313913,308.33505172729485
1107,0.018086907250904005,0.0001226744529603252,305.76301943461107,309.31134177313913,308.33505172729485
1108,0.020810168964885634,0.0006056210872529277,300.47217742072206,303.97412931654185,303.83000072903104
1109,0.04334459899189369,0.004141309010684324,299.9258883582221,299.5730225457085,299.9626504686144
1110,0.04334459899189369,0.004141309010684324,299.9258883582221,299.5730225457085,299.9626504686144
1111,0.02006464896919624,0.000518449294268919,302.0566392262777,304.92761238945855,304.7282374911838
1112,0.0072725981307257825,0.00011514936655743213,303.2287854936388,303.98214797973634,303.8197848002116
1113,0.009233725054286879,7.390295237286182e-05,300.23595237731934,301.7298639085558,301.65892868041993
1114,0.009233725054286879,7.390295237286182e-05,300.23595237731934,301.7298639085558,301.65892868041993
1115,0.028064456565402907,0.005401753532588316,301.1061238182916,301.112242380778,300.9623520745172
1116,0.02145187257053749,0.0041941038247941265,302.9827405717638,303.4217530144586,303.0734848870171
1117,0.021208909137271803,0.0007667771455643901,304.9337551116943,309.22350540161125,310.3062973870172
1118,0.013741058094524305,0.0005136064168809185,305.7294582366943,310.24705683390306,311.55916197035043
1119,0.00941106377365486,0.005939357626139952,301.459308497111,305.3033285352919,306.81821144951715
1120,0.00941106377365486,0.005939357626139952,301.459308497111,305.3033285352919,306.81821144951715
1121,0.016661477072261732,0.00098686729639752,302.29755176968047,304.9990208095975,304.6980128818088
1122,0.042505037767909926,0.008824207532107664,299.3902004241943,298.04131681654184,298.32786314222545
1123,0.020810168964885634,0.0006056210872529277,300.47217742072206,303.97412931654185,303.83000072903104
1124,0.016661477072261732,0.00098686729639752,302.29755176968047,304.9990208095975,304.6980128818088
1125,0.016661477072261732,0.00098686729639752,302.29755176968047,304.9990208095975,304.6980128818088
1126,0.05405457018139259,0.0018103948709367046,298.938165918986,298.9085911220974,299.4808199564615
1127,0.02145187257053749,0.0041941038247941265,302.9827405717638,303.4217530144586,303.0734848870171
1128,0.04334459899189369,0.004141309010684324,299.9258883582221,299.5730225457085,299.9626504686144
1129,0.10178833900215523,0.03949915682047589,294.47201466030543,293.40133200751404,293.7674410502116
1130,0.02193291185619728,0.0005768916484711895,301.77813445197205,305.9297662523058,305.5565957811143
1131,0.02145187257053749,0.0041941038247941265,302.9827405717638,303.4217530144586,303.0734848870171
1132,0.05405457018139259,0.0018103948709367046,298.938165918986,298.9085911220974,299.4808199564615
1133,0.016661477072261732,0.00098686729639752,302.29755176968047,304.9990208095975,304.6980128818088
1134,0.04801235793354408,0.0002922496673463115,303.47995736863874,301.52015253702797,302.0893160502116
1135,0.020810168964885634,0.0006056210872529277,300.47217742072206,303.97412931654185,303.83000072903104
1136,0.042505037767909926,0.008824207532107664,299.3902004241943,298.04131681654184,298.32786314222545
1137,0.020810168964885634,0.0006056210872529277,300.47217742072206,303.97412931654185,303.83000072903104
1138,0.04334459899189369,0.004141309010684324,299.9258883582221,299.5730225457085,299.9626504686144
1139,0.05405457018139259,0.0018103948709367046,298.938165918986,298.9085911220974,299.4808199564615
1140,0.04801235793354408,0.0002922496673463115,303.47995736863874,301.52015253702797,302.0893160502116
1141,0.042505037767909926,0.008824207532107664,299.3902004241943,298.04131681654184,298.32786314222545
1142,0.020810168964885634,0.0006056210872529277,300.47217742072206,303.97412931654185,303.83000072903104
1143,0.016661477072261732,0.00098686729639752,302.29755176968047,304.9990208095975,304.6980128818088
1144,0.016661477072261732,0.00098686729639752,302.29755176968047,304.9990208095975,304.6980128818088
1145,0.012428906543277662,0.0003857693549988994,298.148761622111,300.24910761515304,300.1410792880588
1146,0.01524553893329994,0.0001198283311723003,302.46086014641656,302.3050266689724,302.0375148349338
1147,0.028064456565402907,0.005401753532588316,301.1061238182916,301.112242380778,300.9623520745172
1148,0.012428906543277662,0.0003857693549988994,298.148761622111,300.24910761515304,300.1410792880588
1149,0.0072725981307257825,0.00011514936655743213,303.2287854936388,303.98214797973634,303.8197848002116
1150,0.0625197708440055,0.00033403252333386035,303.08180198669436,302.26176495022247,302.46939417521156
1151,0.08396519420864479,0.001347788321673704,300.04409582349984,299.5320340474446,299.66782082451715
1152,0.07488874791386024,0.0003846666690705547,301.77550315856934,300.46982159084746,300.84991717868377
1153,0.0072725981307257825,0.00011514936655743213,303.2287854936388,303.98214797973634,303.8197848002116
1154,0.009233725054286879,7.390295237286182e-05,300.23595237731934,301.7298639085558,301.65892868041993
1155,0.015582409484409254,0.00035939429968578906,303.6810153113471,307.45899802313915,307.2325126647949
1156,0.028064456565402907,0.005401753532588316,301.1061238182916,301.112242380778,300.9623520745172
1157,0.020810168964885634,0.0006056210872529277,300.47217742072206,303.97412931654185,303.83000072903104
1158,0.020550397021793287,0.00035967742174847217,305.38173688252766,309.93786629570855,309.03580042521156
1159,0.02042439280273811,0.0001636973497269878,302.82614334954155,301.91289884779195,301.8841348436144
1160,0.042505037767909926,0.008824207532107664,299.3902004241943,298.04131681654184,298.32786314222545
1161,0.02145187257053749,0.0041941038247941265,302.9827405717638,303.4217530144586,303.0734848870171
1162,0.02145187257053749,0.0041941038247941265,302.9827405717638,303.4217530144586,303.0734848870171
1163,0.00950544772865669,0.0007820657369492778,296.46756045023596,299.9707004970975,301.0348401387531
1164,0.03080799875976936,0.014325090396106077,294.6985717349582,295.8353760613336,297.0976059807671
1165,0.018770363910221022,0.014294125783145262,295.3111097123887,297.2656766255697,298.68512768215606
1166,0.012610313279651564,0.005833917009532286,299.34696583218044,303.4507243686252,304.67830259535043
1167,0.01101788578750984,0.001481109010875059,296.42267655266653,299.9249159918891,300.796992916531
1168,0.03626994488956825,0.0005573264238236675,305.13396670023593,309.46072870890305,309.4731430901421
1169,0.029548925144695204,0.0004047683355210552,297.3488864050971,298.4055963304308,299.2474106682672
1170,0.03897300062897102,0.002516650306880308,299.176886622111,297.9087376064724,298.26865632798933
1171,0.03897300062897102,0.002516650306880308,299.176886622111,297.9087376064724,298.26865632798933
1172,0.09424374697925941,0.0026798627254365215,298.2380953894721,298.9345514085558,299.1247544182671
1173,0.042505037767909926,0.008824207532107664,299.3902004241943,298.04131681654184,298.32786314222545
1174,0.04801235793354408,0.0002922496673463115,303.47995736863874,301.52015253702797,302.0893160502116
1175,0.061896783096813124,0.0015864304181931743,297.9885294172499,297.33685718112525,297.884639400906
1176,0.017876696569942396,0.0003218880769608745,300.0847642262777,301.2838949415418,300.9250094095866
1177,0.020810168964885634,0.0006056210872529277,300.47217742072206,303.97412931654185,303.83000072903104
1178,0.02145187257053749,0.0041941038247941265,302.9827405717638,303.4217530144586,303.0734848870171
1179,0.020810168964885634,0.0006056210872529277,300.47217742072206,303.97412931654185,303.83000072903104
1180,0.042505037767909926,0.008824207532107664,299.3902004241943,298.04131681654184,298.32786314222545
1181,0.05405457018139259,0.0018103948709367046,298.938165918986,298.9085911220974,299.4808199564615
1182,0.009233725054286879,7.390295237286182e-05,300.23595237731934,301.7298639085558,301.65892868041993
1183,0.045801085217021864,0.0002448788759110698,301.8303968217638,300.6478543599446,300.93631583319774
1184,0.05405457018139259,0.0018103948709367046,298.938165918986,298.9085911220974,299.4808199564615
1185,0.0625197708440055,0.00033403252333386035,303.08180198669436,302.26176495022247,302.46939417521156
1186,0.017876696569942396,0.0003218880769608745,300.0847642262777,301.2838949415418,300.9250094095866
1187,0.0072725981307257825,0.00011514936655743213,303.2287854936388,303.98214797973634,303.8197848002116
1188,0.05086287556412117,0.000380136716067625,303.77774382697214,302.4494331359863,302.73594690958663
1189,0.042505037767909926,0.008824207532107664,299.3902004241943,298.04131681654184,298.32786314222545
1190,0.020512354357265394,0.0001418075439332256,302.12473275926374,304.6255073547363,304.28505172729496
1191,0.015594136698268812,0.00014890049666149707,303.12233475579154,301.53233786688907,301.48416197035044
1192,0.01524553893329994,0.0001198283311723003,302.46086014641656,302.3050266689724,302.0375148349338
1193,0.01524553893329994,0.0001198283311723003,302.46086014641656,302.3050266689724,302.0375148349338
1194,0.015594136698268812,0.00014890049666149707,303.12233475579154,301.53233786688907,301.48416197035044
1195,0.0072725981307257825,0.00011514936655743213,303.2287854936388,303.98214797973634,303.8197848002116
1196,0.020512354357265394,0.0001418075439332256,302.12473275926374,304.6255073547363,304.28505172729496
1197,0.05405457018139259,0.0018103948709367046,298.938165918986,298.9085911220974,299.4808199564615
1198,0.016704928858302992,0.0001721761104462871,302.9021904415555,305.82745505438913,305.32761357625327
1199,0.042505037767909926,0.008824207532107664,299.3902004241943,298.04131681654184,298.32786314222545
1200,0.02145187257053749,0.0041941038247941265,302.9827405717638,303.4217530144586,303.0734848870171
1201,0.009233725054286879,7.390295237286182e-05,300.23595237731934,301.7298639085558,301.65892868041993
1202,0.009233725054286879,7.390295237286182e-05,300.23595237731934,301.7298639085558,301.65892868041993
1203,0.009233725054286879,7.390295237286182e-05,300.23595237731934,301.7298639085558,301.65892868041993
1204,0.015594136698268812,0.00014890049666149707,303.12233475579154,301.53233786688907,301.48416197035044
1205,0.029016759974979323,0.0006902298805115947,301.5329738616943,300.21236173841686,300.38252351548937
1206,0.02145187257053749,0.0041941038247941265,302.9827405717638,303.4217530144586,303.0734848870171
1207,0.02145187257053749,0.0041941038247941265,302.9827405717638,303.4217530144586,303.0734848870171
1208,0.042505037767909926,0.008824207532107664,299.3902004241943,298.04131681654184,298.32786314222545
1209,0.04801235793354408,0.0002922496673463115,303.47995736863874,301.52015253702797,302.0893160502116
1210,0.020512354357265394,0.0001418075439332256,302.12473275926374,304.6255073547363,304.28505172729496
1211,0.016661477072261732,0.00098686729639752,302.29755176968047,304.9990208095975,304.6980128818088
1212,0.07818731365921394,0.004978694665133787,298.32336557176376,298.1327447679308,298.2855400085449
1213,0.03897300062897102,0.002516650306880308,299.176886622111,297.9087376064724,298.26865632798933
1214,0.024517413957141798,0.016108431565463377,297.09932585822213,298.71177037556964,299.92089157104493
1215,0.01141306458237068,0.008024134385287596,301.89172494676376,305.41908916897245,306.72058775160053
1216,0.03609047530414955,0.014198549735247923,293.1439873165554,294.35069181654194,295.049922604031
1217,0.021297407133602064,0.0018193206664918193,303.40848926968044,310.32174758911134,311.77094039916994
1218,0.02481640575649635,0.0025168142196534404,302.9651353200276,308.9967096116808,310.8112724304199
1219,0.023474496586345595,0.01562450145453198,296.5376233842638,299.2783882141113,300.68584382798934
1220,0.02481640575649635,0.0025168142196534404,302.9651353200276,308.9967096116808,310.8112724304199
1221,0.012590345723651808,0.008363359319865538,297.05417069329155,299.67441685994464,300.67654478285044
1222,0.03299914000751869,0.013714530217349363,292.377228418986,293.54896113077797,294.4371187845865
1223,0.017318633182071608,0.010400705682933165,294.6278035057916,296.8869331359863,297.97289352416993
1224,0.03299914000751869,0.013714530217349363,292.377228418986,293.54896113077797,294.4371187845865
1225,0.014882248623393934,0.01258730207651837,293.8695244259304,295.8299018859863,297.29069408840604
1226,0.029992204887889784,0.001530998098552061,305.4474052853054,307.714146677653,309.3339178297255
1227,0.03080799875976936,0.014325090396106077,294.6985717349582,295.8353760613336,297.0976059807671
1228,0.03080799875976936,0.014325090396106077,294.6985717349582,295.8353760613336,297.0976059807671
1229,0.022315558774494093,0.014805012094676329,296.07089161343043,297.8332330491808,298.99430736965604
1230,0.021310311539195936,0.014345221864878965,296.6725734710693,299.5687419467502,300.80752894083656
1231,0.01849367914917366,0.014341556179225279,294.8608872731526,296.3903402540419,297.6376070658367
1232,0.011223447306178969,0.004741632091700865,299.72849252488874,304.1379096984863,305.0266098870172
1233,0.028833922727130812,0.01682115410536511,298.12807477315266,300.4005670335558,302.04060728285043
1234,0.030326005799793165,0.000929840552508665,305.3433308495416,307.3267931620281,307.7792574564616
1235,0.03080799875976936,0.014325090396106077,294.6985717349582,295.8353760613336,297.0976059807671
1236,0.04324434397938148,0.006821118938624693,295.84052051968047,299.03214255438905,299.53816587660043
1237,0.03743295071842567,0.008471139418780638,292.6619614919027,295.0516792297363,295.77477611965605
1238,0.014771711809657972,0.009125941145121885,299.0534111446804,302.37941360473627,303.3710543314616
1239,0.022315558774494093,0.014805012094676329,296.07089161343043,297.8332330491808,298.99430736965604
1240,0.028624680621646803,0.007037841427028013,298.4282212575277,302.2218886481391,302.6090100606282
1241,0.017318633182071608,0.010400705682933165,294.6278035057916,296.8869331359863,297.97289352416993
1242,0.03080799875976936,0.014325090396106077,294.6985717349582,295.8353760613336,297.0976059807671
1243,0.012827646715663832,0.0066859803077576885,303.47608909606936,306.70214038425024,308.09066696166997
1244,0.01849367914917366,0.014341556179225279,294.8608872731526,296.3903402540419,297.6376070658367
1245,0.03080799875976936,0.014325090396106077,294.6985717349582,295.8353760613336,297.0976059807671
1246,0.027139124257587355,0.008379989015757872,293.73638097974987,296.06645245022247,296.8958047654894
1247,0.027139124257587355,0.008379989015757872,293.73638097974987,296.06645245022247,296.8958047654894
1248,0.028258559091113966,0.0062843642112611064,295.61446257697213,298.612828318278,299.2301797654893
1249,0.027139124257587355,0.008379989015757872,293.73638097974987,296.06645245022247,296.8958047654894
1250,0.018770363910221022,0.014294125783145262,295.3111097123887,297.2656766255697,298.68512768215606
1251,0.02170492408993141,0.01072967861860974,295.04047169155547,298.1306777106391,300.0369668748644
1252,0.02481640575649635,0.0025168142196534404,302.9651353200276,308.9967096116808,310.8112724304199
1253,0.04016911683800117,0.014104687320887876,293.896906153361,294.98858786688913,296.3325777689616
1254,0.03080799875976936,0.014325090396106077,294.6985717349582,295.8353760613336,297.0976059807671
1255,0.016324651224636,0.014182560789286924,293.36274816724995,295.5775418599447,296.99393302069774
1256,0.04342733023884193,0.023394145714938475,292.7122327592638,294.34187562730585,296.07174877590603
1257,0.024080973846935194,0.005362146246135069,300.7358438703748,305.030699412028,305.9471285502115
1258,0.018793833239101332,0.0026287070390580425,302.72846539815265,307.8046685960558,309.37165111965606
1259,0.023373272998355787,0.0033908567306397686,300.43234994676374,306.1119114345974,307.5188082377116
1260,0.01868070362331764,0.007886879789531065,298.2868638356526,302.15803773668074,303.9425929599338
1261,0.02481640575649635,0.0025168142196534404,302.9651353200276,308.9967096116808,310.8112724304199
1262,0.022315558774494093,0.014805012094676329,296.07089161343043,297.8332330491808,298.99430736965604
1263,0.022315558774494093,0.014805012094676329,296.07089161343043,297.8332330491808,298.99430736965604
1264,0.012590345723651808,0.008363359319865538,297.05417069329155,299.67441685994464,300.67654478285044
1265,0.018793833239101332,0.0026287070390580425,302.72846539815265,307.8046685960558,309.37165111965606
1266,0.02481640575649635,0.0025168142196534404,302.9651353200276,308.9967096116808,310.8112724304199
1267,0.02481640575649635,0.0025168142196534404,302.9651353200276,308.9967096116808,310.8112724304199
1268,0.028826650960468214,0.00169562612742169,305.22383757697213,309.32271872626404,311.03462312486437
1269,0.03080799875976936,0.014325090396106077,294.6985717349582,295.8353760613336,297.0976059807671
1270,0.011223447306178969,0.004741632091700865,299.72849252488874,304.1379096984863,305.0266098870172
1271,0.09704991875412361,0.015454658019244505,298.0747164832221,298.68280444675025,299.76362703111437
1272,0.01849367914917366,0.014341556179225279,294.8608872731526,296.3903402540419,297.6376070658367
1273,0.03080799875976936,0.014325090396106077,294.6985717349582,295.8353760613336,297.0976059807671
1274,0.09704991875412361,0.015454658019244505,298.0747164832221,298.68280444675025,299.76362703111437
1275,0.029992204887889784,0.001530998098552061,305.4474052853054,307.714146677653,309.3339178297255
1276,0.024080973846935194,0.005362146246135069,300.7358438703748,305.030699412028,305.9471285502115
1277,0.022315558774494093,0.014805012094676329,296.07089161343043,297.8332330491808,298.99430736965604
1278,0.030805465562366408,0.004419156062304808,297.67469478183324,301.8058350457086,302.912080807156
1279,0.02481640575649635,0.0025168142196534404,302.9651353200276,308.9967096116808,310.8112724304199
1280,0.018793833239101332,0.0026287070390580425,302.72846539815265,307.8046685960558,309.37165111965606
1281,0.018770363910221022,0.014294125783145262,295.3111097123887,297.2656766255697,298.68512768215606
1282,0.0405282348227729,0.021424435722529722,291.0991576724582,292.24661195543075,293.93866500854494
1283,0.02481640575649635,0.0025168142196534404,302.9651353200276,308.9967096116808,310.8112724304199
1284,0.02481640575649635,0.0025168142196534404,302.9651353200276,308.9967096116808,310.8112724304199
1285,0.04342733023884193,0.023394145714938475,292.7122327592638,294.34187562730585,296.07174877590603
1286,0.023373272998355787,0.0033908567306397686,300.43234994676374,306.1119114345974,307.5188082377116
1287,0.01868070362331764,0.007886879789531065,298.2868638356526,302.15803773668074,303.9425929599338
1288,0.01849367914917366,0.014341556179225279,294.8608872731526,296.3903402540419,297.6376070658367
1289,0.014882248623393934,0.01258730207651837,293.8695244259304,295.8299018859863,297.29069408840604
1290,0.023373272998355787,0.0033908567306397686,300.43234994676374,306.1119114345974,307.5188082377116
1291,0.01524553893329994,0.0001198283311723003,302.46086014641656,302.3050266689724,302.0375148349338
1292,0.01524553893329994,0.0001198283311723003,302.46086014641656,302.3050266689724,302.0375148349338
1293,0.05405457018139259,0.0018103948709367046,298.938165918986,298.9085911220974,299.4808199564615
1294,0.042505037767909926,0.008824207532107664,299.3902004241943,298.04131681654184,298.32786314222545
1295,0.020512354357265394,0.0001418075439332256,302.12473275926374,304.6255073547363,304.28505172729496
1296,0.04801235793354408,0.0002922496673463115,303.47995736863874,301.52015253702797,302.0893160502116
1297,0.009233725054286879,7.390295237286182e-05,300.23595237731934,301.7298639085558,301.65892868041993
1298,0.0072725981307257825,0.00011514936655743213,303.2287854936388,303.98214797973634,303.8197848002116
1299,0.03897300062897102,0.002516650306880308,299.176886622111,297.9087376064724,298.26865632798933
1300,0.0072725981307257825,0.00011514936655743213,303.2287854936388,303.98214797973634,303.8197848002116
1301,0.02145187257053749,0.0041941038247941265,302.9827405717638,303.4217530144586,303.0734848870171
1302,0.042505037767909926,0.008824207532107664,299.3902004241943,298.04131681654184,298.32786314222545
1303,0.009233725054286879,7.390295237286182e-05,300.23595237731934,301.7298639085558,301.65892868041993
1304,0.04801235793354408,0.0002922496673463115,303.47995736863874,301.52015253702797,302.0893160502116
1305,0.00950544772865669,0.0007820657369492778,296.46756045023596,299.9707004970975,301.0348401387531
1306,0.02042439280273811,0.0001636973497269878,302.82614334954155,301.91289884779195,301.8841348436144
1307,0.02145187257053749,0.0041941038247941265,302.9827405717638,303.4217530144586,303.0734848870171
1308,0.02145187257053749,0.0041941038247941265,302.9827405717638,303.4217530144586,303.0734848870171
1309,0.009233725054286879,7.390295237286182e-05,300.23595237731934,301.7298639085558,301.65892868041993
1310,0.012428906543277662,0.0003857693549988994,298.148761622111,300.24910761515304,300.1410792880588
1311,0.029016759974979323,0.0006902298805115947,301.5329738616943,300.21236173841686,300.38252351548937
1312,0.04342733023884193,0.023394145714938475,292.7122327592638,294.34187562730585,296.07174877590603
1313,0.04342733023884193,0.023394145714938475,292.7122327592638,294.34187562730585,296.07174877590603
1314,0.011223447306178969,0.004741632091700865,299.72849252488874,304.1379096984863,305.0266098870172
1315,0.027139124257587355,0.008379989015757872,293.73638097974987,296.06645245022247,296.8958047654894
1316,0.011630099995159071,0.001978614079654051,297.64360754224987,300.90834698147245,301.4415675693088
1317,0.010088619573139113,0.007631190764605833,301.3071383582221,305.1539470248752,306.6158351474338
1318,0.004660201056026381,0.001881860840022398,303.6555161794026,308.1357124328613,309.279707760281
1319,0.018916961534046095,0.000935905325114561,304.5455498165555,309.5957818773058,310.98112377590604
1320,0.023043808324359816,0.0018376192924378643,301.41469586690266,306.71689732869464,308.19139938354493
1321,0.0077860176396598035,0.003515236723124815,302.76733801099994,307.2392877366808,308.41425094604494
1322,0.030805465562366408,0.004419156062304808,297.67469478183324,301.8058350457086,302.912080807156
1323,0.03487151561500923,0.0523073158141969,297.66611188252773,298.16115731133357,298.560615963406
1324,0.04355740247490303,0.003255136954486204,299.696124903361,302.77468270195857,303.56408276028105
1325,0.04098857639553444,0.00017228041857464405,303.7402601030138,306.63715014987525,305.76138636271156
1326,0.052621957643054884,0.006523959982096983,298.8138386620415,302.5087647332085,302.2648911370171
1327,0.03605194090130226,0.013019808280169798,293.81816266377774,295.0247749328613,296.47224790785043
1328,0.07181179223778145,0.029417835819423033,292.7126776377361,294.763658396403,295.6424410502116
1329,0.024080973846935194,0.005362146246135069,300.7358438703748,305.030699412028,305.9471285502115
1330,0.03421918748142616,0.0006607702848313579,304.5476765526666,309.391099802653,308.4265339321561
1331,0.02537756858589546,6.840442389233203e-05,305.4581094953749,309.90101191202797,311.0138331943088
1332,0.030215021951221388,0.0007590434429047832,305.03355979919434,309.2984402974446,310.06966544257267
1333,0.04494641421558754,0.0367249331352113,296.1207885318333,297.5223877800836,298.69254955715604
1334,0.013031762821697157,0.00014079426497204395,301.7684447818332,300.85370288425025,301.65720884535045
1335,0.008006510121845167,0.008351080763041807,302.5625365787082,305.91528600056967,306.68210576375327
1336,0.019517791254543226,0.0005284628745911846,303.2925930023194,306.81995722452797,306.47947447035045
1337,0.007156711800121229,0.0032938501712678203,302.85477290683326,306.55523283216695,307.8533839755588
1338,0.01764148174049751,6.5766918361021e-05,305.5617119259304,310.17881139119464,311.2194918314616
1339,0.05188317297222511,0.00201664184302075,293.8565469953748,295.2845297071669,296.46089808146166
1340,0.04098857639553444,0.00017228041857464405,303.7402601030138,306.63715014987525,305.76138636271156
1341,0.042902854068302076,0.03954895650118573,297.81078419155546,299.1024062262641,300.0952730814616
1342,0.013806161267780226,0.0079064152118562,298.8953219519721,302.1301460266113,303.15823966132274
1343,0.041388508660816115,0.001703344928920103,304.46559647454154,310.3499214172364,310.4603121439616
1344,0.0016752302479972059,0.000601776587664915,298.5411878373888,302.4422282748752,303.49559860229493
1345,0.006334748847507399,0.003951483118235899,302.96547711690266,306.52447111341684,307.80500615437825
1346,0.035623249394916456,0.006469660150706602,297.893244043986,301.8736139085558,301.4361367967394
1347,0.053360891325496596,0.0480888566848634,296.58535016377766,297.56297480265295,298.36629087660043
1348,0.007730883343242567,0.002827235209643675,302.86501053704154,306.531724802653,307.2502264234755
1349,0.008578833920978468,0.0014192542907593975,301.38629959954153,304.7863037957086,304.98346210055877
1350,0.01463073192360298,0.00972957228392346,301.05426292419435,304.76695700751407,306.0323824564615
1351,0.04969112275364296,0.00018207048147900196,303.4414157019721,305.5021675109863,305.61374096340603
1352,0.029073920829318922,0.004296683418452574,300.9752861446804,304.82482918633355,305.25823966132265
1353,0.008714300377391737,0.002406038987338377,302.2597913530138,305.64321026272245,306.3031072828505
1354,0.03543814717056648,0.003495880114734007,297.9805704328749,303.12676603529184,303.70678024291993
1355,0.0063785880637396986,0.002368592369258238,302.9308254241943,306.9054227193196,307.6597696092394
1356,0.03216559885265724,0.002313785898387266,303.7145168304444,309.2272760179307,311.2293225606282
1357,0.023396190984271925,0.015327357399165464,300.0446329328749,301.9829292297363,303.493867916531
1358,0.018495020253681105,0.0013183734294770488,304.00859235127774,308.0578749762641,308.4990653991699
1359,0.01061856446983711,0.008323960649669004,301.2639905717638,303.42603361341685,304.2295341491699
1360,0.05917039213898079,0.0006703368303178081,300.0799248165555,301.20631247626415,301.18352177937817
1361,0.033965927345775526,0.007336386191546751,292.6784382714166,294.7414687262641,295.4081420050727
1362,0.02210034130337135,0.013571404564082457,298.1926364050971,300.82187779744464,302.40670971340603
1363,0.01657126544239418,0.001197659122645689,305.30239660474996,307.0256104363335,307.678145260281
1364,0.025774386508487623,0.0007945827123521099,305.3359143998888,311.8180475023057,312.0492715623644
1365,0.0028304278683890516,0.0022650292989609966,304.3504814571804,308.54158808390304,309.2229803297254
1366,0.022397038323902052,0.0002046904441712627,305.64725880093033,309.7194363911947,308.8572630988227
1367,0.03421918748142616,0.0006607702848313579,304.5476765526666,309.391099802653,308.4265339321561
1368,0.03383317290069954,0.0030979893085358867,299.93632130093044,306.5026612175836,307.44310836791993
1369,0.021962475760005873,0.0005770406600831279,304.019855372111,308.55343161688904,308.65066045125326
1370,0.038027894480251234,0.0007053545591233501,304.4701646169027,308.84815275404185,308.10500615437826
1371,0.009805288894199293,0.0027610442516206035,302.06314421759714,305.8187148200141,306.54588072035045
1372,0.028361839039348524,0.0006347528573868999,303.5519463009304,311.2662083095974,311.71562355889216
1373,0.008560729010127943,0.00305482064455731,302.84782846238875,307.49982918633356,308.9550441318088
1374,0.005007204396747511,0.0022401890632508525,302.6479640960694,306.66803122626413,307.4482624477811
1375,0.013125193102382582,6.120716303570362e-05,305.2565090179443,310.3503174675836,311.4528143141005
1376,0.015317317826770704,0.005498074638545347,302.5854586707221,306.33234871758356,307.52556822035046
1377,0.015608084185146254,0.0008421174165604839,304.43184538947213,308.7326308356391,309.17168367173934
1378,0.028361839039348524,0.0006347528573868999,303.5519463009304,311.2662083095974,311.71562355889216
1379,0.030350324494861525,0.0005021623250840435,304.19672711690265,302.9955485873752,303.8269571092394
1380,0.041851383430980604,0.01157619868487103,291.12616505093047,293.2815728929308,293.91882993910053
1381,0.005451065285228651,0.002256386625468565,303.0663180457221,307.32414559258353,308.1014254252116
1382,0.041130152328037184,0.0011109343644974956,301.18187794155546,304.13785001966687,303.670772213406
1383,0.05679049788238899,0.002020158517062498,291.997638575236,294.1622152540419,295.37976743910053
1384,0.019075480086826246,0.000449680435359312,303.6085543738471,306.7711236741807,307.8111856248644
1385,0.004991841299556654,0.0034138343212006816,301.8700452592638,305.15186369154185,305.89354782104493
1386,0.013367053849719923,0.00042567466467602344,297.906720606486,301.0219863043891,302.31652959187824
1387,0.0066050261092414075,0.0034245184537766704,298.58388532002766,301.02314190334744,301.2541489495172
1388,0.008957263810657423,0.007112004506289793,302.99035775926376,306.8094320509169,307.8009154425727
1389,0.014000844938777846,0.00922595773905499,302.8089341481527,307.0966824849447,307.4946166144477
1390,0.03558334408523933,0.000814520466029478,304.45498992072214,311.7488851759169,311.97798249986437
1391,0.008742448670886915,0.003920920836627317,303.01900901794437,306.9108534918891,308.22035446166984
1392,0.02037822900535957,0.0019321820613740215,302.81553137037486,309.20553665161134,309.518819088406
1393,0.0056413829159964735,0.0020763507959244976,303.32126053704155,307.38881030612527,308.1967813279893
1394,0.003763821704410475,0.0019446692344544658,303.70631913079154,307.553941599528,308.3554890102811
1395,0.01635272501232521,0.0013703635808823833,303.64072668287486,308.19495722452797,308.72391348944774
1396,0.01101730464222328,0.008098550784289671,300.6809176550971,304.33423673841685,305.7175495571561
1397,0.06237378416778938,0.0003628066655991802,299.99518089294435,299.8552002800835,300.28837746514216
1398,0.02890765367271797,0.00032652233809216114,304.87663705613875,308.9259413825141,307.58292499118386
1399,0.005757641775630873,0.002450533854663206,302.717413965861,306.261412302653,306.95306930541994
1400,0.03706098793270485,0.0007728866216538677,299.9562920040554,302.30958396063915,301.9804727342393
1401,0.012544241530918043,0.008811437236964537,301.9788722991943,305.46856291029184,306.29963506062825
1402,0.013978329284213942,0.018209167468249632,302.1255465613472,304.0005778842502,304.1472370571561
1403,0.011235800368808668,0.00617504929274304,299.5561400943333,302.5717475891113,303.6427014668782
1404,0.006190744025730055,0.0025363645431397686,303.0805595821804,306.74663365681965,307.56839591132274
1405,0.006833758933566969,0.00017906044691784473,301.24864768981934,304.16787931654187,304.61063223944774
1406,0.013207566721462172,0.0007557204839585552,305.55142004224996,310.18437237209747,311.5053208245172
1407,0.012647685391925734,0.0034374079582093486,302.25997038947213,305.67616924709745,306.9978446960449
1408,0.02004493473293678,0.0005186281082032451,304.0656832800971,306.74451777140297,306.36531431410054
1409,0.005629730207942885,0.0025027475234864482,303.3810966915554,306.61405987209747,307.82478154500325
1410,0.017128464562915724,0.0009807578203080425,304.30115420023594,308.64780553181964,309.2396090189616
1411,0.024161335809253615,0.023635499822795225,300.59882672627765,301.6369602627225,302.16926939222543
1412,0.02316988704922096,0.0107445499774812,298.4985012054443,301.36255705091685,303.1210977342394
1413,0.01806008516075508,7.759844034893604e-05,305.80752898322214,310.3110162523057,310.006465572781
1414,0.01564873455288307,0.015680201995074583,300.80450706481935,303.16509068806965,303.36801613701715
1415,0.020829004032634657,0.0022740594026444683,300.6797457800971,305.3239068773058,305.90852720472554
1416,0.006710809452556532,0.003268175470530821,303.29171952141655,306.45490731133356,307.5875419616699
1417,0.011212599260829847,0.0009152821180222759,304.8774834103054,309.24502775404187,310.5685532463922
1418,0.022475552542232435,0.014638208496272398,296.8303968217638,298.8980279710558,300.3092270745172
1419,0.009931009991191786,0.00249864970415814,302.3564330630832,305.87154142591686,306.56581887139214
1420,0.006002527458690565,0.0019164315339921245,303.34367807176375,307.6187582227919,308.60159903632274
1421,0.02205200193645851,0.018550106036364866,301.20644933912484,302.7174018859863,303.1746947394477
1422,0.0058601915669669324,0.002067812430560423,303.2782592349582,307.43653166029185,308.19891891479494
1423,0.010203790648006361,0.001827277886569334,303.65133323669426,307.75874845716686,309.0262518141005
1424,0.01047588585140602,0.0053504488345978984,302.3785250769721,306.39214146931965,307.74688440958664
1425,0.021994096024059218,0.0007795176383851299,303.88102073669427,308.1186442905002,307.9693344963922
1426,0.0056413829159964735,0.0020763507959244976,303.32126053704155,307.38881030612527,308.1967813279893
1427,0.010533389432453077,0.006165959584414793,302.17018089294436,305.7082330491808,307.15799552069774
1428,0.009556961042903822,0.001207046854197813,296.94703636169436,300.4543213738335,301.5531832377116
1429,0.015108790977024,0.0009266070005296001,303.44742156134714,308.4789307488336,309.7512789408366
1430,0.0020414560866583997,0.001371168243586851,303.9163560231526,308.2046685960558,308.9738049825033
1431,0.024161335809253615,0.023635499822795225,300.59882672627765,301.6369602627225,302.16926939222543
1432,0.008969378454708021,0.0029233029958604106,302.66398514641656,306.09743118286127,306.81023618910046
1433,0.023080047948383253,0.0006747028705476055,305.4353772905138,310.7096002366808,311.1768160502116
1434,0.06309246717216865,0.006956108557879759,299.674933497111,302.26577970716687,304.1687865363227
1435,0.007065382583164137,0.0002486190673707256,300.6572088877359,305.09072002834745,305.28718388875325
1436,0.011254248006366652,0.00040010427206738086,302.28539899190275,306.52723804050027,306.1515936109755
1437,0.03706098793270485,0.0007728866216538677,299.9562920040554,302.30958396063915,301.9804727342393
1438,0.0077480643820990736,0.0009546956893800029,302.17605654398596,305.94248326619464,305.592500729031
1439,0.008351814730190199,0.0044691494581101665,302.16944304572206,304.9568387349447,305.70164243910045
1440,0.004454237206005018,0.0017573616382478008,303.6696437835693,307.8512235005697,308.63368996514214
1441,0.07488874791386024,0.0003846666690705547,301.77550315856934,300.46982159084746,300.84991717868377
1442,0.03247166870357887,0.028878994929492308,298.6762735578749,300.4533448113335,301.4908514234755
1443,0.023315709812663954,0.000624471056163145,305.02920867072214,309.41834047105567,309.2307223002116
1444,0.008233723027728956,0.002067499506175352,302.4851494259304,307.2403077019586,308.5836194356283
1445,0.00680885909321205,0.001239918815791441,296.7253403981527,298.8497857835558,299.6406506856283
1446,0.03173920212509529,0.01445325528353436,293.04322776794436,294.5948541429308,294.95246166653106
1447,0.01764148174049751,6.5766918361021e-05,305.5617119259304,310.17881139119464,311.2194918314616
1448,0.005757716281436842,0.0030878416177628765,300.362140528361,303.63422588772244,304.10977503458656
1449,0.0019571453166236097,0.001234628903567625,298.13698319329154,302.02237692938905,303.05359013875324
1450,0.018515345437549513,0.0006316683170197734,304.22489009433326,308.6779596116808,309.06626917521163
1451,0.014465388638996046,0.008615278351008726,297.40101314120824,301.61773825751413,302.6653685675727
1452,0.004797723872684401,0.002118267762362791,303.59476314120826,308.1700820075141,309.3777980380588
1453,0.013169419748805922,0.009434991228282286,299.48578419155535,302.3585856967502,303.40153935750317
1454,0.004797723872684401,0.002118267762362791,303.59476314120826,308.1700820075141,309.3777980380588
1455,0.012787339074634474,0.0098939320918916,300.0652980804444,302.8942410786946,303.97213940090603
1456,0.015029636008762282,0.0005622140046952495,303.0519897037082,306.97819832695853,306.70289026896165
1457,0.005989444239162367,0.002720617401301695,301.1046155717638,304.54896655612527,305.25168584187827
1458,0.008170974237941664,0.001255073296725584,298.0469224294027,301.73199064466695,302.39003762139214
1459,0.008729037625812452,0.0016614279624818096,304.3486585405138,308.7205485873752,310.0456908331977
1460,0.028374043090366285,0.012375303256213499,293.2820190005832,294.7341553582085,295.80079065958665
1461,0.008489173634075087,0.0028847983953355083,301.53203527662487,306.3063124762641,307.53205693562825
1462,0.010444489104770582,0.0030514380809663066,302.6924302419027,305.8454563564725,306.5229532029893
1463,0.005350154621623915,0.0041160515424607524,303.46039356655547,307.43414450751413,308.3672728644477
1464,0.010038104636691969,0.0005795887586472759,305.4100843217638,310.4414850023058,311.8622435675727
1465,0.02114116845848457,0.0011065534231065044,304.41289465162487,309.3730388217502,310.52194408840603
1466,0.02193291185619728,0.0005768916484711895,301.77813445197205,305.9297662523058,305.5565957811143
1467,0.004509371502422255,0.0021529427644608745,303.1666435665554,306.35498869154185,307.003828854031
1468,0.01563134489776985,0.00026243244379742237,305.6699855804444,310.2805854797363,310.93442238701715
1469,0.020666760189556044,0.014295034753978086,300.3656778547499,302.0935249328613,302.73721644083656
1470,0.07509003279926674,0.014566578614413572,296.92755936516653,297.74317228529185,298.79249530368384
1471,0.005574730021976393,0.002410732853114439,303.29920650058324,307.6490425109863,308.85023184882266
1472,0.011212599260829847,0.0009152821180222759,304.8774834103054,309.24502775404187,310.5685532463922
1473,0.004644837958835524,0.002236121046244932,302.7313733842638,306.5421794467502,307.2984469095866
1474,0.03604396878006355,0.0006173184987900981,304.85150684780547,308.81083721584747,309.48130281236433
1475,0.021380600316547316,0.0014078698036072979,302.93593610127766,308.24878751966685,309.71097403632274
1476,0.005396631343387526,0.0025170973417161235,302.38721648322206,306.1813613043891,306.85816370646165
1477,0.012454283220790785,0.009125330197512938,300.6358167436387,302.5102458530002,303.300313229031
1478,0.010533389432453077,0.006165959584414793,302.17018089294436,305.7082330491808,307.15799552069774
1479,0.010954168422244948,0.0011847100135682354,305.63196474711106,309.8158068339031,311.12714699639224
1480,0.01751011310341255,0.0004080912944672832,303.7779228634305,307.8760173373752,308.18985315958656
1481,0.0720339983535041,0.0021342567083237896,300.4874443478055,301.1894070943196,301.4305052863227
1482,0.04082350133182899,0.004995294558703733,295.6299519432916,298.5784912957086,299.4614189147949
1483,0.011491802318118971,0.005478762733638121,300.3340589311388,304.992515818278,306.3690523783365
1484,0.007026967389606398,0.0022657147523759136,298.1810424380832,301.1918159484863,301.62926830715605
1485,0.023054879887126845,0.0008708319541810283,305.30228809780544,309.5772163391113,310.40153393215604
1486,0.004660201056026381,0.001881860840022398,303.6555161794026,308.1357124328613,309.279707760281
1487,0.005989444239162367,0.002720617401301695,301.1046155717638,304.54896655612527,305.25168584187827
1488,0.051260170323871534,0.008957215296923948,298.09104135301374,301.4968452453613,301.0096719529894
1489,0.01458979843380348,0.008173235404193235,299.9733872731526,303.5864882575141,304.899114227295
1490,0.03605194090130226,0.013019808280169798,293.81816266377774,295.0247749328613,296.47224790785043
1491,0.040101584775470656,0.019152172553241087,290.79746496412486,292.12685284084745,293.18676071166993
1492,0.007503849251293104,0.00365541194647534,301.3808254241943,306.33792054918075,307.40573315090603
1493,0.05046274958374397,0.003406845676600767,299.3147555457221,302.92559416029195,303.88211661444774
1494,0.004110631330036085,0.0022345266219971904,303.7138603634304,307.5491781446669,308.61064309014216
1495,0.006338757259868544,0.0038207254287598857,302.28242047627765,306.3533339606392,307.16277525160046
1496,0.0029188364577521497,0.003437676179110838,304.3244126637777,308.23432896931973,308.85739330715603
1497,0.009609219415210646,0.0006524554368851909,302.3262952592638,306.4729031880697,306.15166414048934
1498,0.021320921165965956,0.001035981523692442,304.701105372111,309.4583741082086,310.6966565450033
1499,0.001397338492893141,0.0010138532993195781,298.71132130093036,302.632603708903,303.6951754252116
1500,0.045801085217021864,0.0002448788759110698,301.8303968217638,300.6478543599446,300.93631583319774
1501,0.032742467505954664,0.0013754597780106792,303.0256116655138,310.1534424675836,311.0620970831977
1502,0.007065382583164137,0.0002486190673707256,300.6572088877359,305.09072002834745,305.28718388875325
1503,0.023237746937297743,0.0012008330699799785,304.7128783755832,309.7843560960557,310.5958427429199
1504,0.013218951208614271,0.0002113512632249126,304.87883974711104,306.80982267591685,306.6498195224338
1505,0.011020150764011305,0.00781788741320355,301.88174230787484,305.40470657348635,306.81107711791987
1506,0.010886204226039808,0.0008730373260377178,296.9327188703749,299.9213135613336,300.78660880194764
1507,0.015266251547359388,0.0019412121650574932,298.8613158755832,302.03286955091687,302.0800549825032
1508,0.05211642084839241,0.0028463384982941875,303.555890528361,308.2570991516114,308.60201678805885
1509,0.006246384961627882,0.005463086712062193,303.3448011186388,307.1680366516114,308.15681822035043
1510,0.010072541220210951,0.0007714710113404522,302.61221105787484,306.5657905578613,306.25873336791994
1511,0.0115152269435157,0.00041069899767620655,304.62355545891654,309.94150670369464,311.3207559373643
1512,0.015460339171909254,0.0006108960983155498,303.7004868825277,308.4331353929308,308.5717379252116
1513,0.01577850876572029,0.0005839398977158794,303.34511578877766,307.2055149502224,307.10017217000325
1514,0.0056613355708350355,0.0028266838666795024,303.1245537228054,307.30445700751415,308.2923650953505
1515,0.010811564309619826,0.004222743856608702,304.11837425231937,308.15650236341685,309.63925637139215
1516,0.009044316394351881,0.0005320093509553203,299.5116468217638,302.58594029744467,303.8278848436144
1517,0.020068225247882765,0.0013740441676972637,295.9191934797499,298.7314372592502,299.30367694430885
1518,0.02042713461639778,0.0006644508716462383,305.62338184780543,310.95981182522246,310.9633557637532
1519,0.008489173634075087,0.0028847983953355083,301.53203527662487,306.3063124762641,307.53205693562825
1520,0.019627299888156813,0.0030396363613007793,302.31216765509714,307.34083396063915,308.5436509026421
1521,0.04558942912342445,0.0016811720010636577,303.9007310231526,307.6112332661947,308.3147555033366
1522,0.018495020253681105,0.0013183734294770488,304.00859235127774,308.0578749762641,308.4990653991699
1523,0.024963897449993055,0.010570489513575865,297.1101060231527,298.995299021403,300.4094278123643
1524,0.011223447306178969,0.004741632091700865,299.72849252488874,304.1379096984863,305.0266098870172
1525,0.02617102561714546,0.001284115659892393,304.7680270300971,305.0680258009169,305.76189092000317
1526,0.010182556493305128,0.008358367430865599,302.6954630109998,307.11911087036134,307.8953761630588
1527,0.053427693231128615,0.0004041573879121074,304.7156615787082,306.83083504570857,306.2684935675727
1528,0.01806926427605049,0.0006556144830582866,304.4015014224582,308.6756375630696,308.93295754326715
1529,0.013252240402721327,0.00023823295801861377,301.2528523339166,299.76958287556965,300.7723998175727
1530,0.02147139309170143,0.0006174377080796489,304.99291852315275,309.4418756273057,310.06355107625325
1531,0.006342974288486403,0.0024895897981522808,301.0642835405138,304.96740188598636,305.66412616305877
1532,0.018015262467883986,0.0020002505657075176,296.55934104919436,300.47623977661135,300.8306680467394
1533,0.006898832304500502,0.0006148300048707256,298.11120194329163,301.5122098286947,302.60853263007266
1534,0.00939367411854164,0.001142003285586668,305.1175278981527,309.6994168599446,311.04555519951714
1535,0.032742467505954664,0.0013754597780106792,303.0256116655138,310.1534424675836,311.0620970831977
1536,0.031328481419109266,0.004987396943270994,300.80695389641653,303.5997586568197,304.35576027764205
1537,0.01203801928284065,0.0028239271518586406,302.37413597106934,305.8568441602919,307.1577188279893
1538,0.023043808324359816,0.0018376192924378643,301.41469586690266,306.71689732869464,308.19139938354493
1539,0.00977170167686836,0.0053026161071656475,300.55283605787486,304.0674235873752,305.23919126722546
1540,0.0363904505801429,0.004218213903605772,299.42642546759714,302.9153728061253,304.06565611097545
1541,0.01135156749012367,0.006043621051013304,298.46647538079156,300.9013699849447,302.0646632724338
1542,0.015924614651225966,0.009017430889308287,297.1793171776665,299.756578318278,300.83615307278103
1543,0.01135156749012367,0.006043621051013304,298.46647538079156,300.9013699849447,302.0646632724338
1544,0.04801235793354408,0.0002922496673463115,303.47995736863874,301.52015253702797,302.0893160502116
1545,0.0625197708440055,0.00033403252333386035,303.08180198669436,302.26176495022247,302.46939417521156
1546,0.0072725981307257825,0.00011514936655743213,303.2287854936388,303.98214797973634,303.8197848002116
1547,0.08396519420864479,0.001347788321673704,300.04409582349984,299.5320340474446,299.66782082451715
1548,0.012590345723651808,0.008363359319865538,297.05417069329155,299.67441685994464,300.67654478285044
1549,0.0625197708440055,0.00033403252333386035,303.08180198669436,302.26176495022247,302.46939417521156
1550,0.06981520055057899,0.032279365408122374,290.8701374901666,292.3087484571669,293.65082321167
1551,0.05935881732227699,0.024610616910159422,291.62985428704155,292.5644993252224,293.78520906236434
1552,0.030805465562366408,0.004419156062304808,297.67469478183324,301.8058350457086,302.912080807156
1553,0.02481640575649635,0.0025168142196534404,302.9651353200276,308.9967096116808,310.8112724304199
1554,0.01849367914917366,0.014341556179225279,294.8608872731526,296.3903402540419,297.6376070658367
1555,0.01849367914917366,0.014341556179225279,294.8608872731526,296.3903402540419,297.6376070658367
1556,0.013806161267780226,0.0079064152118562,298.8953219519721,302.1301460266113,303.15823966132274
1557,0.023373272998355787,0.0033908567306397686,300.43234994676374,306.1119114345974,307.5188082377116
1558,0.022315558774494093,0.014805012094676329,296.07089161343043,297.8332330491808,298.99430736965604
1559,0.022315558774494093,0.014805012094676329,296.07089161343043,297.8332330491808,298.99430736965604
1560,0.02481640575649635,0.0025168142196534404,302.9651353200276,308.9967096116808,310.8112724304199
1561,0.02170492408993141,0.01072967861860974,295.04047169155547,298.1306777106391,300.0369668748644
1562,0.012590345723651808,0.008363359319865538,297.05417069329155,299.67441685994464,300.67654478285044
1563,0.024517413957141798,0.016108431565463377,297.09932585822213,298.71177037556964,299.92089157104493
1564,0.01849367914917366,0.014341556179225279,294.8608872731526,296.3903402540419,297.6376070658367
1565,0.024517413957141798,0.016108431565463377,297.09932585822213,298.71177037556964,299.92089157104493
1566,0.023373272998355787,0.0033908567306397686,300.43234994676374,306.1119114345974,307.5188082377116
1567,0.030805465562366408,0.004419156062304808,297.67469478183324,301.8058350457086,302.912080807156
1568,0.02481640575649635,0.0025168142196534404,302.9651353200276,308.9967096116808,310.8112724304199
1569,0.011425939185642164,0.007730492102801634,297.5382201724582,300.88975431654194,302.3586248609755
1570,0.02828158138515846,0.010681398856341673,293.1700127071805,295.34805509779187,297.0920829772949
1571,0.028374043090366285,0.012375303256213499,293.2820190005832,294.7341553582085,295.80079065958665
1572,0.02481640575649635,0.0025168142196534404,302.9651353200276,308.9967096116808,310.8112724304199
1573,0.01849367914917366,0.014341556179225279,294.8608872731526,296.3903402540419,297.6376070658367
1574,0.03609047530414955,0.014198549735247923,293.1439873165554,294.35069181654194,295.049922604031
1575,0.03743295071842567,0.008471139418780638,292.6619614919027,295.0516792297363,295.77477611965605
1576,0.011425939185642164,0.007730492102801634,297.5382201724582,300.88975431654194,302.3586248609755
1577,0.014771711809657972,0.009125941145121885,299.0534111446804,302.37941360473627,303.3710543314616
1578,0.02012537120106117,0.012415148961245848,297.0539482540554,299.85700692070844,301.3834512498644
1579,0.02541474698307411,0.0002612254497407207,295.1848998599582,295.9749322679308,296.55557581583656
1580,0.04801235793354408,0.0002922496673463115,303.47995736863874,301.52015253702797,302.0893160502116
1581,0.028064456565402907,0.005401753532588316,301.1061238182916,301.112242380778,300.9623520745172
1582,0.020512354357265394,0.0001418075439332256,302.12473275926374,304.6255073547363,304.28505172729496
1583,0.016704928858302992,0.0001721761104462871,302.9021904415555,305.82745505438913,305.32761357625327
1584,0.03897300062897102,0.002516650306880308,299.176886622111,297.9087376064724,298.26865632798933
1585,0.015594136698268812,0.00014890049666149707,303.12233475579154,301.53233786688907,301.48416197035044
1586,0.08396519420864479,0.001347788321673704,300.04409582349984,299.5320340474446,299.66782082451715
1587,0.0072725981307257825,0.00011514936655743213,303.2287854936388,303.98214797973634,303.8197848002116
1588,0.012428906543277662,0.0003857693549988994,298.148761622111,300.24910761515304,300.1410792880588
1589,0.02145187257053749,0.0041941038247941265,302.9827405717638,303.4217530144586,303.0734848870171
1590,0.016661477072261732,0.00098686729639752,302.29755176968047,304.9990208095975,304.6980128818088
1591,0.020512354357265394,0.0001418075439332256,302.12473275926374,304.6255073547363,304.28505172729496
1592,0.04801235793354408,0.0002922496673463115,303.47995736863874,301.52015253702797,302.0893160502116
1593,0.03728235958340065,0.0005830905315278301,299.94686275058325,301.08789342244467,301.15595016479494
1594,0.03728235958340065,0.0005830905315278301,299.94686275058325,301.08789342244467,301.15595016479494
1595,0.05086287556412117,0.000380136716067625,303.77774382697214,302.4494331359863,302.73594690958663
1596,0.015594136698268812,0.00014890049666149707,303.12233475579154,301.53233786688907,301.48416197035044
1597,0.0072725981307257825,0.00011514936655743213,303.2287854936388,303.98214797973634,303.8197848002116
1598,0.042505037767909926,0.008824207532107664,299.3902004241943,298.04131681654184,298.32786314222545
1599,0.06618848143341438,0.0017242214557526836,299.1771850162082,297.15798890855575,297.8945894877116
1600,0.0072725981307257825,0.00011514936655743213,303.2287854936388,303.98214797973634,303.8197848002116
1601,0.020512354357265394,0.0001418075439332256,302.12473275926374,304.6255073547363,304.28505172729496
1602,0.13937844036342995,0.03304264758795483,296.62789573669437,296.09746916029195,296.3841131422254
1603,0.01524553893329994,0.0001198283311723003,302.46086014641656,302.3050266689724,302.0375148349338
1604,0.02541474698307411,0.0002612254497407207,295.1848998599582,295.9749322679308,296.55557581583656
1605,0.02145187257053749,0.0041941038247941265,302.9827405717638,303.4217530144586,303.0734848870171
1606,0.07046472726585762,0.0027783743020890483,296.0066012488472,296.7049018859863,297.88069517347554
1607,0.009233725054286879,7.390295237286182e-05,300.23595237731934,301.7298639085558,301.65892868041993
1608,0.0072725981307257825,0.00011514936655743213,303.2287854936388,303.98214797973634,303.8197848002116
1609,0.033965927345775526,0.007336386191546751,292.6784382714166,294.7414687262641,295.4081420050727
1610,0.03173920212509529,0.01445325528353436,293.04322776794436,294.5948541429308,294.95246166653106
1611,0.03173920212509529,0.01445325528353436,293.04322776794436,294.5948541429308,294.95246166653106
1612,0.03080799875976936,0.014325090396106077,294.6985717349582,295.8353760613336,297.0976059807671
1613,0.03080799875976936,0.014325090396106077,294.6985717349582,295.8353760613336,297.0976059807671
1614,0.04297440944435493,0.013658814775645567,293.01503766377766,294.500963083903,296.27949617173937
1615,0.02170492408993141,0.01072967861860974,295.04047169155547,298.1306777106391,300.0369668748644
1616,0.02170492408993141,0.01072967861860974,295.04047169155547,298.1306777106391,300.0369668748644
1617,0.013625305874370497,0.010434248196780516,296.9686726464166,300.09502232869465,301.682100338406
1618,0.013625305874370497,0.010434248196780516,296.9686726464166,300.09502232869465,301.682100338406
1619,0.0539114147258033,0.01720594679087384,291.7796969519721,293.3934869554307,293.9258286370171
1620,0.05499310491802589,0.020692729103267027,292.73978809780544,293.8670166863336,294.33535012139225
1621,0.029992204887889784,0.001530998098552061,305.4474052853054,307.714146677653,309.3339178297255
1622,0.03743295071842567,0.008471139418780638,292.6619614919027,295.0516792297363,295.77477611965605
1623,0.041979920847438734,0.018321924555003477,292.9377915700277,293.7988092210557,294.5215263366699
1624,0.03173920212509529,0.01445325528353436,293.04322776794436,294.5948541429308,294.95246166653106
1625,0.02828158138515846,0.010681398856341673,293.1700127071805,295.34805509779187,297.0920829772949
1626,0.04342733023884193,0.023394145714938475,292.7122327592638,294.34187562730585,296.07174877590603
1627,0.01849367914917366,0.014341556179225279,294.8608872731526,296.3903402540419,297.6376070658367
1628,0.022315558774494093,0.014805012094676329,296.07089161343043,297.8332330491808,298.99430736965604
1629,0.02481640575649635,0.0025168142196534404,302.9651353200276,308.9967096116808,310.8112724304199
1630,0.030805465562366408,0.004419156062304808,297.67469478183324,301.8058350457086,302.912080807156
1631,0.022315558774494093,0.014805012094676329,296.07089161343043,297.8332330491808,298.99430736965604
1632,0.023373272998355787,0.0033908567306397686,300.43234994676374,306.1119114345974,307.5188082377116
1633,0.03299914000751869,0.013714530217349363,292.377228418986,293.54896113077797,294.4371187845865
1634,0.03363434670689003,0.01706076477736218,292.9976222991943,293.9764676411947,294.67977828979485
1635,0.054858383519672316,0.017349847304522825,293.34836014641655,295.02684741550024,295.38613137139214
1636,0.02481640575649635,0.0025168142196534404,302.9651353200276,308.9967096116808,310.8112724304199
1637,0.01849367914917366,0.014341556179225279,294.8608872731526,296.3903402540419,297.6376070658367
1638,0.02362784443619148,0.014120884883105589,293.16849360995826,295.1162191602919,295.43832321166997
1639,0.02481640575649635,0.0025168142196534404,302.9651353200276,308.9967096116808,310.8112724304199
1640,0.025599461777233046,0.0032816759225724468,298.74189313252765,305.7985867818196,307.26848814222546
1641,0.02481640575649635,0.0025168142196534404,302.9651353200276,308.9967096116808,310.8112724304199
1642,0.011899006350063246,0.006078623878657652,300.42035450405547,302.38581551445856,303.27890480889215
1643,0.05499310491802589,0.020692729103267027,292.73978809780544,293.8670166863336,294.33535012139225
1644,0.03173920212509529,0.01445325528353436,293.04322776794436,294.5948541429308,294.95246166653106
1645,0.017860499007724684,0.014158450710475279,292.5758992089166,293.68874520195857,294.73768844604484
1646,0.1321919232440223,0.027881481396853758,295.3108004675971,295.0980713738336,295.2292683071561
1647,0.042505037767909926,0.008824207532107664,299.3902004241943,298.04131681654184,298.32786314222545
1648,0.042505037767909926,0.008824207532107664,299.3902004241943,298.04131681654184,298.32786314222545
1649,0.03416020868542091,0.00023307715624554248,303.10083410474994,302.44234220716686,302.3934176127115
1650,0.024637576921008986,0.00019935582846386524,298.7428208669026,298.76416837904185,299.1903251647949
1651,0.03743295071842567,0.008471139418780638,292.6619614919027,295.0516792297363,295.77477611965605
1652,0.041851383430980604,0.01157619868487103,291.12616505093047,293.2815728929308,293.91882993910053
1653,0.03225189147713081,0.0006721249696610698,305.8430812835694,311.9190728929308,312.37156431410045
1654,0.05568334160568611,0.0035433403131364116,300.65275467766656,306.1606690300835,306.6788125779894
1655,0.03173920212509529,0.01445325528353436,293.04322776794436,294.5948541429308,294.95246166653106
1656,0.018770363910221022,0.014294125783145262,295.3111097123887,297.2656766255697,298.68512768215606
1657,0.03604396878006355,0.0006173184987900981,304.85150684780547,308.81083721584747,309.48130281236433
1658,0.06981520055057899,0.032279365408122374,290.8701374901666,292.3087484571669,293.65082321167
1659,0.04110993145229713,0.009684988009631468,296.602081934611,299.0481636047363,299.0554184807671
1660,0.03173920212509529,0.01445325528353436,293.04322776794436,294.5948541429308,294.95246166653106
1661,0.03173920212509529,0.01445325528353436,293.04322776794436,294.5948541429308,294.95246166653106
1662,0.03080799875976936,0.014325090396106077,294.6985717349582,295.8353760613336,297.0976059807671
1663,0.014018025977634352,0.00801961933344586,296.8135836707221,299.37418899536135,300.5067314147949
1664,0.020810168964885634,0.0006056210872529277,300.47217742072206,303.97412931654185,303.83000072903104
1665,0.03416020868542091,0.00023307715624554248,303.10083410474994,302.44234220716686,302.3934176127115
1666,0.016661477072261732,0.00098686729639752,302.29755176968047,304.9990208095975,304.6980128818088
1667,0.02145187257053749,0.0041941038247941265,302.9827405717638,303.4217530144586,303.0734848870171
1668,0.015336093289874952,0.0011279514905808696,297.00126270718044,300.4819960700141,301.6059935675727
1669,0.007062774879955214,0.002261959659755064,303.38428137037494,307.69044333563903,308.5295395745171
1670,0.019402292354129713,0.0005119970914719829,304.13176400926375,308.5427165561252,308.57588289048937
1671,0.03346843717815773,0.010841705548465086,291.43520910474996,293.08075366550025,294.7362453036838
1672,0.019410502893947523,0.0018833360549805889,296.077960840861,300.0935249328613,300.3926363627116
1673,0.02652197776558296,0.0013086876747010479,304.60887989468046,311.7832330491808,312.46721861097546
1674,0.02137380538704292,9.223138064129444e-05,305.830890528361,310.2472901238335,311.1601819356282
1675,0.006342974288486403,0.0024895897981522808,301.0642835405138,304.96740188598636,305.66412616305877
1676,0.014168840630077284,0.00936406170099957,301.58171518113875,305.37301712036134,306.5248520745171
1677,0.010979396088146132,0.007685773718058897,302.12633323669434,305.6491998460558,306.86502677069774
1678,0.04641575811626808,0.0138803503391145,293.0564927419027,294.7323812696669,296.3121893141005
1679,0.012598153932117384,0.0002647570249436626,302.098175684611,305.46788474188907,305.1295884026421
1680,0.003992390615962904,0.002070539343058897,304.2078490787082,307.8599745856391,308.70281973944765
1681,0.005076971633457106,0.0030521384355424175,303.61671952141654,307.4013211568197,308.5165078904893
1682,0.003494617326282423,0.0037782720205186138,303.5381713443332,307.48214255438904,307.9372544182671
1683,0.05211642084839241,0.0028463384982941875,303.555890528361,308.2570991516114,308.60201678805885
1684,0.0037405013871421033,0.0023822120305894146,303.85024274190266,307.7892009311252,308.64218063354497
1685,0.014396381361507338,0.0005013129588959941,301.98870302836104,305.48491490681965,304.9834566752116
1686,0.0024615049195517713,0.0013729116794465313,303.88263206481935,307.6099094814724,308.51325810750325
1687,0.02932370899441139,0.000873216139972044,297.4848456064859,299.7584500630697,300.54457863701714
1688,0.0019998073411215955,0.001303397762477232,303.80126270718046,307.832506052653,308.6529770745172
1689,0.011646193249248427,0.006396569955050779,302.2818779415555,306.04204381306965,307.39304326375327
1690,0.0034394383263816053,0.0017051479694245586,303.9694593217638,308.2895481533475,309.1632201300727
1691,0.004067254049800795,0.0026782832023499736,301.29266895718047,306.07500279744465,307.29953740437827
1692,0.009276804311298292,0.004337363588511778,304.3779716915555,308.37271872626405,309.79589157104493
1693,0.025823113305591505,0.016724892604052854,301.5966891394721,304.19491924709746,304.5061943054199
1694,0.008987274749301832,0.00015010749071819873,303.86562360127766,305.06607810126405,304.8417791578505
1695,0.04110993145229713,0.009684988009631468,296.602081934611,299.0481636047363,299.0554184807671
1696,0.019894924743198317,0.0005043229934571514,305.53970129224984,310.036802927653,311.38117802937825
1697,0.020810168964885634,0.0006056210872529277,300.47217742072206,303.97412931654185,303.83000072903104
1698,0.007062774879955214,0.002261959659755064,303.38428137037494,307.69044333563903,308.5295395745171
1699,0.004055958969615858,0.0014932683584092388,303.6291869693332,307.77052146063915,308.5188190884061
1700,0.011212599260829847,0.0009152821180222759,304.8774834103054,309.24502775404187,310.5685532463922
1701,0.01910942493202583,0.00020939921110851856,304.0287095387776,308.2933730231391,307.8650918748644
1702,0.0021754026246298963,0.0005265555259583721,297.667658106486,301.67017423841685,302.39482820298934
1703,0.00977170167686836,0.0053026161071656475,300.55283605787486,304.0674235873752,305.23919126722546
1704,0.019491833431743544,0.012335442650019957,297.6403414832221,300.0274496290419,301.1029336717393
1705,0.011140894873165053,0.0012884667989609966,296.9899779849582,299.5434001498752,300.35972078111433
1706,0.02114069162132637,0.0016854337331650981,304.1197956932916,308.3298639085558,308.9086411370171
1707,0.015905511362575453,0.010436408865153624,302.9485391828749,306.38605965508356,306.3718410068087
1708,0.007070493681453627,0.002038144218623472,303.32563879224983,307.07440058390296,307.95473488701714
1709,0.022683408839725416,0.0005867115136979351,304.29839812384705,308.82065709431964,308.8920504252116
1710,0.005641517026447218,0.0025761953470109233,303.07876921759714,306.08707419501405,306.93285446166993
1711,0.035515081865810316,0.0007141611453889141,305.1605400509304,309.75001364813915,309.6975246005588
1712,0.013252240402721327,0.00023823295801861377,301.2528523339166,299.76958287556965,300.7723998175727
1713,0.017780449969791334,6.776367396099658e-05,304.68838835822214,311.4220948113336,312.7066934373643
1714,0.01186610458614723,0.00853512500494702,302.6351494259305,306.6785835266113,307.5451591491699
1715,0.010886204226039808,0.0008730373260377178,296.9327188703749,299.9213135613336,300.78660880194764
1716,0.012376439554714125,0.0038624337789414653,301.1139959971109,304.9532851325141,306.31924769083656
1717,0.01992383299591438,0.0002845159646867046,303.7537366655138,307.6681180318197,307.24412833319764
1718,0.019510593993686598,0.00944178615778668,297.7143106672499,300.11055509779186,301.3411660936144
1719,0.018004071695827406,0.012400158393084837,302.54262555440266,306.4731364780002,306.8913125779893
1720,0.006880488975070875,0.002857916700541807,301.42658280266653,305.8257026672363,306.89998770819767
1721,0.00671103296997444,0.0027850351211426982,303.29788814120826,307.13587519327797,308.3784165276422
1722,0.0028023689818610364,0.0031174800273774395,298.2750637054443,301.436265818278,302.39269061618387
1723,0.02969924805881874,0.0024393281814454326,302.25405133565266,306.8000679016113,307.4243854946561
1724,0.019517791254543226,0.0005284628745911846,303.2925930023194,306.81995722452797,306.47947447035045
1725,0.02031661270382301,0.012065150487124754,302.39665658738875,305.65566143459745,305.5708101908366
1726,0.010260817391895216,0.0018255791541932354,303.0282321082221,307.53043357001405,308.8265556335449
1727,0.010404688103221815,0.00032145594328625293,305.62581240336107,310.39527732001415,311.81669777764216
1728,0.06618848143341438,0.0017242214557526836,299.1771850162082,297.15798890855575,297.8945894877116
1729,0.009157565219425123,0.0006573132154343853,305.0438191307915,309.18464363945856,310.5350028991699
1730,0.057633814198993605,0.006108426201045347,298.1817965613471,300.5896186828613,302.0905421786838
1731,0.0013839572501410657,0.0005410990592835674,299.6533840179443,303.0972575717503,304.1702134026421
1732,0.01233176587345497,0.010197081315219236,300.47013749016656,303.62727601793074,304.7032537672255
1733,0.0151402771306266,0.007907741415202452,303.58753657870824,307.0431180318197,308.59641782972545
1734,0.012544241530918043,0.008811437236964537,301.9788722991943,305.46856291029184,306.29963506062825
1735,0.027236831171535414,0.0006829134103654155,305.059992090861,309.3159261915419,309.9934176127116
1736,0.009609219415210646,0.0006524554368851909,302.3262952592638,306.4729031880697,306.15166414048934
1737,0.03298294244530098,0.0010048082944749126,296.8462659623888,298.936754099528,299.80759947035045
1738,0.0329242765736808,0.008382224189936949,292.10088835822205,293.5488200717502,294.54308666653105
1739,0.03676844833614723,0.0005885294553635845,304.33512772454156,310.393248240153,310.51143519083655
1740,0.007361781580470961,0.0008058330890534648,297.47717416551376,301.03202862209747,302.0868909200032
1741,0.03397425709488289,0.00108527456492169,305.46330155266656,309.82709698147244,309.8479152255588
1742,0.010845017416500013,0.004966937648951841,300.53525793287486,304.69424650404187,306.1515393575033
1743,0.002256122214816969,0.0011706284162400493,303.77141787211093,307.78504511515297,308.5634805467394
1744,0.009022188169979017,0.0025544694539902935,304.00502789815266,307.8504802280002,309.1942259894477
1745,0.007327240688823622,0.0027938864108918438,302.904572168986,306.8080051845974,307.5115871005588
1746,0.02472468910934822,0.0010080269452927837,305.38029374016656,309.56595874362523,310.49993345472546
1747,0.012643378956340712,0.0002701363441346416,302.17957216898594,306.2841607835558,305.82237269083663
1748,0.02037244735481636,0.000394516336619688,303.5438625335693,305.45332310994473,305.3859252081977
1749,0.008714300377391737,0.002406038987338377,302.2597913530138,305.64321026272245,306.3031072828505
1750,0.020884734375499647,0.00020379637449963184,304.0077242957221,308.86231291029185,307.50264612833666
1751,0.005607721192859572,0.002991550314128233,301.6964938269721,305.42137324015306,306.13343497382266
1752,0.00497753618481056,0.0026280364868043193,303.23053788079153,306.3506050109863,307.2778468661838
1753,0.026149240119480055,0.0015106878158448467,305.12222082349984,309.8912408616807,311.44250072903105
1754,0.024117526395343702,0.0005206993696091899,303.3690903981526,306.8996772766113,306.6107461717393
1755,0.005757641775630873,0.002450533854663206,302.717413965861,306.261412302653,306.95306930541994
1756,0.03830749986889259,0.0001585415479539165,303.7613267262776,306.87873001098626,306.47895906236437
1757,0.014297184331439894,0.007983960854708982,300.29149165683316,303.32658157348635,304.44266348944774
1758,0.017817851884387892,0.00181750272482617,300.76188011169427,304.91506356133357,305.49346101548934
1759,0.03843405543091194,0.0003213814374802837,302.53610971238874,305.9956570943196,304.95222837660054
1760,0.04324434397938148,0.006821118938624693,295.84052051968047,299.03214255438905,299.53816587660043
1761,0.010665026290439528,0.006985001909434629,300.8538560231527,304.1224311828613,305.2251830206977
1762,0.00496034024479286,0.006241597878634764,303.3655747731527,307.7048096550836,308.16721318562827
1763,0.05079132018806831,0.014827036010920835,295.3047946082221,296.5062419467502,297.6620645311143
1764,0.036338311417125624,0.0020052275535462627,304.9684502071804,310.0774821811252,310.2253512064616
1765,0.005629730207942885,0.0025027475234864482,303.3810966915554,306.61405987209747,307.82478154500325
1766,0.031030338985942763,0.0004053345796464214,302.52309972974996,304.89884719848635,304.17793367173937
1767,0.02162119446518318,0.00011066411703808399,305.70112707349995,310.3183784484863,309.3410304599338
1768,0.012259256823085707,0.010021396624743772,301.0284816741943,305.0016412523058,306.2302557203505
1769,0.012144458277248305,0.0029073885557053813,301.569367090861,305.1939969380697,306.4634371439615
1770,0.018646207435153883,0.00681158219546063,298.59052594502765,301.6942193773058,303.1679076300727
1771,0.004110631330036085,0.0022345266219971904,303.7138603634304,307.5491781446669,308.61064309014216
1772,0.0021037578416098768,0.0017102292653916606,304.4456963009305,307.6168864780002,308.12478697035044
1773,0.014396381361507338,0.0005013129588959941,301.98870302836104,305.48491490681965,304.9834566752116
1774,0.0027830123734702283,0.0023900351402161846,304.41512446933325,308.6953424241808,309.15573857625327
1775,0.005009633286022108,0.004123502123057676,303.32880719502765,307.4703532748752,308.2798433939616
1776,0.011884284002803724,0.0034808746454118022,301.998126856486,305.570836130778,306.95932473076715
1777,0.041388508660816115,0.001703344928920103,304.46559647454154,310.3499214172364,310.4603121439616
1778,0.0040945678782691175,0.0020454755899308452,303.6513332366943,307.539781443278,308.4286281161838
1779,0.019407343847774428,0.011084549772441221,302.5032104068332,306.0011095682779,306.0337008158366
1780,0.0045975267720450574,0.0013802281495927105,302.06584604051386,306.4491238911946,307.6777329338921
1781,0.022472214682125013,0.0019781372424958477,303.7665567609999,307.8942031012641,308.37620841132264
1782,0.010038104636691969,0.0005795887586472759,305.4100843217638,310.4414850023058,311.8622435675727
1783,0.006947037560962599,0.005330734598338438,303.26016570197214,307.16504185994467,308.25290111965603
1784,0.0018796592784156019,0.0014026991006730327,303.82924664815266,307.7808024936252,308.579219479031
1785,0.0144030123782386,0.007954843985736204,303.35254308912494,307.17691251966687,308.6072848002116
1786,0.020157334191821974,0.013345949995219542,295.5046589745416,297.15931811862527,298.5328381856283
1787,0.011868265254520338,0.0005209675905106792,302.6546589745416,306.7248129102919,306.3751396179199
1788,0.008530062420391005,0.001393862712085081,304.83451466030544,309.16857376098636,310.52752134535046
1789,0.05457193849804298,0.006781586157977415,299.4623412662082,300.0534478929308,300.54178458319774
1790,0.008536216599964064,0.002481662380397154,302.93827442593044,306.32036955091684,307.12912182278103
1791,0.007656183822177809,0.0006341419097779522,305.46669239468054,309.0062093946668,310.485078854031
1792,0.009716805799030226,0.0021753690120576152,301.2653035057916,303.9237007141113,304.0772989061144
1793,0.005989444239162367,0.002720617401301695,301.1046155717638,304.54896655612527,305.25168584187827
1794,0.022315558774494093,0.014805012094676329,296.07089161343043,297.8332330491808,298.99430736965604
1795,0.01139974294426338,0.0014882019636033306,301.405255762736,304.87487258911125,305.222578854031
1796,0.0021498471331824476,0.0005564174529908428,298.4532104068332,302.155552927653,303.1340317620172
1797,0.0021498471331824476,0.0005564174529908428,298.4532104068332,302.155552927653,303.1340317620172
1798,0.020068225247882765,0.0013740441676972637,295.9191934797499,298.7314372592502,299.30367694430885
1799,0.0021498471331824476,0.0005564174529908428,298.4532104068332,302.155552927653,303.1340317620172
1800,0.0162960707974662,0.014747687327563597,295.9540567609999,298.3615370856391,299.7595688713921
1801,0.007503849251293104,0.00365541194647534,301.3808254241943,306.33792054918075,307.40573315090603
1802,0.011425939185642164,0.007730492102801634,297.5382201724582,300.88975431654194,302.3586248609755
1803,0.08396519420864479,0.001347788321673704,300.04409582349984,299.5320340474446,299.66782082451715
1804,0.001755815727733534,0.0004624656316636333,298.1781344519721,302.04238018459745,302.9618637932672
1805,0.013625305874370497,0.010434248196780516,296.9686726464166,300.09502232869465,301.682100338406
1806,0.00880834160568611,0.004055746543109251,300.8121513790554,305.02915861341694,306.08448206583654
1807,0.032250431163333815,0.004488446461856199,296.73393957349987,301.2236139085558,301.7336519877116
1808,0.01105785070183174,0.006158106672465635,299.67299664815266,303.0140435960558,304.2636758592394
1809,0.01105785070183174,0.006158106672465635,299.67299664815266,303.0140435960558,304.2636758592394
1810,0.01849367914917366,0.014341556179225279,294.8608872731526,296.3903402540419,297.6376070658367
1811,0.047599029524349135,0.03742887889116986,289.8880628373888,291.3908122592502,292.19772533840603
1812,0.017318633182071608,0.010400705682933165,294.6278035057916,296.8869331359863,297.97289352416993
1813,0.022475552542232435,0.014638208496272398,296.8303968217638,298.8980279710558,300.3092270745172
1814,0.01828072665455238,0.012638100135028196,296.7202514224582,299.31399476793075,300.3010239495172
1815,0.01828072665455238,0.012638100135028196,296.7202514224582,299.31399476793075,300.3010239495172
1816,0.00880834160568611,0.004055746543109251,300.8121513790554,305.02915861341694,306.08448206583654
1817,0.022475552542232435,0.014638208496272398,296.8303968217638,298.8980279710558,300.3092270745172
1818,0.01828072665455238,0.012638100135028196,296.7202514224582,299.31399476793075,300.3010239495172
1819,0.01828072665455238,0.012638100135028196,296.7202514224582,299.31399476793075,300.3010239495172
1820,0.01828072665455238,0.012638100135028196,296.7202514224582,299.31399476793075,300.3010239495172
1821,0.01938214598419563,0.0021261504766343364,303.52452117072215,308.45719680786135,309.70172381930877
1822,0.01991015372993843,0.012386762249171568,297.06056175231936,298.7918105231391,300.2337930467393
1823,0.01938214598419563,0.0021261504766343364,303.52452117072215,308.45719680786135,309.70172381930877
1824,0.02627086339714424,0.013097070800959898,295.49748666551375,297.0191705491807,298.45572230021156
1825,0.02481640575649635,0.0025168142196534404,302.9651353200276,308.9967096116808,310.8112724304199
1826,0.018772748096012037,0.002276532995402647,303.01504851447214,307.44694832695853,308.90315611097543
1827,0.019510593993686598,0.00944178615778668,297.7143106672499,300.11055509779186,301.3411660936144
1828,0.017604050023578566,0.011615612256228758,297.794171778361,300.54530987209745,301.53625615437824
1829,0.012610313279651564,0.005833917009532286,299.34696583218044,303.4507243686252,304.67830259535043
1830,0.012610313279651564,0.005833917009532286,299.34696583218044,303.4507243686252,304.67830259535043
1831,0.012610313279651564,0.005833917009532286,299.34696583218044,303.4507243686252,304.67830259535043
1832,0.018713366968654555,0.012275450575053526,298.80259734259715,301.85514602661135,302.99899486965603
1833,0.022475552542232435,0.014638208496272398,296.8303968217638,298.8980279710558,300.3092270745172
1834,0.017318633182071608,0.010400705682933165,294.6278035057916,296.8869331359863,297.97289352416993
1835,0.012610313279651564,0.005833917009532286,299.34696583218044,303.4507243686252,304.67830259535043
1836,0.01849367914917366,0.014341556179225279,294.8608872731526,296.3903402540419,297.6376070658367
1837,0.02082495091678993,0.014415033805072142,296.71710472106935,299.2861844380696,300.606270260281
1838,0.012610313279651564,0.005833917009532286,299.34696583218044,303.4507243686252,304.67830259535043
1839,0.02012537120106117,0.012415148961245848,297.0539482540554,299.85700692070844,301.3834512498644
1840,0.012610313279651564,0.005833917009532286,299.34696583218044,303.4507243686252,304.67830259535043
1841,0.012610313279651564,0.005833917009532286,299.34696583218044,303.4507243686252,304.67830259535043
1842,0.012610313279651564,0.005833917009532286,299.34696583218044,303.4507243686252,304.67830259535043
1843,0.03080799875976936,0.014325090396106077,294.6985717349582,295.8353760613336,297.0976059807671
1844,0.012610313279651564,0.005833917009532286,299.34696583218044,303.4507243686252,304.67830259535043
1845,0.032250431163333815,0.004488446461856199,296.73393957349987,301.2236139085558,301.7336519877116
1846,0.012610313279651564,0.005833917009532286,299.34696583218044,303.4507243686252,304.67830259535043
1847,0.013806161267780226,0.0079064152118562,298.8953219519721,302.1301460266113,303.15823966132274
1848,0.01849367914917366,0.014341556179225279,294.8608872731526,296.3903402540419,297.6376070658367
1849,0.018793833239101332,0.0026287070390580425,302.72846539815265,307.8046685960558,309.37165111965606
1850,0.030150306208156508,0.002648808705508543,302.6198173946804,308.8595459832085,310.90682364569767
1851,0.02627086339714424,0.013097070800959898,295.49748666551375,297.0191705491807,298.45572230021156
1852,0.02012370227100746,0.013407804715335203,296.4096665700277,299.2642660352919,300.3464124043783
1853,0.02012370227100746,0.013407804715335203,296.4096665700277,299.2642660352919,300.3464124043783
1854,0.020135816915058058,0.013459020006358458,298.85062794155544,300.56303448147247,301.6794039408366
1855,0.020135816915058058,0.013459020006358458,298.85062794155544,300.56303448147247,301.6794039408366
1856,0.018770363910221022,0.014294125783145262,295.3111097123887,297.2656766255697,298.68512768215606
1857,0.018770363910221022,0.014294125783145262,295.3111097123887,297.2656766255697,298.68512768215606
1858,0.03080799875976936,0.014325090396106077,294.6985717349582,295.8353760613336,297.0976059807671
1859,0.013625305874370497,0.010434248196780516,296.9686726464166,300.09502232869465,301.682100338406
1860,0.022475552542232435,0.014638208496272398,296.8303968217638,298.8980279710558,300.3092270745172
1861,0.022475552542232435,0.014638208496272398,296.8303968217638,298.8980279710558,300.3092270745172
1862,0.012610313279651564,0.005833917009532286,299.34696583218044,303.4507243686252,304.67830259535043
1863,0.012610313279651564,0.005833917009532286,299.34696583218044,303.4507243686252,304.67830259535043
1864,0.01243702767612831,0.006140046465098692,297.63512229919434,302.35432679918074,303.3741739061143
1865,0.03080799875976936,0.014325090396106077,294.6985717349582,295.8353760613336,297.0976059807671
1866,0.03080799875976936,0.014325090396106077,294.6985717349582,295.8353760613336,297.0976059807671
1867,0.03080799875976936,0.014325090396106077,294.6985717349582,295.8353760613336,297.0976059807671
1868,0.03080799875976936,0.014325090396106077,294.6985717349582,295.8353760613336,297.0976059807671
1869,0.03080799875976936,0.014325090396106077,294.6985717349582,295.8353760613336,297.0976059807671
1870,0.01849367914917366,0.014341556179225279,294.8608872731526,296.3903402540419,297.6376070658367
1871,0.020157334191821974,0.013345949995219542,295.5046589745416,297.15931811862527,298.5328381856283
1872,0.021870148165248793,0.0006072751161454448,305.0338256412082,309.4415392557779,310.0336411370171
1873,0.03080799875976936,0.014325090396106077,294.6985717349582,295.8353760613336,297.0976059807671
1874,0.01849367914917366,0.014341556179225279,294.8608872731526,296.3903402540419,297.6376070658367
1875,0.01849367914917366,0.014341556179225279,294.8608872731526,296.3903402540419,297.6376070658367
1876,0.01849367914917366,0.014341556179225279,294.8608872731526,296.3903402540419,297.6376070658367
1877,0.022475552542232435,0.014638208496272398,296.8303968217638,298.8980279710558,300.3092270745172
1878,0.022475552542232435,0.014638208496272398,296.8303968217638,298.8980279710558,300.3092270745172
1879,0.022475552542232435,0.014638208496272398,296.8303968217638,298.8980279710558,300.3092270745172
1880,0.018770363910221022,0.014294125783145262,295.3111097123887,297.2656766255697,298.68512768215606
1881,0.018770363910221022,0.014294125783145262,295.3111097123887,297.2656766255697,298.68512768215606
1882,0.022475552542232435,0.014638208496272398,296.8303968217638,298.8980279710558,300.3092270745172
1883,0.022475552542232435,0.014638208496272398,296.8303968217638,298.8980279710558,300.3092270745172
1884,0.01524553893329994,0.0001198283311723003,302.46086014641656,302.3050266689724,302.0375148349338
1885,0.03950529990913765,0.0006004950878022441,298.0349541134304,297.5815620422364,298.45580368041993
1886,0.03950529990913765,0.0006004950878022441,298.0349541134304,297.5815620422364,298.45580368041993
1887,0.03897300062897102,0.002516650306880308,299.176886622111,297.9087376064724,298.26865632798933
1888,0.03020135758640663,0.0010897151109574565,293.92276335822214,295.57252341376415,296.99474682278105
1889,0.016704928858302992,0.0001721761104462871,302.9021904415555,305.82745505438913,305.32761357625327
1890,0.0324761986565818,0.000407525050341917,296.98582759433333,297.4980442470975,298.20218497382274
1891,0.03950529990913765,0.0006004950878022441,298.0349541134304,297.5815620422364,298.45580368041993
1892,0.029548925144695204,0.0004047683355210552,297.3488864050971,298.4055963304308,299.2474106682672
1893,0.0625197708440055,0.00033403252333386035,303.08180198669436,302.26176495022247,302.46939417521156
1894,0.0324761986565818,0.000407525050341917,296.98582759433333,297.4980442470975,298.20218497382274
1895,0.024637576921008986,0.00019935582846386524,298.7428208669026,298.76416837904185,299.1903251647949
1896,0.012428906543277662,0.0003857693549988994,298.148761622111,300.24910761515304,300.1410792880588
1897,0.0324761986565818,0.000407525050341917,296.98582759433333,297.4980442470975,298.20218497382274
1898,0.0324761986565818,0.000407525050341917,296.98582759433333,297.4980442470975,298.20218497382274
1899,0.01524553893329994,0.0001198283311723003,302.46086014641656,302.3050266689724,302.0375148349338
1900,0.017876696569942396,0.0003218880769608745,300.0847642262777,301.2838949415418,300.9250094095866
1901,0.07488874791386024,0.0003846666690705547,301.77550315856934,300.46982159084746,300.84991717868377
1902,0.0625197708440055,0.00033403252333386035,303.08180198669436,302.26176495022247,302.46939417521156
1903,0.028064456565402907,0.005401753532588316,301.1061238182916,301.112242380778,300.9623520745172
1904,0.009233725054286879,7.390295237286182e-05,300.23595237731934,301.7298639085558,301.65892868041993
1905,0.1302050918174018,0.004524686085879637,296.2565795474582,295.28075909084754,295.75154478285043
1906,0.020512354357265394,0.0001418075439332256,302.12473275926374,304.6255073547363,304.28505172729496
1907,0.027247977240108412,0.0001629522916672954,300.040167872111,298.34541837904186,298.7534219529894
1908,0.009233725054286879,7.390295237286182e-05,300.23595237731934,301.7298639085558,301.65892868041993
1909,0.02304026184799568,0.00015271519392712207,302.2562648773193,300.7091011047363,301.02137985229496
1910,0.017876696569942396,0.0003218880769608745,300.0847642262777,301.2838949415418,300.9250094095866
1911,0.020512354357265394,0.0001418075439332256,302.12473275926374,304.6255073547363,304.28505172729496
1912,0.02664060590984718,0.00017998431891186328,295.7791706932916,297.08306486341695,297.6306897481282
1913,0.028064456565402907,0.005401753532588316,301.1061238182916,301.112242380778,300.9623520745172
1914,0.0072725981307257825,0.00011514936655743213,303.2287854936388,303.98214797973634,303.8197848002116
1915,0.07488874791386024,0.0003846666690705547,301.77550315856934,300.46982159084746,300.84991717868377
1916,0.03728235958340065,0.0005830905315278301,299.94686275058325,301.08789342244467,301.15595016479494
1917,0.016661477072261732,0.00098686729639752,302.29755176968047,304.9990208095975,304.6980128818088
1918,0.017876696569942396,0.0003218880769608745,300.0847642262777,301.2838949415418,300.9250094095866
1919,0.03728235958340065,0.0005830905315278301,299.94686275058325,301.08789342244467,301.15595016479494
1920,0.020512354357265394,0.0001418075439332256,302.12473275926374,304.6255073547363,304.28505172729496
1921,0.020810168964885634,0.0006056210872529277,300.47217742072206,303.97412931654185,303.83000072903104
1922,0.042505037767909926,0.008824207532107664,299.3902004241943,298.04131681654184,298.32786314222545
1923,0.0324761986565818,0.000407525050341917,296.98582759433333,297.4980442470975,298.20218497382274
1924,0.012428906543277662,0.0003857693549988994,298.148761622111,300.24910761515304,300.1410792880588
1925,0.0625197708440055,0.00033403252333386035,303.08180198669436,302.26176495022247,302.46939417521156
1926,0.020512354357265394,0.0001418075439332256,302.12473275926374,304.6255073547363,304.28505172729496
1927,0.07488874791386024,0.0003846666690705547,301.77550315856934,300.46982159084746,300.84991717868377
1928,0.022475552542232435,0.014638208496272398,296.8303968217638,298.8980279710558,300.3092270745172
1929,0.0539114147258033,0.01720594679087384,291.7796969519721,293.3934869554307,293.9258286370171
1930,0.03725982902767555,0.006000035154521299,298.89901661343043,300.8956462436252,301.86454934014216
1931,0.01388530133488075,0.006580703603923155,298.30843501620825,301.8784695943197,303.37815611097545
1932,0.02481640575649635,0.0025168142196534404,302.9651353200276,308.9967096116808,310.8112724304199
1933,0.01991015372993843,0.012386762249171568,297.06056175231936,298.7918105231391,300.2337930467393
1934,0.018793833239101332,0.0026287070390580425,302.72846539815265,307.8046685960558,309.37165111965606
1935,0.018793833239101332,0.0026287070390580425,302.72846539815265,307.8046685960558,309.37165111965606
1936,0.023373272998355787,0.0033908567306397686,300.43234994676374,306.1119114345974,307.5188082377116
1937,0.020157334191821974,0.013345949995219542,295.5046589745416,297.15931811862527,298.5328381856283
1938,0.03173920212509529,0.01445325528353436,293.04322776794436,294.5948541429308,294.95246166653106
1939,0.03543814717056648,0.003495880114734007,297.9805704328749,303.12676603529184,303.70678024291993
1940,0.03725982902767555,0.006000035154521299,298.89901661343043,300.8956462436252,301.86454934014216
1941,0.013625305874370497,0.010434248196780516,296.9686726464166,300.09502232869465,301.682100338406
1942,0.022475552542232435,0.014638208496272398,296.8303968217638,298.8980279710558,300.3092270745172
1943,0.01991015372993843,0.012386762249171568,297.06056175231936,298.7918105231391,300.2337930467393
1944,0.046846163256191176,0.01877590333193524,291.3482407887777,293.0069418165419,294.7975463019477
1945,0.04796752033951179,0.005123653161227537,297.9771144866943,302.039879099528,302.38676613701705
1946,0.02481640575649635,0.0025168142196534404,302.9651353200276,308.9967096116808,310.8112724304199
1947,0.01600484250309364,0.011428170549571348,294.09794782002774,295.7589654710557,297.09956995646155
1948,0.024769705517314833,0.012969606268107725,293.1460977766249,294.51681594848634,295.24683558146154
1949,0.03299914000751869,0.013714530217349363,292.377228418986,293.54896113077797,294.4371187845865
1950,0.014863041026615065,0.010058276998698545,296.86596539815275,299.48437779744467,300.96152742173933
1951,0.018408161385082167,0.010515548932254148,298.08916418287487,300.889830271403,302.526631588406
1952,0.007026967389606398,0.0022657147523759136,298.1810424380832,301.1918159484863,301.62926830715605
1953,0.0048602491450537855,0.003742658245265318,298.13081999884713,301.2655843946669,301.88127026028104
1954,0.005786877853893202,0.002593137967288328,303.2919690873888,306.770299021403,308.04416088528103
1955,0.014692184312366408,0.0025478086349366436,302.3021361880832,305.81805835300025,307.07433124118387
1956,0.011079785211109083,0.010125213014781309,301.254083887736,304.01387541029186,304.98119430541993
1957,0.004707899673007887,0.0022032341834901104,303.26395801968044,307.3024930318197,307.99937464396163
1958,0.005353894813083571,0.0021495452997086772,300.89015159606936,304.530211130778,305.15189200507274
1959,0.0024633675647010023,0.0021921775218842754,304.37407629224987,308.2069635179307,308.8599377950032
1960,0.0430333435368766,0.0005286714908478984,305.1106973859999,307.74686694675023,307.0355345831977
1961,0.01635272501232521,0.0013703635808823833,303.64072668287486,308.19495722452797,308.72391348944774
1962,0.019216549379848402,0.0012517801401017437,305.88229026794426,310.8548856099447,311.22769495646156
1963,0.01690952180149452,0.001706280457675291,297.4514363182916,301.49660110473627,301.39956995646156
1964,0.03471526203873054,0.0013777843591569194,305.3457017262777,311.63177905612525,312.178291744656
1965,0.04763886032822029,0.0018329850313065776,301.9676689571804,302.8672554016113,303.06636683146166
1966,0.005280119164012831,0.0025170079347489605,303.461701075236,307.7525744120281,308.46956236097543
1967,0.0070499747824896986,0.0024533054706452617,303.0117553287082,306.94734437730574,307.65397533840604
1968,0.018757474405788344,0.01724731241434796,300.36803245544434,302.70866165161135,303.6151244269477
1969,0.009441640956424635,0.001397588002383543,296.9687811533611,300.69700800577806,301.7750311109755
1970,0.012841206772350233,0.005995281684100462,303.70558670891654,307.0063450283475,308.43596861097546
1971,0.006964531524204176,0.0005002847787736187,296.62153180440265,298.57296286688904,299.52502026028105
1972,0.009157565219425123,0.0006573132154343853,305.0438191307915,309.18464363945856,310.5350028991699
1973,0.015108790977024,0.0009266070005296001,303.44742156134714,308.4789307488336,309.7512789408366
1974,0.011223447306178969,0.004741632091700865,299.72849252488874,304.1379096984863,305.0266098870172
1975,0.03346843717815773,0.010841705548465086,291.43520910474996,293.08075366550025,294.7362453036838
1976,0.00894586442234413,0.006803148138224913,303.2233764224582,306.73929858737534,307.00380715264214
1977,0.018236812932514113,0.0019560686227677593,303.8987019432916,308.18768725925025,309.23323423597554
1978,0.023330551369213026,0.001861714470088316,304.327960840861,308.8541152106391,309.6925441318088
1979,0.007787656767391127,0.00019954954355938526,301.82560081481927,305.34428990681965,305.33074942694765
1980,0.002380725724719923,0.0014215192672608623,304.0871351030138,308.25651321411135,308.9925224304199
1981,0.06283518372299568,0.013644062626063658,297.0576429155137,297.08701994154194,297.1169473436144
1982,0.02732224462749855,0.012648516046702696,294.0053913964165,295.3836887783475,296.74860967000325
1983,0.00671103296997444,0.0027850351211426982,303.29788814120826,307.13587519327797,308.3784165276422
1984,0.007993203384899061,0.0003398588773606548,297.5208699120415,299.6385607401529,300.8279282463921
1985,0.04324434397938148,0.006821118938624693,295.84052051968047,299.03214255438905,299.53816587660043
1986,0.023588520271800917,0.01663894270628674,301.2182386186388,303.02727059258353,303.6316663106282
1987,0.021962475760005873,0.0005770406600831279,304.019855372111,308.55343161688904,308.65066045125326
1988,0.01751011310341255,0.0004080912944672832,303.7779228634305,307.8760173373752,308.18985315958656
1989,0.030805465562366408,0.004419156062304808,297.67469478183324,301.8058350457086,302.912080807156
1990,0.006532323343776625,0.0017154297706483135,302.2020168304444,306.8650038825141,308.14651548597544
1991,0.010959890468143385,0.00611013983458264,299.5250420040554,303.4647054884168,304.52904586791993
1992,0.013806161267780226,0.0079064152118562,298.8953219519721,302.1301460266113,303.15823966132274
1993,0.010583248717807692,0.00927762006491406,301.04049881829155,305.10841208563915,306.5424953036838
1994,0.01121411917927162,0.0048038593408463726,302.1336303287082,306.416246287028,307.8754922654894
1995,0.020644542558216017,0.00046970759600384326,304.67038163079155,309.1890924241808,309.58530671861433
1996,0.020758521540187758,0.0007087520238755474,304.5723781585693,308.8932753668891,309.2208318922255
1997,0.02486782966377632,0.00043899630278332324,304.9946926116944,309.7816705491808,308.62955042521156
1998,0.009164315445445936,0.0013398609039185772,302.7481648339166,307.5318333095974,307.8383828904894
1999,0.02316988704922096,0.0107445499774812,298.4985012054443,301.36255705091685,303.1210977342394
2000,0.023474496586345595,0.01562450145453198,296.5376233842638,299.2783882141113,300.68584382798934
2001,0.011891049129985731,0.005174391615092588,301.28428679572215,306.1803738911947,307.31028501722545
2002,0.0151402771306266,0.007907741415202452,303.58753657870824,307.0431180318197,308.59641782972545
2003,0.007327240688823622,0.0027938864108918438,302.904572168986,306.8080051845974,307.5115871005588
2004,0.030833643658183973,0.0002980611202119121,302.7521850162083,305.1527860005697,304.5292845831977
2005,0.018495020253681105,0.0013183734294770488,304.00859235127774,308.0578749762641,308.4990653991699
2006,0.0040945678782691175,0.0020454755899308452,303.6513332366943,307.539781443278,308.4286281161838
2007,0.0072725981307257825,0.00011514936655743213,303.2287854936388,303.98214797973634,303.8197848002116
2008,0.0034188598227729017,0.0023651949045060405,297.3972642262777,300.8212701585558,301.51531973944765
2009,0.030767706019901198,0.0007082751867173442,305.04582650926375,308.98514819675023,308.7124117533366
2010,0.03416020868542091,0.00023307715624554248,303.10083410474994,302.44234220716686,302.3934176127115
2011,0.024370309693836134,0.0007786831733582744,303.6333482106527,307.85951343112527,307.4451537238227
2012,0.004884180409931105,0.0023941627618668804,302.72460255093046,306.49126798841695,307.26540654500326
2013,0.027272534353755873,0.0004431984302399883,305.5465752071804,309.0097412957086,310.0374985588922
2014,0.01099054215671913,0.011720754849612547,302.6431897905138,305.695103708903,306.30139287312824
2015,0.010213804228328627,0.0018725476142762432,302.786749903361,307.5003337436252,308.8132147047254
2016,0.012132015807651442,0.005132117020785643,302.0824747297499,304.7859945509169,306.02836769951716
2017,0.021431830508731764,0.003455646979510618,297.6513115353054,303.06092402140297,303.62653393215606
2018,0.004600507004283827,0.0017326704141495952,303.3045884450276,306.5295709398058,307.1678045484756
2019,0.019313466532253187,0.00026708160608990283,304.78505176968054,309.50041512383353,308.2824855380588
2020,0.016860154254459303,0.0018616250631211528,304.77051183912494,309.62723804050023,310.88295211791984
2021,0.009054911119960707,0.0033952525731919536,303.87934430440265,307.79027514987524,309.10084491305884
2022,0.006005477888606947,0.0017269483682511577,300.9558851030138,305.0328912523058,305.516475338406
2023,0.06479346452476875,0.000515022027194334,299.9508449554443,299.5250787523058,299.93884404500324
2024,0.004372712953113478,0.006809302317797972,303.2275051116943,307.64407289293075,308.08677698771163
2025,0.011254248006366652,0.00040010427206738086,302.28539899190275,306.52723804050027,306.1515936109755
2026,0.007108968479656141,0.0015755674716828594,302.6953436533611,306.6156766255697,307.81086010403106
2027,0.05159738360168831,0.0002522847530244121,304.18520367940266,306.9965305752224,306.4505248175727
2028,0.07509003279926674,0.014566578614413572,296.92755936516653,297.74317228529185,298.79249530368384
2029,0.021193307621501845,0.003746368634402586,301.0090155283611,304.6793485005697,305.6704575432671
2030,0.008985814435504835,0.004061408984362913,302.6341674380832,305.9766521030002,307.31297598944764
2031,0.04966491161110298,0.001998164403140379,293.22206891377766,294.7299778408475,296.07422815958654
2032,0.04609629212143318,0.00028478418558819385,301.738654200236,303.1788547939724,302.898653072781
2033,0.005607721192859572,0.002991550314128233,301.6964938269721,305.42137324015306,306.13343497382266
2034,0.012144458277248305,0.0029073885557053813,301.569367090861,305.1939969380697,306.4634371439615
2035,0.00863112209560768,0.0016607872125504741,297.2923108842637,300.94269485473626,301.74732928805884
2036,0.01109069286110298,0.005189903723895384,302.5775539398193,306.49321026272247,307.82155888875326
2037,0.0028442114424933607,0.00462763820856793,304.1176743825277,307.86664776272244,308.3644408331977
2038,0.01499098239662544,0.010265090214907957,303.36538488599984,307.28190383911135,307.08397750854493
2039,0.0021498471331824476,0.0005564174529908428,298.4532104068332,302.155552927653,303.1340317620172
2040,0.0021754026246298963,0.0005265555259583721,297.667658106486,301.67017423841685,302.39482820298934
2041,0.005688336474918287,0.00043142651289684864,300.2843030717638,303.5016900804307,303.65969907972544
2042,0.032000061852954786,0.02916071628302319,298.5528306325277,300.238511912028,301.36082755194764
2043,0.026928883774303358,0.0034190348264573345,302.77782520718046,307.42545852661135,307.94170862833664
2044,0.026104775054477614,0.0019537887451051006,304.16871604919436,308.58809416029186,309.6175821092394
2045,0.009292688949130934,0.010680400478541685,302.9116685231526,307.03106291029184,307.59706887139214
2046,0.033965927345775526,0.007336386191546751,292.6784382714166,294.7414687262641,295.4081420050727
2047,0.03605194090130226,0.013019808280169798,293.81816266377774,295.0247749328613,296.47224790785043
2048,0.011337023956798475,0.009396128999888731,300.73618566724986,304.77823087904187,306.11384947035043
2049,0.005235639197849196,0.003987663137614561,301.603742090861,304.04201668633357,304.68645146687817
2050,0.005012077076457899,0.0014969787475465068,300.7050441741943,304.86929533216687,305.3579466925727
2051,0.007327240688823622,0.0027938864108918438,302.904572168986,306.8080051845974,307.5115871005588
2052,0.020725366456531447,0.014438965069949461,299.7604857974583,301.7408827887641,303.0252481248644
2053,0.027236831171535414,0.0006829134103654155,305.059992090861,309.3159261915419,309.9934176127116
2054,0.008729037625812452,0.0016614279624818096,304.3486585405138,308.7205485873752,310.0456908331977
2055,0.04136752782585518,0.033689685809314085,297.80531001620824,299.3637126498752,300.47589916653106
2056,0.022315558774494093,0.014805012094676329,296.07089161343043,297.8332330491808,298.99430736965604
2057,0.031535711867832106,0.001970954882800413,304.61979569329156,309.75788040161126,311.54832212660045
2058,0.04244200585605995,0.0011288306590913066,303.537482325236,306.1036703321669,305.41138636271154
2059,0.012136247737430494,0.008640833842456175,300.61162512037487,304.93355857001404,306.1349703470866
2060,0.011540409905933302,0.001810752498805357,297.85204938252775,301.32652732001407,301.83977177937817
2061,0.012376439554714125,0.0038624337789414653,301.1139959971109,304.9532851325141,306.31924769083656
2062,0.015400004370235365,0.006717362153231932,298.99820281134714,301.326207224528,302.25096969604493
2063,0.010492485744975966,0.005882241475283934,301.4517347123888,303.12144919501407,304.1653848436144
2064,0.016910773499034804,0.010906659710109068,303.0632852766248,306.8131158616808,306.4526190016005
2065,0.017033663375400465,0.0009056112644074688,296.08029916551374,297.7466879102919,298.73089048597546
2066,0.0030585497451056654,0.005299844491183592,303.7540893130833,307.6608372158474,308.14902199639215
2067,0.007371050102733534,0.006477483260333372,303.12824295891653,306.970884958903,307.97941479153104
2068,0.013193172199748915,0.008191086995303465,297.8296752505832,302.50762541029184,304.2698499043783
2069,0.020666760189556044,0.014295034753978086,300.3656778547499,302.0935249328613,302.73721644083656
2070,0.022212189419292372,0.0026175609704850444,303.83200272454155,308.7321859571669,308.9953653123644
2071,0.019799929840587538,0.0024295828220246563,302.89283171759706,306.2176840040419,306.9638169182672
2072,0.01540691850902931,0.00846967910498364,303.0216565873888,306.0928847418891,307.3739731682671
2073,0.024105486257099074,0.018989034640490843,295.9902004241943,298.1751818339029,299.44101960923933
2074,0.009875056130908888,0.0010836354371903667,296.2308091481527,300.4037028842502,301.2173759460449
2075,0.021380600316547316,0.0014078698036072979,302.93593610127766,308.24878751966685,309.71097403632274
2076,0.04972652791263954,0.016056903350055052,292.1312648773193,293.76148283216685,294.3039536370171
2077,0.06479346452476875,0.000515022027194334,299.9508449554443,299.5250787523058,299.93884404500324
2078,0.017984282953761976,0.0004107735034821758,305.0627373165554,310.58927146063905,311.09862052069764
2079,0.011934635026477736,0.006250985610186888,298.92284473843046,301.3022434658474,302.40951461791985
2080,0.03608141539814369,0.004450701820552183,300.13671192593046,301.23041186862525,301.68361943562826
2081,0.005629730207942885,0.0025027475234864482,303.3810966915554,306.61405987209747,307.82478154500325
2082,0.017128464562915724,0.0009807578203080425,304.30115420023594,308.64780553181964,309.2396090189616
2083,0.015317317826770704,0.005498074638545347,302.5854586707221,306.33234871758356,307.52556822035046
2084,0.02194635270359413,0.015641354667842222,301.9927774641249,304.6834229363336,305.0179673088922
2085,0.10178833900215523,0.03949915682047589,294.47201466030543,293.40133200751404,293.7674410502116
2086,0.014219504578136366,0.00048770819872601123,305.74385710822213,310.42368986341694,310.96132125854496
2087,0.023100700957797926,0.0002703300592301616,302.1482624901666,305.19121373494465,304.6127426995172
2088,0.03621865509273903,0.00014508579939587207,303.97730437384706,307.27557245890307,305.9282808939615
2089,0.03558334408523933,0.000814520466029478,304.45498992072214,311.7488851759169,311.97798249986437
2090,0.008907672746204298,0.004497074234187437,303.02543262905544,306.9623020595975,308.2373140970866
2091,0.026746165735744398,0.018056087839305235,300.897443262736,302.5020427280002,303.0772989061143
2092,0.028545644862674635,0.00197830115526898,303.2630248599582,308.4186551411947,310.0947034200033
2093,0.0072725981307257825,0.00011514936655743213,303.2287854936388,303.98214797973634,303.8197848002116
2094,0.02336147127869026,0.0008892050859330425,305.3693616655138,311.3923096550835,311.6209566752116
2095,0.028991055471919935,0.0017910531637070903,306.08809538947213,309.2006918165419,309.4612290276421
2096,0.011006128771327894,0.002969243275821043,302.50600988599984,306.7380995856391,307.5528251647949
2097,0.004372712953113478,0.006809302317797972,303.2275051116943,307.64407289293075,308.08677698771163
2098,0.0014662116599311048,0.0010286501523850688,296.2217488182916,298.007017771403,299.2189058939617
2099,0.025692146999858778,0.0008279762145875225,303.6804185231527,307.73309199015296,307.2544798956977
2100,0.02968395946743385,0.0005716911432145366,304.12506913079153,311.2862495422363,311.49558232625327
2101,0.005155366642497938,0.002718069302737547,303.60947668287486,307.5329400804308,308.50190828111437
2102,0.015040960891269606,0.0008219263431428203,301.1546535491943,304.9376764085557,304.2993312411838
2103,0.00939367411854164,0.001142003285586668,305.1175278981527,309.6994168599446,311.04555519951714
2104,0.018861320598148268,0.013043158399760557,300.7011976030137,302.46821026272244,303.20023727416987
2105,0.016581487638973158,0.0003534636375306377,302.88616939120817,306.7705594380697,306.41339916653106
2106,0.010213804228328627,0.0018725476142762432,302.786749903361,307.5003337436252,308.8132147047254
2107,0.021089699847721022,0.0004380724307893047,304.1547891828749,308.08623869154195,308.13830151028105
