row_id,X,Y,Presence,Week,WeekStart,ObsDate,Source,Precip_T45,Precip,Temp,SoilTemp_T30,SoilTemp_T15,Moisture_T30,Moisture_T15,RVI_T45,RVI_T30,RVI_T0,RVI_Phenology_Delta
0,38.142777778,4.88833333300005,1,1,2020-02-18,2020-02-22,fao_hopper,0.0200682252478827,0.0013740441676972,295.9191934797499,298.7314372592502,299.30367694430885,-11.94041243149508,-4.326251152292391,0.6270926506258451,0.240486345827296,0.7940410633601446,-0.38660630479854907
1,38.0591666670001,4.88833333300005,1,1,2020-02-18,2020-02-22,fao_hopper,0.0200682252478827,0.0013740441676972,295.9191934797499,298.7314372592502,299.30367694430885,-6.321162736250324,-4.563258809388088,1.020510807978647,0.7566252885895568,0.8172349422008203,-0.2638855193890901
2,37.6636111110001,5.11472222200007,1,1,2020-02-18,2020-02-21,fao_hopper,0.0082828074527014,0.0002173415300248,301.1274454328749,304.1918593512641,304.81169018215604,-5.392015293777472,-5.113678259497138,0.8047676221021431,0.8966600537103387,0.9458877418104286,0.0918924316081956
3,38.9283333330001,4.13777777800004,1,1,2020-02-18,2020-02-24,fao_hopper,0.0027581274342765,0.0032467326995728,297.28626162211106,300.7707438998752,301.74967303805875,-6.66054492991843,-5.628127955605112,0.7380312045807716,0.7164822447615721,0.7932494124299773,-0.021548959819199576
4,37.316666667,0.866666667000061,1,1,2020-02-18,2020-02-18,fao_band,0.0234744965863455,0.0156245014545319,296.5376233842638,299.2783882141113,300.68584382798934,-6.452773425607258,-5.524483216875429,0.8015711981819295,0.7382082402165424,0.8761205798750336,-0.06336295796538705
5,37.8,1.58333333300004,1,1,2020-02-18,2020-02-21,fao_band,0.0112141191792716,0.0048038593408463,302.1336303287082,306.416246287028,307.8754922654894,-4.237759073956699,-5.105866197126232,1.0185255349362057,1.0949196344216268,0.9828959468807116,0.07639409948542109
6,37.55,0.4,1,1,2020-02-18,2020-02-21,fao_band,0.0201253712010611,0.0124151489612458,297.0539482540554,299.85700692070844,301.3834512498644,-5.647936013994947,-5.516765060740746,0.908550446952573,0.8563333940608125,1.0792605953367005,-0.052217052891760485
7,36.95,3.21666666700003,1,1,2020-02-18,2020-02-21,fao_band,0.0183100372386206,0.000429444658458,305.7932223425971,310.4270210266113,311.85593931410057,-6.491095461443445,-8.188507047666818,0.9165177982943004,0.7329112472234817,0.5070627816048365,-0.1836065510708187
8,37.8,1.58333333300004,1,1,2020-02-18,2020-02-23,fao_band,0.0112141191792716,0.0048038593408463,302.1336303287082,306.416246287028,307.8754922654894,-4.237759073956699,-5.105866197126232,1.0185255349362057,1.0949196344216268,0.9828959468807116,0.07639409948542109
9,37.6166666670001,0.9,1,1,2020-02-18,2020-02-23,fao_band,0.0147717118096579,0.0091259411451218,299.0534111446804,302.37941360473627,303.3710543314616,-5.499845218896656,-5.045953069362793,0.7565353739158951,0.8795060369892718,1.059649153582101,0.12297066307337667
10,36.95,3.21666666700003,1,1,2020-02-18,2020-02-20,fao_band,0.0183100372386206,0.000429444658458,305.7932223425971,310.4270210266113,311.85593931410057,-6.491095461443445,-8.188507047666818,0.9165177982943004,0.7329112472234817,0.5070627816048365,-0.1836065510708187
11,37.333333333,0.866666667000061,1,1,2020-02-18,2020-02-20,fao_band,0.0234744965863455,0.0156245014545319,296.5376233842638,299.2783882141113,300.68584382798934,-6.598980582880307,-5.005412488772051,0.7605637068559271,0.7181574677306347,0.9349852206790064,-0.0424062391252924
12,37.95,1.38333333300005,1,1,2020-02-18,2020-02-24,fao_band,0.0114130645823706,0.0080241343852875,301.89172494676376,305.41908916897245,306.72058775160053,-4.57770465797697,-6.056283714158354,0.9551384076606472,1.0337884149558192,0.9221020334101356,0.07865000729517202
13,37.3572222220001,4.97638888900002,1,1,2020-02-18,2020-02-22,fao_adult,0.0130077570510138,0.0005061856386063,298.60073102315266,301.66936043633353,301.6432982550727,-6.353656590261789,-8.353416986709668,0.6601619265919658,0.7520457259720194,0.6845939252162048,0.09188379938005353
14,37.45,5.01388888900004,1,1,2020-02-18,2020-02-22,fao_adult,0.0087492436003913,0.0003010115501282,298.0102416568332,302.8350885179308,303.06428349812825,-6.522633912593303,-6.540845094176996,0.8438733584331759,0.7285740559988099,0.79138845466616,-0.11529930243436604
15,37.2333333330001,0.8,1,1,2020-02-18,2020-02-18,fao_swarm,0.0225856870246161,0.0147941342470048,297.55279808044435,300.113414255778,301.5473943922255,-6.158589088666016,-5.913580984559719,0.7423276923330623,0.779858842634463,0.8761443897652752,0.03753115030140075
16,36.7,2.75,1,1,2020-02-18,2020-02-21,fao_swarm,0.0299922048878897,0.001530998098552,305.4474052853054,307.714146677653,309.3339178297255,-10.87405166903876,-10.017911823852522,0.4733622112752111,0.3023568610406573,0.332090091687412,-0.17100535023455382
17,36.95,0.0,1,1,2020-02-18,2020-02-21,fao_swarm,0.0405282348227729,0.0214244357225297,291.0991576724582,292.24661195543075,293.93866500854494,-6.070816306741495,-6.774635889592058,0.8977929421618627,0.7926255017936722,0.8010291842696258,-0.10516744036819048
18,36.25,0.28333333300003,1,1,2020-02-18,2020-02-21,fao_swarm,0.0956386446786154,0.032336913692653,290.93892004224995,293.5271186828613,294.26897642347546,-5.273346567281115,-5.8534109133494,0.9872088806479556,0.9320840073890708,0.8283033321886021,-0.05512487325888482
19,36.266666667,0.31666666700005,1,1,2020-02-18,2020-02-21,fao_swarm,0.0956386446786154,0.032336913692653,290.93892004224995,293.5271186828613,294.26897642347546,-6.640276424678258,-7.202670630837249,0.8399349398723895,0.7126111758863727,0.7499661860680026,-0.12732376398601686
20,36.8,0.6,1,1,2020-02-18,2020-02-21,fao_swarm,0.0283740430903662,0.0123753032562134,293.2820190005832,294.7341553582085,295.80079065958665,-6.2343683225847615,-6.910411043448145,0.6510965926521344,0.7689632307788788,0.5279636483411508,0.11786663812674447
21,37.05,0.433333333000064,1,1,2020-02-18,2020-02-22,fao_swarm,0.0429744094443549,0.0136588147756455,293.01503766377766,294.500963083903,296.27949617173937,-5.620222820280787,-5.135515563873231,0.818096940777504,0.8606358184881188,0.7918986368822586,0.04253887771061482
22,36.9833333330001,0.03333333300003,1,1,2020-02-18,2020-02-22,fao_swarm,0.067963165028118,0.0513753077861665,291.112531153361,291.7186822679307,292.8000473870171,-5.934381610750984,-5.329893122595803,0.7803848163352014,0.8127813010471046,0.8406902829930613,0.03239648471190315
23,37.05,0.0,1,1,2020-02-18,2020-02-22,fao_swarm,0.067963165028118,0.0513753077861665,291.112531153361,291.7186822679307,292.8000473870171,-6.940867451565103,-6.6589150792395095,0.8278843947019919,0.6729368346630201,0.7469359792143366,-0.1549475600389718
24,37.021944444,5.31166666700005,1,1,2020-02-18,2020-02-18,fao_swarm,0.048012357933544,0.0002922496673463,303.47995736863874,301.520152537028,302.0893160502116,-5.810772884823711,-4.728680329032507,0.8422179350968727,0.8313698366795782,0.803785401129229,-0.010848098417294505
25,37.026111111,5.31166666700005,1,1,2020-02-18,2020-02-18,fao_swarm,0.048012357933544,0.0002922496673463,303.47995736863874,301.520152537028,302.0893160502116,-5.942883485408618,-5.670492497325766,0.7680557501096633,0.8115142224395869,0.6938292797680954,0.043458472329923614
26,37.065555556,5.42055555600007,1,1,2020-02-18,2020-02-18,fao_swarm,0.0458010852170218,0.000244878875911,301.8303968217638,300.6478543599446,300.93631583319774,-4.778419275209592,-5.466009367279398,0.8698398884763054,0.9987559585424252,0.6976305021633311,0.12891607006611971
27,37.1244444440001,5.38888888900004,1,1,2020-02-18,2020-02-18,fao_swarm,0.0458010852170218,0.000244878875911,301.8303968217638,300.6478543599446,300.93631583319774,-4.477451794409921,-6.738378505027714,0.8719044726835665,1.0515833043257024,1.0322710761814269,0.17967883164213583
28,37.341944444,4.99194444400007,1,1,2020-02-18,2020-02-19,fao_swarm,0.0421106785369147,0.0008742741224168,299.1317043304443,301.245884958903,301.0679727342394,-5.558562789220236,-6.113467957704753,0.9120065500464823,0.8702646396212682,0.8266574096004959,-0.041741910425214135
29,37.896666667,4.46472222200003,1,1,2020-02-18,2020-02-20,fao_swarm,0.0111318051648368,0.0008437267419694,299.9857299380832,303.6911432054308,303.4120645311143,-5.404684497879147,-4.469681826011602,1.090206548539882,0.894632312274051,0.8778689734258293,-0.19557423626583093
30,37.4261111110001,5.03083333300003,1,1,2020-02-18,2020-02-21,fao_swarm,0.0130077570510138,0.0005061856386063,298.60073102315266,301.66936043633353,301.6432982550727,-4.802534667438536,-6.478711803359895,0.9187417540800746,0.9946006201991832,0.6904307662821746,0.07585886611910853
31,36.9955555560001,5.36194444400007,1,1,2020-02-18,2020-02-21,fao_swarm,0.0341602086854209,0.0002330771562455,303.10083410474994,302.44234220716686,302.3934176127115,-6.051392346095311,-5.319241529859146,0.9241687491005064,0.7954719099215609,0.9990814018020436,-0.12869683917894548
32,37.333333333,0.866666667000061,1,1,2020-02-18,2020-02-19,fao_swarm,0.0234744965863455,0.0156245014545319,296.5376233842638,299.2783882141113,300.68584382798934,-6.598980582880307,-5.005412488772051,0.7605637068559271,0.7181574677306347,0.9349852206790064,-0.0424062391252924
33,36.8666666670001,0.483333333000076,1,1,2020-02-18,2020-02-19,fao_swarm,0.0401691168380011,0.0141046873208878,293.896906153361,294.98858786688913,296.3325777689616,-5.559731773759988,-5.715651252379295,0.839792371908491,0.8714303211663017,0.8656901244179436,0.031637949257810716
34,36.766666667,1.11666666700006,1,1,2020-02-18,2020-02-20,fao_swarm,0.0188481628728141,0.0124948254701493,293.15844044155546,294.1226427714029,295.1380248175727,-6.756219069172945,-6.787297328819452,0.5930834232594735,0.6970714187290874,0.5832459343740769,0.1039879954696139
35,36.8666666670001,2.25,1,1,2020-02-18,2020-02-20,fao_swarm,0.0308054655623664,0.0044191560623048,297.67469478183324,301.8058350457086,302.912080807156,-6.352183854078405,-5.298479322565616,0.8329461252896523,0.7522528262845315,0.6991706283239059,-0.08069329900512079
36,37.8666666670001,0.233333333000076,1,1,2020-02-18,2020-02-20,fao_swarm,0.0430730700326194,0.0562209269878266,293.1278848859999,294.121324412028,294.56724573771163,-6.130464610453744,-6.654916174469252,0.7485567393600154,0.7839325357148155,0.7151463570347054,0.03537579635480004
37,36.6333333330001,0.183333333000064,1,1,2020-02-18,2020-02-20,fao_swarm,0.0312247693372,0.0094779810783265,291.4167195214165,292.760359785292,294.0376179165311,-5.335778013859553,-6.365626920814134,0.6147370674962227,0.9067749298717336,0.7739459533159982,0.2920378623755109
38,37.75,0.25,1,1,2020-02-18,2020-02-20,fao_swarm,0.0410383015704383,0.0390069714662431,293.6154988182916,295.03980857001415,296.0035250345865,-5.452544747561539,-6.352989026750093,0.7533961740557147,0.8870016309706296,0.8524686546443426,0.13360545691491488
39,36.6833333330001,2.68333333300006,1,1,2020-02-18,2020-02-24,fao_swarm,0.0306611627173651,0.0015488198873399,305.23637012905544,304.8095242818196,306.1171480814616,-9.85114197415716,-9.271592797765912,0.2612444675060092,0.3751272145145952,0.2538722942601458,0.11388274700858597
40,37.199722222,5.5425,1,1,2020-02-18,2020-02-22,fao_swarm,0.0316801339221228,0.0001977614042161,296.56317676968047,297.9057807922363,298.4551906161838,-6.212130057671935,-7.499163913441937,0.78252165215997,0.7721480818541275,0.884510706076357,-0.010373570305842517
41,37.3586111110001,4.96444444400004,1,1,2020-02-18,2020-02-22,fao_swarm,0.0130077570510138,0.0005061856386063,298.60073102315266,301.66936043633353,301.6432982550727,-6.195991065121795,-6.234198454231646,0.9637478506400956,0.7744662317127382,0.807280370354275,-0.1892816189273574
42,37.4272222220001,5.02888888900003,1,1,2020-02-18,2020-02-22,fao_swarm,0.0130077570510138,0.0005061856386063,298.60073102315266,301.66936043633353,301.6432982550727,-6.883508818178708,-5.230205870158196,0.8116526430963544,0.6803617352612935,0.8068308836330875,-0.13129090783506092
43,37.011839995836745,3.5614649014772395,0,1,2020-02-18,,synthetic_background,0.0203594684434165,0.0009273967620728,304.9020168304443,309.1399008009169,309.96426722208656,-7.918399360543923,-8.191721496328743,0.5498713393972909,0.5561636158714715,0.7040242102947007,0.006292276474180514
44,38.0232951533473,3.183200297964264,0,1,2020-02-18,,synthetic_background,0.0102556615901221,0.0024193606254456,302.38154157002765,305.9108860439724,306.6577296786838,-8.756634092957997,-9.855470810903808,0.4910027746338164,0.4737145748258075,0.5603628076382837,-0.01728819980800894
45,38.15296614877521,2.7071213061436987,0,1,2020-02-18,,synthetic_background,0.005617138726734,0.0032899162647126,302.79026010301374,306.899351755778,307.6977741665311,-8.252060284760292,-8.107512344470441,0.4863664853703061,0.520503981139931,0.4598614989158895,0.03413749576962494
46,38.25532125109704,4.295583330672641,0,1,2020-02-18,,synthetic_background,0.0118017166686286,0.0019196352836488,297.92868783738874,301.48189298841686,302.17846535576706,-3.2666190103094834,-3.776307464956119,0.9572144993811356,1.2813973767819304,0.7896236566512315,0.3241828774007949
47,37.12704846783959,4.2586363027960354,0,1,2020-02-18,,synthetic_background,0.0448410034013022,0.0003500661727784,301.0622490353054,302.2505453321669,302.24526223076714,-6.623695772269485,-5.874237021940889,0.7010084757489634,0.7173093708369993,0.7855561741335544,0.016300895088035894
48,37.99618891858009,1.3105994365733162,0,1,2020-02-18,,synthetic_background,0.0104446083140601,0.0092633596536515,301.57328961690274,305.40459806654184,306.5211302863227,-5.864130454839097,-5.946041920791522,0.8038154845805673,0.8233075911132969,0.7294572816953313,0.01949210653272959
49,38.35897264814941,0.0002866600194924,0,1,2020-02-18,,synthetic_background,0.0154500424695243,0.0181231281635163,301.44761144849986,303.3672771030002,303.5996567620171,-5.839251148908536,-5.023172494400177,0.7895882426119314,0.8270595887205114,0.949530685193383,0.03747134610858005
50,37.61300768282196,2.3565188057467115,0,1,2020-02-18,,synthetic_background,0.016889807565235,0.009426437961757,303.3253946516249,306.6517063564724,308.1504054599338,-8.10280053342684,-7.517011658188496,0.5974497213476675,0.5363476993999734,0.5313614395474521,-0.061102021947694096
51,38.11724404849436,4.889346226660314,0,1,2020-02-18,,synthetic_background,0.0200682252478827,0.0013740441676972,295.9191934797499,298.7314372592502,299.30367694430885,-12.491038409046489,-14.198571992209798,0.2091138514934854,0.213377289648628,0.3772120406774155,0.0042634381551426015
52,36.72638738972452,4.924965944200448,0,1,2020-02-18,,synthetic_background,0.0231007009577979,0.0002703300592301,302.1482624901666,305.19121373494465,304.6127426995172,-5.290289921480208,-5.953696371343344,0.7885334349225088,0.9130598034298892,0.7865556559048383,0.12452636850738041
53,36.25619212128496,1.941670522923376,0,1,2020-02-18,,synthetic_background,0.0291263878178824,0.0006290159103272,304.2121079762777,311.2374593946669,311.3633394877116,-6.654224994178238,-7.078077158703471,0.8256649142214183,0.7112783287094941,0.6524590958659247,-0.11438658551192415
54,36.12837555036933,2.6885796984845145,0,1,2020-02-18,,synthetic_background,0.0156313448977698,0.0002624324437974,305.6699855804444,310.2805854797363,310.93442238701715,-7.128688717127279,-4.863392687674178,0.7061702243693526,0.6601152572654888,1.0587915704686246,-0.04605496710386381
55,37.37084556314565,3.144739944584169,0,1,2020-02-18,,synthetic_background,0.0096526563000907,0.0008794150230286,305.52324078877774,309.5341336568197,310.8945515102811,-7.856328565523251,-9.865254163447494,0.5311414270560714,0.563128438028355,0.4451721713755965,0.031987010972283625
56,38.7083288088059,4.168208113320247,0,1,2020-02-18,,synthetic_background,0.0025434762072791,0.0021412155506013,297.2019625769721,300.95708287556965,301.8187865363227,-4.152120767752645,-5.603841270178908,1.0331773509370683,1.110844066241229,0.8858532451312873,0.07766671530416058
57,38.41798330528724,3.1241601516524184,0,1,2020-02-18,,synthetic_background,0.0074965327811469,0.0024752101776002,302.95704612731936,306.6590251498752,307.4949204338921,-7.451588278197823,-8.055723504521712,0.8473048065564461,0.6100296555118283,0.8657335551752449,-0.23727515104461783
58,37.59936173663323,1.9875789539231483,0,1,2020-02-18,,synthetic_background,0.0126193135810126,0.0020698985931275,302.6144788530138,306.6671306186252,307.81653501722553,-6.919800583448197,-8.975786536713565,0.709962647719216,0.6756563383859439,0.5781104599097707,-0.03430630933327217
59,38.78418292846958,3.663889448544448,0,1,2020-02-18,,synthetic_background,0.005622130615734,0.0040160796520112,298.12643631829155,300.967320505778,301.35955259535046,-6.14405453333783,-4.244624749345622,0.878535855243202,0.781962095713488,0.9497188212107678,-0.09657375952971403
60,38.63595926726002,4.673427398275996,0,1,2020-02-18,,synthetic_background,0.0073617815804709,0.0008058330890534,297.47717416551376,301.03202862209747,302.0868909200032,-5.68597271580863,-6.422949200078433,0.9019712745511936,0.8504537779806768,0.8481633231286264,-0.05151749657051685
61,36.461943867106434,2.979861949653132,0,1,2020-02-18,,synthetic_background,0.0269347846341361,0.0002334943887589,305.26144065856926,310.4582764519585,311.13129196166994,-9.383006000199956,-9.340103825523023,0.4418165080944926,0.4134101328525169,0.4526779908166523,-0.0284063752419757
62,37.53461099052915,4.536015946235663,0,1,2020-02-18,,synthetic_background,0.0067849427294959,0.0002227953550217,301.5598727332221,305.46611065334747,305.4461411370172,-5.348468693375343,-6.719987232522145,0.8899269095048872,0.9036547089048824,1.0086019614816808,0.013727799399995244
63,38.8378971383583,3.1829778171555385,0,1,2020-02-18,,synthetic_background,0.0041152953934897,0.0022938779470322,302.6993150075277,306.32329381306965,307.0375365363228,-6.608437142445512,-5.384310119641427,0.8854238664391304,0.7168753639864915,0.6872613553375677,-0.16854850245263886
64,37.55620178079139,3.434941723644608,0,1,2020-02-18,,synthetic_background,0.0464976847005118,0.0029871991750596,301.4045504675971,305.668074629042,306.570479244656,-8.527531830843438,-9.299227698190773,0.4182683174182302,0.492339190645457,0.368843620900838,0.07407087322722683
65,36.87986399644278,3.2479829561496354,0,1,2020-02-18,,synthetic_background,0.0183100372386206,0.000429444658458,305.7932223425971,310.4270210266113,311.85593931410057,-9.39781834696038,-8.953876668150869,0.3818456498176327,0.4121475646405358,0.3529261610035263,0.03030191482290312
66,37.82611407189822,1.2032629843835234,0,1,2020-02-18,,synthetic_background,0.012121301872753,0.0097979090091584,300.8867390526666,304.96476516723635,306.30195710923937,-5.947358264087654,-6.278820815001228,0.7446258694294849,0.810847914629446,0.5873163508923703,0.06622204519996111
67,37.83494618804837,1.205303471059047,0,1,2020-02-18,,synthetic_background,0.012121301872753,0.0097979090091584,300.8867390526666,304.96476516723635,306.30195710923937,-5.839371989578693,-6.15197961394334,0.6656652060175807,0.8270413344704264,0.8903701513278106,0.16137612845284566
68,37.3350752168444,0.4287290782996755,0,1,2020-02-18,,synthetic_background,0.0217049240899314,0.0107296786186097,295.04047169155547,298.1306777106391,300.0369668748644,-6.369275303717839,-6.274026002489892,0.9031401291569416,0.7498520744985921,0.8423424034003033,-0.1532880546583495
69,37.45168924691553,2.078032556669253,0,1,2020-02-18,,synthetic_background,0.0083198815417517,0.0020004591819642,302.7336845821804,306.7881918165419,307.9278251647949,-7.902094279977362,-8.61496808828773,0.626654526084556,0.5579637802576765,0.5545898588773055,-0.0686907458268795
70,36.89077166092551,5.656280754119217,0,1,2020-02-18,,synthetic_background,0.0092337250542868,7.390295237286182e-05,300.23595237731934,301.7298639085558,301.65892868041993,-5.567769893256847,-4.055757784010441,1.0232018976740345,0.8688219344855898,0.8758880132485829,-0.1543799631884447
71,36.39322971028955,1.705584192356649,0,1,2020-02-18,,synthetic_background,0.0363383114171256,0.0020052275535462,304.9684502071804,310.0774821811252,310.2253512064616,-10.057216137885025,-10.467793862729206,0.3561926216469875,0.3593045653412538,0.3001037389774563,0.003111943694266317
72,38.3761784684565,5.219156439048855,0,1,2020-02-18,,synthetic_background,0.007993203384899,0.0003398588773606,297.5208699120415,299.6385607401529,300.8279282463921,-7.078607664471903,-7.610954980691751,0.799256875585404,0.6553709552660594,0.7590413439119801,-0.14388592031934466
73,36.36361950740314,5.469051799431902,0,1,2020-02-18,,synthetic_background,0.0461267053914298,0.0076385817405579,300.9814873165554,301.05375713772247,300.98606626722545,-4.531413546631947,-4.869372467478529,1.0696476618910122,1.041980653453291,0.95270211538146,-0.027667008437721297
74,37.74583493830423,1.5666965022457655,0,1,2020-02-18,,synthetic_background,0.010244664533161,0.0046255073425172,301.69919022454155,305.45074064466684,306.916035885281,-5.955811949684666,-5.368413561073531,0.7579165883052731,0.8095902494366081,0.7169848009372969,0.05167366113133498
75,36.74557105453368,2.8511577465949443,0,1,2020-02-18,,synthetic_background,0.0294152170253028,0.0012611380693314,305.559943262736,309.09086651272247,310.6295504252116,-10.5072015598131,-9.901162836464344,0.3392820996398472,0.3268292803991177,0.3274101906338839,-0.012452819240729496
76,36.87027669742152,1.5897841070326533,0,1,2020-02-18,,synthetic_background,0.0141962587666739,0.0039721510288117,298.0124497731527,303.2120253668891,303.8617227342394,-6.691401492871979,-5.719071665453116,0.8089642700013207,0.7057038535716741,0.852037051628208,-0.10326041642964656
77,37.05939125935985,3.213684318833629,0,1,2020-02-18,,synthetic_background,0.0104046881032218,0.0003214559432862,305.62581240336107,310.39527732001415,311.81669777764216,-5.039583233291852,-5.371388361629489,0.8490152896141501,0.954373412114737,0.91675325557977,0.10535812250058696
78,38.77191265319272,1.8754739669663023,0,1,2020-02-18,,synthetic_background,0.0024615049195517,0.0013729116794465,303.88263206481935,307.6099094814724,308.51325810750325,-7.7418012806712895,-8.438895850643803,0.5916873447858985,0.5930767275224199,0.4482760330060905,0.0013893827365214495
79,36.27707357954901,5.038762817248038,0,1,2020-02-18,,synthetic_background,0.0500710576606024,0.0009619078513978,302.5832505544027,304.9213678148058,304.3493041144477,-5.313169437592975,-5.252933530961517,0.8673233899772581,0.909352930513742,1.098386297388448,0.04202954053648389
80,36.91482542911255,2.983728634786205,0,1,2020-02-18,,synthetic_background,0.02614924011948,0.0015106878158448,305.12222082349984,309.8912408616807,311.44250072903105,-10.351642652221436,-9.247944793729966,0.3474165582191695,0.3377417154377041,0.5042271561191352,-0.00967484278146541
81,38.1071566460878,3.0012731888421342,0,1,2020-02-18,,synthetic_background,0.0059118687939871,0.0018529376861451,303.23688011169435,307.71260587904186,308.7561888800727,-10.307004187504004,-10.564857120909677,0.3402493731025344,0.3410559301880638,0.4262932918446326,0.0008065570855294024
82,36.615659845486455,2.022113443655804,0,1,2020-02-18,,synthetic_background,0.0491922914815177,0.002479427206218,302.3231539832221,308.1662896898058,308.8980562845866,-8.580858431295026,-8.473635590508165,0.4892065329397428,0.4870623881603763,0.501326652161296,-0.0021441447793665303
83,37.519734523286864,5.451387073381722,0,1,2020-02-18,,synthetic_background,0.0172344416213263,0.0001899531957505,300.43314747280544,302.3476373460557,302.9046480814615,-5.496756726901088,-7.345812817205191,0.9554822574854528,0.8799940718614012,0.6594741520211636,-0.07548818562405157
84,38.635338683639,4.870971858569256,0,1,2020-02-18,,synthetic_background,0.0187214284968604,0.0009190074083207,298.0254868825277,300.902281443278,302.1373195224338,-6.191939522018334,-5.440536829933659,0.7655775576061015,0.7750490113369946,0.7734941209337801,0.009471453730893087
85,36.42765757149255,4.178560028094254,0,1,2020-02-18,,synthetic_background,0.0317023515534629,0.0006681463596223,305.02849252488875,308.8544081793891,308.3798488193088,-6.359381166383515,-5.839870614977146,0.9407710147460576,0.7512629995245559,0.7784663588767047,-0.18950801522150174
86,38.092222222,4.89277777800004,1,2,2020-02-25,2020-02-25,fao_hopper,0.0200682252478827,0.0013740441676972,295.9191934797499,298.7314372592502,299.30367694430885,-14.483929802303631,-14.123979442732155,0.1996304852666149,0.1375528428667104,0.1438318322486373,-0.06207764239990449
87,36.828055556,5.46666666700003,1,2,2020-02-25,2020-02-29,fao_hopper,0.0214518725705374,0.0041941038247941,302.9827405717638,303.4217530144586,303.0734848870171,-5.979129723309235,-6.515930060159004,0.8080409772522594,0.8061287833456269,0.8137941152993858,-0.0019121939066325533
88,36.831944444,5.49333333300007,1,2,2020-02-25,2020-02-29,fao_hopper,0.0214518725705374,0.0041941038247941,302.9827405717638,303.4217530144586,303.0734848870171,-4.142524369443109,-5.813518480615014,0.8933332475483116,1.1124436682090515,1.0566622655403513,0.21911042066073994
89,36.829444444,5.51666666700004,1,2,2020-02-25,2020-02-29,fao_hopper,0.0214518725705374,0.0041941038247941,302.9827405717638,303.4217530144586,303.0734848870171,-4.577071620993998,-5.579902775902762,0.8334649586589887,1.0339001614376002,0.7641621520018351,0.2004352027786115
90,36.942777778,5.31194444400006,1,2,2020-02-25,2020-02-29,fao_hopper,0.0205123543572653,0.0001418075439332,302.12473275926374,304.6255073547363,304.28505172729496,-4.998238910029652,-6.386743075998876,0.9099221227593356,0.9613083950856977,0.8643468786560082,0.05138627232636206
91,36.9297222220001,5.31444444400006,1,2,2020-02-25,2020-03-02,fao_hopper,0.0205123543572653,0.0001418075439332,302.12473275926374,304.6255073547363,304.28505172729496,-5.597244404349297,-6.077127686408836,0.7901219315043048,0.864215059129467,0.8039954054521719,0.07409312762516218
92,38.015277778,4.98916666700006,1,2,2020-02-25,2020-03-02,fao_hopper,0.0311692178082694,0.0012185654518006,296.52323536343044,298.9734131707085,299.63223597208656,-6.563379320762154,-5.84111935496388,0.977215441506807,0.7230002891546549,0.6803183411327219,-0.2542151523521521
93,38.023055556,4.96222222200004,1,2,2020-02-25,2020-03-02,fao_hopper,0.0311692178082694,0.0012185654518006,296.52323536343044,298.9734131707085,299.63223597208656,-4.1535748054882085,-5.816380859946026,0.8644564085364775,1.110401468337458,0.6323209977933005,0.24594505980098036
94,36.582777778,5.76388888900004,1,2,2020-02-25,2020-03-02,fao_hopper,0.1400523006749381,0.0313018492338059,294.3890719519721,293.93949932522247,294.2096665276421,-5.832104410655271,-7.067688157268115,0.7466861612084856,0.8281397082311323,0.6426185846573136,0.08145354702264662
95,36.9302777780001,5.3125,1,2,2020-02-25,2020-03-02,fao_hopper,0.0205123543572653,0.0001418075439332,302.12473275926374,304.6255073547363,304.28505172729496,-5.330552534965403,-5.6303861148983145,0.8866284047104074,0.9065436800960224,0.8508626506599137,0.019915275385614994
96,37.25,0.6,1,2,2020-02-25,2020-02-29,fao_band,0.0199101537299384,0.0123867622491715,297.06056175231936,298.7918105231391,300.2337930467393,-6.038438386331389,-5.74578033305823,0.8244587825965727,0.7973744644398194,0.742443224480861,-0.027084318156753273
97,37.2333333330001,0.583333333000041,1,2,2020-02-25,2020-02-29,fao_band,0.0199101537299384,0.0123867622491715,297.06056175231936,298.7918105231391,300.2337930467393,-5.145174609148844,-6.557728870035631,0.9293611284587548,0.936818187893218,0.7349522484080969,0.007457059434463176
98,37.216666667,0.56666666700005,1,2,2020-02-25,2020-02-29,fao_band,0.0199101537299384,0.0123867622491715,297.06056175231936,298.7918105231391,300.2337930467393,-4.0581170724253095,-3.3042559082673417,1.0020305357143608,1.128118663190107,0.9743775775381536,0.12608812747574616
99,36.95,3.21666666700003,1,2,2020-02-25,2020-02-29,fao_band,0.0183100372386206,0.000429444658458,305.7932223425971,310.4270210266113,311.85593931410057,-6.491095461443445,-8.188507047666818,0.9165177982943004,0.7329112472234817,0.5070627816048365,-0.1836065510708187
100,37.85,1.55,1,2,2020-02-25,2020-02-25,fao_band,0.0119771480393637,0.0050647190687058,302.18986405266656,305.9068767123752,307.24312464396166,-6.527658613549015,-6.648389864313289,0.7959795750050273,0.7278849008890184,0.7262043899952688,-0.06809467411600889
101,37.55,0.4,1,2,2020-02-25,2020-02-25,fao_band,0.0201253712010611,0.0124151489612458,297.0539482540554,299.85700692070844,301.3834512498644,-5.647936013994947,-5.516765060740746,0.908550446952573,0.8563333940608125,1.0792605953367005,-0.052217052891760485
102,37.216666667,1.88333333300005,1,2,2020-02-25,2020-02-25,fao_band,0.0112234473061789,0.0047416320917008,299.72849252488874,304.1379096984863,305.0266098870172,-6.139154752188459,-5.1399810384072975,0.8436994543697983,0.7831593500167908,0.912169559537343,-0.060540104353007496
103,37.388888889,0.405555556000024,1,2,2020-02-25,2020-02-28,fao_band,0.0143690228295554,0.0104822448369858,296.6903306325277,300.18247892591694,301.98952763875326,-5.210577219582415,-4.534284897538181,1.2169535673681904,0.9260576051354824,0.9668448397365598,-0.29089596223270797
104,37.339722222,3.0475,1,2,2020-02-25,2020-02-28,fao_band,0.0096529990267981,0.000567429411113,304.93130285475,309.18753534952805,310.5448987325033,-8.5673823015538,-9.797104055446605,0.4709134804932279,0.4929801528955986,0.3357449337889842,0.0220666724023707
105,37.2333333330001,0.8,1,2,2020-02-25,2020-03-01,fao_band,0.0225856870246161,0.0147941342470048,297.55279808044435,300.113414255778,301.5473943922255,-6.158589088666016,-5.913580984559719,0.7423276923330623,0.779858842634463,0.8761443897652752,0.03753115030140075
106,37.4833333330001,0.56666666700005,1,2,2020-02-25,2020-03-02,fao_band,0.0138853013348807,0.0065807036039231,298.30843501620825,301.8784695943197,303.37815611097545,-7.337970252749759,-6.650895253297302,0.9377225841194534,0.6232979714418775,0.5269352490862481,-0.31442461267757593
107,38.1683333330001,4.21972222200003,1,2,2020-02-25,2020-02-28,fao_adult,0.0180152624678839,0.0020002505657075,296.5593410491944,300.4762397766113,300.8306680467394,-4.954431061623863,-5.686590380674897,1.1801308464345557,0.9686941068270292,1.0147909280466392,-0.2114367396075265
108,38.1688888890001,4.21944444400003,1,2,2020-02-25,2020-02-28,fao_adult,0.0180152624678839,0.0020002505657075,296.5593410491944,300.4762397766113,300.8306680467394,-4.428154046523607,-5.847043462088449,0.9623068847245064,1.0604055894828537,1.0784300497466524,0.09809870475834725
109,38.010277778,4.99972222200006,1,2,2020-02-25,2020-03-02,fao_adult,0.0311692178082694,0.0012185654518006,296.52323536343044,298.9734131707085,299.63223597208656,-6.426502837040388,-6.621798608043971,0.8507487124050166,0.7418565254492874,0.8429945838788117,-0.10889218695572922
110,38.021388889,4.97333333300003,1,2,2020-02-25,2020-03-02,fao_adult,0.0311692178082694,0.0012185654518006,296.52323536343044,298.9734131707085,299.63223597208656,-4.611764005697564,-5.5283356656502125,0.906400451273041,1.0277877185535969,0.9394928981981432,0.12138726728055582
111,38.023055556,4.96083333300004,1,2,2020-02-25,2020-03-02,fao_adult,0.0311692178082694,0.0012185654518006,296.52323536343044,298.9734131707085,299.63223597208656,-3.710145134576398,-5.537649835225594,0.7391151699374936,1.1946971983163266,0.8872227617202639,0.455582028378833
112,38.0225,4.9675,1,2,2020-02-25,2020-03-02,fao_adult,0.0311692178082694,0.0012185654518006,296.52323536343044,298.9734131707085,299.63223597208656,-4.72703975583444,-5.300086478123058,1.0722120089917264,1.0076477515146645,0.7726086866049443,-0.06456425747706196
113,37.8,1.58333333300004,1,2,2020-02-25,2020-02-29,fao_swarm,0.0112141191792716,0.0048038593408463,302.1336303287082,306.416246287028,307.8754922654894,-4.237759073956699,-5.105866197126232,1.0185255349362057,1.0949196344216268,0.9828959468807116,0.07639409948542109
114,38.2366666670001,4.18277777800006,1,2,2020-02-25,2020-02-25,fao_swarm,0.0180152624678839,0.0020002505657075,296.5593410491944,300.4762397766113,300.8306680467394,-5.128219426930702,-4.440349443172451,0.7639608493219411,0.9396219204855962,1.2951389446797668,0.17566107116365515
115,37.207777778,4.85833333300008,1,2,2020-02-25,2020-02-26,fao_swarm,0.0826968818736304,0.0027559182521699,298.3924193912082,299.51376690334746,299.8570298088921,-4.793811060263508,-5.817639305095982,0.8772474389562529,0.9961024540659196,0.9808994870633252,0.11885501510966667
116,37.6655555560001,0.635277778000045,1,2,2020-02-25,2020-02-28,fao_swarm,0.0187133669686545,0.0122754505750535,298.80259734259715,301.8551460266113,302.99899486965603,-8.791782982559093,-8.000632698365518,0.9061653535461424,0.4666662218167773,0.8469591331094528,-0.43949913172936506
117,37.6613888890001,0.755555556000047,1,2,2020-02-25,2020-02-28,fao_swarm,0.0100698292088736,0.0055209032174943,299.45329721238875,302.81488995022244,303.8148097568088,-4.721303455460415,-3.838864614471758,1.0830049815672005,1.0086437330996298,1.1130197336930543,-0.07436124846757064
118,37.05,1.81666666700005,1,2,2020-02-25,2020-02-28,fao_swarm,0.0273532390427817,0.0076090029355881,295.9195027245416,299.568297068278,299.59671079847544,-6.3143464946959895,-7.31394992455744,0.6635901845275461,0.7576127831573651,0.7357701455005808,0.09402259862981899
119,38.8197222220001,4.31777777800005,1,2,2020-02-25,2020-03-01,fao_swarm,0.0019571453166236,0.0012346289035676,298.13698319329154,302.02237692938905,303.05359013875324,-4.096312339685808,-4.359838370130047,0.9863132118393756,1.121263658785295,0.8275587768960694,0.1349504469459195
120,38.7891666670001,5.47416666700002,1,2,2020-02-25,2020-03-01,fao_swarm,0.0031545430255164,0.0012939802286027,295.7906832800971,297.8474311828614,299.05882559882264,-6.807717701181143,-7.255267846472901,0.8767162195816595,0.6902723640248208,0.653647438947927,-0.18644385555683862
121,38.723611111,5.47555555600007,1,2,2020-02-25,2020-03-01,fao_swarm,0.0038665503096808,0.0009524754163621,296.8651081932916,298.3100396898058,299.5181409200033,-6.494020380390847,-6.579321041884489,0.8063403520718984,0.7325081691331518,1.004484951028671,-0.0738321829387466
122,38.8197222220001,4.01777777800004,1,2,2020-02-25,2020-03-02,fao_swarm,0.0040925711226691,0.0035435191270707,298.1925984276665,300.9718777974446,301.6879922654894,-6.1403332050944,-4.6215324400633575,1.0622590001545416,0.783263613841605,1.0941250964909564,-0.2789953863129365
123,38.1047222220001,4.30138888900007,1,2,2020-02-25,2020-03-02,fao_swarm,0.0169095218014945,0.0017062804576752,297.4514363182916,301.49660110473627,301.3995699564616,-3.2777377984679585,-4.205364941071478,0.9911888823962922,1.2791687221388954,1.071901420217508,0.2879798397426032
124,37.9872222220001,5.00638888900005,1,2,2020-02-25,2020-03-02,fao_swarm,0.0311692178082694,0.0012185654518006,296.52323536343044,298.9734131707085,299.63223597208656,-2.9958835858730044,-3.0449537116756886,1.488685732699927,1.3362856235661735,0.905397270140086,-0.15240010913375346
125,37.90884363646622,4.950254046885384,0,2,2020-02-25,,synthetic_background,0.0269026279282798,0.0010166696187852,297.75210363599984,299.92080900404187,300.334932369656,-8.546504920923798,-9.21543315297576,0.4979977642070861,0.5030141055628047,0.8914515551380487,0.005016341355718601
126,37.40747065902933,3.256743801225158,0,2,2020-02-25,,synthetic_background,0.0182181864810218,0.001235046136081,305.4073119693332,309.8545438130697,310.96657842000326,-8.981430354187415,-9.07765154285865,0.4803534325882535,0.4501372158290139,0.3884177259599251,-0.030216216759239634
127,37.63699970123573,0.7896074952447365,0,2,2020-02-25,,synthetic_background,0.0138061612677802,0.0079064152118562,298.8953219519721,302.1301460266113,303.15823966132274,-5.677793469569185,-5.233198647826069,0.8946872050704268,0.8517156132938061,0.7939566826629751,-0.04297159177662069
128,36.45963286145694,1.5398814709780129,0,2,2020-02-25,,synthetic_background,0.0456792682242621,0.0046294114467499,300.180109278361,305.0179986741808,305.2186563279894,-6.704617621845357,-6.713294856068595,0.6554731419939501,0.7039369317729838,0.5955243456638704,0.04846378977903365
129,37.31439297333776,0.2355760060891965,0,2,2020-02-25,,synthetic_background,0.0723587989640464,0.0455045035955308,291.1106431325277,292.70368660820856,293.9518648783366,-4.54137536450224,-6.094107945817352,1.1644009783197578,1.0402141428639904,0.8638138403649529,-0.12418683545576736
130,38.29099406943934,4.974515542769722,0,2,2020-02-25,,synthetic_background,0.0095569610429038,0.0012070468541978,296.9470363616944,300.4543213738335,301.5531832377116,-5.735730112592153,-8.248701430080821,0.960002824258112,0.8428069784897756,0.6188087011353957,-0.11719584576833642
131,36.741916530578045,0.3891491361037502,0,2,2020-02-25,,synthetic_background,0.0403187990021933,0.0106570503589509,292.6434122297499,294.2748346116808,295.2964612325033,-6.350937091813162,-6.546441591173854,0.7740209263796723,0.7533172148737945,0.8290713008110768,-0.020703711505877798
132,36.87637851435332,3.0834562289542378,0,2,2020-02-25,,synthetic_background,0.0218177705836524,0.0009048513051865,305.707648340861,310.17720006306973,311.61918258666987,-7.622217302208863,-6.8029222606867386,0.6016563502891424,0.5896302280778716,0.3672389973420531,-0.012026122211270862
133,37.490313997110434,2.496954552112298,0,2,2020-02-25,,synthetic_background,0.0128412067723502,0.0059952816841004,303.70558670891654,307.0063450283475,308.43596861097546,-6.092099900100543,-4.526838545227265,0.807754315740189,0.7895153933082217,1.2117681694754905,-0.01823892243196723
134,36.93155255775292,3.287947588607179,0,2,2020-02-25,,synthetic_background,0.0198949247431983,0.0005043229934571,305.53970129224984,310.036802927653,311.38117802937825,-11.201546409467271,-11.36753498120314,0.2893376757226457,0.2819430519021559,0.2737985075845505,-0.007394623820489776
135,36.79536545632866,3.9396130379704895,0,2,2020-02-25,,synthetic_background,0.0168184757066001,0.0006562403318284,304.49097624884706,308.78990080091694,309.0612670050727,-9.842171668614569,-7.193105297090218,0.6896653281012882,0.375829960970213,0.7757159120585777,-0.31383536713107524
136,36.61027683269019,1.9466964007638925,0,2,2020-02-25,,synthetic_background,0.0556833416056861,0.0035433403131364,300.65275467766656,306.1606690300835,306.6788125779894,-6.905182627434256,-7.711054466249596,0.656425287012876,0.6775484988173152,0.5746298873904679,0.021123211804439213
137,36.69546953917753,4.5295989430307015,0,2,2020-02-25,,synthetic_background,0.0259776383471717,0.0001473954793809,304.50412729051374,309.3031169467502,308.3899074130588,-9.205737080521075,-7.920121425089592,0.2732912831919165,0.4287873842303745,0.4428581399722765,0.155496101038458
138,38.72515487992064,1.6107899885806969,0,2,2020-02-25,,synthetic_background,0.0039068132472266,0.0017715773460267,304.12261144849987,307.8036757575141,308.7291001213921,-6.307298361667904,-5.988174124690678,0.8043902155658722,0.7586566000741355,0.833767787395186,-0.04573361549173671
139,36.9555957802524,5.32095745409838,0,2,2020-02-25,,synthetic_background,0.048012357933544,0.0002922496673463,303.47995736863874,301.520152537028,302.0893160502116,-6.1740777552822,-6.0321070384982,0.7219904474059485,0.7776222443989639,0.614511596139017,0.05563179699301535
140,36.26033828180323,0.911593167852587,0,2,2020-02-25,,synthetic_background,0.0404221534562339,0.006357230889499,297.54130176968044,299.9649713304308,300.9395927429199,-6.598974280740311,-6.269164626793001,0.8438585790955992,0.7224430257131202,0.7732774413249074,-0.121415553382479
141,37.2463614226681,2.8743627468524187,0,2,2020-02-25,,synthetic_background,0.0112981170249213,0.0007352164861558,304.265216700236,309.1283122592501,310.42226418389214,-7.15074930203931,-6.945724494686143,0.8420199795094254,0.646387955372778,0.7726667597520965,-0.19563202413664738
142,36.94972820157909,1.0258661194531102,0,2,2020-02-25,,synthetic_background,0.016324651224636,0.0141825607892869,293.36274816724995,295.5775418599447,296.99393302069774,-5.8054142462928295,-5.165554427513367,0.8204477288199283,0.8359787754193181,0.9208205417319528,0.015531046599389753
143,38.47202948359564,1.097595041098786,0,2,2020-02-25,,synthetic_background,0.0065094053578604,0.0063456377860902,302.8317043304443,307.25980097452793,308.02218280368373,-6.551649027543359,-6.899785756928384,0.5360099096565125,0.7248511718728801,0.6866297464013679,0.18884126221636754
144,38.36293634989158,3.27123552790487,0,2,2020-02-25,,synthetic_background,0.0080759197306861,0.0030057511207459,302.2535142262777,305.45903057522247,306.0986856248644,-7.69271538166392,-8.325411345852768,0.7077514088725488,0.5815163946254711,0.5044744307918357,-0.12623501424707773
145,37.40286137003344,0.0075620215212133,0,2,2020-02-25,,synthetic_background,0.4056753039193381,0.1790893754836915,284.643683497111,287.62110739813915,288.38630498250325,-7.106563725566732,-4.750836294752441,0.8091846901105108,0.6518510856124827,0.884324224474146,-0.15733360449802802
146,38.33624751661461,1.5787554690005108,0,2,2020-02-25,,synthetic_background,0.0050769716334571,0.0030521384355424,303.61671952141654,307.4013211568197,308.5165078904893,-5.303451789385865,-6.196000063801243,1.0069138294194042,0.9121250929948715,1.0226158578742193,-0.09478873642453267
147,37.67552997993624,2.636758922280194,0,2,2020-02-25,,synthetic_background,0.007911872847103,0.0043633363124726,304.4163831498888,308.6194038391113,310.058955807156,-9.21964123142496,-11.124481733240618,0.413869739919956,0.4275632989111111,0.3215883645704052,0.013693558991155097
148,36.02981140802336,2.550070265976286,0,2,2020-02-25,,synthetic_background,0.0150671571326483,0.0009171298620103,304.8489894866944,310.01970223320853,310.2427774217394,-9.87137826394785,-9.58403187947162,0.4672030886683229,0.3754794594694257,0.457006859819895,-0.0917236291988972
149,38.15579796824629,1.9337948590831169,0,2,2020-02-25,,synthetic_background,0.0071567118001212,0.0032938501712678,302.85477290683326,306.5552328321669,307.8533839755588,-5.631269113397567,-6.385046333567987,0.8240633135370922,0.8591754147169819,0.7123354724986768,0.03511210117988972
150,36.56643740926988,1.4885213392424523,0,2,2020-02-25,,synthetic_background,0.0479675203395117,0.0051236531612275,297.9771144866943,302.039879099528,302.38676613701705,-5.45600902312408,-6.810545674196898,0.7535571433883514,0.8864511085211844,0.6857501215356733,0.13289396513283291
151,37.31774211246796,2.131809128650823,0,2,2020-02-25,,synthetic_background,0.003997859342121,0.0018451741811631,301.4174248165554,306.2619765387641,307.4524453904894,-5.29359039845727,-4.8722913961319545,0.9254743356294932,0.9139740482223676,1.0853084186849362,-0.011500287407125609
152,36.97567556410536,2.5986531128269146,0,2,2020-02-25,,synthetic_background,0.0237193375659217,0.0024418166753648,301.8608655717637,305.2859131707085,306.5779716491699,-4.927146722311825,-5.988166031485466,0.8545079639394294,0.9733135344053,0.8167696782061029,0.11880557046587059
153,37.55898195075913,3.464519876908824,0,2,2020-02-25,,synthetic_background,0.055761438591503,0.0029580078002808,301.8591565873887,305.79070917765296,306.58022316826714,-9.033662412332273,-9.084524217877572,0.4485640580033013,0.4441932082716412,0.4254140356154646,-0.004370849731660076
154,37.71790254459589,0.3427801702974709,0,2,2020-02-25,,synthetic_background,0.024105486257099,0.0189890346404908,295.9902004241943,298.1751818339029,299.44101960923933,-3.994955687718496,-3.732317612256327,0.9448928320290232,1.139935462339901,1.159309303625338,0.19504263031087776
155,37.88492512017513,4.972759715266645,0,2,2020-02-25,,synthetic_background,0.0269026279282798,0.0010166696187852,297.75210363599984,299.92080900404187,300.334932369656,-7.268112092537289,-6.50469959132155,0.656684770795811,0.6319419924107581,0.5731107584072801,-0.0247427783850529
156,38.19967831365246,0.7593688184779479,0,2,2020-02-25,,synthetic_background,0.0092811405492057,0.0070846310731766,301.8546372731526,305.4096599155002,306.3412203470867,-5.528550232061459,-5.390118784959257,0.861506467943071,0.8749794518866845,0.9729331345419608,0.013472983943613515
157,38.67417714639002,0.5579628232867819,0,2,2020-02-25,,synthetic_background,0.0129072934222449,0.011248194324672,302.7774291568332,306.9459663391113,307.3830226474338,-6.261410233665783,-5.368471253983174,0.9675936576443254,0.7760084122178487,0.8215156832427815,-0.1915852454264767
158,38.598269772107685,3.021291404815344,0,2,2020-02-25,,synthetic_background,0.0073272406888236,0.0027938864108918,302.904572168986,306.8080051845974,307.5115871005588,-6.105711500777696,-6.438822513821824,0.7640341858762193,0.7875395542412285,0.8462087983369122,0.02350536836500916
159,37.56344420068791,4.236819275482988,0,2,2020-02-25,,synthetic_background,0.0096092194152106,0.0006524554368851,302.3262952592638,306.4729031880697,306.15166414048934,-4.883750088929499,-5.632536936265925,0.8763631245172179,0.9806916186555036,0.8836987536564587,0.10432849413828571
160,37.81757405746783,1.9906817488938997,0,2,2020-02-25,,synthetic_background,0.0148255497050513,0.0042406401512025,301.9399562835694,304.71729880438915,305.8833047654894,-6.75894926091101,-6.739605438413482,0.7996918201209153,0.6967096455481868,0.8346161319568115,-0.10298217457272851
161,37.57765525084282,2.3052774505545277,0,2,2020-02-25,,synthetic_background,0.0154069185090293,0.0084696791049836,303.0216565873888,306.0928847418891,307.3739731682671,-9.012571664706492,-10.330318992871998,0.6238488516688276,0.4461144322134697,0.4475378477389277,-0.17773441945535795
162,36.948378574391526,4.689904759620871,0,2,2020-02-25,,synthetic_background,0.025117021782421,0.0001749924299119,305.6464667002361,309.9481473286947,308.9611910502116,-0.4633552539959993,-5.647547343815159,1.8911199006196195,1.8934096012950237,1.36813850137393,0.002289700675404127
163,37.93891995017547,3.941569809764485,0,2,2020-02-25,,synthetic_background,0.0058892935347785,0.0009389153596757,301.95412729051367,306.6328315734863,306.77662073771165,-7.005902174594331,-5.683508042390335,0.7242793732050055,0.6645966440497533,0.7690864812347523,-0.05968272915525219
164,36.8644444440001,5.64972222200004,1,3,2020-03-03,2020-03-03,fao_hopper,0.0072725981307257,0.0001151493665574,303.2287854936388,303.98214797973634,303.8197848002116,-4.10805111818517,-5.894774270634588,0.7270293141077782,1.118829386416604,1.0260244094761792,0.39180007230882574
165,36.841111111,5.47111111100003,1,3,2020-03-03,2020-03-03,fao_hopper,0.0214518725705374,0.0041941038247941,302.9827405717638,303.4217530144586,303.0734848870171,-5.558016580537306,-6.5549171012031335,0.6825008788560085,0.8703502819914359,0.8883188958543662,0.18784940313542742
166,37.0427777780001,5.165,1,3,2020-03-03,2020-03-04,fao_hopper,0.0496479987931479,0.000257947194278,303.6458970387777,301.893052927653,302.40994322035044,-4.923122389043556,-6.712791886926695,0.7060731738600836,0.9739961451309056,0.9580227469135788,0.267922971270822
167,38.139722222,4.73,1,3,2020-03-03,2020-03-06,fao_hopper,0.0107912242245902,0.0007131031629441,298.418781153361,302.13684090508355,302.57072338528104,-5.412950345441111,-5.397396767638412,0.9092654912546222,0.8933111011919193,0.9788303498570944,-0.01595439006270294
168,36.8111111110001,5.46944444400003,1,3,2020-03-03,2020-03-09,fao_hopper,0.0214518725705374,0.0041941038247941,302.9827405717638,303.4217530144586,303.0734848870171,-5.754358298907979,-6.180247878622972,0.9344514520528072,0.8399571659941174,0.9072162761389686,-0.09449428605868981
169,36.831666667,5.47611111100002,1,3,2020-03-03,2020-03-09,fao_hopper,0.0214518725705374,0.0041941038247941,302.9827405717638,303.4217530144586,303.0734848870171,-5.658856005986655,-7.185638669120993,0.9606400234216534,0.8546423884752863,0.8623856757713121,-0.10599763494636716
170,37.953611111,5.06888888900005,1,3,2020-03-03,2020-03-05,fao_band,0.0329829424453009,0.0010048082944749,296.8462659623888,298.936754099528,299.80759947035045,-6.720844506806355,-5.78761455365305,0.8503584067187198,0.701772249526445,0.9019982376046544,-0.14858615719227475
171,36.75,2.4,1,3,2020-03-03,2020-03-03,fao_band,0.021297407133602,0.0018193206664918,303.40848926968044,310.32174758911134,311.77094039916994,-10.116069842133491,-8.677542796361372,0.6027728835744237,0.3548973666106191,0.5586144903456018,-0.2478755169638046
172,37.3,0.683333333000064,1,3,2020-03-03,2020-03-06,fao_band,0.0231698870492209,0.0107445499774812,298.4985012054443,301.36255705091685,303.1210977342394,-6.011322715720473,-5.998780591338298,0.8677273309671087,0.8013680145220576,0.8368761361461315,-0.06635931644505111
173,37.066666667,3.31666666700005,1,3,2020-03-03,2020-03-07,fao_band,0.0137410580945243,0.0005136064168809,305.7294582366943,310.24705683390306,311.55916197035043,-9.951751750717952,-10.202400261912654,0.4506600381309064,0.3673256780855998,0.4425148196048804,-0.08333436004530659
174,37.1333333330001,0.583333333000041,1,3,2020-03-03,2020-03-09,fao_band,0.0262708633971442,0.0130970708009598,295.49748666551375,297.0191705491807,298.4557223002116,-3.49009916762137,-4.277958073486436,0.7746268762929553,1.2370024957762145,0.8661556886063634,0.4623756194832591
175,37.1166666670001,0.7,1,3,2020-03-03,2020-03-09,fao_band,0.0224755525422324,0.0146382084962723,296.8303968217638,298.8980279710558,300.3092270745172,-5.806877609056825,-4.730120222612483,0.8715509670427485,0.8319606816070336,0.9986771382037744,-0.039590285435714856
176,38.1833333330001,4.97777777800007,1,3,2020-03-03,2020-03-04,fao_adult,0.011140894873165,0.0012884667989609,296.9899779849582,299.5434001498752,300.35972078111433,-5.819980182730706,-6.598685546592952,0.8315434845439122,0.8299744819433292,0.6496997494078288,-0.0015690026005830138
177,38.1702777780001,5.01944444400004,1,3,2020-03-03,2020-03-04,fao_adult,0.011140894873165,0.0012884667989609,296.9899779849582,299.5434001498752,300.35972078111433,-9.065778694257745,-8.804540274950638,0.6952644525739037,0.4412815414392166,0.5107319752807844,-0.2539829111346871
178,38.1936111110001,4.7475,1,3,2020-03-03,2020-03-05,fao_adult,0.0081070780587424,0.0006342462179063,297.0109903547499,300.7262343512641,301.3804022047255,-7.789609605789444,-6.829914029030078,0.4889885483611367,0.5705159907987416,0.6555495609299213,0.0815274424376049
179,38.190555556,4.435,1,3,2020-03-03,2020-03-05,fao_adult,0.0115404099059333,0.0018107524988053,297.8520493825277,301.32652732001407,301.83977177937817,-6.171496729064787,-5.499630664052038,0.6624449077364201,0.7779946121902789,0.9341894499932824,0.11554970445385881
180,38.164444444,4.67583333300007,1,3,2020-03-03,2020-03-06,fao_adult,0.0081070780587424,0.0006342462179063,297.0109903547499,300.7262343512641,301.3804022047255,-2.052638222142754,-4.673255345232244,1.1401012944660485,1.5359687704303526,1.1858996020442167,0.39586747596430416
181,38.1358333330001,4.66777777800007,1,3,2020-03-03,2020-03-07,fao_adult,0.0107912242245902,0.0007131031629441,298.418781153361,302.13684090508355,302.57072338528104,-4.494583372140196,-5.260981201325764,1.1433900113221058,1.0485285306959482,1.1488222965181492,-0.09486148062615762
182,38.130277778,4.70166666700004,1,3,2020-03-03,2020-03-06,fao_adult,0.0107912242245902,0.0007131031629441,298.418781153361,302.13684090508355,302.57072338528104,-4.202269129789297,-4.872985822736032,0.8884113536319782,1.101429960805219,1.2917417675107876,0.21301860717324073
183,38.1375,4.6925,1,3,2020-03-03,2020-03-07,fao_adult,0.0107912242245902,0.0007131031629441,298.418781153361,302.13684090508355,302.57072338528104,-4.853107311467451,-5.733911065037256,1.1169186984106805,0.9859240497720634,0.8519399574051045,-0.1309946486386171
184,38.1022222220001,4.64972222200004,1,3,2020-03-03,2020-03-07,fao_adult,0.0107912242245902,0.0007131031629441,298.418781153361,302.13684090508355,302.57072338528104,-5.646797900364803,-6.88619619371295,1.3561740801672202,0.8565097756386395,1.1935070723462489,-0.4996643045285807
185,38.130277778,4.65916666700002,1,3,2020-03-03,2020-03-07,fao_adult,0.0107912242245902,0.0007131031629441,298.418781153361,302.13684090508355,302.57072338528104,-5.3530478564846575,-5.842749074875574,1.2211517697309886,0.902917368248198,0.8438681741317425,-0.3182344014827906
186,37.8669444440001,5.01694444400005,1,3,2020-03-03,2020-03-09,fao_adult,0.0269026279282798,0.0010166696187852,297.75210363599984,299.92080900404187,300.334932369656,-5.13923752994433,-4.264994673984555,1.0522798177979769,0.9384031590606892,1.2108458213436897,-0.1138766587372877
187,38.1013888890001,4.68444444400006,1,3,2020-03-03,2020-03-09,fao_adult,0.0107912242245902,0.0007131031629441,298.418781153361,302.13684090508355,302.57072338528104,-4.89878828534599,-3.679671259256191,0.9777404708070496,0.9781306285062789,1.2187159703182162,0.00039015769922923216
188,38.084722222,4.67388888900007,1,3,2020-03-03,2020-03-09,fao_adult,0.0107912242245902,0.0007131031629441,298.418781153361,302.13684090508355,302.57072338528104,-6.368278059878158,-6.718020813970185,1.0496352114995584,0.7499919903602338,0.9657359035459618,-0.2996432211393246
189,38.19,5.08611111100004,1,3,2020-03-03,2020-03-03,fao_swarm,0.0108862042260398,0.0008730373260377,296.9327188703749,299.9213135613336,300.78660880194764,-5.442867716740169,-7.29465740286458,0.8289304286498786,0.8885407432386411,0.8136458741317597,0.059610314588762425
190,38.2263888890001,4.33388888900004,1,3,2020-03-03,2020-03-03,fao_swarm,0.0147164881062735,0.0020726702091096,297.7462768130832,301.321763865153,301.75648727417,-5.884893224147564,-4.309701095980289,1.0806838566934498,0.8201860642323737,0.999572257798167,-0.26049779246107607
191,38.212222222,4.88361111100005,1,3,2020-03-03,2020-03-03,fao_swarm,0.0110178857875098,0.001481109010875,296.42267655266653,299.9249159918891,300.796992916531,-3.187799288575468,-5.806287273275311,0.9998944269008184,1.297254577090781,1.1937597693262354,0.29736015018996265
192,37.985,5.1225,1,3,2020-03-03,2020-03-05,fao_swarm,0.0329829424453009,0.0010048082944749,296.8462659623888,298.936754099528,299.80759947035045,-4.27893846016941,-3.107541637054433,0.8062602422424431,1.0873957529323668,0.9921621216867168,0.2811355106899237
193,38.37,4.85638888900007,1,3,2020-03-03,2020-03-05,fao_swarm,0.0153360932898749,0.0011279514905808,297.00126270718044,300.4819960700141,301.6059935675727,-6.155299813841898,-4.944485149051843,0.728927857128328,0.7803344483820225,1.1740058465366934,0.05140659125369451
194,37.4166666670001,0.583333333000041,1,3,2020-03-03,2020-03-04,fao_swarm,0.0186807036233176,0.007886879789531,298.2868638356526,302.15803773668074,303.9425929599338,-4.988279273170408,-6.48043849215665,0.7257611887527118,0.9629841367724458,0.798653566659167,0.23722294801973398
195,36.266666667,0.0,1,3,2020-03-03,2020-03-04,fao_swarm,0.0647087067198981,0.048763134228885,289.2401244693332,291.7056939866808,292.368086666531,-6.384066073070983,-5.390567758731175,0.9144947969637685,0.7495232789618465,0.7164714015224227,-0.164971518001922
196,37.316666667,0.966666667000027,1,3,2020-03-03,2020-03-04,fao_swarm,0.022315558774494,0.0148050120946763,296.07089161343043,297.8332330491808,298.99430736965604,-4.709513675844221,-5.858400240591042,0.9185511559844356,1.0106928151414885,0.9538568547751388,0.09214165915705286
197,36.75,2.4,1,3,2020-03-03,2020-03-05,fao_swarm,0.021297407133602,0.0018193206664918,303.40848926968044,310.32174758911134,311.77094039916994,-10.116069842133491,-8.677542796361372,0.6027728835744237,0.3548973666106191,0.5586144903456018,-0.2478755169638046
198,38.2263888890001,4.33388888900004,1,3,2020-03-03,2020-03-04,fao_swarm,0.0147164881062735,0.0020726702091096,297.7462768130832,301.321763865153,301.75648727417,-5.884893224147564,-4.309701095980289,1.0806838566934498,0.8201860642323737,0.999572257798167,-0.26049779246107607
199,37.903333333,5.07861111100004,1,3,2020-03-03,2020-03-09,fao_swarm,0.0293237089944113,0.000873216139972,297.4848456064859,299.7584500630697,300.54457863701714,-3.960634627218641,-5.886177431821416,0.8854421600528604,1.1463915575235737,0.8702305073315126,0.26094939747071333
200,37.9861111110001,4.65777777800002,1,3,2020-03-03,2020-03-09,fao_swarm,0.0119307011199225,0.0008382580158112,299.9000854068332,302.9445448981391,303.1579087151421,-4.167233039661719,-3.898329304829831,1.0430415872509295,1.1078805209783626,1.1796715838136895,0.0648389337274331
201,36.816666667,2.28333333300003,1,3,2020-03-03,2020-03-06,fao_swarm,0.025599461777233,0.0032816759225724,298.74189313252765,305.7985867818196,307.26848814222546,-6.090554081376787,-5.795520375004559,0.7505971078017908,0.789740968965938,0.8134054960428225,0.03914386116414725
202,37.5441666670001,0.507222222000053,1,3,2020-03-03,2020-03-07,fao_swarm,0.0114259391856421,0.0077304921028016,297.5382201724582,300.88975431654194,302.3586248609755,-4.794027541552612,-5.909883616398352,1.2268991479276277,0.9960651668673336,1.0188137424275143,-0.23083398106029407
203,36.6666666670001,0.266666667000038,1,3,2020-03-03,2020-03-08,fao_swarm,0.0389790952038993,0.0115643075582383,291.69651010301374,293.19119745890305,294.6160196092394,-8.40893600887036,-6.988046737703904,0.5395474492623955,0.5042508711824576,0.6286805422725117,-0.03529657807993791
204,36.833333333,2.25,1,3,2020-03-03,2020-03-06,fao_swarm,0.0331982791257132,0.0043120465156434,295.8635999467637,300.67022306654184,301.7985608418783,-6.127250894770732,-6.925759418633641,0.8675239031928332,0.7843990497165457,0.7726747435926855,-0.08312485347628751
205,38.25044527028199,1.6862104279827768,0,3,2020-03-03,,synthetic_background,0.0056208193135489,0.0026530555364487,303.55323753356936,307.2866998460558,308.45422490437824,-5.273580448301759,-4.279254571018768,0.8330522820762354,0.9163010809708352,1.0418367638725194,0.0832487988945998
206,37.652382853596826,4.865351156778559,0,3,2020-03-03,,synthetic_background,0.009871226532482,0.0001942149278519,301.656037012736,303.8787462870279,304.51831995646154,-8.603323903173372,-6.603473840218848,0.5226915382025523,0.4848545831322495,0.6065637784647975,-0.037836955070302825
207,37.863519423209226,2.6116981987281296,0,3,2020-03-03,,synthetic_background,0.008920875175022,0.004417487132251,303.27657195197213,307.2528131273058,308.52672381930887,-10.58838798015149,-10.920516978906852,0.3983818981619383,0.3212624773963917,0.3515193658226374,-0.07711942076554662
208,36.56109835083843,2.1618025565965944,0,3,2020-03-03,,synthetic_background,0.0347152620387305,0.0013777843591569,305.3457017262777,311.63177905612525,312.178291744656,-4.796513257416013,-7.726596547575436,0.7007785910827207,0.995637088732043,0.609958130461369,0.29485849764932237
209,36.86523783568269,3.526269721501436,0,3,2020-03-03,,synthetic_background,0.0209490924906958,0.0005435577508805,305.07095129224984,308.9387180752224,309.95888527764214,-6.862356743570256,-6.321717000705039,0.6623361027853127,0.6831161975934186,0.6337750794814085,0.02078009480810583
210,37.96614841785418,0.8726448167171938,0,3,2020-03-03,,synthetic_background,0.0142295777631034,0.0083805552598832,300.9697902679443,304.16604554918075,305.2943290710449,-5.162383176421571,-5.231334079455361,1.006025973604424,0.9339784989075868,0.7164504014270772,-0.07204747469683714
211,36.29470336205943,3.3203944989331298,0,3,2020-03-03,,synthetic_background,0.0303260057997931,0.0009298405525086,305.3433308495416,307.3267931620281,307.7792574564616,-7.868522465312353,-6.598952048584376,0.5715144174182607,0.5616856551746521,0.6688868382530964,-0.009828762243608624
212,38.00659912948903,1.3286633439489297,0,3,2020-03-03,,synthetic_background,0.0104446083140601,0.0092633596536515,301.57328961690274,305.40459806654184,306.5211302863227,-5.070596296069544,-4.706470690044181,0.7324027837093439,0.9491939631973656,0.8670998022909839,0.21679117948802173
213,38.23048240843421,3.229934999608065,0,3,2020-03-03,,synthetic_background,0.0110061287713278,0.002969243275821,302.50600988599984,306.7380995856391,307.5528251647949,-7.947716330306778,-8.996059026720086,0.3911522242582538,0.5540376929559496,0.3755355636903676,0.16288546869769582
214,36.24849765039702,4.551516451330189,0,3,2020-03-03,,synthetic_background,0.0510648459029425,0.0002528957006333,304.38700489468044,307.6384034050835,306.62634404500324,-9.49452400826398,-7.708023046440012,0.414109170310109,0.4040557156584927,0.4442993732783465,-0.010053454651616334
215,38.996687531512976,0.0635564542984423,0,3,2020-03-03,,synthetic_background,0.0101640045476187,0.0079251459714768,303.2018757714165,307.4415501064724,307.4456582811144,-5.276247501497993,-5.498524271718431,0.8875476228777955,0.9185928024137208,0.8245135117919298,0.031045179535925227
216,38.855661389446304,0.3890108927679914,0,3,2020-03-03,,synthetic_background,0.0135111033749808,0.0083729109641907,302.8691663530138,306.38062888251415,306.59910337660045,-6.684679923711693,-5.1949198182696215,0.9162282242909237,0.7066038254858164,0.9180458811500424,-0.2096243988051073
217,37.22070204902598,3.074244625211888,0,3,2020-03-03,,synthetic_background,0.011051875336193,0.0006620219823716,304.36771235995826,309.70302471584745,311.0651515536838,-9.392984199177096,-10.717865146730556,0.4222409195293828,0.4125592399553984,0.3013565580768658,-0.009681679573984414
218,36.92840959296256,4.007490199029393,0,3,2020-03-03,,synthetic_background,0.0194022923541297,0.0005119970914719,304.13176400926375,308.5427165561252,308.57588289048937,-6.520907348146693,-6.6463749655278175,0.9445307212266784,0.7289986180049184,0.7110734683148107,-0.21553210322175997
219,37.51828047429274,1.286158160424384,0,3,2020-03-03,,synthetic_background,0.0225876539778937,0.0143271765586732,300.1721340179444,301.84598261515293,303.3392238193088,-5.402867990466673,-5.409932870770217,1.0066299541225916,0.8949228487575257,0.8801992956575104,-0.1117071053650659
220,36.22293083886643,2.5248661949431432,0,3,2020-03-03,,synthetic_background,0.0195625841450919,0.0009719065305588,306.3096340179443,311.00738669501413,311.8130248175727,-7.306099959572538,-5.925920231522362,0.7008125005784109,0.627169001461339,0.7399525174719372,-0.07364349911707191
221,37.07723941957219,1.241034968888565,0,3,2020-03-03,,synthetic_background,0.0169519901108969,0.0105309716340897,297.744415918986,300.4144830491808,301.4797945658365,-5.949232096596439,-5.563886856067188,0.9522960662051206,0.8121604411638152,1.168563288405707,-0.1401356250413054
222,36.91401124753475,4.252225593974654,0,3,2020-03-03,,synthetic_background,0.0208847343754996,0.0002037963744996,304.0077242957221,308.86231291029185,307.50264612833666,-5.948071082082801,-5.9610962601698,0.9628834838084112,0.8153649277516404,0.821515504755348,-0.14751855605677078
223,38.79470949187567,4.929405487652612,0,3,2020-03-03,,synthetic_background,0.006808859093212,0.0012399188157914,296.7253403981527,298.8497857835558,299.6406506856283,-5.33159937156662,-4.961594750029578,0.5978327926645234,0.9063746987750072,1.0600443649256177,0.3085419061104838
224,38.69962155444652,0.8535266825927492,0,3,2020-03-03,,synthetic_background,0.0048646747899283,0.006682314622104,303.6094441307916,306.9473823547363,307.4726222568088,-5.751048151869152,-5.936105300840739,0.981755089313236,0.8490285982787237,0.7623770131691613,-0.13272649103451228
225,38.13578908629175,0.5146627500471843,0,3,2020-03-03,,synthetic_background,0.042902854068302,0.0395489565011857,297.81078419155546,299.1024062262641,300.0952730814616,-5.191446552146445,-5.039132224960061,0.8579081078508325,0.9291961820681174,1.138027728022958,0.07128807421728489
226,38.10868166873778,1.207091214747653,0,3,2020-03-03,,synthetic_background,0.0103495836091269,0.0082533440467713,302.3384914398193,306.3343777974447,307.3764851040311,-4.6713781527536895,-4.665521211280152,1.058537410241615,1.0173396754591195,1.2661913107256215,-0.04119773478249544
227,38.4325481079338,1.3625761182510747,0,3,2020-03-03,,synthetic_background,0.0058564960789908,0.0039495608684418,303.4587062835693,307.3409695943197,308.3531235588921,-6.606006112723931,-5.969827456085593,0.5966313070446403,0.7176751402710573,0.8097455499454531,0.12104383322641699
228,37.94460696030824,1.7715284174218575,0,3,2020-03-03,,synthetic_background,0.0099940568042029,0.0032610825178025,302.52623015509715,306.2491401672363,307.54364547729494,-9.442955079510655,-8.070449105910473,0.6540203024267135,0.408321245798977,0.4604693745009928,-0.2456990566277365
229,36.55264015647075,4.872561971145696,0,3,2020-03-03,,synthetic_background,0.0330612480473746,0.0003254047510026,301.4854369693332,305.86172697279187,304.90293367173933,-5.953856307629479,-5.713076734986309,1.0633600025630583,0.8098810632258479,0.9389361145930372,-0.25347893933721044
230,38.42694717739958,3.03617430114816,0,3,2020-03-03,,synthetic_background,0.0073081672024954,0.0023938796398041,303.26562902662494,307.4912896898058,308.35878219604496,-10.38978324025739,-9.600619065432612,0.4425950090732503,0.3355762859346007,0.6800690544855512,-0.10701872313864957
231,36.45120667571051,0.4155806458441369,0,3,2020-03-03,,synthetic_background,0.0493474125695456,0.0108178785917161,292.60142546759715,293.83368335300025,294.63621817694764,-7.6604533783963955,-6.619236830901987,0.5289723102107297,0.5854334601074374,0.6184660093349104,0.056461149896707696
232,37.94401571557064,2.772477922777954,0,3,2020-03-03,,synthetic_background,0.0059096634221305,0.0020085654136536,303.55274382697206,308.3157525804308,309.6120753818088,-9.812546033037847,-9.306669635092096,0.399204979835163,0.3785611642236302,0.3266257680621647,-0.020643815611532834
233,36.16167558186436,5.071535910788076,0,3,2020-03-03,,synthetic_background,0.0424420058560599,0.0011288306590913,303.537482325236,306.1036703321669,305.41138636271154,-4.608633448581818,-5.310982927404798,0.857475816956941,1.028338319120632,0.9379226330219408,0.17086250216369092
234,38.15573730454573,4.332912378645268,0,3,2020-03-03,,synthetic_background,0.0147164881062735,0.0020726702091096,297.7462768130832,301.321763865153,301.75648727417,-3.341400082854836,-2.837847528412217,1.0270345677103074,1.2664479383508664,0.9618363926685114,0.239413370640559
235,38.19619629808531,4.1046836922966365,0,3,2020-03-03,,synthetic_background,0.0194105028939475,0.0018833360549805,296.077960840861,300.0935249328613,300.3926363627116,-6.1539193707274045,-6.994445457642781,0.7236392379072525,0.7817553847071732,0.9071726502869144,0.05811614679992072
236,36.86716629588162,0.8441799424637404,0,3,2020-03-03,,synthetic_background,0.0148822486233939,0.0125873020765183,293.8695244259304,295.8299018859863,297.29069408840604,-7.3682571641168115,-8.356137051264064,0.597607266034926,0.6197361544328663,0.6247947233344008,0.02212888839794036
237,38.30863361939454,5.276244576057077,0,3,2020-03-03,,synthetic_background,0.0060175627303351,0.0004756531593201,296.5479695214166,298.78716642591684,299.77341978285045,-8.172789410607587,-7.665035948182915,0.7309773031667263,0.5287041169074866,0.5902347400276258,-0.20227318625923962
238,38.57114567088657,2.927347584790409,0,3,2020-03-03,,synthetic_background,0.0070840388369788,0.0026629797098038,302.8646090613471,306.78497458563913,307.52796622382266,-7.560874767528619,-6.425181731790475,0.7628639376392405,0.5989942399715328,0.8388505387758952,-0.16386969766770776
239,36.06427722722661,3.0339875361928046,0,3,2020-03-03,,synthetic_background,0.0247322141957511,0.0002438357946275,305.6831094953749,310.9085748460558,311.73270797729487,-4.702661593830178,-4.930682904081003,0.883894567783852,1.0119397106697006,0.9474132385481876,0.12804514288584856
240,36.91369232502465,0.3677864652804203,0,3,2020-03-03,,synthetic_background,0.0499666899276007,0.015778475153148,293.21590571933325,294.3609565734864,295.7560912238227,-5.00834651981436,-5.4669643682371385,0.77452204538746,0.9596099178493162,0.8693645261648963,0.1850878724618562
241,36.892940994540616,4.56593523460207,0,3,2020-03-03,,synthetic_background,0.0273111730647315,0.0001662752506135,305.26044782002765,309.48968921237525,308.4433091057671,0.5473050802507622,-3.344585414040104,1.2796504454919162,2.1258551324115524,0.9421101777633384,0.8462046869196362
242,37.49169379466403,4.16488331375766,0,3,2020-03-03,,synthetic_background,0.0118682652545203,0.0005209675905106,302.6546589745416,306.7248129102919,306.3751396179199,-6.164785448215455,-6.777929963818074,0.6803078284419674,0.7792195069668812,0.8145529534593012,0.09891167852491389
243,37.68064754184015,2.9976558117684178,0,3,2020-03-03,,synthetic_background,0.0117634951901663,0.0014896920797227,304.8161498599582,309.29716534084747,310.53960359361434,-10.30321048893912,-10.189181190580204,0.4799922443667058,0.3412061795392859,0.2989775954837683,-0.1387860648274199
244,37.342494509497904,0.4580009633868471,0,3,2020-03-03,,synthetic_background,0.014863041026615,0.0100582769986985,296.86596539815275,299.48437779744467,300.96152742173933,-6.112428601653166,-7.045342670199507,0.7537935952031732,0.7865534210595633,0.7048570220977304,0.032759825856390035
245,38.528400573460914,5.161011152046087,0,3,2020-03-03,,synthetic_background,0.0088661730122794,0.0001819512721894,298.6669094085693,301.53507224188905,302.8309447394477,-4.480696998369592,-5.858291134905894,0.8506559847439404,1.0510042047054415,0.9376193810623576,0.2003482199615011
246,36.951666667,5.33944444400004,1,4,2020-03-10,2020-03-15,fao_hopper,0.048012357933544,0.0002922496673463,303.47995736863874,301.520152537028,302.0893160502116,-5.87469416202496,-5.038029643847814,0.7801248412729171,0.8217183182124156,0.9003402221142183,0.04159347693949844
247,36.834166667,5.54416666700007,1,4,2020-03-10,2020-03-10,fao_hopper,0.0214518725705374,0.0041941038247941,302.9827405717638,303.4217530144586,303.0734848870171,-4.875974860072024,-4.414969731045655,0.9170802739036092,0.9820175067704038,0.9549129742426894,0.06493723286679454
248,36.835,5.54416666700007,1,4,2020-03-10,2020-03-10,fao_hopper,0.0214518725705374,0.0041941038247941,302.9827405717638,303.4217530144586,303.0734848870171,-6.109457297481185,-5.441689713984232,0.917498198731786,0.7869858275950244,0.8362780453984717,-0.1305123711367615
249,36.839722222,5.44944444400005,1,4,2020-03-10,2020-03-10,fao_hopper,0.0166614770722617,0.0009868672963975,302.29755176968047,304.9990208095975,304.6980128818088,-5.934436692782226,-5.109460995753709,0.7371912323784814,0.8127730871439499,1.0973927979706457,0.07558185476546853
250,36.839722222,5.44388888900005,1,4,2020-03-10,2020-03-11,fao_hopper,0.0166614770722617,0.0009868672963975,302.29755176968047,304.9990208095975,304.6980128818088,-6.594455275584664,-5.356157417133482,0.9016768306543383,0.7187716343328904,0.7677788283467659,-0.18290519632144797
251,36.834166667,5.54416666700007,1,4,2020-03-10,2020-03-11,fao_hopper,0.0214518725705374,0.0041941038247941,302.9827405717638,303.4217530144586,303.0734848870171,-4.875974860072024,-4.414969731045655,0.9170802739036092,0.9820175067704038,0.9549129742426894,0.06493723286679454
252,36.839722222,5.44916666700004,1,4,2020-03-10,2020-03-12,fao_hopper,0.0166614770722617,0.0009868672963975,302.29755176968047,304.9990208095975,304.6980128818088,-5.211780867942178,-5.295743110912813,0.746904854238148,0.9258603825103248,0.8736198053956745,0.17895552827217676
253,36.835833333,5.545,1,4,2020-03-10,2020-03-12,fao_hopper,0.0214518725705374,0.0041941038247941,302.9827405717638,303.4217530144586,303.0734848870171,-4.0870559969547,-6.217035098317911,0.916330702637548,1.12272942435913,0.8247970490438272,0.2063987217215819
254,36.9675,5.40111111100003,1,4,2020-03-10,2020-03-15,fao_band,0.0341602086854209,0.0002330771562455,303.10083410474994,302.44234220716686,302.3934176127115,-5.075156092129079,-5.583096866512679,0.874898729641044,0.9484340729495296,0.823535248822351,0.07353534330848566
255,36.8502777780001,5.47194444400003,1,4,2020-03-10,2020-03-15,fao_band,0.0089872747493018,0.0001501074907181,303.86562360127766,305.06607810126405,304.8417791578505,-4.991355402939554,-5.416390608463292,0.9245424152249502,0.962466354970374,0.8577865753160159,0.03792393974542385
256,37.082222222,5.11805555600006,1,4,2020-03-10,2020-03-10,fao_band,0.0839651942086447,0.0013477883216737,300.04409582349984,299.5320340474446,299.66782082451715,-5.037237493294599,-4.329670220515151,1.135446386579194,0.954765959302504,0.8782724996917967,-0.18068042727668998
257,36.8583333330001,4.98361111100007,1,4,2020-03-10,2020-03-12,fao_band,0.0240257799458731,0.0003503045913575,306.053009668986,306.5296197679308,306.1560152689616,-5.355930059988239,-5.923908636030831,0.6035446941518059,0.9024534920600016,0.9429387549262228,0.2989087979081957
258,37.0744444440001,5.28,1,4,2020-03-10,2020-03-12,fao_band,0.0625197708440055,0.0003340325233338,303.0818019866944,302.26176495022247,302.4693941752116,-7.5646351613556,-6.672486318245586,0.5707774966117345,0.5963268130901658,0.6436501354009383,0.025549316478431283
259,37.1244444440001,5.20777777800004,1,4,2020-03-10,2020-03-14,fao_band,0.0748887479138602,0.0003846666690705,301.77550315856934,300.46982159084746,300.84991717868377,-6.151953741189869,-5.425045559576748,0.7405456185395879,0.7808184921377598,0.7976827047769723,0.04027287359817189
260,37.0744444440001,5.28,1,4,2020-03-10,2020-03-15,fao_band,0.0625197708440055,0.0003340325233338,303.0818019866944,302.26176495022247,302.4693941752116,-7.5646351613556,-6.672486318245586,0.5707774966117345,0.5963268130901658,0.6436501354009383,0.025549316478431283
261,37.1244444440001,5.20777777800004,1,4,2020-03-10,2020-03-15,fao_band,0.0748887479138602,0.0003846666690705,301.77550315856934,300.46982159084746,300.84991717868377,-6.151953741189869,-5.425045559576748,0.7405456185395879,0.7808184921377598,0.7976827047769723,0.04027287359817189
262,37.2,0.65,1,4,2020-03-10,2020-03-10,fao_band,0.0199101537299384,0.0123867622491715,297.06056175231936,298.7918105231391,300.2337930467393,-4.846116776698111,-4.986159380834655,0.9908976139633824,0.987120352010718,0.98005515253687,-0.003777261952664368
263,37.783333333,1.58333333300004,1,4,2020-03-10,2020-03-10,fao_band,0.0112141191792716,0.0048038593408463,302.1336303287082,306.416246287028,307.8754922654894,-6.763571541654683,-6.803336523029202,0.6805182230529087,0.6960974925650696,0.7499576869330882,0.015579269512160931
264,37.1666666670001,0.616666667000061,1,4,2020-03-10,2020-03-14,fao_band,0.0199101537299384,0.0123867622491715,297.06056175231936,298.7918105231391,300.2337930467393,-4.86151871697386,-4.316491450460495,1.015627976902684,0.9844858851817858,0.8617082191670903,-0.031142091720898102
265,36.8666666670001,0.4,1,4,2020-03-10,2020-03-14,fao_band,0.0499666899276007,0.015778475153148,293.21590571933325,294.3609565734864,295.7560912238227,-4.392964770822624,-5.089590181057216,0.9851064728995944,1.069918043097955,1.1710144275122418,0.0848115701983605
266,37.1666666670001,0.616666667000061,1,4,2020-03-10,2020-03-15,fao_band,0.0199101537299384,0.0123867622491715,297.06056175231936,298.7918105231391,300.2337930467393,-4.86151871697386,-4.316491450460495,1.015627976902684,0.9844858851817858,0.8617082191670903,-0.031142091720898102
267,37.718611111,0.12861111100006,1,4,2020-03-10,2020-03-10,fao_adult,0.0415315151047934,0.0310874811288712,294.09369434780547,295.4503879970974,296.2689818488227,-4.975888629539897,-4.714563167567188,0.7289472799105663,0.9650716864227142,1.1120583795058103,0.23612440651214794
268,38.215,5.01583333300005,1,4,2020-03-10,2020-03-12,fao_adult,0.011140894873165,0.0012884667989609,296.9899779849582,299.5434001498752,300.35972078111433,-8.984228218055437,-10.14037254698562,0.6818432043498343,0.4487077693886561,0.5619457387329555,-0.23313543496117817
269,38.1791666670001,4.79333333300002,1,4,2020-03-10,2020-03-12,fao_adult,0.0098750561309088,0.0010836354371903,296.2308091481527,300.4037028842502,301.2173759460449,-4.106013389888688,-5.945363710264632,1.1271295616025074,1.119207549995043,0.9624618498111336,-0.00792201160746453
270,38.2486111110001,4.99861111100006,1,4,2020-03-10,2020-03-13,fao_adult,0.011140894873165,0.0012884667989609,296.9899779849582,299.5434001498752,300.35972078111433,-5.20550879117647,-4.982197525021871,0.4885626191662402,0.9268884095451144,0.5709349943538097,0.4383257903788742
271,38.2913888890001,4.98583333300007,1,4,2020-03-10,2020-03-13,fao_adult,0.0095569610429038,0.0012070468541978,296.9470363616944,300.4543213738335,301.5531832377116,-4.950023126343842,-5.922814198408803,0.8198004621403998,0.9694393893790624,0.7451984729244984,0.14963892723866257
272,38.214444444,5.01194444400005,1,4,2020-03-10,2020-03-13,fao_adult,0.011140894873165,0.0012884667989609,296.9899779849582,299.5434001498752,300.35972078111433,-7.435727716938674,-7.926479823847092,0.4964276155248989,0.6115456333987921,0.6628175661673403,0.1151180178738932
273,38.1741666670001,4.86333333300007,1,4,2020-03-10,2020-03-13,fao_adult,0.0110178857875098,0.001481109010875,296.42267655266653,299.9249159918891,300.796992916531,-4.782593912960149,-6.124431830514483,0.9136723905828428,0.998035795764336,0.7365159425753631,0.08436340518149321
274,38.1947222220001,4.72555555600007,1,4,2020-03-10,2020-03-14,fao_adult,0.0081070780587424,0.0006342462179063,297.0109903547499,300.7262343512641,301.3804022047255,-5.007306408408837,-4.660526486832726,1.1896894740249124,0.9597844932479654,0.8914386488697646,-0.229904980776947
275,38.2175,4.69611111100005,1,4,2020-03-10,2020-03-14,fao_adult,0.0081070780587424,0.0006342462179063,297.0109903547499,300.7262343512641,301.3804022047255,-4.69131839121148,-5.214223386471257,1.1445036113825038,1.0138605869609227,0.90106240801307,-0.13064302442158104
276,38.210555556,4.70027777800004,1,4,2020-03-10,2020-03-14,fao_adult,0.0081070780587424,0.0006342462179063,297.0109903547499,300.7262343512641,301.3804022047255,-5.924342437012514,-4.71855552082701,1.0595539066145323,0.8142793883115973,0.8093490079796019,-0.245274518302935
277,37.7488888890001,5.01833333300004,1,4,2020-03-10,2020-03-16,fao_adult,0.0091957270932425,0.0001822790977357,301.230304590861,304.242222849528,304.82688115437827,-5.72178550544703,-6.278649920344483,0.8926817915323497,0.8451083883175223,1.0501523421871433,-0.04757340321482739
278,37.9830555560001,4.64888888900003,1,4,2020-03-10,2020-03-10,fao_adult,0.007520985586666,0.0007429799911378,300.6000365787082,303.4307862175836,303.5110282897949,-5.590762821534218,-5.522340243305516,1.0724196902060743,0.8652266126643657,0.9097888486125664,-0.20719307754170857
279,38.2341666670001,5.05861111100006,1,4,2020-03-10,2020-03-12,fao_adult,0.0108862042260398,0.0008730373260377,296.9327188703749,299.9213135613336,300.78660880194764,-4.581651897186484,-7.54547949893915,0.5762161399435644,1.0330918083873768,0.8233920286258507,0.45687566844381244
280,38.3544444440001,5.07194444400005,1,4,2020-03-10,2020-03-12,fao_adult,0.0126260191035498,0.0005710652944443,296.6892835405137,299.81314298841687,300.9653794182671,-5.464524016335105,-5.568520219307699,0.9428196808655642,0.8850989943651076,0.8557506884212075,-0.057720686500456586
281,38.213888889,4.65583333300003,1,4,2020-03-10,2020-03-14,fao_adult,0.0081070780587424,0.0006342462179063,297.0109903547499,300.7262343512641,301.3804022047255,-4.542568493754844,-4.431645799038972,0.9095664033678278,1.0400026977736985,0.8355099348028803,0.13043629440587068
282,38.273333333,4.45361111100004,1,4,2020-03-10,2020-03-15,fao_adult,0.0056167214942206,0.0009814432737229,296.70094803704154,300.671812693278,301.4995753818088,-5.2467593184367285,-4.668323151300543,0.7409759312005895,0.9201418481974926,1.0773316339152847,0.1791659169969031
283,38.2944444440001,5.14388888900004,1,4,2020-03-10,2020-03-10,fao_adult,0.0095054477286566,0.0007820657369492,296.467560450236,299.9707004970975,301.0348401387531,-7.497408186676759,-5.473190228878359,0.6426751047202002,0.6042242885457524,0.9968905925650025,-0.03845081617444779
284,38.3158333330001,5.1475,1,4,2020-03-10,2020-03-10,fao_adult,0.0095054477286566,0.0007820657369492,296.467560450236,299.9707004970975,301.0348401387531,-8.677032878762216,-7.543428425537723,0.6696368475089433,0.4776688256594602,0.6453015579461097,-0.19196802184948308
285,38.389444444,5.08944444400004,1,4,2020-03-10,2020-03-12,fao_adult,0.0126260191035498,0.0005710652944443,296.6892835405137,299.81314298841687,300.9653794182671,-4.386178164543772,-5.29360243742882,0.9070424121491734,1.0679547505015885,1.0378272872138392,0.16091233835241514
286,38.4202777780001,5.0675,1,4,2020-03-10,2020-03-12,fao_adult,0.0126260191035498,0.0005710652944443,296.6892835405137,299.81314298841687,300.9653794182671,-4.68966871677155,-5.928599207034536,0.8850664987676432,1.0141481168057296,0.8349424542289982,0.12908161803808638
287,38.211111111,4.70222222200005,1,4,2020-03-10,2020-03-14,fao_swarm,0.0081070780587424,0.0006342462179063,297.0109903547499,300.7262343512641,301.3804022047255,-4.802150639562308,-4.381696977016702,1.1691669893211962,0.994666701566175,1.0103222567243344,-0.17450028775502124
288,38.211944444,4.66166666700002,1,4,2020-03-10,2020-03-14,fao_swarm,0.0081070780587424,0.0006342462179063,297.0109903547499,300.7262343512641,301.3804022047255,-4.903271960236632,-4.577027299745062,1.0699514454053471,0.9773679389660366,0.9265092295551868,-0.09258350643931057
289,38.2597222220001,4.43527777800006,1,4,2020-03-10,2020-03-15,fao_swarm,0.0086311220956076,0.0016607872125504,297.2923108842637,300.94269485473626,301.74732928805884,-7.532844454013841,-8.473213035983289,0.6411373296506209,0.6000507572854693,0.6638999914744154,-0.041086572365151564
290,38.1836111110001,4.44555555600004,1,4,2020-03-10,2020-03-15,fao_swarm,0.0115404099059333,0.0018107524988053,297.8520493825277,301.32652732001407,301.83977177937817,-4.593813959806713,-5.167675946043747,0.6915475854972107,1.0309473788328565,0.6545597836328465,0.33939979333564574
291,38.143055556,4.44833333300005,1,4,2020-03-10,2020-03-15,fao_swarm,0.013735812885784,0.001447670805156,298.21139725579155,301.6451362609863,301.5851168314616,-3.37719779315864,-4.9328983407158855,1.0097036826784695,1.2593248687020149,0.9197701348812504,0.24962118602354533
292,38.0583333330001,4.46555555600003,1,4,2020-03-10,2020-03-15,fao_swarm,0.0104281425309409,0.0009042254564164,298.94463293287487,302.3579834832086,302.3485337151422,-3.987350918560473,-5.363364687385136,0.7516924425401461,1.141363242244294,0.8802188975343771,0.389670799704148
293,38.4741666670001,5.13861111100005,1,4,2020-03-10,2020-03-10,fao_swarm,0.0133670538497199,0.000425674664676,297.906720606486,301.0219863043891,302.31652959187824,-5.800721947540813,-5.372586495217078,1.1877783676365428,0.8328950185251421,0.7647071376196104,-0.3548833491114006
294,38.3158333330001,5.14916666700003,1,4,2020-03-10,2020-03-10,fao_swarm,0.0095054477286566,0.0007820657369492,296.467560450236,299.9707004970975,301.0348401387531,-8.562881992583598,-8.881757882888746,0.5755872282460369,0.4888357372207302,0.6898706100625549,-0.08675149102530672
295,37.3666666670001,0.15,1,4,2020-03-10,2020-03-11,fao_swarm,0.1831598847937812,0.1041681847450135,288.22695715162496,290.28283157348625,291.1223509894477,-7.524673448775527,-5.950479528387049,0.7222666062727521,0.6010109923234188,0.8571320605858787,-0.12125561394933326
296,36.033333333,1.95,1,4,2020-03-10,2020-03-12,fao_swarm,0.0462912738156546,0.00066774402827,304.6926852332221,309.39970440334747,309.4586465623644,-6.173219372871033,-6.532788322737222,0.8420875064063209,0.7888111520183098,0.6533012947404113,-0.05327635438801115
297,37.316666667,0.06666666700005,1,4,2020-03-10,2020-03-12,fao_swarm,0.1814391881060828,0.0912075272676347,289.3766316307916,291.0054823981391,291.85150680541994,-10.137260969362682,-9.26820799782342,0.4690276492862402,0.3533224746425649,0.3549371601262843,-0.1157051746436753
298,37.333333333,0.06666666700005,1,4,2020-03-10,2020-03-13,fao_swarm,0.1814391881060828,0.0912075272676347,289.3766316307916,291.0054823981391,291.85150680541994,-5.85932957608171,-6.667920860148183,0.9815905451715036,0.8240306188006545,0.8858382054620089,-0.15755992637084903
299,36.37432,5.01113,0,4,2020-03-10,2020-03-11,fao_no_locust,0.0575730621648062,0.0011074176904557,301.9442748599582,303.6222195943197,303.3499768575032,-6.464138786852615,-6.705358851078388,0.8882016705011042,0.7366342013792453,0.8575651582296704,-0.15156746912185892
300,36.24217,5.07912,0,4,2020-03-10,2020-03-11,fao_no_locust,0.0424420058560599,0.0011288306590913,303.537482325236,306.1036703321669,305.41138636271154,-5.105671798916097,-5.296133712044573,0.6977464057843041,0.9433594268536324,0.6948912607418261,0.24561302106932825
301,36.11185,5.14618,0,4,2020-03-10,2020-03-11,fao_no_locust,0.0289076536727179,0.0003265223380921,304.87663705613875,308.9259413825141,307.58292499118386,-5.57532705638957,-5.218863527191049,0.7354824918843951,0.8676390583558341,0.945579247073424,0.13215656647143903
302,38.32585,4.36763,0,4,2020-03-10,2020-03-11,fao_no_locust,0.0086311220956076,0.0016607872125504,297.2923108842637,300.94269485473626,301.74732928805884,-4.785777730528409,-4.976993794953083,0.906369462737022,0.9974867914773328,1.1930638441765609,0.09111732874031075
303,38.43882,4.38918,0,4,2020-03-10,2020-03-11,fao_no_locust,0.0049973547291983,0.0009959719058869,297.5031453026665,301.3510498894586,302.1123086717394,-5.795011838618377,-5.95605124952743,0.9874263729711388,0.8337624184711866,1.3638500637675677,-0.15366395449995218
304,36.07715,5.21902,0,4,2020-03-10,2020-03-11,fao_no_locust,0.0305147290063132,0.0008330575105546,304.55019933912484,308.6606256273058,307.535811275906,-6.516758739353131,-5.528367110780801,0.8857617110270113,0.7293804993958183,0.8409853857189156,-0.156381211631193
305,38.5549,4.45977,0,4,2020-03-10,2020-03-11,fao_no_locust,0.0020450621676673,0.0005587718364594,297.8513061099582,301.70448413425027,302.55411097208656,-6.076843878677181,-5.0159498997801695,1.0253821847122488,0.791743775397431,1.185351986417624,-0.23363840931481783
306,38.57085,4.42087,0,4,2020-03-10,2020-03-11,fao_no_locust,0.0016161620450247,0.0004434964534638,297.5603827158609,301.70400127834745,302.49002677069774,-5.670844673348116,-6.03979856733709,0.5419416155225674,0.8527886961842445,0.678512095426008,0.3108470806616771
307,37.47752,5.08828,0,4,2020-03-10,2020-03-11,fao_no_locust,0.0072437792849768,0.0005040249702332,299.93554005093046,304.11797697279195,304.6028956943088,-4.998772516962017,-5.989658084123466,0.9179935989768824,0.9612186702514246,0.9002494439242356,0.043225071274542226
308,37.50683,5.10387,0,4,2020-03-10,2020-03-11,fao_no_locust,0.0072437792849768,0.0005040249702332,299.93554005093046,304.11797697279195,304.6028956943088,-5.014363237077351,-5.102710154570377,0.9218661166736816,0.9585996530030202,0.9273375783804512,0.03673353632933862
309,37.53242,5.12305,0,4,2020-03-10,2020-03-11,fao_no_locust,0.0072437792849768,0.0005040249702332,299.93554005093046,304.11797697279195,304.6028956943088,-7.837188123286385,-7.863026345337132,0.6964262178373211,0.5651781959066096,0.69229850765436,-0.1312480219307115
310,37.57262,5.12223,0,4,2020-03-10,2020-03-11,fao_no_locust,0.0066726028752555,0.0001895806667207,300.7606160057915,304.7277046203613,305.26985532972554,-5.439432398754688,-4.916174353663117,0.8105409721872725,0.8890875823249399,1.2728770594110572,0.0785466101376674
311,37.59825,5.1277,0,4,2020-03-10,2020-03-11,fao_no_locust,0.0066726028752555,0.0001895806667207,300.7606160057915,304.7277046203613,305.26985532972554,-4.945336144751806,-4.883669168876107,0.777222331206757,0.9702322800557146,1.0720959621699415,0.1930099488489576
312,38.2149,5.02552,0,4,2020-03-10,2020-03-12,fao_no_locust,0.011140894873165,0.0012884667989609,296.9899779849582,299.5434001498752,300.35972078111433,-6.491500066411474,-7.223358381883635,0.6906283278798038,0.7328554790513131,0.6610993536519255,0.042227151171509325
313,38.39335,5.06467,0,4,2020-03-10,2020-03-12,fao_no_locust,0.0126260191035498,0.0005710652944443,296.6892835405137,299.81314298841687,300.9653794182671,-6.454276855276113,-6.399233771360608,0.7931712490532303,0.7379998743835464,0.6627993962618668,-0.055171374669683915
314,38.22598,4.9962,0,4,2020-03-10,2020-03-13,fao_no_locust,0.011140894873165,0.0012884667989609,296.9899779849582,299.5434001498752,300.35972078111433,-7.516205619118955,-6.028585298006309,0.7158138409520143,0.602007443694207,0.5089544048279363,-0.11380639725780728
315,38.26125,5.09153,0,4,2020-03-10,2020-03-13,fao_no_locust,0.0095054477286566,0.0007820657369492,296.467560450236,299.9707004970975,301.0348401387531,-7.1187904736717655,-7.256539285444258,0.8714229652733224,0.6503164416219466,0.7329620520519841,-0.22110652365137584
316,36.9855,0.62321,0,4,2020-03-10,2020-03-13,fao_no_locust,0.0308079987597693,0.014325090396106,294.6985717349582,295.8353760613336,297.0976059807671,-6.2429486628789,-7.3658943409406685,0.9452645024718112,0.7771194877346846,0.6850987914495063,-0.1681450147371265
317,38.1942,4.72778,0,4,2020-03-10,2020-03-14,fao_no_locust,0.0081070780587424,0.0006342462179063,297.0109903547499,300.7262343512641,301.3804022047255,-4.86846212742093,-4.738714860943842,0.8358409249792748,0.9832997803898488,0.756820816564031,0.14745885541057402
318,38.19603,4.79315,0,4,2020-03-10,2020-03-14,fao_no_locust,0.0098750561309088,0.0010836354371903,296.2308091481527,300.4037028842502,301.2173759460449,-8.021032300467615,-6.994715230998086,0.8932991674910515,0.544943984384764,0.7791250874846458,-0.34835518310628755
319,38.18628,4.84388,0,4,2020-03-10,2020-03-14,fao_no_locust,0.0098750561309088,0.0010836354371903,296.2308091481527,300.4037028842502,301.2173759460449,-7.0078134375279575,-4.743578951233003,0.712522960001429,0.6643527962563242,0.7869236190908179,-0.048170163745104855
320,37.86487,4.97968,0,4,2020-03-10,2020-03-16,fao_no_locust,0.0269026279282798,0.0010166696187852,297.75210363599984,299.92080900404187,300.334932369656,-5.115746187842198,-5.103031263364478,0.8720022940198218,0.9476049817575318,0.8528599821423049,0.07560268773771006
321,37.82533,4.98842,0,4,2020-03-10,2020-03-16,fao_no_locust,0.0171333223414649,0.0006173781034348,299.6723998599582,300.5081842210558,301.08745515611434,-5.050350690637883,-4.290600732756644,0.8269102192939168,0.9557269796238947,0.7765826188805135,0.1288167603299779
322,37.77723,5.00702,0,4,2020-03-10,2020-03-16,fao_no_locust,0.0171333223414649,0.0006173781034348,299.6723998599582,300.5081842210558,301.08745515611434,-5.263719207761226,-5.574157756898668,0.828481852810423,0.9181635678813584,0.6745923079732323,0.08968171507093547
323,37.7514,4.98428,0,4,2020-03-10,2020-03-16,fao_no_locust,0.0171333223414649,0.0006173781034348,299.6723998599582,300.5081842210558,301.08745515611434,-5.115426994708915,-4.785193008168231,0.7335524969005546,0.9534316566871144,0.8829067466800695,0.2198791597865598
324,37.72092,4.95218,0,4,2020-03-10,2020-03-16,fao_no_locust,0.0091957270932425,0.0001822790977357,301.230304590861,304.242222849528,304.82688115437827,-6.447808415736891,-6.2263612671065935,0.6430911458315652,0.7388966858064537,0.751400262021466,0.0958055399748885
325,37.68385,4.93888,0,4,2020-03-10,2020-03-16,fao_no_locust,0.009871226532482,0.0001942149278519,301.656037012736,303.8787462870279,304.51831995646154,-6.603996989602639,-8.734031051508815,0.5026911015709222,0.724039645713087,0.6219946623222472,0.22134854414216476
326,37.69027,5.08568,0,4,2020-03-10,2020-03-16,fao_no_locust,0.0082828074527014,0.0002173415300248,301.1274454328749,304.1918593512641,304.81169018215604,-5.674809776785756,-5.654123572779168,0.7771318130317413,0.8521762557996032,0.8088164103289675,0.07504444276786193
327,38.81783894603145,2.455930249190834,0,4,2020-03-10,,synthetic_background,0.00515614150288,0.002000831710994,303.53472624884705,306.9323270161947,307.5774996439616,-6.940509257262516,-5.510990705699219,0.7929721940362664,0.675616999096273,0.7753378747416659,-0.11735519493999336
328,37.0412340125996,2.4555392780255567,0,4,2020-03-10,,synthetic_background,0.018772748096012,0.0022765329954026,303.01504851447214,307.44694832695853,308.90315611097543,-4.841902586917476,-5.924767059747719,0.7407960725456715,0.9878420049212516,0.97296964350278,0.24704593237558015
329,37.80750131464394,5.3418465082522495,0,4,2020-03-10,,synthetic_background,0.0267969935965766,0.0009746930477021,298.38989660474994,297.3699572245279,298.1977795918782,-5.634516342450507,-6.6716407523294485,0.860829981085286,0.8624693213116942,0.8461875100247751,0.0016393402264082146
330,38.62852416541821,1.0915175162680597,0,4,2020-03-10,,synthetic_background,0.0058792352509726,0.0060073516246674,303.2575344085693,307.3533990648057,308.07318649291994,-4.450273651731882,-4.117716202061556,0.9410113885791896,1.0577817905550506,1.0076812709640226,0.11677040197586097
331,36.566347011884346,0.3027823111638807,0,4,2020-03-10,,synthetic_background,0.0329242765736808,0.0083822241899369,292.10088835822205,293.5488200717502,294.54308666653105,-6.253715695250079,-8.190044148576298,0.8480161096155601,0.7666185514557775,0.9339371313349302,-0.08139755815978256
332,37.45145206352003,4.395065534801631,0,4,2020-03-10,,synthetic_background,0.0108187019658316,0.0002441338178513,301.99579938252765,306.1775961134169,305.8214395311144,-4.877147781790202,-5.266540403932924,0.8973368925654475,0.9818279813284088,0.8841339272706181,0.0844910887629613
333,36.720939596738894,4.186361517269841,0,4,2020-03-10,,synthetic_background,0.0214352577758063,0.0003994188186524,304.60101856655547,309.04145245022244,308.5168388366699,-7.585285709968452,-7.572711885206368,0.5476574676901684,0.5940321182386004,0.7232007940460645,0.04637465054843193
334,37.73121164301358,2.381523509373074,0,4,2020-03-10,,synthetic_background,0.0194930553269614,0.0110100141641495,302.9669311099582,306.2813830057781,307.8364677429199,-8.03237343191471,-7.810783582751575,0.5330935438258572,0.5437159615660985,0.5787313510764027,0.010622417740241308
335,38.37866079995047,4.6530735570453015,0,4,2020-03-10,,synthetic_background,0.0077605366540183,0.0006743750450013,297.1692368825277,300.8251167297364,301.7291760762533,-6.0340441874884885,-5.010330265883505,0.675419282455634,0.7980206183633317,1.0468588848128073,0.12260133590769773
336,37.78943074130055,0.6989166502970035,0,4,2020-03-10,,synthetic_background,0.0131694197488059,0.0094349912282822,299.4857841915553,302.3585856967502,303.4015393575032,-5.150369527560525,-4.414962304255137,1.003708237397604,0.9359603121095692,0.8960879448882686,-0.06774792528803486
337,37.16747811240547,2.518517673116852,0,4,2020-03-10,,synthetic_background,0.0102608173918952,0.0018255791541932,303.0282321082221,307.53043357001405,308.8265556335449,-5.841005599438821,-5.403540913830721,0.8020437234657894,0.8319599921566285,0.909018051977306,0.029916268690839076
338,36.58893820030895,2.32709080808277,0,4,2020-03-10,,synthetic_background,0.0265219777655829,0.001308687674701,304.60887989468046,311.7832330491808,312.46721861097546,-6.99359287460168,-6.787118840772266,0.6918276409301042,0.6661688390446091,0.614066587766086,-0.025658801885495075
339,36.69448119221769,2.181218308693901,0,4,2020-03-10,,synthetic_background,0.0338331729006995,0.0030979893085358,299.93632130093044,306.5026612175836,307.44310836791993,-6.349546016436482,-6.444025752664048,0.8584911955800125,0.7526238759792664,0.6215698389639817,-0.10586731960074613
340,36.95861627531952,1.5106949686176754,0,4,2020-03-10,,synthetic_background,0.0115451335740317,0.0050800523635743,299.1914428287083,303.97750930786134,305.1526244269477,-5.762164068455608,-5.31379525242014,0.8375595391273984,0.841253473718687,1.095583010463311,0.003693934591288528
341,38.12512871939616,3.719159484305687,0,4,2020-03-10,,synthetic_background,0.0060054778886069,0.0017269483682511,300.9558851030138,305.0328912523058,305.516475338406,-8.567656298495216,-9.289723601689747,0.4075835640442323,0.4883642177177802,0.5137354918197731,0.08078065367354792
342,36.374715934698656,0.2621245962958325,0,4,2020-03-10,,synthetic_background,0.0746663033795584,0.0205995521423218,291.7019028981527,293.6534478929308,294.6702568054199,-6.003991127652563,-7.262171548090514,0.7897079809110427,0.8102131541503068,0.8017747040257374,0.02050517323926415
343,38.21321514609372,0.2948304532918744,0,4,2020-03-10,,synthetic_background,0.0244266807866324,0.021801584112346,300.6323119693332,302.32653817070855,303.0048108418783,-4.914263663104096,-5.342409743579974,0.8973819593602149,0.9754999130467228,0.979304065671415,0.07811795368650787
344,36.38926783956985,4.744876546741764,0,4,2020-03-10,,synthetic_background,0.04895616768124,0.0001882395622132,303.6953219519721,306.28375388251413,306.128096432156,-4.555895430536083,-5.475978168218308,0.9357530257592356,1.0376428078406712,0.8874521395099619,0.10188978208143562
345,37.68321533397682,1.1425593101808629,0,4,2020-03-10,,synthetic_background,0.0121362477374304,0.0086408338424561,300.61162512037487,304.93355857001404,306.1349703470866,-5.31588820277684,-5.070030761681938,0.8416377795614421,0.9089131508487268,0.9236039009360828,0.06727537128728467
346,38.19178396794005,4.986562395041962,0,4,2020-03-10,,synthetic_background,0.011140894873165,0.0012884667989609,296.9899779849582,299.5434001498752,300.35972078111433,-4.618905527472023,-4.588877218853954,0.707462979832796,1.0265323938649091,1.1577113241240553,0.3190694140321131
347,37.11423237106441,2.476948016536582,0,4,2020-03-10,,synthetic_background,0.0145949989390601,0.001949094879329,303.0518757714166,307.8321805318197,309.11807581583656,-6.021975677605466,-4.662544139032869,0.8514412190219734,0.7997972791437548,0.8224473987039126,-0.05164393987821869
348,36.93383521767796,4.160713601222744,0,4,2020-03-10,,synthetic_background,0.0199238329959143,0.0002845159646867,303.7537366655138,307.6681180318197,307.24412833319764,-6.388665637719705,-6.702209992519824,0.6578873703445157,0.7472220180779879,0.698337615096957,0.08933464773347222
349,37.297184959314656,3.018753073110932,0,4,2020-03-10,,synthetic_background,0.0096529990267981,0.000567429411113,304.93130285475,309.18753534952805,310.5448987325033,-5.4288687332518055,-6.978941932193015,0.6584557794411501,0.8913805231113925,0.6695112455364196,0.2329247436702424
350,37.73406342220078,2.192780058274181,0,4,2020-03-10,,synthetic_background,0.0202528208327521,0.0064778855916856,301.5746730804443,305.5829617818197,306.8700777689616,-6.673013018032872,-6.181412019469879,0.6547440153963688,0.7081680838867123,0.6952255749121787,0.053424068490343424
351,37.76339629361876,2.934722186931187,0,4,2020-03-10,,synthetic_background,0.0071890175175894,0.001580961692035,304.4022229936388,309.18501798841686,310.5101385328505,-9.262278207291155,-8.887025523706743,0.3492389273915158,0.4238288140322186,0.4181519782386274,0.07458988664070282
352,37.1936111110001,0.94388888900005,1,5,2020-03-17,2020-03-22,fao_hopper,0.0213103115391959,0.0143452218648789,296.6725734710693,299.5687419467502,300.80752894083656,-7.596385216754564,-6.525987092725756,0.8251490133379227,0.5926266769339911,0.7738388379393946,-0.2325223364039316
353,36.760277778,5.47138888900002,1,5,2020-03-17,2020-03-18,fao_hopper,0.0214518725705374,0.0041941038247941,302.9827405717638,303.4217530144586,303.0734848870171,-5.190061589304023,-5.299715730453723,0.8978260502790343,0.9294236867723276,0.8259474124758698,0.03159763649329328
354,36.831388889,5.45277777800004,1,5,2020-03-17,2020-03-17,fao_hopper,0.0214518725705374,0.0041941038247941,302.9827405717638,303.4217530144586,303.0734848870171,-4.922755154618901,-6.543558536901342,0.8833862518565023,0.974058451897924,0.9243538873827296,0.09067220004142162
355,36.771944444,5.36444444400007,1,5,2020-03-17,2020-03-17,fao_hopper,0.0166614770722617,0.0009868672963975,302.29755176968047,304.9990208095975,304.6980128818088,-5.161864271272064,-5.225209198616754,0.7750445094492489,0.9340640389736464,0.953558940840126,0.15901952952439757
356,36.771944444,5.35944444400008,1,5,2020-03-17,2020-03-17,fao_hopper,0.0166614770722617,0.0009868672963975,302.29755176968047,304.9990208095975,304.6980128818088,-5.518542423286856,-4.584895823557094,1.0649044983299765,0.8765557080617835,0.8872810287572541,-0.18834879026819296
357,36.8061111110001,5.39916666700003,1,5,2020-03-17,2020-03-18,fao_hopper,0.0166614770722617,0.0009868672963975,302.29755176968047,304.9990208095975,304.6980128818088,-5.014930353745003,-4.140717031066015,0.976472377689816,0.9585044777144678,0.8404075040590614,-0.0179678999753482
358,37.15,1.25,1,5,2020-03-17,2020-03-20,fao_band,0.0184157460761298,0.0106097391721604,295.6582397037082,297.76470548841684,298.88839374118385,-4.803298242185623,-5.2179701607794815,0.8956486398722676,0.9944692372581568,0.952928078555694,0.09882059738588922
359,37.1333333330001,0.916666667000072,1,5,2020-03-17,2020-03-22,fao_band,0.019492951018833,0.0136116675016282,296.24517546759705,298.75661087036127,299.89055845472546,-3.94612530051114,-3.5383045299289133,0.8584510360316798,1.1491219306235436,1.1776170177415235,0.2906708945918638
360,37.1666666670001,0.916666667000072,1,5,2020-03-17,2020-03-22,fao_band,0.0213103115391959,0.0143452218648789,296.6725734710693,299.5687419467502,300.80752894083656,-4.723018598013043,-4.134535399474308,0.9218530950989798,1.0083458681908573,0.9196193255415348,0.08649277309187742
361,37.1333333330001,0.9,1,5,2020-03-17,2020-03-22,fao_band,0.019492951018833,0.0136116675016282,296.24517546759705,298.75661087036127,299.89055845472546,-5.050706658060333,-5.703260692928749,0.9824272168149352,0.9525134748639976,1.026516101483102,-0.029913741950937545
362,37.316666667,0.966666667000027,1,5,2020-03-17,2020-03-22,fao_band,0.022315558774494,0.0148050120946763,296.07089161343043,297.8332330491808,298.99430736965604,-4.709513675844221,-5.858400240591042,0.9185511559844356,1.0106928151414885,0.9538568547751388,0.09214165915705286
363,37.0,0.833333333000041,1,5,2020-03-17,2020-03-22,fao_band,0.018770363910221,0.0142941257831452,295.3111097123887,297.2656766255697,298.68512768215606,-5.801676920433169,-5.082312620749097,0.7555428730202673,0.8413963297416146,0.9645823102372616,0.08585345672134725
364,37.216666667,0.933333333000064,1,5,2020-03-17,2020-03-22,fao_band,0.0213103115391959,0.0143452218648789,296.6725734710693,299.5687419467502,300.80752894083656,-8.645525488482207,-7.535185271760197,0.9865122380114202,0.4807288443594615,0.6044935294328769,-0.5057833936519587
365,37.25,1.01666666700004,1,5,2020-03-17,2020-03-22,fao_band,0.0201237022710074,0.0134078047153352,296.4096665700277,299.2642660352919,300.3464124043783,-6.018372173225041,-5.494523992014545,0.805549594362625,0.8003283424269838,0.884248240347491,-0.005221251935641158
366,37.1833333330001,0.933333333000064,1,5,2020-03-17,2020-03-22,fao_band,0.0213103115391959,0.0143452218648789,296.6725734710693,299.5687419467502,300.80752894083656,-6.2252570543649135,-4.128569187565098,0.7620178171746607,0.7702664607341693,1.041149526397197,0.008248643559508606
367,37.150277778,0.923611111000071,1,5,2020-03-17,2020-03-20,fao_band,0.0213103115391959,0.0143452218648789,296.6725734710693,299.5687419467502,300.80752894083656,-5.773187863144527,-6.007921375207684,0.7459022519774396,0.8370837423442884,0.8035520407284583,0.09118149036684875
368,37.265,0.94722222200005,1,5,2020-03-17,2020-03-20,fao_band,0.0234744965863455,0.0156245014545319,296.5376233842638,299.2783882141113,300.68584382798934,-5.528322222677282,-5.44993418340589,0.924975963436286,0.8750153412342438,0.9916517883088254,-0.049960622202042115
369,37.327222222,0.982222222000075,1,5,2020-03-17,2020-03-21,fao_band,0.022315558774494,0.0148050120946763,296.07089161343043,297.8332330491808,298.99430736965604,-8.787127423708563,-9.2153019126888,0.8078308858005945,0.4671082978887184,0.5393935990129513,-0.3407225879118761
370,37.2505555560001,1.02138888900004,1,5,2020-03-17,2020-03-22,fao_band,0.022315558774494,0.0148050120946763,296.07089161343043,297.8332330491808,298.99430736965604,-6.280936064858128,-5.736053705099359,0.8080675115631212,0.762324265326397,0.7898730795000573,-0.04574324623672421
371,37.215,0.937777778000054,1,5,2020-03-17,2020-03-20,fao_band,0.0213103115391959,0.0143452218648789,296.6725734710693,299.5687419467502,300.80752894083656,-5.657966726361275,-5.677069528439644,0.7176655921418409,0.8547800060694272,0.7280520812182218,0.13711441392758628
372,37.0016666670001,5.355,1,5,2020-03-17,2020-03-23,fao_band,0.0341602086854209,0.0002330771562455,303.10083410474994,302.44234220716686,302.3934176127115,-5.817634602237666,-5.128703616218978,0.7656561824907655,0.8303297876159756,0.6275946529470235,0.06467360512521014
373,36.830277778,5.47444444400003,1,5,2020-03-17,2020-03-23,fao_band,0.0214518725705374,0.0041941038247941,302.9827405717638,303.4217530144586,303.0734848870171,-7.26422210637414,-5.860262721060953,0.9180543425195254,0.6322852962620632,1.1177941226231032,-0.28576904625746224
374,38.212777778,4.87527777800005,1,5,2020-03-17,2020-03-23,fao_band,0.0110178857875098,0.001481109010875,296.42267655266653,299.9249159918891,300.796992916531,-6.340462389301703,-6.14969705897348,0.8185844698314843,0.7539026941033299,0.6591109275137804,-0.06468177572815437
375,36.7961111110001,5.47305555600008,1,5,2020-03-17,2020-03-23,fao_band,0.0214518725705374,0.0041941038247941,302.9827405717638,303.4217530144586,303.0734848870171,-5.979847325716985,-4.784765946713818,0.9006421227606642,0.8060224327333073,0.866890091539271,-0.09461969002735693
376,36.9872222220001,5.31888888900005,1,5,2020-03-17,2020-03-23,fao_band,0.048012357933544,0.0002922496673463,303.47995736863874,301.520152537028,302.0893160502116,-4.855186600152729,-5.524482515320464,0.7519695189450788,0.985568405825539,1.013653820754748,0.23359888688046015
377,37.021388889,5.35416666700007,1,5,2020-03-17,2020-03-23,fao_band,0.0341602086854209,0.0002330771562455,303.10083410474994,302.44234220716686,302.3934176127115,-5.3572807951861545,-5.62836849838198,0.8094330318655507,0.9022361561371092,0.777612124771341,0.09280312427155846
378,36.7438888890001,5.50583333300006,1,5,2020-03-17,2020-03-23,fao_band,0.0425050377679099,0.0088242075321076,299.3902004241943,298.04131681654184,298.32786314222545,-6.862336780202309,-4.818736484719842,1.0348743668438454,0.6831188014376893,0.7153409765576725,-0.35175556540615605
379,37.7897222220001,0.149166667000031,1,5,2020-03-17,2020-03-23,fao_band,0.0219338059258689,0.0318818024274705,294.6801743825276,295.84560284084745,296.3388711717394,-6.601604807736031,-6.864342139319047,0.7940682639046666,0.7178015004664183,0.7548694075130222,-0.07626676343824823
380,37.2333333330001,0.583333333000041,1,5,2020-03-17,2020-03-18,fao_band,0.0199101537299384,0.0123867622491715,297.06056175231936,298.7918105231391,300.2337930467393,-5.145174609148844,-6.557728870035631,0.9293611284587548,0.936818187893218,0.7349522484080969,0.007457059434463176
381,37.1666666670001,0.633333333000053,1,5,2020-03-17,2020-03-18,fao_band,0.0199101537299384,0.0123867622491715,297.06056175231936,298.7918105231391,300.2337930467393,-5.349029736724686,-5.669092109098937,0.9404844961796952,0.9035643463212788,0.88206543558048,-0.03692014985841641
382,37.3666666670001,0.7,1,5,2020-03-17,2020-03-18,fao_band,0.0237708061766852,0.0080303332683442,298.15839161343047,300.56845982869464,302.2263114929199,-6.714629084623121,-4.116716373753952,0.7646829213543964,0.7026007730844456,0.939211383536786,-0.06208214826995084
383,37.55,0.4,1,5,2020-03-17,2020-03-18,fao_band,0.0201253712010611,0.0124151489612458,297.0539482540554,299.85700692070844,301.3834512498644,-5.647936013994947,-5.516765060740746,0.908550446952573,0.8563333940608125,1.0792605953367005,-0.052217052891760485
384,37.266666667,1.76666666700004,1,5,2020-03-17,2020-03-18,fao_band,0.0103576749396552,0.0051540217277405,299.32630610995824,302.32954923841686,303.3170015970866,-5.293633105536234,-5.220932678828178,0.8407264265165778,0.9125174872445032,0.88306760277419,0.0717910607279254
385,36.75,2.4,1,5,2020-03-17,2020-03-18,fao_band,0.021297407133602,0.0018193206664918,303.40848926968044,310.32174758911134,311.77094039916994,-10.116069842133491,-8.677542796361372,0.6027728835744237,0.3548973666106191,0.5586144903456018,-0.2478755169638046
386,36.0072222220001,3.05,1,5,2020-03-17,2020-03-19,fao_band,0.0186292499137152,0.0008747658607362,305.476691309611,309.75326885647246,310.1949475606282,-4.968778972394054,-4.96877855382292,0.860993483533064,0.9662722673795426,0.8146789535111889,0.1052787838464786
387,36.0027777780001,3.00277777800005,1,5,2020-03-17,2020-03-19,fao_band,0.0209646940064658,0.0003190270540116,305.5435261620416,309.780308787028,310.4070840623644,-5.084997023534443,-5.194519968500643,0.9509901879941776,0.9476955394497006,0.987255657337655,-0.003294648544476919
388,36.0069444440001,3.00333333300006,1,5,2020-03-17,2020-03-19,fao_band,0.0209646940064658,0.0003190270540116,305.5435261620416,309.780308787028,310.4070840623644,-5.683075895341839,-5.295812549353277,0.6296005777186352,0.851493459765245,0.8466798744660629,0.22189288204660984
389,36.0083333330001,3.11666666700006,1,5,2020-03-17,2020-03-19,fao_band,0.0186292499137152,0.0008747658607362,305.476691309611,309.75326885647246,310.1949475606282,-6.302509397554727,-5.617202841469084,0.720806008511366,0.7595361650053093,0.882044382300672,0.03873015649394329
390,37.2333333330001,0.583333333000041,1,5,2020-03-17,2020-03-17,fao_band,0.0199101537299384,0.0123867622491715,297.06056175231936,298.7918105231391,300.2337930467393,-5.145174609148844,-6.557728870035631,0.9293611284587548,0.936818187893218,0.7349522484080969,0.007457059434463176
391,37.0744444440001,5.28,1,5,2020-03-17,2020-03-17,fao_band,0.0625197708440055,0.0003340325233338,303.0818019866944,302.26176495022247,302.4693941752116,-7.5646351613556,-6.672486318245586,0.5707774966117345,0.5963268130901658,0.6436501354009383,0.025549316478431283
392,37.1244444440001,5.20777777800004,1,5,2020-03-17,2020-03-17,fao_band,0.0748887479138602,0.0003846666690705,301.77550315856934,300.46982159084746,300.84991717868377,-6.151953741189869,-5.425045559576748,0.7405456185395879,0.7808184921377598,0.7976827047769723,0.04027287359817189
393,36.1613888890001,4.72444444400003,1,5,2020-03-17,2020-03-17,fao_band,0.0484265804124106,0.0001868686553834,303.94341765509705,306.19706768459747,306.02829717000327,-6.00513872704366,-6.092478582188624,0.7699777790253572,0.8022808782212281,0.8383672307096106,0.03230309919587082
394,36.125,4.73777777800007,1,5,2020-03-17,2020-03-17,fao_band,0.0295754492116202,0.0001494667407868,304.95806609259705,307.8478814866808,306.7098618401422,-6.578745878338436,-7.194216790391775,0.8505755045613393,0.7209068689762603,0.7042150439042623,-0.12966863558507902
395,37.019444444,5.32083333300005,1,5,2020-03-17,2020-03-17,fao_band,0.048012357933544,0.0002922496673463,303.47995736863874,301.520152537028,302.0893160502116,-5.6886316222625695,-6.228497657401165,1.0801172184516528,0.8500438750377125,0.9636604830510438,-0.23007334341394026
396,36.1877777780001,4.66138888900002,1,5,2020-03-17,2020-03-17,fao_band,0.0484265804124106,0.0001868686553834,303.94341765509705,306.19706768459747,306.02829717000327,-4.12463588708146,-5.245717665704027,0.8590012480591054,1.1157544776209067,0.9844588050268848,0.25675322956180135
397,36.831388889,5.71944444400003,1,5,2020-03-17,2020-03-19,fao_band,0.030366119725727,0.0054240605708955,298.3264363182916,298.27002775404185,298.44782842000325,-7.724566155278772,-6.266984011275477,0.6271841425675728,0.5778810869199835,0.5002195940100882,-0.0493030556475893
398,36.125,4.73777777800007,1,5,2020-03-17,2020-03-19,fao_band,0.0295754492116202,0.0001494667407868,304.95806609259705,307.8478814866808,306.7098618401422,-6.578745878338436,-7.194216790391775,0.8505755045613393,0.7209068689762603,0.7042150439042623,-0.12966863558507902
399,36.085555556,4.72388888900002,1,5,2020-03-17,2020-03-19,fao_band,0.0295754492116202,0.0001494667407868,304.95806609259705,307.8478814866808,306.7098618401422,-8.676829961173818,-8.518346711579582,0.5866456741653903,0.4776884791727807,0.5876845933156446,-0.10895719499260959
400,36.1877777780001,4.66138888900002,1,5,2020-03-17,2020-03-19,fao_band,0.0484265804124106,0.0001868686553834,303.94341765509705,306.19706768459747,306.02829717000327,-4.12463588708146,-5.245717665704027,0.8590012480591054,1.1157544776209067,0.9844588050268848,0.25675322956180135
401,36.777777778,4.47055555600002,1,5,2020-03-17,2020-03-20,fao_band,0.0191909640860785,7.75239345429668e-05,305.77036535474986,310.2224366082085,309.21933992173933,-5.66952271650455,-6.079283147694454,0.7389774966473514,0.8567371336406779,0.7208559838102083,0.11775963699332659
402,36.764166667,5.47055555600002,1,5,2020-03-17,2020-03-21,fao_band,0.0214518725705374,0.0041941038247941,302.9827405717638,303.4217530144586,303.0734848870171,-4.968614466201028,-5.139959406531589,0.848976435292458,0.9662986591314534,1.1623497364360302,0.11732222383899538
403,36.835,5.4425,1,5,2020-03-17,2020-03-21,fao_band,0.0166614770722617,0.0009868672963975,302.29755176968047,304.9990208095975,304.6980128818088,-4.646283846791746,-6.366902877258375,0.8768401180105033,1.0217291887950195,0.898589304204903,0.14488907078451618
404,36.9183333330001,5.32777777800004,1,5,2020-03-17,2020-03-21,fao_band,0.0205123543572653,0.0001418075439332,302.12473275926374,304.6255073547363,304.28505172729496,-5.861638592628378,-5.978386587364831,1.0422865563785093,0.8236828148503607,0.7351443752417197,-0.21860374152814865
405,37.026111111,5.30666666700006,1,5,2020-03-17,2020-03-21,fao_band,0.048012357933544,0.0002922496673463,303.47995736863874,301.520152537028,302.0893160502116,-6.968646664618315,-6.921886850274952,0.764533668910856,0.669364197900499,0.8267373352066706,-0.095169471010357
406,36.1852777780001,4.66888888900007,1,5,2020-03-17,2020-03-21,fao_band,0.0484265804124106,0.0001868686553834,303.94341765509705,306.19706768459747,306.02829717000327,-5.979923432687498,-6.639285164231504,0.7423169676579482,0.8060111540902859,0.8764022220519478,0.06369418643233771
407,36.9247222220001,4.95916666700003,1,5,2020-03-17,2020-03-21,fao_band,0.0240257799458731,0.0003503045913575,306.053009668986,306.5296197679308,306.1560152689616,-6.57470381649388,-5.9750391479176574,0.7547799491231906,0.7214570692583024,0.9004335858380628,-0.03332287986488813
408,36.958888889,5.08,1,5,2020-03-17,2020-03-22,fao_band,0.0508628755641211,0.0003801367160676,303.77774382697214,302.4494331359863,302.73594690958663,-6.653947786515396,-4.429251065149798,0.8732636961275024,0.7107301318019359,0.95608076418679,-0.16253356432556654
409,36.835,5.36111111100007,1,5,2020-03-17,2020-03-21,fao_band,0.0166614770722617,0.0009868672963975,302.29755176968047,304.9990208095975,304.6980128818088,-5.233975499588706,-5.271137266003346,1.0282012379042298,0.9222289649504418,0.7974244439225459,-0.10597227295378797
410,38.273888889,4.48361111100007,1,5,2020-03-17,2020-03-17,fao_adult,0.0056167214942206,0.0009814432737229,296.70094803704154,300.671812693278,301.4995753818088,-4.500617108170587,-4.765994183210935,0.9592923876563736,1.0474540038360016,0.8736355474349083,0.08816161617962803
411,38.1255555560001,4.44166666700005,1,5,2020-03-17,2020-03-18,fao_adult,0.013735812885784,0.001447670805156,298.21139725579155,301.6451362609863,301.5851168314616,-3.7615966930169566,-6.499561797378984,1.002752982768697,1.1842327821171714,0.7464205008105907,0.18147979934847447
412,38.1969444440001,4.7625,1,5,2020-03-17,2020-03-18,fao_adult,0.0098750561309088,0.0010836354371903,296.2308091481527,300.4037028842502,301.2173759460449,-5.82937136979125,-7.077398252126255,0.5957139978860752,0.8285530407201285,0.9243723218866148,0.23283904283405332
413,38.1983333330001,4.79361111100008,1,5,2020-03-17,2020-03-18,fao_adult,0.0098750561309088,0.0010836354371903,296.2308091481527,300.4037028842502,301.2173759460449,-5.567726592199456,-6.630550579151338,0.7475346708658759,0.868828715489055,0.5488954990713482,0.12129404462317916
414,37.1833333330001,1.81666666700005,1,5,2020-03-17,2020-03-20,fao_swarm,0.0132697790694464,0.0058051726695893,297.13769933912494,301.07287606133355,301.90111075507264,-5.21819061480677,-5.263579996411038,0.8758377334461904,0.93079035699208,0.9023539302347264,0.05495262354588959
415,37.016666667,0.866666667000061,1,5,2020-03-17,2020-03-20,fao_swarm,0.0184936791491736,0.0143415561792252,294.8608872731526,296.3903402540419,297.6376070658367,-5.845894239679697,-5.4616884973058495,0.9289464457952636,0.8263929459488633,1.0031376246519603,-0.10255349984640039
416,37.333333333,0.06666666700005,1,5,2020-03-17,2020-03-20,fao_swarm,0.1814391881060828,0.0912075272676347,289.3766316307916,291.0054823981391,291.85150680541994,-5.85932957608171,-6.667920860148183,0.9815905451715036,0.8240306188006545,0.8858382054620089,-0.15755992637084903
417,37.1833333330001,1.83333333300004,1,5,2020-03-17,2020-03-20,fao_swarm,0.0132697790694464,0.0058051726695893,297.13769933912494,301.07287606133355,301.90111075507264,-5.49254360710731,-5.053191893060847,0.8042008717833676,0.8810085122271194,0.973797526795494,0.07680764044375177
418,37.0,0.833333333000041,1,5,2020-03-17,2020-03-20,fao_swarm,0.018770363910221,0.0142941257831452,295.3111097123887,297.2656766255697,298.68512768215606,-5.801676920433169,-5.082312620749097,0.7555428730202673,0.8413963297416146,0.9645823102372616,0.08585345672134725
419,36.9833333330001,0.8,1,5,2020-03-17,2020-03-20,fao_swarm,0.018770363910221,0.0142941257831452,295.3111097123887,297.2656766255697,298.68512768215606,-6.202700076183989,-7.0691447588873455,0.841308020092394,0.7783084852207534,0.6527433148214135,-0.06299953487164067
420,37.2,1.88333333300005,1,5,2020-03-17,2020-03-20,fao_swarm,0.0112234473061789,0.0047416320917008,299.72849252488874,304.1379096984863,305.0266098870172,-4.776214296352041,-5.761032085539406,0.9172885730614142,0.999791478007174,0.999978368207306,0.08250290494575985
421,37.1,0.9,1,5,2020-03-17,2020-03-20,fao_swarm,0.019492951018833,0.0136116675016282,296.24517546759705,298.75661087036127,299.89055845472546,-4.999712400437321,-4.9240784926715575,0.9354032358959968,0.9610606448328816,0.9028071764002116,0.02565740893688473
422,37.1833333330001,0.916666667000072,1,5,2020-03-17,2020-03-21,fao_swarm,0.0213103115391959,0.0143452218648789,296.6725734710693,299.5687419467502,300.80752894083656,-5.189480397134236,-3.894393097815459,1.0918093703846738,0.9295191694607804,0.9217087133038137,-0.16229020092389346
423,37.15,0.933333333000064,1,5,2020-03-17,2020-03-21,fao_swarm,0.0213103115391959,0.0143452218648789,296.6725734710693,299.5687419467502,300.80752894083656,-5.543399400253804,-4.77476706086208,0.9865884369149824,0.8726444314136016,1.1403037251926555,-0.11394400550138084
424,37.1333333330001,0.916666667000072,1,5,2020-03-17,2020-03-21,fao_swarm,0.019492951018833,0.0136116675016282,296.24517546759705,298.75661087036127,299.89055845472546,-3.94612530051114,-3.5383045299289133,0.8584510360316798,1.1491219306235436,1.1776170177415235,0.2906708945918638
425,37.1166666670001,0.9,1,5,2020-03-17,2020-03-21,fao_swarm,0.019492951018833,0.0136116675016282,296.24517546759705,298.75661087036127,299.89055845472546,-5.329194229452487,-3.93643721576313,0.8181740971981166,0.9067629722092309,1.1115816479996576,0.08858887501111423
426,37.1666666670001,0.916666667000072,1,5,2020-03-17,2020-03-21,fao_swarm,0.0213103115391959,0.0143452218648789,296.6725734710693,299.5687419467502,300.80752894083656,-4.723018598013043,-4.134535399474308,0.9218530950989798,1.0083458681908573,0.9196193255415348,0.08649277309187742
427,37.004166667,0.861388889000068,1,5,2020-03-17,2020-03-22,fao_swarm,0.0184936791491736,0.0143415561792252,294.8608872731526,296.3903402540419,297.6376070658367,-8.11646816522215,-6.750221602816952,0.6843231332683517,0.5348377265121951,0.4416741869889617,-0.14948540675615662
428,37.3822222220001,0.11,1,5,2020-03-17,2020-03-22,fao_swarm,0.1831598847937812,0.1041681847450135,288.22695715162496,290.28283157348625,291.1223509894477,-7.404826462454059,-6.715722928604814,0.4841199220424866,0.6152408034836381,0.8230042310455992,0.13112088144115147
429,36.831666667,5.45805555600003,1,5,2020-03-17,2020-03-23,fao_swarm,0.0214518725705374,0.0041941038247941,302.9827405717638,303.4217530144586,303.0734848870171,-5.886877202543122,-6.100806497986687,0.8537950566049282,0.8198882481074099,0.97153623234022,-0.03390680849751826
430,37.925,4.96111111100004,1,5,2020-03-17,2020-03-23,fao_swarm,0.0269026279282798,0.0010166696187852,297.75210363599984,299.92080900404187,300.334932369656,-6.242668387652699,-6.255126284811922,0.8598905617078778,0.7677761136835904,0.8900362657677835,-0.09211444802428737
431,36.266666667,0.016666667000038,1,5,2020-03-17,2020-03-23,fao_swarm,0.0647087067198981,0.048763134228885,289.2401244693332,291.7056939866808,292.368086666531,-6.8229877166218165,-6.42544904118628,0.7062693168305394,0.6885630634303201,0.7928376224021569,-0.017706253400219252
432,37.833333333,0.016666667000038,1,5,2020-03-17,2020-03-23,fao_swarm,0.0215712308717002,0.02387570654124,296.3881876203749,297.4511963738335,298.13680411444767,-6.459584774385354,-7.118209530419555,0.726111388941538,0.7372645943586039,0.8030171775979973,0.011153205417065881
433,36.2255555560001,0.00194444400006,1,5,2020-03-17,2020-03-23,fao_swarm,0.0533166050744284,0.040699728476703,291.2224703894721,293.3705377366807,294.1122381422255,-7.664826067961716,-8.3276861660392,0.7369466783311369,0.6267549597887909,0.7406423631764368,-0.110191718542346
434,37.783333333,0.133333333000053,1,5,2020-03-17,2020-03-23,fao_swarm,0.0219338059258689,0.0318818024274705,294.6801743825276,295.84560284084745,296.3388711717394,-5.918865946997412,-6.929480087578568,0.7539823635455035,0.8150974789767584,0.7640112611676173,0.06111511543125492
435,38.1802777780001,4.45944444400004,1,5,2020-03-17,2020-03-17,fao_swarm,0.0085242956710089,0.0011282048103211,297.48896887037495,300.6301677280002,301.0841945224338,-5.649549458577139,-7.285165640904712,0.7202874951704769,0.8560833923510006,0.8450537057572141,0.13579589718052376
436,38.1961111110001,4.42916666700006,1,5,2020-03-17,2020-03-17,fao_swarm,0.0115404099059333,0.0018107524988053,297.8520493825277,301.32652732001407,301.83977177937817,-5.235923029655488,-3.808781835716825,1.1398322621383845,0.9219107925854528,1.223581795223332,-0.21792146955293168
437,37.6227777780001,0.385277778000045,1,5,2020-03-17,2020-03-17,fao_swarm,0.0201253712010611,0.0124151489612458,297.0539482540554,299.85700692070844,301.3834512498644,-5.736246370845496,-5.463804928572051,1.1242762106911075,0.8427279038855889,0.8530795768814939,-0.28154830680551857
438,37.035,0.1175,1,5,2020-03-17,2020-03-18,fao_swarm,0.0593588173222769,0.0246106169101594,291.62985428704155,292.5644993252224,293.78520906236434,-4.941084823957345,-6.464697112016458,0.7592718101010687,0.970951851721802,0.860673723262154,0.21168004162073328
439,37.591388889,0.525555556000029,1,5,2020-03-17,2020-03-18,fao_swarm,0.0165482431483496,0.0093887827274201,297.5357787662082,300.8306126064724,302.2517889234754,-6.109952312488918,-6.158762436104506,0.9153182305412352,0.7869137768287029,0.6458466162742782,-0.12840445371253228
440,37.266666667,0.6,1,5,2020-03-17,2020-03-19,fao_swarm,0.0184081613850821,0.0105155489322541,298.08916418287487,300.889830271403,302.526631588406,-5.508839210979687,-5.663817560917042,0.7588590011015697,0.8780859388939249,0.8801932562911206,0.11922693779235527
441,37.2333333330001,0.583333333000041,1,5,2020-03-17,2020-03-19,fao_swarm,0.0199101537299384,0.0123867622491715,297.06056175231936,298.7918105231391,300.2337930467393,-5.145174609148844,-6.557728870035631,0.9293611284587548,0.936818187893218,0.7349522484080969,0.007457059434463176
442,37.326944444,0.077222222000046,1,5,2020-03-17,2020-03-19,fao_swarm,0.1814391881060828,0.0912075272676347,289.3766316307916,291.0054823981391,291.85150680541994,-7.46284659816428,-7.554165686077339,0.6189929312814484,0.6083177617713265,0.6433176492639143,-0.010675169510121929
443,36.9883333330001,5.37305555600005,1,5,2020-03-17,2020-03-17,fao_swarm,0.0341602086854209,0.0002330771562455,303.10083410474994,302.44234220716686,302.3934176127115,-5.287263744676668,-5.613369548934064,0.8385029623960193,0.9135508918088114,0.9676169387777644,0.07504792941279215
444,38.0583333330001,4.46527777800003,1,5,2020-03-17,2020-03-17,fao_swarm,0.0104281425309409,0.0009042254564164,298.94463293287487,302.3579834832086,302.3485337151422,-4.992694795554671,-5.562833219219868,0.7860711735107383,0.9622409645219476,0.651156419877213,0.17616979101120933
445,38.1669444440001,4.45833333300004,1,5,2020-03-17,2020-03-17,fao_swarm,0.0085242956710089,0.0011282048103211,297.48896887037495,300.6301677280002,301.0841945224338,-7.264510200271612,-6.7542008013309935,1.025630060457274,0.6322499837770316,0.6863643294183083,-0.39338007668024233
446,37.9963888890001,4.39111111100004,1,5,2020-03-17,2020-03-19,fao_swarm,0.0157806992364157,0.0011450729247926,298.3833970387777,302.26273066202793,301.6779445224338,-5.793767382553691,-5.764847278816415,1.131689259216028,0.8339515471386709,1.1107163382103915,-0.297737712077357
447,38.0672222220001,4.51361111100005,1,5,2020-03-17,2020-03-20,fao_swarm,0.0104281425309409,0.0009042254564164,298.94463293287487,302.3579834832086,302.3485337151422,-1.9315023546460652,-4.98078081895104,1.2002444697655597,1.5624437934908912,1.022409273409249,0.3621993237253316
448,38.089444444,4.88555555600004,1,5,2020-03-17,2020-03-20,fao_swarm,0.0200682252478827,0.0013740441676972,295.9191934797499,298.7314372592502,299.30367694430885,-7.271441566837555,-8.780551866573951,0.716884508178958,0.6314008693861853,0.607523286925982,-0.08548363879277265
449,38.210277778,4.45972222200004,1,5,2020-03-17,2020-03-19,fao_swarm,0.0085242956710089,0.0011282048103211,297.48896887037495,300.6301677280002,301.0841945224338,-3.969779828303837,-5.339675047888235,0.9948350948960548,1.1446662836143977,0.9338078126580514,0.1498311887183429
450,38.19295,4.744566,0,5,2020-03-17,2020-03-19,fao_no_locust,0.0081070780587424,0.0006342462179063,297.0109903547499,300.7262343512641,301.3804022047255,-8.98194771467686,-11.231660718789776,0.3152039602148249,0.4489169998247335,0.3360559763790002,0.1337130396099086
451,38.282482,4.33015,0,5,2020-03-17,2020-03-20,fao_no_locust,0.0118017166686286,0.0019196352836488,297.92868783738874,301.48189298841686,302.17846535576706,-5.375354623564725,-5.288145291757555,0.945882058663848,0.8993316117212526,0.6347801325956784,-0.04655044694259536
452,38.153282,4.37935,0,5,2020-03-17,2020-03-20,fao_no_locust,0.0115404099059333,0.0018107524988053,297.8520493825277,301.32652732001407,301.83977177937817,-5.192211633716765,-5.676303282675676,1.2087393039920395,0.9290705205087824,1.00218898476215,-0.2796687834832572
453,38.169968,4.868683,0,5,2020-03-17,2020-03-20,fao_no_locust,0.0110178857875098,0.001481109010875,296.42267655266653,299.9249159918891,300.796992916531,-5.592194762782999,-7.13129936211844,0.8615305029841331,0.8650030618316475,0.670700184975033,0.0034725588475144065
454,38.295166,5.243733,0,5,2020-03-17,2020-03-20,fao_no_locust,0.0069645315242041,0.0005002847787736,296.62153180440265,298.57296286688904,299.52502026028105,-4.73378603623485,-5.922775139363564,0.8031417871594415,1.0064772442347227,0.6845663708732758,0.20333545707528122
455,38.29418,5.218517,0,5,2020-03-17,2020-03-20,fao_no_locust,0.0069645315242041,0.0005002847787736,296.62153180440265,298.57296286688904,299.52502026028105,-6.836608389412806,-7.60754384592113,1.0305077559988365,0.686481137057486,0.8564172139038139,-0.34402661894135045
456,38.33082,5.303367,0,5,2020-03-17,2020-03-21,fao_no_locust,0.0060175627303351,0.0004756531593201,296.5479695214166,298.78716642591684,299.77341978285045,-6.3958959945510365,-7.178934491253216,0.8080607411178378,0.746124544152964,0.6916465590805505,-0.061936196964873735
457,38.351166,5.31635,0,5,2020-03-17,2020-03-21,fao_no_locust,0.0058428913188208,0.0003494701263306,296.90788705613875,299.0885227627224,300.28713506062826,-5.626409187215444,-6.293767125749287,0.7187460071760866,0.8596740373885889,0.591241033155587,0.14092803021250233
458,38.32665,5.362933,0,5,2020-03-17,2020-03-21,fao_no_locust,0.0064965754580725,0.0004894516345856,295.88458518981935,297.8058730231391,298.82666414048947,-5.454932670784064,-4.674377948015728,0.9122777251092712,0.8866221299761895,0.9008790932177436,-0.025655595133081688
459,38.259815,5.523133,0,5,2020-03-17,2020-03-21,fao_no_locust,0.0074749111962546,0.0007392547008393,295.2268052419027,298.4636204189725,299.4406235588922,-5.992581386271315,-7.695648380834044,0.5467377080184995,0.8041369552538348,0.6518199072677137,0.25739924723533525
460,38.2925,5.272083,0,5,2020-03-17,2020-03-21,fao_no_locust,0.0060175627303351,0.0004756531593201,296.5479695214166,298.78716642591684,299.77341978285045,-6.705396138569617,-4.4382469604712025,0.8693104038258921,0.7038329570714553,0.9786845712239352,-0.16547744675443676
461,38.061817,4.911767,0,5,2020-03-17,2020-03-21,fao_no_locust,0.0200682252478827,0.0013740441676972,295.9191934797499,298.7314372592502,299.30367694430885,-6.805375579714829,-4.531922833959557,0.7831842012012343,0.6905804376642682,0.8883127469142647,-0.09260376353696609
462,38.033615,4.930666,0,5,2020-03-17,2020-03-21,fao_no_locust,0.0289493620228995,0.0012770525094865,296.3888820648193,298.78537063598634,299.2258503384061,-8.635776693359642,-7.486369113834677,0.6863328572365419,0.4816790766928843,0.7076119725129087,-0.20465378054365763
463,38.011982,4.945483,0,5,2020-03-17,2020-03-21,fao_no_locust,0.0289493620228995,0.0012770525094865,296.3888820648193,298.78537063598634,299.2258503384061,-4.911464036273204,-5.614827894773084,1.2792662511296566,0.9759754763960538,0.8930378560473644,-0.3032907747336029
464,37.9505,4.96375,0,5,2020-03-17,2020-03-21,fao_no_locust,0.0311692178082694,0.0012185654518006,296.52323536343044,298.9734131707085,299.63223597208656,-6.806398922648208,-6.293764426663428,0.9756338060005628,0.6904458176930284,0.807664738224534,-0.28518798830753445
465,37.89892,4.960883,0,5,2020-03-17,2020-03-23,fao_no_locust,0.0269026279282798,0.0010166696187852,297.75210363599984,299.92080900404187,300.334932369656,-7.28526374428234,-7.087950051980092,0.5712484501047499,0.6363153259045868,0.5477033630032931,0.06506687579983694
466,37.837715,4.985283,0,5,2020-03-17,2020-03-23,fao_no_locust,0.0171333223414649,0.0006173781034348,299.6723998599582,300.5081842210558,301.08745515611434,-4.413588619864816,-5.036648542829314,1.126193895564063,1.063906912383168,1.0058286342443823,-0.062286983180894984
467,37.760117,5.012434,0,5,2020-03-17,2020-03-23,fao_no_locust,0.0171333223414649,0.0006173781034348,299.6723998599582,300.5081842210558,301.08745515611434,-5.799569749443289,-6.449915159318955,0.7603949745399581,0.8453071082412398,0.9023648288203936,0.0849121337012817
468,38.1978,4.7738,0,5,2020-03-17,2020-03-23,fao_no_locust,0.0098750561309088,0.0010836354371903,296.2308091481527,300.4037028842502,301.2173759460449,-7.874101289253158,-6.098624860917482,0.4253293847826927,0.5610657337454136,0.4918426588175082,0.13573634896272085
469,38.192616,4.735317,0,5,2020-03-17,2020-03-23,fao_no_locust,0.0081070780587424,0.0006342462179063,297.0109903547499,300.7262343512641,301.3804022047255,-5.505429433307505,-4.692438779889365,0.947509680572631,0.878624128556425,0.9942563161927376,-0.06888555201620594
470,38.205868,4.706433,0,5,2020-03-17,2020-03-23,fao_no_locust,0.0081070780587424,0.0006342462179063,297.0109903547499,300.7262343512641,301.3804022047255,-4.73407716774118,-5.49058039467579,1.0710608003425988,1.0064267520458985,0.827948780621733,-0.06463404829670027
471,38.212917,4.69975,0,5,2020-03-17,2020-03-23,fao_no_locust,0.0081070780587424,0.0006342462179063,297.0109903547499,300.7262343512641,301.3804022047255,-4.611910876227736,-5.042906898713552,1.0540551043567317,1.0277618917869595,0.7939430934786703,-0.02629321256977213
472,36.70945,1.09685,0,5,2020-03-17,2020-03-23,fao_no_locust,0.0329991400075186,0.0137145302173493,292.377228418986,293.548961130778,294.4371187845865,-7.315079566752534,-7.209658545925309,0.6943049458443734,0.6260763441681597,0.5789668909592969,-0.0682286016762137
473,36.465499463465314,5.095781875396336,0,5,2020-03-17,,synthetic_background,0.0802935629916419,0.002285786616504,299.94850663079154,300.2348606533474,300.5784979078505,-5.467079203894924,-5.036430933810496,0.8183849041886889,0.8846935387196451,0.8194376711056516,0.06630863453095615
474,37.55875650623974,2.52602979787108,0,5,2020-03-17,,synthetic_background,0.0151402771306266,0.0079077414152024,303.58753657870824,307.0431180318197,308.59641782972545,-7.109298974389597,-6.1538289085225255,0.6327952294099792,0.6515075169822676,0.7043687508351069,0.018712287572288377
475,37.44269499361687,3.626937350770405,0,5,2020-03-17,,synthetic_background,0.0332254290414084,0.0005937001582978,304.8457180023194,308.9203749762641,309.49452438354496,-9.414427823362653,-9.699623774584833,0.4291107843907702,0.4107358738339693,0.4761882845057695,-0.018374910556800905
476,38.94310243300016,2.666153394409404,0,5,2020-03-17,,synthetic_background,0.0047049343419303,0.002420463311374,303.1806355370416,307.42744420369473,308.1643648783365,-7.763109659616813,-7.109663803421778,0.6706634282910766,0.5784748635721636,0.894104430474682,-0.09218856471891301
477,38.52468689313268,2.1999226025709104,0,5,2020-03-17,,synthetic_background,0.0049775361848105,0.0026280364868043,303.2305378807916,306.3506050109863,307.2778468661838,-7.470264457668414,-6.846178524969835,0.5350420544823754,0.6194232131122912,0.3917709932005084,0.0843811586299158
478,37.80685331418099,3.5448020830874505,0,5,2020-03-17,,synthetic_background,0.043557402474903,0.0032551369544862,299.696124903361,302.77468270195857,303.56408276028105,-5.668295082196332,-6.055399147640655,0.8207519291772933,0.8531826693977324,0.8828915324155535,0.032430740220439014
479,37.77397228128428,0.4960072815868501,0,5,2020-03-17,,synthetic_background,0.0413675278258551,0.033689685809314,297.80531001620824,299.3637126498752,300.47589916653106,-6.372313599105597,-6.432968495160595,0.6480191092185928,0.7494259176703999,0.6976093008254959,0.10140680845180705
480,38.87498138830578,0.1985164939160724,0,5,2020-03-17,,synthetic_background,0.0156949728560675,0.009907343136966,302.8898586273193,306.1357666863336,306.08141674465605,-6.682010190565402,-6.603563517397376,0.771207302391605,0.706961534457182,0.8122547151031986,-0.06424576793442294
481,37.55936873578063,4.003692503235939,0,5,2020-03-17,,synthetic_background,0.0109187185597647,0.0008165321227906,303.0115220387777,307.4599203321669,307.3471719529893,-7.535814589221534,-6.566547622631545,0.7406492556329041,0.5997238320481197,0.6755951484911387,-0.14092542358478433
482,36.42711294934136,4.72512466291923,0,5,2020-03-17,,synthetic_background,0.04895616768124,0.0001882395622132,303.6953219519721,306.28375388251413,306.128096432156,-5.671768658253882,-6.126290444408283,1.0310700563044533,0.8526459510180558,0.8630646712626229,-0.1784241052863974
483,38.08811432572805,3.616669238971636,0,5,2020-03-17,,synthetic_background,0.0053538948130835,0.0021495452997086,300.89015159606936,304.530211130778,305.15189200507274,-5.605038883366017,-5.996834837056852,0.9138029017587797,0.8629997423110214,0.81794730566915,-0.05080315944775826
484,37.90954972631723,3.0626935987528467,0,5,2020-03-17,,synthetic_background,0.0087146878075827,0.00202611898154,303.7088636186388,308.13514277140297,309.1640664842393,-10.031989361199656,-10.110186068178391,0.3642936811167256,0.362556497837846,0.3114772308880908,-0.001737183278879617
485,36.722668151627445,2.50551811786267,0,5,2020-03-17,,synthetic_background,0.0250478654933203,0.0018105438825486,304.63675532870815,306.2984240214029,307.63840459187827,-8.548885721241023,-9.264085306652952,0.507328488935257,0.4902202942826616,0.4844059417481193,-0.017108194652595332
486,37.45595714240405,4.321589035819553,0,5,2020-03-17,,synthetic_background,0.0112542480063666,0.0004001042720673,302.28539899190275,306.52723804050027,306.1515936109755,-5.059769363645214,-5.825994001809049,0.8905938014788168,0.9519011603063148,0.7242537305394395,0.06130735882749794
487,37.16267491957405,2.907222347364282,0,5,2020-03-17,,synthetic_background,0.0112981170249213,0.0007352164861558,304.265216700236,309.1283122592501,310.42226418389214,-7.483964780247533,-7.065898193495298,0.6101059255711079,0.6058138276213461,0.7188725616483426,-0.0042920979497618195
488,38.80136118681725,4.742731344276839,0,5,2020-03-17,,synthetic_background,0.0037800341677893,0.0005868605253098,298.4810912662082,301.56714146931967,302.6194158766004,-4.539083766384719,-5.096519487703837,0.8059378327110872,1.0406203356242387,0.8780432148599321,0.23468250291315151
489,37.96566031062029,3.5408481755798693,0,5,2020-03-17,,synthetic_background,0.006841373426937,0.0022534361955521,301.4769300248888,305.3411540561252,305.9904065450033,-5.666720862049623,-6.385229956399216,0.7085760780315663,0.853425990543646,0.9041681998003156,0.14484991251207968
490,37.943895094767726,0.6877383626687013,0,5,2020-03-17,,synthetic_background,0.0127873390746344,0.0098939320918916,300.0652980804444,302.8942410786946,303.97213940090603,-8.964371117992144,-9.224199853450166,0.6541694009355664,0.450532469724955,0.4725099384571155,-0.20363693121061144
491,36.29072591059867,5.268976525348548,0,5,2020-03-17,,synthetic_background,0.0476388603282202,0.0018329850313065,301.9676689571804,302.8672554016113,303.06636683146166,-4.525804601018217,-5.376705437333807,0.8275474799439552,1.042976131963692,1.0445380530976134,0.21542865201973693
492,38.75793037102205,1.269845937075309,0,5,2020-03-17,,synthetic_background,0.0027366846633185,0.0026937506076691,304.37856847974984,307.78119311862525,308.4307114495171,-10.276903041322443,-10.69034969881448,0.3509337387037398,0.3493743310805233,0.3441188529137972,-0.001559407623216491
493,38.677490649218896,3.089938659375657,0,5,2020-03-17,,synthetic_background,0.0057576417756308,0.0024505338546632,302.717413965861,306.261412302653,306.95306930541994,-5.396674097051573,-4.929661968624129,0.9677588350193622,0.8984872963848961,0.6998378579149545,-0.06927153863446611
494,38.00501966836482,1.1843970932947476,0,5,2020-03-17,,synthetic_background,0.011836108548664,0.009703405844867,301.4743529849582,305.21893725925025,306.29571795993377,-5.173920295206891,-4.21349782574678,0.8966872670528018,0.9320780442200036,1.0512874878896044,0.03539077716720185
495,37.73452711989764,2.60228175252115,0,5,2020-03-17,,synthetic_background,0.007911872847103,0.0043633363124726,304.4163831498888,308.6194038391113,310.058955807156,-10.001563261566805,-9.941344018028117,0.3717513632001752,0.3635173880075304,0.3765826945843397,-0.008233975192644793
496,38.29328473611286,3.0101461120297497,0,5,2020-03-17,,synthetic_background,0.0070704936814536,0.0020381442186234,303.32563879224983,307.07440058390296,307.95473488701714,-9.097280430866723,-7.607599204983435,0.6890703722016095,0.4396301874745946,0.7418093525189378,-0.2494401847270149
497,37.17227800634164,3.1157247573058173,0,5,2020-03-17,,synthetic_background,0.011051875336193,0.0006620219823716,304.36771235995826,309.70302471584745,311.0651515536838,-8.462755224299162,-9.212702112842692,0.466928240477453,0.4988150321187979,0.528321229660047,0.03188679164134489
498,37.55279615184766,3.084810805125591,0,5,2020-03-17,,synthetic_background,0.0145497292113532,0.0015837035056947,304.4912041134304,308.98164884779186,310.19138853285045,-8.900834998558516,-10.102888093825236,0.5015220986089625,0.4564144840276702,0.3847212320816087,-0.045107614581292255
499,36.42528147787483,4.164039909848929,0,5,2020-03-17,,synthetic_background,0.0317023515534629,0.0006681463596223,305.02849252488875,308.8544081793891,308.3798488193088,-5.302548308645347,-6.17982018666389,0.8051854836925851,0.9140655110460372,0.8450931272939189,0.10888002735345204
500,36.58845328485551,2.924273090068356,0,5,2020-03-17,,synthetic_background,0.0272725343537558,0.0004431984302399,305.5465752071804,309.0097412957086,310.0374985588922,-10.01045018518949,-11.508860579332897,0.3423621576128549,0.3628416936880735,0.2519194039451523,0.02047953607521863
501,37.14598472070278,3.917800478568066,0,5,2020-03-17,,synthetic_background,0.0223932981324423,0.0006117156621812,304.34537620544427,308.71488995022247,308.75287399291994,-9.657148610756597,-8.816009707214231,0.5106578480200332,0.3905901915195227,0.4441107376300793,-0.12006765650051054
502,36.43668315966413,3.611862662905828,0,5,2020-03-17,,synthetic_background,0.0300564288926352,0.0018712959167359,305.2551526811388,309.68784459431964,310.00961227417,-9.684135373744722,-9.48859451253093,0.4086218911189795,0.3884055601691805,0.2975297772651819,-0.020216330949799022
503,37.84335784206565,2.9282890586102663,0,5,2020-03-17,,synthetic_background,0.0071890175175894,0.001580961692035,304.4022229936388,309.18501798841686,310.5101385328505,-8.464866425947074,-9.651393612892324,0.5013608150686909,0.4986028245999479,0.3922855165344372,-0.002757990468742977
504,36.32789307402108,3.7913961882627936,0,5,2020-03-17,,synthetic_background,0.0289910554719199,0.001791053163707,306.08809538947213,309.2006918165419,309.4612290276421,-8.947850377726537,-8.992429856609983,0.4128151442242591,0.4520555206005075,0.3791491185499421,0.03924037637624844
505,37.7358022161592,3.763277064774649,0,5,2020-03-17,,synthetic_background,0.0134188353848685,0.0017186186191437,302.9410142262777,307.12443313598635,307.6571545918783,-8.074000490460746,-8.468329301427008,0.6008224167644438,0.5392285414164343,0.4714123286100098,-0.06159387534800953
506,37.36233481016558,0.9043503515615312,0,5,2020-03-17,,synthetic_background,0.0240715265107382,0.014062114703357,296.69942351447213,298.68305401272244,299.95261900160045,-5.256474967066477,-5.347361476646907,1.0751522570781993,0.9185578648731592,1.0137919875296446,-0.15659439220504012
507,38.23414428169684,0.7553980017569031,0,5,2020-03-17,,synthetic_background,0.0092811405492057,0.0070846310731766,301.8546372731526,305.4096599155002,306.3412203470867,-4.731751406946785,-5.157607896816676,0.8642643799761572,1.006830165676288,0.8288983012906164,0.14256578570013068
508,37.75231133441704,3.2841609959315194,0,5,2020-03-17,,synthetic_background,0.0313094526362647,0.0029112628576157,301.4491305457221,304.39589038425027,305.0688950432671,-5.867642792895827,-5.751792996214169,0.7891583745769315,0.8227789195426788,0.8965928710945693,0.03362054496574729
509,36.90456617422548,1.6605969709065456,0,5,2020-03-17,,synthetic_background,0.0267521262002219,0.0066301009532807,297.1458916134305,301.4131863911946,301.19538158840606,-7.295448350795217,-6.6204277162864535,0.5876934903646923,0.6284671236614062,0.7103047027107526,0.04077363329671391
510,37.78729368967616,3.708686786799057,0,5,2020-03-17,,synthetic_background,0.0272918909621466,0.0022014311429856,301.2844821082221,305.59718161688915,306.23791088528105,-6.574375576119753,-6.554035946416192,0.746054913346083,0.7215017632924139,0.7609675575162522,-0.024553150053669093
511,36.28818547957347,1.1139634758955304,0,5,2020-03-17,,synthetic_background,0.0363904505801429,0.0042182139036057,299.42642546759714,302.9153728061253,304.06565611097545,-6.270921393120961,-5.613444917450391,0.842802687051528,0.7642940761478885,0.7543592005735341,-0.07850861090363959
512,38.5735579411158,1.8920999706370532,0,5,2020-03-17,,synthetic_background,0.004110631330036,0.0022345266219971,303.7138603634304,307.5491781446669,308.61064309014216,-9.23800468866132,-9.834940613758029,0.3489440444704172,0.4263290667915836,0.2699877342381624,0.0773850223211664
513,37.44771301119377,2.263430294846995,0,5,2020-03-17,,synthetic_background,0.0075935840440024,0.0034409544345734,303.21552051968047,307.4236084832085,308.8367986891005,-7.028702994327215,-6.157899393463965,0.9245291143741912,0.661692279501695,0.7330965911295937,-0.2628368348724962
514,38.74149878666035,3.2570819486359337,0,5,2020-03-17,,synthetic_background,0.0056077211928595,0.0029915503141282,301.6964938269721,305.42137324015306,306.13343497382266,-6.917761843460628,-5.449497010390248,0.5923644315859806,0.6759199817257096,0.9324093739221988,0.08355555013972893
515,37.67737306125695,2.592619667036221,0,5,2020-03-17,,synthetic_background,0.007911872847103,0.0043633363124726,304.4163831498888,308.6194038391113,310.058955807156,-8.269942862064656,-9.160872619157548,0.4846622547721581,0.5185242669042591,0.4419023663067841,0.03386201213210105
516,37.61249802331013,2.1041913264205347,0,5,2020-03-17,,synthetic_background,0.0148540407252539,0.0029340914365647,302.4580660925971,306.67255596584744,307.7819538540309,-9.141189791365942,-8.544616012196649,0.5545431518991102,0.4345104170657491,0.4600580315460642,-0.12003273483336108
517,38.9900286450703,2.445998501819884,0,5,2020-03-17,,synthetic_background,0.00334930120232,0.0014321288940308,303.3585652245416,307.36168899536136,308.0459838019477,-7.694653589264585,-7.697440985368031,0.6460130728604119,0.5812962719914894,0.6617180680236288,-0.06471680086892251
518,36.99521102865286,2.0667669170670093,0,5,2020-03-17,,synthetic_background,0.0206402510237921,0.0043852857229111,300.80216874016656,305.40548239813904,306.41129413180886,-5.5155076083511325,-5.853899770242085,1.013751025742932,0.8770341028323593,0.8731316611446864,-0.1367169229105728
519,36.21885374093908,1.0402929693753955,0,5,2020-03-17,,synthetic_background,0.0395745009017218,0.0047523907300828,299.1362995995416,302.8778836568197,304.0397283766004,-5.090082785793295,-5.199876404786947,1.0546312272167766,0.9464382193693256,0.8261329118949786,-0.108193007847451
520,36.812315548423015,4.700891281299054,0,5,2020-03-17,,synthetic_background,0.0159709274602164,8.822296828014942e-05,305.4321003807916,309.5020807054308,309.40177807278104,-3.46605833692848,-4.192166942447047,1.0359862171653678,1.2417374299450374,0.8224817229666899,0.20575121277966968
521,37.54448285973216,0.9736136585846208,0,5,2020-03-17,,synthetic_background,0.020135816915058,0.0134590200063584,298.85062794155544,300.56303448147247,301.6794039408366,-4.998801389289225,-4.237625557031145,0.8898322659848882,0.9612138155962704,1.1290759064812503,0.07138154961138221
522,38.50571974979293,1.4151700666633251,0,5,2020-03-17,,synthetic_background,0.0051553666424979,0.0027180693027375,303.60947668287486,307.5329400804308,308.5019082811144,-8.414184656185931,-9.155541268495208,0.3846921802486166,0.508455029804118,0.3864789066953813,0.12376284955550143
523,36.87496059990925,0.8049601124779566,0,5,2020-03-17,,synthetic_background,0.0148822486233939,0.0125873020765183,293.8695244259304,295.8299018859863,297.29069408840604,-7.1744085109939,-6.107146110633687,0.7156548502768231,0.6445417214082327,0.8386027951523706,-0.07111312886859034
524,37.09987341704296,3.158486636317364,0,5,2020-03-17,,synthetic_background,0.0104046881032218,0.0003214559432862,305.62581240336107,310.39527732001415,311.81669777764216,-5.169974995270135,-4.88677253534398,1.0035018986301938,0.9327276316659736,0.7200875357867424,-0.07077426696422018
525,36.5164745583163,0.3430740418513596,0,5,2020-03-17,,synthetic_background,0.0483110219073523,0.011877917396724,292.37442351447214,293.6273465474447,294.4897500779894,-6.3979425884918815,-6.714525354006787,0.7200825643382501,0.7461607735410627,0.723087110683379,0.026078209202812563
526,38.10301246542249,1.1072823877577749,0,5,2020-03-17,,synthetic_background,0.0128262311053504,0.0082983604547379,302.2375528547499,306.1095731099446,307.1928805033366,-5.450145276988005,-6.332673727614122,0.8220875328864408,0.8873830841125365,0.7117449720358215,0.06529555122609576
527,38.96188967279413,3.371794101098078,0,5,2020-03-17,,synthetic_background,0.0055069893431891,0.003049575435817,301.90904265509715,304.9384522332086,305.55381800333663,-5.796329321043663,-4.456471661985457,0.970998178119844,0.8335622259131796,1.0008564178893908,-0.13743595220666438
528,36.792877137480254,0.6273988172046525,0,5,2020-03-17,,synthetic_background,0.0283740430903662,0.0123753032562134,293.2820190005832,294.7341553582085,295.80079065958665,-6.21372596689761,-7.007880522772803,0.8527073505359015,0.7724584113869919,0.6636882692454388,-0.08024893914890963
529,36.05478217926586,3.21028373822623,0,5,2020-03-17,,synthetic_background,0.0210315257144202,0.0012031725522874,305.3739894866943,310.6444852193197,310.6927394443088,-7.025776487210294,-8.512628809188026,0.6247777052390355,0.6620644874345566,0.678536564369179,0.03728678219552106
530,37.624419093435606,4.830617244980593,0,5,2020-03-17,,synthetic_background,0.0068337589335669,0.0001790604469178,301.24864768981934,304.16787931654187,304.61063223944774,-5.244985662584007,-7.704239352462117,0.9581511569069294,0.9204312214797952,0.913135533518389,-0.037719935427134255
531,38.518307399909645,4.938723406141609,0,5,2020-03-17,,synthetic_background,0.0204625099730719,0.0009175768968461,297.2850192175971,300.3235650804308,301.49720450507266,-4.843446597520689,-4.441187677913911,0.843284795558942,0.987577561881548,1.0041506103207625,0.14429276632260601
532,37.26068630563928,3.654860900542153,0,5,2020-03-17,,synthetic_background,0.0218701481652487,0.0006072751161454,305.0338256412082,309.4415392557779,310.0336411370171,-9.159396810484584,-9.481056343914398,0.4309301501974943,0.4328893488644726,0.4068137419436942,0.0019591986669783013
533,36.811063752380576,0.7775924719541336,0,5,2020-03-17,,synthetic_background,0.0159082084727515,0.0123010358688233,292.8391858842637,294.17973370022247,295.1832016838921,-7.707722652520831,-7.29865588285038,0.7507675046549289,0.5800357643324936,0.5087904803287513,-0.17073174032243532
534,37.18756266435879,2.2085322207031908,0,5,2020-03-17,,synthetic_background,0.0046220540833701,0.0020414671775697,301.5233655717638,306.0575114780002,307.3140068054199,-6.183956368794433,-6.093287114897858,0.6658462975994328,0.7763044844765243,0.560839491044391,0.11045818687709152
535,37.28086137114107,5.1238417603475925,0,5,2020-03-17,,synthetic_background,0.0372823595834006,0.0005830905315278,299.94686275058325,301.08789342244467,301.15595016479494,-5.940884802253232,-6.267190176593694,1.0609489928577474,0.8118119641308459,0.695781937334094,-0.24913702872690147
536,37.88858960854287,2.8977147288103264,0,5,2020-03-17,,synthetic_background,0.0049427419734229,0.0017635605213044,304.0893215179443,308.85066468980574,310.1263277689616,-8.815103814325894,-8.938344056717177,0.3550438178271203,0.464457216925519,0.4808565757443707,0.1094133990983987
537,38.576825763331165,5.015054201137369,0,5,2020-03-17,,synthetic_background,0.0165461867881049,0.0007564357396958,298.4664265526666,301.62832853529187,302.8909816318088,-4.630838145867575,-6.695350465990428,0.8701575025322016,1.024437139551534,1.0549252548835126,0.15427963701933234
538,36.14714707098568,0.7757442423402572,0,5,2020-03-17,,synthetic_background,0.0920790105891455,0.0082589170810578,298.6557169172499,299.6368300543891,301.2939221700033,-5.29760919071369,-5.298258187883279,1.064466265937652,0.9145284150924344,0.873179941990802,-0.1499378508452176
539,37.329205483353206,4.877448346780128,0,5,2020-03-17,,synthetic_background,0.0455014973712195,0.0013572058555482,299.38336448669435,300.8624105665419,300.8456420050727,-6.61270878026084,-6.8892866799317325,0.69637405364338,0.7162968097125909,0.601470734960176,0.0199227560692109
540,36.13700645934245,0.950074546843822,0,5,2020-03-17,,synthetic_background,0.0630924671721686,0.0069561085578797,299.674933497111,302.26577970716687,304.1687865363227,-5.565687990492677,-6.934508149044849,0.7796267502028564,0.8753145519628588,0.6832278727085958,0.09568780176000236
541,37.49439609985059,1.400224583697983,0,5,2020-03-17,,synthetic_background,0.0155708461833228,0.0100222459909318,300.417072168986,302.99277080959746,304.3566446092393,-4.855113848686795,-5.013498020184521,0.8430693601195804,0.9855808478627834,0.8759469255959854,0.142511487743203
542,38.144111807396015,0.3301543488271143,0,5,2020-03-17,,synthetic_background,0.0453024327588309,0.0434067777273057,299.0065741221109,298.96325692070855,299.6705443488227,-6.087255479543268,-5.399339383579656,0.8587198886593148,0.7902224843119146,0.997258076238446,-0.06849740434740026
543,37.67691813771577,1.4631825590720722,0,5,2020-03-17,,synthetic_background,0.0094110637736548,0.0059393576261399,301.459308497111,305.3033285352919,306.81821144951715,-5.477482871991976,-4.6445229371820425,0.9730305674881672,0.8830440641486451,1.0131695132129628,-0.08998650333952207
544,38.24407243604189,0.2449956330264795,0,5,2020-03-17,,synthetic_background,0.0241613358092536,0.0236354998227952,300.59882672627765,301.6369602627225,302.16926939222543,-5.723941434038473,-5.789739533028683,0.7613002634114997,0.8446141151315338,1.0342027567235028,0.08331385172003414
545,38.39598300582063,0.3784129730485537,0,5,2020-03-17,,synthetic_background,0.020666760189556,0.014295034753978,300.3656778547499,302.0935249328613,302.73721644083656,-5.438411062789914,-4.522507939194512,0.860231189768312,0.8892502064660709,1.0264343562331328,0.02901901669775886
546,36.713408691187766,5.674014404171412,0,5,2020-03-17,,synthetic_background,0.0853056281638373,0.0175051025030015,296.1418497297499,294.88752992418074,295.120186275906,-5.398769292220123,-5.230877920976191,0.7227515731657145,0.8955786509317867,0.6908426703176779,0.1728270777660722
547,38.0199756036442,5.226635273681336,0,5,2020-03-17,,synthetic_background,0.0385524898600806,0.0009981772777436,296.4196058061388,297.9345351325141,299.0222913106282,-5.179767608077006,-6.082878414681328,1.042012335892065,0.9311158727713562,1.0619760537790215,-0.11089646312070878
548,36.8705555560001,2.35222222200002,1,6,2020-03-24,2020-03-30,fao_hopper,0.0187938332391013,0.002628707039058,302.72846539815265,307.8046685960558,309.37165111965606,-7.110286273259904,-9.602817491530788,0.4803645888156488,0.6513835403565476,0.3367340580566375,0.17101895154089874
549,36.851944444,4.99722222200006,1,6,2020-03-24,2020-03-25,fao_hopper,0.0240257799458731,0.0003503045913575,306.053009668986,306.5296197679308,306.1560152689616,-7.156144546781427,-6.988658897842246,0.5571079300228662,0.6456459679426171,0.5919989899043192,0.0885380379197509
550,36.8541666670001,5.45916666700003,1,6,2020-03-24,2020-03-29,fao_hopper,0.0089872747493018,0.0001501074907181,303.86562360127766,305.06607810126405,304.8417791578505,-4.8965435794401895,-7.09592435299469,0.9095905410576656,0.9785126123818796,0.8446315228833493,0.06892207132421402
551,36.95,5.75,1,6,2020-03-24,2020-03-27,fao_band,0.0092337250542868,7.390295237286182e-05,300.23595237731934,301.7298639085558,301.65892868041993,-5.467832256787352,-6.979154528400462,0.7550832959195175,0.8845740701093274,0.5383124276623552,0.12949077418980992
552,37.083333333,5.18333333300006,1,6,2020-03-24,2020-03-27,fao_band,0.0748887479138602,0.0003846666690705,301.77550315856934,300.46982159084746,300.84991717868377,-7.7286074388769155,-5.727384352657574,0.6288699500798152,0.5774211853248802,0.6326240638374849,-0.051448764754934984
553,36.816666667,5.51666666700004,1,6,2020-03-24,2020-03-27,fao_band,0.0214518725705374,0.0041941038247941,302.9827405717638,303.4217530144586,303.0734848870171,-5.406236220884514,-4.790172946189342,0.9846660303619252,0.8943841792189162,0.944192979511338,-0.09028185114300902
554,36.966666667,5.91666666700007,1,6,2020-03-24,2020-03-27,fao_band,0.0229798972439994,0.0011033794757722,299.6366576724583,299.1801894293891,299.4264254252116,-7.284343065061492,-4.819239773064615,0.6803389653854027,0.6298228627229273,0.8115676179534608,-0.050516102662475415
555,37.016666667,5.3,1,6,2020-03-24,2020-03-27,fao_band,0.048012357933544,0.0002922496673463,303.47995736863874,301.520152537028,302.0893160502116,-6.152815163899827,-5.615344398712474,0.7844786267715386,0.7806938567662726,0.906353225669556,-0.0037847700052660027
556,36.8833333330001,5.1,1,6,2020-03-24,2020-03-27,fao_band,0.0228788673711051,0.0001383802768586,304.8434013790555,306.7436280144586,306.11839048597545,-8.398092401561541,-7.597293943189791,0.4851388043534254,0.5053522122677105,0.7097445566472209,0.020213407914285164
557,36.9333333330001,5.61666666700006,1,6,2020-03-24,2020-03-27,fao_band,0.0072725981307257,0.0001151493665574,303.2287854936388,303.98214797973634,303.8197848002116,-4.933680281175109,-5.344596776309044,0.8411673347648545,0.972205998140936,0.868190553001126,0.1310386633760815
558,36.8833333330001,5.63333333300005,1,6,2020-03-24,2020-03-27,fao_band,0.0072725981307257,0.0001151493665574,303.2287854936388,303.98214797973634,303.8197848002116,-4.909238566898004,-5.639543515399343,0.832927920916515,0.9763536215170128,0.7419399536342317,0.14342570060049775
559,36.9166666670001,4.95,1,6,2020-03-24,2020-03-27,fao_band,0.0240257799458731,0.0003503045913575,306.053009668986,306.5296197679308,306.1560152689616,-5.297875136088699,-5.419438715802351,0.7735160755779884,0.9118296909300824,0.8016323004682446,0.13831361535209397
560,36.9166666670001,5.28333333300003,1,6,2020-03-24,2020-03-27,fao_band,0.0205123543572653,0.0001418075439332,302.12473275926374,304.6255073547363,304.28505172729496,-5.2698500991226105,-5.404801230631517,1.0742021695635482,0.916380393222528,0.9315594598249928,-0.15782177634102024
561,36.716666667,5.36666666700006,1,6,2020-03-24,2020-03-27,fao_band,0.0433445989918936,0.0041413090106843,299.9258883582221,299.5730225457085,299.9626504686144,-5.556022645252148,-4.8332385634755415,1.06572367660069,0.8706629711833965,1.0028282721985686,-0.19506070541729337
562,36.75,5.31666666700005,1,6,2020-03-24,2020-03-27,fao_band,0.0540545701813925,0.0018103948709367,298.938165918986,298.9085911220974,299.4808199564615,-5.046326105783785,-4.553592745326891,0.8898141142601435,0.9532456452846612,0.9585584597337496,0.0634315310245177
563,36.816666667,5.45,1,6,2020-03-24,2020-03-27,fao_band,0.0166614770722617,0.0009868672963975,302.29755176968047,304.9990208095975,304.6980128818088,-4.742702189775539,-6.096847996353596,0.7244086342799083,1.0049316403378237,0.8605537351577901,0.28052300605791536
564,38.4333333330001,5.21666666700003,1,6,2020-03-24,2020-03-27,fao_band,0.007993203384899,0.0003398588773606,297.5208699120415,299.6385607401529,300.8279282463921,-5.339314190295273,-4.834422834806867,0.8298035195204784,0.9051300525756976,0.9013216566246636,0.07532653305521919
565,36.75,5.35,1,6,2020-03-24,2020-03-28,fao_band,0.0540545701813925,0.0018103948709367,298.938165918986,298.9085911220974,299.4808199564615,-4.7604157707235295,-6.658280033052892,0.8812856144014988,1.0018656958341698,1.0082514061119865,0.12058008143267107
566,36.9333333330001,5.4,1,6,2020-03-24,2020-03-28,fao_band,0.0167049288583029,0.0001721761104462,302.9021904415555,305.82745505438913,305.32761357625327,-5.106753560913221,-5.700837773470541,0.8979120246233867,0.943179878921457,0.9044055921642322,0.04526785429807034
567,36.75,5.36666666700006,1,6,2020-03-24,2020-03-28,fao_band,0.0433445989918936,0.0041413090106843,299.9258883582221,299.5730225457085,299.9626504686144,-5.201844096254902,-4.61705052629888,0.9753218646831404,0.9274894415611428,0.9988088859648148,-0.04783242312199765
568,36.966666667,5.3,1,6,2020-03-24,2020-03-28,fao_band,0.048012357933544,0.0002922496673463,303.47995736863874,301.520152537028,302.0893160502116,-6.4298984760877325,-6.75300093506724,0.8774071931891363,0.7413841791377902,0.8391934104871388,-0.1360230140513461
569,37.016666667,5.3,1,6,2020-03-24,2020-03-28,fao_band,0.048012357933544,0.0002922496673463,303.47995736863874,301.520152537028,302.0893160502116,-6.152815163899827,-5.615344398712474,0.7844786267715386,0.7806938567662726,0.906353225669556,-0.0037847700052660027
570,36.0,5.6,1,6,2020-03-24,2020-03-28,fao_band,0.0148054927420844,0.0003376833078263,304.0701646169027,308.1664090474447,307.70101309882267,-4.952023541412639,-5.902716296876793,0.7274150739084957,0.9691202744120468,0.9872771949974976,0.24170520050355115
571,36.7,5.28333333300003,1,6,2020-03-24,2020-03-28,fao_band,0.0540545701813925,0.0018103948709367,298.938165918986,298.9085911220974,299.4808199564615,-5.372730166408451,-5.875775300647096,0.8359559720864054,0.8997529613104238,1.0189536876326963,0.06379698922401844
572,36.066666667,4.8,1,6,2020-03-24,2020-03-28,fao_band,0.02691648600819,0.0001271746036408,305.0136542002359,308.72612041897247,307.3396469963921,-6.280913376807776,-6.876342014647944,0.7173400717362609,0.7623274888189483,0.6687397794129896,0.044987417082687386
573,36.05,4.71666666700003,1,6,2020-03-24,2020-03-28,fao_band,0.018086907250904,0.0001226744529603,305.76301943461107,309.31134177313913,308.33505172729485,-5.779596106371544,-5.163923804523534,0.7164784762634598,0.8361074835923009,0.8668712577853005,0.11962900732884107
574,36.1833333330001,4.7,1,6,2020-03-24,2020-03-28,fao_band,0.0484265804124106,0.0001868686553834,303.94341765509705,306.19706768459747,306.02829717000327,-5.027790502653842,-5.815489096312144,0.903896560510934,0.9563479850288892,0.9094987953997838,0.05245142451795515
575,36.85,5.46666666700003,1,6,2020-03-24,2020-03-28,fao_band,0.0089872747493018,0.0001501074907181,303.86562360127766,305.06607810126405,304.8417791578505,-5.384535815105814,-6.577811701419485,0.8111001759801657,0.8978586983603544,0.8494453057319071,0.08675852238018866
576,36.75,5.31666666700005,1,6,2020-03-24,2020-03-28,fao_band,0.0540545701813925,0.0018103948709367,298.938165918986,298.9085911220974,299.4808199564615,-5.046326105783785,-4.553592745326891,0.8898141142601435,0.9532456452846612,0.9585584597337496,0.0634315310245177
577,36.766666667,5.31666666700005,1,6,2020-03-24,2020-03-28,fao_band,0.0208101689648856,0.0006056210872529,300.47217742072206,303.97412931654185,303.83000072903104,-4.48838540505402,-5.819402562203266,0.7851256817333018,1.0496330445957696,0.9220261680020628,0.2645073628624678
578,36.033333333,4.7,1,6,2020-03-24,2020-03-28,fao_band,0.018086907250904,0.0001226744529603,305.76301943461107,309.31134177313913,308.33505172729485,-5.924438626166692,-5.31713183939481,0.6790763567871974,0.814265024818202,0.8088957890413078,0.1351886680310046
579,36.9333333330001,5.71666666700003,1,6,2020-03-24,2020-03-27,fao_band,0.0092337250542868,7.390295237286182e-05,300.23595237731934,301.7298639085558,301.65892868041993,-5.674658065803355,-6.621069589629295,0.9009622211618828,0.8521996828120155,0.8301432618922258,-0.048762538349867324
580,37.05,5.25,1,6,2020-03-24,2020-03-27,fao_band,0.048012357933544,0.0002922496673463,303.47995736863874,301.520152537028,302.0893160502116,-6.090187047920903,-6.088948848873037,0.958588295388556,0.7897945359505726,0.8677051905749139,-0.16879375943798347
581,37.0,5.21666666700003,1,6,2020-03-24,2020-03-28,fao_band,0.0496479987931479,0.000257947194278,303.6458970387777,301.893052927653,302.40994322035044,-4.8445915383242415,-5.698098142381044,0.8472837904885114,0.9873814983424772,0.8252653666190632,0.1400977078539658
582,38.4333333330001,5.21666666700003,1,6,2020-03-24,2020-03-28,fao_band,0.007993203384899,0.0003398588773606,297.5208699120415,299.6385607401529,300.8279282463921,-5.339314190295273,-4.834422834806867,0.8298035195204784,0.9051300525756976,0.9013216566246636,0.07532653305521919
583,36.9833333330001,5.31666666700005,1,6,2020-03-24,2020-03-29,fao_band,0.048012357933544,0.0002922496673463,303.47995736863874,301.520152537028,302.0893160502116,-5.077373886972131,-5.223999866364991,0.8391294432107901,0.9480646289118236,0.9148994997351086,0.10893518570103355
584,36.8,5.46666666700003,1,6,2020-03-24,2020-03-29,fao_band,0.0214518725705374,0.0041941038247941,302.9827405717638,303.4217530144586,303.0734848870171,-5.244806028447102,-5.029852529975442,0.8440535575639949,0.9204605324819154,0.877459486137786,0.07640697491792048
585,37.066666667,5.31666666700005,1,6,2020-03-24,2020-03-29,fao_band,0.0625197708440055,0.0003340325233338,303.0818019866944,302.26176495022247,302.4693941752116,-4.361457851929991,-4.931663406713936,1.035838722843696,1.072416533000483,0.8191906438008885,0.03657781015678685
586,37.1,5.31666666700005,1,6,2020-03-24,2020-03-29,fao_band,0.0625197708440055,0.0003340325233338,303.0818019866944,302.26176495022247,302.4693941752116,-4.865038639695278,-5.740771954636811,0.8375612578209781,0.9838844756487546,0.8019735286707056,0.14632321782777646
587,36.716666667,5.46666666700003,1,6,2020-03-24,2020-03-29,fao_band,0.0425050377679099,0.0088242075321076,299.3902004241943,298.04131681654184,298.32786314222545,-5.994644682638878,-4.589677156047646,0.8100854262366345,0.8038317627918342,0.9085671156002656,-0.006253663444800273
588,36.833333333,5.51666666700004,1,6,2020-03-24,2020-03-29,fao_band,0.0214518725705374,0.0041941038247941,302.9827405717638,303.4217530144586,303.0734848870171,-6.217296943399848,-6.509987152372453,0.7569860723826616,0.7714070444543418,0.9284986521683516,0.01442097207168025
589,36.8,5.35,1,6,2020-03-24,2020-03-29,fao_band,0.0208101689648856,0.0006056210872529,300.47217742072206,303.97412931654185,303.83000072903104,-5.832457112525527,-5.48293707035976,0.7945082383152482,0.8280863783290876,0.954726515760996,0.03357814001383941
590,36.816666667,5.36666666700006,1,6,2020-03-24,2020-03-29,fao_band,0.0166614770722617,0.0009868672963975,302.29755176968047,304.9990208095975,304.6980128818088,-4.868849175453459,-5.370044269366504,0.9330926247784016,0.9832336914446214,0.9177432936049492,0.05014106666621976
591,36.9,5.2,1,6,2020-03-24,2020-03-29,fao_band,0.0221387117934455,0.0001106790181992,302.59888097974994,304.8422608269585,304.5316337585449,-5.624730700825982,-6.001936817582279,0.9839871584451014,0.8599349108555201,0.861101870965958,-0.12405224758958133
592,36.8833333330001,5.1,1,6,2020-03-24,2020-03-29,fao_band,0.0228788673711051,0.0001383802768586,304.8434013790555,306.7436280144586,306.11839048597545,-8.398092401561541,-7.597293943189791,0.4851388043534254,0.5053522122677105,0.7097445566472209,0.020213407914285164
593,36.75,5.46666666700003,1,6,2020-03-24,2020-03-29,fao_band,0.0425050377679099,0.0088242075321076,299.3902004241943,298.04131681654184,298.32786314222545,-4.03310709553759,-6.118668091624032,0.8651571221010781,1.132788853164566,0.8947396479795733,0.2676317310634879
594,36.833333333,5.03333333300003,1,6,2020-03-24,2020-03-29,fao_band,0.0200449347329367,0.0005186281082032,304.0656832800971,306.74451777140297,306.36531431410054,-5.209606405260436,-4.182603887884139,1.0099443234863397,0.9262166983523192,0.8095732329696601,-0.08372762513402043
595,36.85,5.16666666700007,1,6,2020-03-24,2020-03-29,fao_band,0.0221387117934455,0.0001106790181992,302.59888097974994,304.8422608269585,304.5316337585449,-5.478736574636542,-5.899227212845634,0.979894588789266,0.8828454417292202,0.9506976384587116,-0.09704914706004586
596,36.8666666670001,5.13333333300005,1,6,2020-03-24,2020-03-29,fao_band,0.0228788673711051,0.0001383802768586,304.8434013790555,306.7436280144586,306.11839048597545,-5.946096175256038,-5.5536585649211005,0.8555292153523251,0.8110358020804617,0.9996378692596556,-0.0444934132718634
597,36.033333333,4.78333333300003,1,6,2020-03-24,2020-03-29,fao_band,0.0216211944651831,0.000110664117038,305.70112707349995,310.3183784484863,309.3410304599338,-6.744560914213375,-7.926861258755455,0.6288063833779407,0.6986178891900768,0.6178768310355883,0.06981150581213613
598,36.1833333330001,4.66666666700007,1,6,2020-03-24,2020-03-29,fao_band,0.0484265804124106,0.0001868686553834,303.94341765509705,306.19706768459747,306.02829717000327,-4.947829774182994,-5.600134828737577,0.8010147167250319,0.969810381088102,0.8741226543572473,0.16879566436307014
599,37.016666667,5.28333333300003,1,6,2020-03-24,2020-03-27,fao_band,0.048012357933544,0.0002922496673463,303.47995736863874,301.520152537028,302.0893160502116,-6.515587517619448,-5.887434357034591,0.5794987974676131,0.7295413475913837,0.912010534103435,0.15004255012377055
600,37.6333333330001,0.666666667000072,1,6,2020-03-24,2020-03-28,fao_band,0.0126103132796515,0.0058339170095322,299.34696583218044,303.4507243686252,304.67830259535043,-6.744526051640346,-5.842769025440367,0.8163400754114126,0.6986225178126021,0.9855639227677196,-0.11771755759881053
601,36.886666667,2.26861111100004,1,6,2020-03-24,2020-03-27,fao_band,0.0233732729983557,0.0033908567306397,300.43234994676374,306.1119114345974,307.5188082377116,-6.316736386988049,-5.131399035570833,0.6841144926907714,0.7572507736334707,0.7574221832869596,0.0731362809426993
602,36.888611111,2.29222222200002,1,6,2020-03-24,2020-03-27,fao_band,0.0233732729983557,0.0033908567306397,300.43234994676374,306.1119114345974,307.5188082377116,-6.052633838401681,-6.399268615277297,1.1323972348073972,0.7952897506527498,0.6835458110782142,-0.3371074841546474
603,36.895833333,2.30222222200007,1,6,2020-03-24,2020-03-27,fao_band,0.0233732729983557,0.0033908567306397,300.43234994676374,306.1119114345974,307.5188082377116,-5.409319249863064,-6.255945391885893,0.8520186847699283,0.8938913233675577,0.8087904148913586,0.041872638597629463
604,36.8825,2.28861111100002,1,6,2020-03-24,2020-03-27,fao_band,0.0233732729983557,0.0033908567306397,300.43234994676374,306.1119114345974,307.5188082377116,-6.673434614854532,-6.410382348682571,0.869521646330811,0.7081115103393928,0.889535487432098,-0.16141013599141818
605,36.887222222,2.26777777800004,1,6,2020-03-24,2020-03-27,fao_band,0.0233732729983557,0.0033908567306397,300.43234994676374,306.1119114345974,307.5188082377116,-6.935875705433798,-6.184673493148965,0.7461324899097204,0.6735804244257607,0.8593590885712821,-0.07255206548395965
606,36.893888889,2.26611111100004,1,6,2020-03-24,2020-03-27,fao_band,0.0233732729983557,0.0033908567306397,300.43234994676374,306.1119114345974,307.5188082377116,-6.430632879756207,-5.46286742247486,0.8401627688422229,0.7412820513553192,0.8213763526779057,-0.09888071748690364
607,36.9197222220001,2.24111111100007,1,6,2020-03-24,2020-03-28,fao_band,0.0308054655623664,0.0044191560623048,297.67469478183324,301.8058350457086,302.912080807156,-6.524858828544607,-5.884280864572606,0.7149708092260765,0.7282688385354147,0.9702290148168772,0.01329802930933821
608,36.836666667,2.26555555600004,1,6,2020-03-24,2020-03-28,fao_band,0.025599461777233,0.0032816759225724,298.74189313252765,305.7985867818196,307.26848814222546,-6.5056459743454695,-7.458761862291423,0.7536370854726304,0.730907766180317,0.7288019069378312,-0.022729319292313366
609,37.580277778,0.444722222000053,1,6,2020-03-24,2020-03-28,fao_band,0.0201253712010611,0.0124151489612458,297.0539482540554,299.85700692070844,301.3834512498644,-8.969085757143597,-6.733131773523687,0.7541103690002077,0.4500986484707558,0.6941935976536693,-0.30401172052945186
610,37.0458333330001,5.32166666700004,1,6,2020-03-24,2020-03-24,fao_band,0.048012357933544,0.0002922496673463,303.47995736863874,301.520152537028,302.0893160502116,-5.879383185593406,-5.787625073148816,0.836748083357296,0.8210136002821417,0.7894709717281696,-0.01573448307515435
611,36.845833333,5.4425,1,6,2020-03-24,2020-03-24,fao_band,0.0166614770722617,0.0009868672963975,302.29755176968047,304.9990208095975,304.6980128818088,-6.736315992771734,-4.835332926592264,0.6701378217511686,0.6997132215348851,0.7781496553119238,0.029575399783716483
612,36.8752777780001,5.45666666700004,1,6,2020-03-24,2020-03-24,fao_band,0.0089872747493018,0.0001501074907181,303.86562360127766,305.06607810126405,304.8417791578505,-5.472412346985889,-5.738105393023043,0.9154898655527738,0.8838477072612335,0.9041407959442834,-0.03164215829154027
613,36.780277778,5.355,1,6,2020-03-24,2020-03-24,fao_band,0.0166614770722617,0.0009868672963975,302.29755176968047,304.9990208095975,304.6980128818088,-5.096189740626071,-5.276526893871183,0.8911164106630125,0.944934244465901,1.1186327709236623,0.053817833802888515
614,36.8055555560001,5.36111111100007,1,6,2020-03-24,2020-03-24,fao_band,0.0166614770722617,0.0009868672963975,302.29755176968047,304.9990208095975,304.6980128818088,-6.08863436459133,-5.213562076058959,0.8695757942387105,0.790021173839706,0.9543907133525809,-0.0795546203990044
615,36.711944444,5.29861111100007,1,6,2020-03-24,2020-03-24,fao_band,0.0540545701813925,0.0018103948709367,298.938165918986,298.9085911220974,299.4808199564615,-5.6031374816958,-6.67734969349158,0.6985819253863533,0.863296094972997,0.7826996081482994,0.16471416958664364
616,36.72,5.375,1,6,2020-03-24,2020-03-24,fao_band,0.0433445989918936,0.0041413090106843,299.9258883582221,299.5730225457085,299.9626504686144,-4.783978530644536,-5.072764659301108,0.9028089514947372,0.9977970132542452,0.9459435138689172,0.09498806175950802
617,36.8061111110001,5.39916666700003,1,6,2020-03-24,2020-03-24,fao_band,0.0166614770722617,0.0009868672963975,302.29755176968047,304.9990208095975,304.6980128818088,-5.014930353745003,-4.140717031066015,0.976472377689816,0.9585044777144678,0.8404075040590614,-0.0179678999753482
618,36.958611111,5.34222222200003,1,6,2020-03-24,2020-03-24,fao_band,0.048012357933544,0.0002922496673463,303.47995736863874,301.520152537028,302.0893160502116,-5.7512880890268665,-6.125562832500499,0.7552637825619583,0.8404263712863218,0.8329358905203408,0.08516258872436355
619,37.026111111,5.30666666700006,1,6,2020-03-24,2020-03-24,fao_band,0.048012357933544,0.0002922496673463,303.47995736863874,301.520152537028,302.0893160502116,-6.968646664618315,-6.921886850274952,0.764533668910856,0.669364197900499,0.8267373352066706,-0.095169471010357
620,36.9913888890001,5.25361111100005,1,6,2020-03-24,2020-03-24,fao_band,0.048012357933544,0.0002922496673463,303.47995736863874,301.520152537028,302.0893160502116,-6.372442246824688,-6.665731273277731,0.6613793328309261,0.7494078774207773,0.729742975604099,0.08802854458985121
621,36.9,5.21,1,6,2020-03-24,2020-03-24,fao_band,0.0221387117934455,0.0001106790181992,302.59888097974994,304.8422608269585,304.5316337585449,-6.014249814111762,-6.2330819302247775,0.7885617500042446,0.80093619569051,0.7312844341618043,0.012374445686265445
622,36.892777778,5.11,1,6,2020-03-24,2020-03-24,fao_band,0.0228788673711051,0.0001383802768586,304.8434013790555,306.7436280144586,306.11839048597545,-6.278847001077347,-4.95066371773934,0.6749925394231631,0.7626211208451719,0.6762999967369916,0.0876285814220088
623,36.760277778,5.47138888900002,1,6,2020-03-24,2020-03-24,fao_band,0.0214518725705374,0.0041941038247941,302.9827405717638,303.4217530144586,303.0734848870171,-5.190061589304023,-5.299715730453723,0.8978260502790343,0.9294236867723276,0.8259474124758698,0.03159763649329328
624,36.7902777780001,5.43166666700006,1,6,2020-03-24,2020-03-25,fao_band,0.0166614770722617,0.0009868672963975,302.29755176968047,304.9990208095975,304.6980128818088,-6.056323020503459,-5.267930323740765,0.936260813513444,0.794748636586717,0.7988574416121245,-0.14151217692672702
625,36.841388889,5.54138888900007,1,6,2020-03-24,2020-03-25,fao_band,0.0214518725705374,0.0041941038247941,302.9827405717638,303.4217530144586,303.0734848870171,-6.893658080063025,-5.92503019148505,0.8752672387517306,0.6790432177683685,0.8994164886413987,-0.1962240209833621
626,36.7586111110001,5.35972222200007,1,6,2020-03-24,2020-03-25,fao_band,0.0166614770722617,0.0009868672963975,302.29755176968047,304.9990208095975,304.6980128818088,-4.053943008856008,-5.191372150573652,0.9547349230792002,1.128897285762824,1.0796710040382569,0.17416236268362395
627,36.7266666670001,5.47166666700002,1,6,2020-03-24,2020-03-25,fao_band,0.0425050377679099,0.0088242075321076,299.3902004241943,298.04131681654184,298.32786314222545,-4.728888752825199,-5.319231520856546,1.0740331051357297,1.0073268531661508,1.0081773546013482,-0.06670625196957891
628,36.765277778,5.37944444400006,1,6,2020-03-24,2020-03-25,fao_band,0.0166614770722617,0.0009868672963975,302.29755176968047,304.9990208095975,304.6980128818088,-5.972153880575673,-5.325410274674263,0.7042219195588619,0.8071631687174144,0.9273382514149386,0.10294124915855252
629,36.8197222220001,5.38,1,6,2020-03-24,2020-03-25,fao_band,0.0166614770722617,0.0009868672963975,302.29755176968047,304.9990208095975,304.6980128818088,-4.7883617634266304,-5.224770097189032,1.1407663933521728,0.9970413598555988,0.9189310617013812,-0.14372503349657395
630,36.9130555560001,5.27166666700003,1,6,2020-03-24,2020-03-25,fao_band,0.0205123543572653,0.0001418075439332,302.12473275926374,304.6255073547363,304.28505172729496,-4.235911983449318,-5.181633562296016,0.849874855456124,1.0952578752725628,1.2531944638018464,0.24538301981643884
631,36.9913888890001,5.25361111100005,1,6,2020-03-24,2020-03-25,fao_band,0.048012357933544,0.0002922496673463,303.47995736863874,301.520152537028,302.0893160502116,-6.372442246824688,-6.665731273277731,0.6613793328309261,0.7494078774207773,0.729742975604099,0.08802854458985121
632,36.9333333330001,5.21,1,6,2020-03-24,2020-03-25,fao_band,0.0221387117934455,0.0001106790181992,302.59888097974994,304.8422608269585,304.5316337585449,-5.3449815595567305,-6.01841755956799,0.8694885353664796,0.9042164960239168,0.8801259665040932,0.03472796065743722
633,36.100833333,5.30083333300007,1,6,2020-03-24,2020-03-25,fao_band,0.0193134665322531,0.0002670816060899,304.78505176968054,309.50041512383353,308.2824855380588,-5.310603935000234,-4.068720809348754,1.0029135951813006,0.9097680565616452,1.0197079527614423,-0.09314553861965547
634,36.892777778,5.11,1,6,2020-03-24,2020-03-25,fao_band,0.0228788673711051,0.0001383802768586,304.8434013790555,306.7436280144586,306.11839048597545,-6.278847001077347,-4.95066371773934,0.6749925394231631,0.7626211208451719,0.6762999967369916,0.0876285814220088
635,36.903888889,5.85666666700007,1,6,2020-03-24,2020-03-25,fao_band,0.0155500888657797,0.0008638880130646,299.8017835405138,300.1650798373752,300.2055215623644,-6.103925089305343,-4.2911814720947135,0.3559959923293332,0.7877913942925926,0.7287912877654924,0.4317954019632594
636,36.028055556,5.28333333300003,1,6,2020-03-24,2020-03-25,fao_band,0.0205503970217932,0.0003596774217484,305.38173688252766,309.93786629570855,309.0358004252116,-6.689486914490718,-7.270638973421104,0.6154006163930991,0.7059601106813547,0.7778746097273748,0.0905594942882556
637,36.065555556,5.25694444400006,1,6,2020-03-24,2020-03-25,fao_band,0.0193134665322531,0.0002670816060899,304.78505176968054,309.50041512383353,308.2824855380588,-6.828549894995424,-6.931126211718411,0.9206344347109724,0.6875369627912424,0.8350276422650662,-0.23309747191972996
638,37.023333333,5.28583333300003,1,6,2020-03-24,2020-03-25,fao_band,0.048012357933544,0.0002922496673463,303.47995736863874,301.520152537028,302.0893160502116,-6.329328410842612,-4.790539751893989,0.7410702235342801,0.7554724410777213,0.835307801121195,0.014402217543441176
639,37.028055556,5.28333333300003,1,6,2020-03-24,2020-03-25,fao_band,0.048012357933544,0.0002922496673463,303.47995736863874,301.520152537028,302.0893160502116,-4.654864399568789,-5.8079582253150255,0.7589956086402118,1.0202268737836042,0.7269849231327083,0.26123126514339245
640,36.773333333,5.39583333300004,1,6,2020-03-24,2020-03-26,fao_band,0.0166614770722617,0.0009868672963975,302.29755176968047,304.9990208095975,304.6980128818088,-5.210486017388764,-6.34731229478518,0.7736213817287836,0.9260725501780964,0.9151026780075704,0.15245116844931283
641,37.779444444,5.41611111100002,1,6,2020-03-24,2020-03-26,fao_band,0.030586433393978,0.001104675876796,297.4182277679444,297.5942139519586,298.81867802937825,-7.522401775344298,-8.759145480958079,0.6898260989209826,0.6019302842819481,0.5213808611295001,-0.08789581463903451
642,37.066666667,3.31666666700005,1,6,2020-03-24,2020-03-29,fao_band,0.0137410580945243,0.0005136064168809,305.7294582366943,310.24705683390306,311.55916197035043,-9.951751750717952,-10.202400261912654,0.4506600381309064,0.3673256780855998,0.4425148196048804,-0.08333436004530659
643,37.8,1.58333333300004,1,6,2020-03-24,2020-03-29,fao_band,0.0112141191792716,0.0048038593408463,302.1336303287082,306.416246287028,307.8754922654894,-4.237759073956699,-5.105866197126232,1.0185255349362057,1.0949196344216268,0.9828959468807116,0.07639409948542109
644,36.849444444,5.00027777800005,1,6,2020-03-24,2020-03-24,fao_band,0.0200449347329367,0.0005186281082032,304.0656832800971,306.74451777140297,306.36531431410054,-8.374068707904314,-5.733458565507482,0.5596832574894139,0.5077995311136221,0.532961445704774,-0.05188372637579186
645,36.8502777780001,5.46055555600003,1,6,2020-03-24,2020-03-29,fao_band,0.0089872747493018,0.0001501074907181,303.86562360127766,305.06607810126405,304.8417791578505,-5.148501333124203,-5.324792776357086,0.908231574623566,0.9362687582097298,0.934619385377577,0.028037183586163805
646,36.8097222220001,5.46888888900003,1,6,2020-03-24,2020-03-30,fao_band,0.0214518725705374,0.0041941038247941,302.9827405717638,303.4217530144586,303.0734848870171,-5.438309312018246,-5.484404123112756,0.7978219202062471,0.8892664090876923,0.7666607051946908,0.09144448888144519
647,37.066666667,5.15,1,6,2020-03-24,2020-03-30,fao_band,0.0839651942086447,0.0013477883216737,300.04409582349984,299.5320340474446,299.66782082451715,-7.041580674859302,-5.810473980195791,0.8030170375909347,0.6600564244601209,0.908086569071478,-0.14296061313081376
648,36.783333333,5.46666666700003,1,6,2020-03-24,2020-03-30,fao_band,0.0214518725705374,0.0041941038247941,302.9827405717638,303.4217530144586,303.0734848870171,-5.471028845083072,-5.162769805360835,0.8095261965350213,0.8840670736951224,0.8736381497409644,0.07454087716010105
649,37.0,5.3,1,6,2020-03-24,2020-03-30,fao_band,0.048012357933544,0.0002922496673463,303.47995736863874,301.520152537028,302.0893160502116,-6.754261405953089,-6.3118485223838015,0.7961282071830291,0.6973309166620737,0.797752834918364,-0.09879729052095543
650,37.4866666670001,0.354722222000021,1,6,2020-03-24,2020-03-25,fao_band,0.0136253058743704,0.0104342481967805,296.9686726464166,300.09502232869465,301.682100338406,-3.71923697496627,-5.471581870831752,1.040892064728266,1.1923798978915834,0.9947476234212328,0.15148783316331738
651,36.887222222,2.2675,1,6,2020-03-24,2020-03-26,fao_band,0.0233732729983557,0.0033908567306397,300.43234994676374,306.1119114345974,307.5188082377116,-6.935875705433798,-6.184673493148965,0.7461324899097204,0.6735804244257607,0.8593590885712821,-0.07255206548395965
652,36.833333333,2.48638888900007,1,6,2020-03-24,2020-03-28,fao_adult,0.0248164057564963,0.0025168142196534,302.9651353200276,308.9967096116808,310.8112724304199,-8.430353185082803,-7.974661349637511,0.4242374885675102,0.5020816501157647,0.6593130308303953,0.07784416154825446
653,37.274444444,0.08694444400004,1,6,2020-03-24,2020-03-24,fao_adult,0.1814391881060828,0.0912075272676347,289.3766316307916,291.0054823981391,291.85150680541994,-5.740652230590092,-4.284804831549558,0.7371760511206568,0.8420532853605761,0.7374660305218512,0.10487723423991935
654,37.7913888890001,0.14777777800003,1,6,2020-03-24,2020-03-24,fao_adult,0.0219338059258689,0.0318818024274705,294.6801743825276,295.84560284084745,296.3388711717394,-6.811581933996576,-5.536539674184312,0.7409585321494757,0.6897643155094798,0.8715127222239811,-0.051194216639995904
655,37.1144444440001,0.83305555600003,1,6,2020-03-24,2020-03-26,fao_adult,0.0208249509167899,0.0144150338050721,296.71710472106935,299.2861844380696,300.606270260281,-4.985050783723059,-5.209593009076707,1.057521941678646,0.9635277686937074,1.085999889982591,-0.09399417298493873
656,37.966666667,0.133333333000053,1,6,2020-03-24,2020-03-30,fao_swarm,0.0348715156150092,0.0523073158141969,297.66611188252773,298.1611573113336,298.560615963406,-6.187404773988915,-5.283725461934064,0.7566928592808724,0.7757016908748984,0.7301468469301113,0.019008831594026
657,36.6333333330001,1.26666666700004,1,6,2020-03-24,2020-03-30,fao_swarm,0.0374329507184256,0.0084711394187806,292.6619614919027,295.0516792297363,295.77477611965605,-7.122905731928903,-6.340402100618249,0.8996794119521871,0.6498005690468962,0.9121219504413356,-0.24987884290529094
658,37.516666667,0.55,1,6,2020-03-24,2020-03-30,fao_swarm,0.0138853013348807,0.0065807036039231,298.30843501620825,301.8784695943197,303.37815611097545,-6.006884808598674,-5.651175251682837,0.953996167234743,0.802023047483302,0.8340689583669303,-0.151973119751441
659,36.533333333,0.25,1,6,2020-03-24,2020-03-30,fao_swarm,0.0483110219073523,0.011877917396724,292.37442351447214,293.6273465474447,294.4897500779894,-5.906109032645773,-5.912059295867039,0.9697108226219234,0.8170057561688668,0.8567517529623718,-0.1527050664530566
660,36.55,0.183333333000064,1,6,2020-03-24,2020-03-30,fao_swarm,0.0312247693372,0.0094779810783265,291.4167195214165,292.760359785292,294.0376179165311,-5.966635929797728,-5.984637103993896,0.7370754312605543,0.8130934908045486,0.6836838293177,0.07601805954399432
661,36.3666666670001,0.166666667000072,1,6,2020-03-24,2020-03-27,fao_swarm,0.0661105334592093,0.0261434099552033,290.9931572384304,293.1022543165419,294.0366033766005,-3.557664608638353,-4.633714766751478,1.397686134163767,1.231177103961243,1.1095888787423942,-0.16650903020252406
662,36.533333333,0.25,1,6,2020-03-24,2020-03-27,fao_swarm,0.0483110219073523,0.011877917396724,292.37442351447214,293.6273465474447,294.4897500779894,-5.906109032645773,-5.912059295867039,0.9697108226219234,0.8170057561688668,0.8567517529623718,-0.1527050664530566
663,37.016666667,0.03333333300003,1,6,2020-03-24,2020-03-27,fao_swarm,0.067963165028118,0.0513753077861665,291.112531153361,291.7186822679307,292.8000473870171,-5.389855470981228,-6.272758237222324,1.094451879933668,0.8970060652338565,0.9042531778517712,-0.19744581469981148
664,36.4166666670001,0.083333333000041,1,6,2020-03-24,2020-03-27,fao_swarm,0.0563975244593848,0.0321553877469895,290.3796915266249,291.38922805786126,292.0647446526421,-5.1409995549293,-6.843818280225271,0.7089610999413838,0.9401076174977592,0.82320385458608,0.23114651755637539
665,36.566666667,0.35,1,6,2020-03-24,2020-03-27,fao_swarm,0.0329242765736808,0.0083822241899369,292.10088835822205,293.5488200717502,294.54308666653105,-6.924023050652809,-7.835214144196582,0.6131783176321441,0.6753025605088911,0.7203059523301943,0.062124242876747005
666,36.516666667,0.433333333000064,1,6,2020-03-24,2020-03-27,fao_swarm,0.0493474125695456,0.0108178785917161,292.60142546759715,293.83368335300025,294.63621817694764,-6.020734519948992,-6.769527414533546,0.6410826692897265,0.8046983985042659,0.6462550721062902,0.16361572921453948
667,37.516666667,0.55,1,6,2020-03-24,2020-03-28,fao_swarm,0.0138853013348807,0.0065807036039231,298.30843501620825,301.8784695943197,303.37815611097545,-6.006884808598674,-5.651175251682837,0.953996167234743,0.802023047483302,0.8340689583669303,-0.151973119751441
668,37.033333333,0.53333333300003,1,6,2020-03-24,2020-03-29,fao_swarm,0.0360519409013022,0.0130198082801697,293.81816266377774,295.0247749328613,296.47224790785043,-5.6485263026509145,-5.4753863045756015,0.8578847787473934,0.8562419232310123,0.8775392489805305,-0.0016428555163811032
669,37.0,0.466666667000027,1,6,2020-03-24,2020-03-29,fao_swarm,0.0360519409013022,0.0130198082801697,293.81816266377774,295.0247749328613,296.47224790785043,-6.237988996737609,-5.078765467830378,0.7476748359685306,0.7684448042405876,0.811997607385182,0.020769968272057016
670,37.831944444,0.34472222200003,1,6,2020-03-24,2020-03-24,fao_swarm,0.0410383015704383,0.0390069714662431,293.6154988182916,295.03980857001415,296.0035250345865,-6.034312353157352,-6.274397620336127,0.8680054319070452,0.7979811741353572,0.6931981782669461,-0.07002425777168797
671,37.766666667,0.183333333000064,1,6,2020-03-24,2020-03-24,fao_swarm,0.0329041302037467,0.0395260087129472,292.9266099294027,294.2850451151529,294.95107820298944,-6.522862716538054,-7.121566644842696,0.5672166283629654,0.7285426637282917,0.8606180083672703,0.1613260353653263
672,37.783333333,0.133333333000053,1,6,2020-03-24,2020-03-24,fao_swarm,0.0219338059258689,0.0318818024274705,294.6801743825276,295.84560284084745,296.3388711717394,-5.918865946997412,-6.929480087578568,0.7539823635455035,0.8150974789767584,0.7640112611676173,0.06111511543125492
673,37.033333333,0.6,1,6,2020-03-24,2020-03-25,fao_swarm,0.0308079987597693,0.014325090396106,294.6985717349582,295.8353760613336,297.0976059807671,-6.503606716255487,-5.303718508657233,1.1103658007792143,0.7311882981355253,1.0387501176196936,-0.379177502643689
674,36.3,0.266666667000038,1,6,2020-03-24,2020-03-25,fao_swarm,0.0956386446786154,0.032336913692653,290.93892004224995,293.5271186828613,294.26897642347546,-4.778134321392899,-5.339576231235004,0.8289222281454767,1.0221444420240382,0.5745166777358036,0.19322221387856153
675,36.316666667,0.266666667000038,1,6,2020-03-24,2020-03-26,fao_swarm,0.0956386446786154,0.032336913692653,290.93892004224995,293.5271186828613,294.26897642347546,-5.94313565290748,-7.350542900479203,0.850364293120532,0.8162618711199428,0.6749743074538476,-0.034102422000589216
676,37.1,0.81666666700005,1,6,2020-03-24,2020-03-26,fao_swarm,0.0208249509167899,0.0144150338050721,296.71710472106935,299.2861844380696,300.606270260281,-6.6131976598569135,-5.588559921940357,0.602578526472553,0.7162306187294961,0.8014487708749863,0.11365209225694306
677,36.533333333,0.25,1,6,2020-03-24,2020-03-26,fao_swarm,0.0483110219073523,0.011877917396724,292.37442351447214,293.6273465474447,294.4897500779894,-5.906109032645773,-5.912059295867039,0.9697108226219234,0.8170057561688668,0.8567517529623718,-0.1527050664530566
678,36.7333333330001,0.28333333300003,1,6,2020-03-24,2020-03-26,fao_swarm,0.0389790952038993,0.0115643075582383,291.69651010301374,293.19119745890305,294.6160196092394,-7.383344287421565,-6.164880953785538,0.6941133660356232,0.6181798587171053,0.8668068890590882,-0.07593350731851789
679,36.972244852646696,2.938215282642034,0,6,2020-03-24,,synthetic_background,0.0213806003165473,0.0014078698036072,302.93593610127766,308.24878751966685,309.71097403632274,-8.647017445100868,-8.028925083531604,0.4612319359082684,0.4805835635883853,0.5953601161448131,0.01935162768011689
680,38.63183239500207,4.815214858463218,0,6,2020-03-24,,synthetic_background,0.0145654797387351,0.0008029124614594,297.62366939120824,300.8714871724447,302.0343627081977,-4.027565548973961,-3.564788269623943,0.8655017532656871,1.133825224583158,0.9114397391064848,0.2683234713174708
681,38.99159452463519,2.0685323155587163,0,6,2020-03-24,,synthetic_background,0.0026149421763648,0.0013525417920945,303.73423254224986,307.83237041897246,308.56526548597543,-7.531975071078314,-7.886482960811898,0.7927331720908581,0.6047342016912662,0.4933805158657357,-0.1879989703995919
682,38.86842420626584,4.224399206775278,0,6,2020-03-24,,synthetic_background,0.0022730350327719,0.0026144317266343,297.4636216481527,301.26059307522246,302.2645601908367,-5.140699900699244,-5.654913216595047,0.8971515235481484,0.9385793516600524,1.023897584475275,0.04142782811190393
683,38.81890611054703,1.81386640230626,0,6,2020-03-24,,synthetic_background,0.0023806512189139,0.0012174180623887,303.9014308929443,308.1027534484863,308.9191988627116,-7.684915648496721,-6.442830236323785,0.5326394467429494,0.5836903373166864,0.562736369121189,0.05105089057373702
684,37.82009056244396,3.138318039661121,0,6,2020-03-24,,synthetic_background,0.012605813128971,0.001933031427562,304.0881062401665,308.39923239813913,309.4439764234755,-9.544856702503363,-9.779287720804902,0.4946569788390033,0.3997984816920719,0.3420774312774188,-0.0948584971469314
685,38.64725893600631,0.4326337497891883,0,6,2020-03-24,,synthetic_background,0.0258231133055915,0.0167248926040528,301.5966891394721,304.19491924709746,304.5061943054199,-5.843204875587034,-5.938793502535267,0.7487247082364744,0.8264633219560711,0.7911210684109291,0.07773861371959667
686,36.90543657169088,0.7171130827363745,0,6,2020-03-24,,synthetic_background,0.0160048425030936,0.0114281705495713,294.09794782002774,295.7589654710557,297.09956995646155,-6.222519985272072,-5.08489481750664,0.7833999191597163,0.7707790147067376,0.8070025895694369,-0.012620904452978698
687,36.74050248321146,0.1213364953003457,0,6,2020-03-24,,synthetic_background,0.0292758017611731,0.0118147960779069,291.12466222975,292.3644233703613,293.80331344604485,-5.73757859764844,-5.114827896603847,0.8892783492606237,0.8427572159461914,0.7501044927704587,-0.046521133314432306
688,37.60404146961966,4.02399246637917,0,6,2020-03-24,,synthetic_background,0.0109187185597647,0.0008165321227906,303.0115220387777,307.4599203321669,307.3471719529893,-6.740309855967813,-6.4706983896511545,0.7949860139422174,0.7008556836738211,0.6799452507361103,-0.09413033026839623
689,36.40007658608704,5.342501444818177,0,6,2020-03-24,,synthetic_background,0.0626480698418845,0.0021214119073746,299.8561129675971,300.2216933356391,300.5794527689616,-6.551156228017238,-6.462573283607716,0.7860071421329449,0.7246688490047144,0.8423796116053677,-0.06133829312823047
690,37.95712750693265,2.975467574219259,0,6,2020-03-24,,synthetic_background,0.0046602010560263,0.0018818608400223,303.6555161794026,308.1357124328613,309.279707760281,-8.928240572789893,-9.395438657247166,0.3139750523734009,0.4557022935366625,0.3788654031288513,0.14172724116326157
691,37.940879204359376,2.899625312017441,0,6,2020-03-24,,synthetic_background,0.0049427419734229,0.0017635605213044,304.0893215179443,308.85066468980574,310.1263277689616,-8.568555097415025,-9.48371847572588,0.3679194804120413,0.4884516818950465,0.412438830782098,0.1205322014830052
692,38.34038348951281,0.2394530666090353,0,6,2020-03-24,,synthetic_background,0.0165366351437796,0.0146563432094453,300.83163380093043,303.3329400804307,303.61276440090603,-5.03586967087856,-5.322990768967373,0.7411687549549166,0.9549949083055296,0.9505876183615564,0.21382615335061295
693,36.21775876813927,2.754459417419337,0,6,2020-03-24,,synthetic_background,0.0176414817404975,6.5766918361021e-05,305.5617119259304,310.17881139119464,311.2194918314616,-7.197073683223845,-7.915936460820362,0.5495137854565836,0.6405596347212209,0.46153499903618,0.09104584926463732
694,37.61864724366013,0.5987063690077865,0,6,2020-03-24,,synthetic_background,0.0098731040787924,0.0060844651338456,298.57068545023594,301.950377146403,303.1791598002116,-6.322891731238645,-5.7377004302952646,0.5832821367790518,0.7563810728427431,0.7905597307971175,0.1730989360636913
695,37.57064659367071,4.880828864724399,0,6,2020-03-24,,synthetic_background,0.0089013248515357,0.0001802078363297,300.1581691741943,304.0196696811252,304.3845417446561,-5.652895481750104,-5.752359915495987,1.0488915179969336,0.8555650985299095,0.8136430580698872,-0.1933264194670241
696,38.25314123488719,4.93385802856494,0,6,2020-03-24,,synthetic_background,0.0094416409564246,0.0013975880023835,296.9687811533611,300.69700800577806,301.7750311109755,-5.04030694401127,-7.649649899146716,0.7412206301118544,0.9542523253234638,0.8334334370007273,0.21303169521160947
697,37.77921292972608,5.058911452156749,0,6,2020-03-24,,synthetic_background,0.0161624520850409,0.0005859068509934,299.58662512037483,303.46919767591686,304.13609881930887,-6.265368661048165,-4.559144652829819,0.9599340317666444,0.765280186330776,0.7811259107377053,-0.1946538454358684
698,37.086736860792286,1.3533264049660212,0,6,2020-03-24,,synthetic_background,0.0136202096772422,0.0075327685949204,297.9221231672499,300.99701885647244,302.1300875345866,-5.394559159934936,-5.963980321777353,0.7964387322732929,0.9041958784756722,0.7491177199487753,0.1077571462023793
699,36.58159672599625,1.4937239861702427,0,6,2020-03-24,,synthetic_background,0.0479675203395117,0.0051236531612275,297.9771144866943,302.039879099528,302.38676613701705,-5.427328216107574,-5.8089247301380365,0.867054340586392,0.8910162593666882,0.8893797419414952,0.023961918780296187
700,38.60591634311854,0.7906994225663613,0,6,2020-03-24,,synthetic_background,0.0092926889491309,0.0106804004785416,302.9116685231526,307.03106291029184,307.59706887139214,-5.807664449239631,-6.073563367968075,0.8779910389901973,0.8348090517776093,0.9001325263266717,-0.043181987212587924
701,36.92828597425399,3.854341930632702,0,6,2020-03-24,,synthetic_background,0.0176684677434195,0.0007331750270722,304.04112815856934,308.40831442938907,308.5823933071561,-6.846940462255402,-7.101751760532144,0.4995007140839028,0.6851293077559283,0.5338618989187632,0.1856285936720255
702,38.43942222951438,2.6769087410139987,0,6,2020-03-24,,synthetic_background,0.0060733228755225,0.0027083686468003,302.95693762037484,306.9737007141113,307.70179434882266,-7.030653546911589,-5.803533315652835,0.7497394311890551,0.6696181541421098,0.9032189693655236,-0.08012127704694527
703,38.1174126285423,0.8404122745403961,0,6,2020-03-24,,synthetic_background,0.0100488334727515,0.0069551697847245,301.286505762736,304.806578318278,305.8446437411838,-5.301237848248668,-4.507782377109424,0.8810703508165255,0.9112847256020806,1.09935426383955,0.03021437478555511
704,37.09080011592588,4.145015427034847,0,6,2020-03-24,,synthetic_background,0.0256921469998587,0.0008279762145875,303.6804185231527,307.73309199015296,307.2544798956977,-5.944670448228221,-7.207025847987757,0.7491513615989571,0.812773435784998,0.6146179661977645,0.06362207418604093
705,38.62554548924259,0.4786297736661271,0,6,2020-03-24,,synthetic_background,0.0219463527035941,0.0156413546678422,301.9927774641249,304.6834229363336,305.0179673088922,-5.230458820290035,-5.192108006399938,0.9976487409673838,0.9256008320144792,1.1020318197528665,-0.07204790895290458
706,36.35176291826322,3.956425425314855,0,6,2020-03-24,,synthetic_background,0.0248235434127082,0.0010584226724503,305.6703382280138,309.3447890387641,309.2700723436144,-7.195720166648272,-7.384623397093051,0.6731559933009093,0.6407273187808011,0.5086531220539802,-0.032428674520108114
707,36.75247167104229,2.7866687505775545,0,6,2020-03-24,,synthetic_background,0.0321655988526572,0.0023137858983872,303.7145168304444,309.2272760179307,311.2293225606282,-8.746895999834129,-9.005257284325324,0.4362179352828245,0.4709436955101878,0.5194565213653217,0.03472576022736329
708,36.10205765257068,1.705160749800734,0,6,2020-03-24,,synthetic_background,0.0387045264077414,0.0009648731824754,303.8342542436388,309.5763808356391,309.7183036804199,-7.094024044392893,-7.436560355611977,0.5361302768516388,0.6546054612331413,0.7280250684566265,0.11847518438150251
709,38.71646106019758,2.6502400135248063,0,6,2020-03-24,,synthetic_background,0.0056529313159217,0.0025237283584473,303.23073319329154,307.14554858737523,307.8539699130588,-5.457681261752713,-5.118575160235853,0.9028374185924152,0.8862303541579546,0.7840747268547286,-0.016607064434460583
710,36.80359431010562,5.225841653969077,0,6,2020-03-24,,synthetic_background,0.0215861767363776,0.0005571029064057,299.55619977315274,302.9880561828614,302.8156018575033,-5.3281588531209305,-6.509219176993495,0.8081412684233076,0.9069301540891872,0.793921936232533,0.09878888566587962
711,36.8281959996002,4.136380898677813,0,6,2020-03-24,,synthetic_background,0.0196744620633353,0.0002748898145554,303.8399183061389,307.7546197679307,307.86696904500326,-5.118379912280691,-5.108286602835675,0.8380301738736152,0.9423693377853136,0.7875274134357971,0.1043391639116984
712,38.52000056938515,0.5172859619114387,0,6,2020-03-24,,synthetic_background,0.0235885202718009,0.0166389427062867,301.2182386186388,303.02727059258353,303.6316663106282,-5.105585220492761,-4.770278965923774,1.0831429728331674,0.9451335637205828,1.1194153396864035,-0.13800940911258464
713,37.09157399024908,3.048388207698001,0,6,2020-03-24,,synthetic_background,0.0125004768204917,0.0004888108846543,303.687726465861,308.88513192070855,310.1737073262533,-7.650282365515061,-8.13919033622086,0.5716534663312796,0.5863889745784517,0.5452372486793281,0.01473550824717218
714,37.567666727199054,4.242425709648,0,6,2020-03-24,,synthetic_background,0.0096092194152106,0.0006524554368851,302.3262952592638,306.4729031880697,306.15166414048934,-5.724208498387158,-5.76902519639008,0.8057957075462641,0.8445731443061477,0.8914308574557044,0.038777436759883654
715,36.06028820548838,0.1556031840937981,0,6,2020-03-24,,synthetic_background,0.0507913201880683,0.0148270360109208,295.3047946082221,296.5062419467502,297.6620645311143,-10.876354460074914,-10.560913377726417,0.3455773838876547,0.3022262789492199,0.3442210599827381,-0.043351104938434804
716,37.25040121126396,1.112655169436357,0,6,2020-03-24,,synthetic_background,0.0194558620286215,0.0124138525602219,296.67035450405547,299.2658882141113,300.2570406595866,-4.768732610876793,-4.957712798299415,1.0138698760476554,1.0004283309655593,1.0644376571146863,-0.013441545082096162
717,36.66486666494611,3.3145056622711957,0,6,2020-03-24,,synthetic_background,0.0213209211659659,0.0010359815236924,304.701105372111,309.4583741082086,310.6966565450033,-9.262825467312709,-9.598168897832648,0.6167648134688943,0.4237810680716841,0.4921797328387249,-0.19298374539721025
718,38.97136561361508,3.884871147392725,0,6,2020-03-24,,synthetic_background,0.0035054951739539,0.0031153193590043,299.02095129225,301.8295872158474,302.64475767347545,-5.190843488560603,-6.569404002638436,0.8046705127760546,0.9292952411812192,0.798331370756323,0.12462472840516459
719,38.41108330941314,2.42922000022736,0,6,2020-03-24,,synthetic_background,0.0072711229157675,0.0035055360671876,302.5995591481527,306.0039036220974,306.79141565958656,-6.882041355351848,-6.664572758601208,0.7286873942278145,0.6903356100817459,0.7771431468160399,-0.038351784146068546
720,38.4959256076383,4.787892559767595,0,6,2020-03-24,,synthetic_background,0.0149139731955756,0.0008627555248139,297.0584458669026,300.65147849188907,301.74200702243377,-7.687446243913769,-7.9428471279471715,0.4808057957691601,0.5821196171585189,0.7191939262275375,0.1013138213893588
721,36.22357067687152,5.045253083908605,0,6,2020-03-24,,synthetic_background,0.0376970738005866,0.0003790787336228,303.8382961273193,306.69049216376413,305.6534762064615,-5.166966060560023,-5.040918040480779,1.023786061193506,0.933223259765333,0.932210174082339,-0.09056280142817286
722,36.7574851732992,0.6761074400288365,0,6,2020-03-24,,synthetic_background,0.0171079307627906,0.0111644199964402,293.0484469519721,294.64385045369465,295.6619180467393,-5.447721105219031,-6.94199217506843,0.8989217004106604,0.8877685831774806,0.6495769761971522,-0.011153117233179799
723,37.67436968523404,2.4009970136257435,0,6,2020-03-24,,synthetic_background,0.0194930553269614,0.0110100141641495,302.9669311099582,306.2813830057781,307.8364677429199,-9.152524417602532,-9.236675099684843,0.3517569386190486,0.4335006094541515,0.3561669276454885,0.08174367083510287
724,37.18818157452954,2.152869507387116,0,6,2020-03-24,,synthetic_background,0.0046220540833701,0.0020414671775697,301.5233655717638,306.0575114780002,307.3140068054199,-5.96268326779852,-6.252129186127714,0.6826425604748072,0.8087066213780744,0.8839566784764396,0.12606406090326716
725,38.35313700387603,3.1804151350380234,0,6,2020-03-24,,synthetic_background,0.008969378454708,0.0029233029958604,302.66398514641656,306.09743118286127,306.81023618910046,-7.627133022024038,-7.250968179940387,0.6819271888596397,0.5909516525802779,0.7443006530239606,-0.09097553627936172
726,37.60242084417095,2.088484851765702,0,6,2020-03-24,,synthetic_background,0.0148540407252539,0.0029340914365647,302.4580660925971,306.67255596584744,307.7819538540309,-7.845005786775328,-7.721071170258683,0.5895219580508028,0.5643051404540109,0.5283780483553163,-0.02521681759679184
727,36.79338604226948,0.2358524294190342,0,6,2020-03-24,,synthetic_background,0.0339145779443015,0.011346586692035,292.278497950236,293.8014893425836,295.535567135281,-5.759474419218961,-6.292781602086535,0.8122650766925457,0.8393167511880972,0.583684209401406,0.02705167449555157
728,38.20250653857667,3.0226965959706065,0,6,2020-03-24,,synthetic_background,0.0069874346089591,0.0018767348405717,303.1019517262777,307.5770427280003,308.5623683505588,-9.389525867137358,-9.217333240068465,0.3578304236242994,0.4140421596004532,0.3613853328803018,0.05621173597615381
729,36.75139178587783,0.2064421319548708,0,6,2020-03-24,,synthetic_background,0.0339145779443015,0.011346586692035,292.278497950236,293.8014893425836,295.535567135281,-6.904149242854109,-7.855851691967101,0.5917879192545158,0.6781545117598697,0.5556006389799953,0.08636659250535395
730,38.0073180749776,3.992939328163088,0,6,2020-03-24,,synthetic_background,0.0107000142169226,0.0007881752130387,301.7742607540555,304.7826254102919,304.66769061618385,-5.485008473579516,-5.940071831898806,0.6750545409715444,0.8946416620948683,0.7022342868765388,0.2195871211233239
731,38.29006139357639,0.0583614818495243,0,6,2020-03-24,,synthetic_background,0.015648734552883,0.0156802019950745,300.80450706481935,303.16509068806965,303.36801613701715,-5.270049640053082,-5.222205655504849,0.938608333341856,0.9163479354380932,0.8771729757801403,-0.022260397903762774
732,38.764085506966325,2.0533701505127144,0,6,2020-03-24,,synthetic_background,0.0031517267060507,0.0020254782316087,303.7503620995415,307.50180943806964,308.31392542521155,-5.353745190403554,-4.626970962430974,0.9416965410186888,0.9033315447236758,0.7806564484195826,-0.038364996295013
733,37.76308147028856,3.8639397707367262,0,6,2020-03-24,,synthetic_background,0.006704699976467,0.001158483969867,302.2287258148193,306.23267966376415,306.40018302069774,-7.849926875153312,-7.786555074001428,0.6136682657397845,0.563756144917602,0.4943676593108194,-0.04991212082218255
734,36.53916796012978,4.537247301616097,0,6,2020-03-24,,synthetic_background,0.0368848860097159,0.0004512897607682,304.313800684611,308.6698432922363,308.19299986097553,-7.473722924297117,-7.220361726015877,0.5757782498201416,0.6070428590867933,0.7314150333969822,0.031264609266651755
735,38.48475930132614,5.03644762829533,0,6,2020-03-24,,synthetic_background,0.0184902667832602,0.0007320127364991,297.45909690856934,301.02533916897244,302.3082613627116,-4.593368805299438,-3.995468222718621,1.0387880452959404,1.031025817760946,0.94121542583227,-0.007762227534994448
736,36.08745022759366,1.1226680880107225,0,6,2020-03-24,,synthetic_background,0.0313284814191092,0.0049873969432709,300.80695389641653,303.5997586568197,304.35576027764205,-5.090356453973007,-5.18659438447925,0.9163530093813964,0.9473589410047164,0.9276615864810644,0.031005931623319993
737,36.77121089172094,4.770048464785676,0,6,2020-03-24,,synthetic_background,0.0135802894664038,0.0001085928556321,304.8278523339165,307.2144233703614,307.02155888875325,-10.007032017330063,-9.01884059392106,0.5888466011471043,0.3631014513552192,0.5434369575725356,-0.2257451497918851
738,38.17905734986066,1.5254306014632546,0,6,2020-03-24,,synthetic_background,0.0062039017510642,0.0043379000303147,303.3541598425971,307.4065186394585,308.52193866305885,-6.67123793930266,-6.291239936689556,0.8247991587747641,0.7084063183812825,0.7964089784946511,-0.11639284039348152
739,38.12194744771934,5.728199693873311,0,6,2020-03-24,,synthetic_background,0.046047162992977,0.0028200975534318,296.1329521603055,296.726793162028,297.9785901387532,-6.408789562950302,-8.412997692285353,0.5642358246525474,0.7443242777589353,0.7437183189093208,0.18008845310638788
740,36.35737631795454,2.0408788475132686,0,6,2020-03-24,,synthetic_background,0.0420020639729727,0.0016114643689988,304.2631984710694,311.1724420335558,311.29387876722546,-8.687048260155471,-8.955042161928858,0.4152206881630067,0.4766996576254624,0.4732925051352118,0.06147896946245568
741,37.01715382026416,1.9123225414450904,0,6,2020-03-24,,synthetic_background,0.0286246806216468,0.007037841427028,298.4282212575277,302.2218886481391,302.6090100606282,-5.053417056188605,-8.516081378763252,0.7423108194205863,0.9520606495234736,0.6489710338001835,0.20974983010288728
742,37.73618615870633,1.714500435084794,0,6,2020-03-24,,synthetic_background,0.0118842840028037,0.0034808746454118,301.998126856486,305.570836130778,306.95932473076715,-5.692891897191652,-6.988433056330084,0.931973613967016,0.8493874023304924,0.8532901536777404,-0.08258621163652358
743,36.7928425060226,3.9428852952123714,0,6,2020-03-24,,synthetic_background,0.0168184757066001,0.0006562403318284,304.49097624884706,308.78990080091694,309.0612670050727,-5.851727361240192,-5.698737379911274,0.6499348314281134,0.8251764982695257,0.7344927493964262,0.1752416668414123
744,36.442132652035646,4.201067164693373,0,6,2020-03-24,,synthetic_background,0.0317023515534629,0.0006681463596223,305.02849252488875,308.8544081793891,308.3798488193088,-5.411458594953838,-5.466771457207044,1.0547462705564907,0.9021895517319236,1.0340679137142148,-0.15255671882456712
745,37.30747859859123,0.9553481493850616,0,6,2020-03-24,,synthetic_background,0.022315558774494,0.0148050120946763,296.07089161343043,297.8332330491808,298.99430736965604,-5.411212525283448,-5.8125005583502745,1.0283698264204384,0.8935887584955968,0.9449822402084512,-0.13478106792484157
746,36.5761132791026,2.3792614880349308,0,6,2020-03-24,,synthetic_background,0.0213050365281333,0.0010794482108948,304.29526769849986,307.4719917297363,308.4413071526422,-8.982905642911557,-9.010629870633265,0.5677987717144304,0.4488291019446735,0.6109750900904166,-0.11896966976975687
747,37.799642497304944,2.302756641867699,0,6,2020-03-24,,synthetic_background,0.0179026692939032,0.0100549242374299,300.912677637736,303.498961130778,304.7038559807671,-6.385343857358631,-6.72011032044612,0.5457480336561494,0.7476003834423205,0.6773582123056425,0.20185234978617106
748,37.49627129331636,1.9933070268517,0,6,2020-03-24,,synthetic_background,0.0071089684796561,0.0015755674716828,302.6953436533611,306.6156766255697,307.81086010403106,-4.748937464588916,-4.216635357712002,0.6267449933967565,1.0038517009127652,0.91417854402187,0.3771067075160087
749,37.526819929287,3.566645806208917,0,6,2020-03-24,,synthetic_background,0.0426057398152579,0.0016079178926347,304.0757581498888,307.88319507175027,308.50921079847546,-10.40736958643863,-9.83989080875602,0.5010231810981836,0.3337949716414118,0.4972809292398781,-0.16722820945677175
750,38.44278986272867,1.92483976614337,0,6,2020-03-24,,synthetic_background,0.0052536696028937,0.0024590871211884,303.3859415266249,306.69934090508355,307.9277112325033,-6.302303774764491,-6.854285439162414,0.7500555076754133,0.7767756214954382,0.6384748708421919,0.026720113820024927
751,37.12006285687921,0.520227565315782,0,6,2020-03-24,,synthetic_background,0.0282861262393225,0.0106720856305955,293.73351097106934,295.16435826619465,296.5103067186144,-5.51426274765533,-5.843544974257299,0.7929842410348,0.8772303914524702,0.7756386074522655,0.08424615041767014
752,36.05581083217898,1.898635902870504,0,6,2020-03-24,,synthetic_background,0.0441309481692542,0.0006572983142731,304.5203490787082,309.441832224528,309.5384425693088,-8.564293386511576,-8.309035095930117,0.4734872441441792,0.4898984848491329,0.5595479731688078,0.0164112407049537
753,36.99321212985735,3.344484562880554,0,6,2020-03-24,,synthetic_background,0.0175368457865943,0.0005515447732804,305.6995862748888,309.9931343078613,311.3170449998644,-7.569892337996791,-8.96344701944108,0.4764097436355351,0.5957128306368088,0.7506167446353038,0.11930308700127368
754,38.45375095486551,4.086618637133018,0,6,2020-03-24,,synthetic_background,0.0056215345692862,0.0020452967759965,298.01786969502774,301.15215123494465,301.7366630554199,-5.022322470160621,-4.721459828279843,0.9997162342469889,0.9622572934202278,1.0142285697908429,-0.037458940826761045
755,37.13276902491141,2.8195284031381043,0,6,2020-03-24,,synthetic_background,0.0182584643197287,0.0014827332374451,303.4627644432915,308.2011475457085,309.4096719529893,-5.446286888465398,-5.759401797503866,0.8848317475863817,0.8879967129778785,0.8997076131311154,0.003164965391496799
756,36.70900239257327,2.158589130704061,0,6,2020-03-24,,synthetic_background,0.0338331729006995,0.0030979893085358,299.93632130093044,306.5026612175836,307.44310836791993,-5.6827078996610645,-5.67025911977689,0.8224532394990518,0.8509572866404675,0.9171133260401538,0.028504047141415745
757,38.5046760200757,2.9718655229727213,0,6,2020-03-24,,synthetic_background,0.0079137801957358,0.002842717516124,302.96984994676376,306.655943552653,307.3551689147949,-6.561733420686208,-6.763956455656272,0.911968227172258,0.7232268662481518,0.693833342362595,-0.1887413609241062
758,38.41971966996524,4.817769851844104,0,6,2020-03-24,,synthetic_background,0.0139018565249671,0.0007555565711854,297.0697794172499,300.64244528876407,301.6401949564615,-3.2363735491847603,-6.298007624120375,0.9082813916245298,1.2874701549084695,0.984536604804352,0.3791887632839397
759,38.92172930707178,0.0558749500318234,0,6,2020-03-24,,synthetic_background,0.0159055113625754,0.0104364088651536,302.9485391828749,306.3860596550836,306.3718410068087,-5.749386511316638,-4.599187759166604,0.9545493342501103,0.8407170766529753,0.9123746677359352,-0.113832257597135
760,38.53025836012984,1.8837132572813935,0,6,2020-03-24,,synthetic_background,0.004927527887844,0.0025911412116883,303.4209241655138,306.62846959431965,307.82491717868385,-7.404771145119991,-6.512356715544005,0.6848167597557304,0.6208945795914704,0.6110110755468894,-0.06392218016425999
761,36.92218627924738,4.589840445910976,0,6,2020-03-24,,synthetic_background,0.0273111730647315,0.0001662752506135,305.26044782002765,309.48968921237525,308.4433091057671,-0.3960004597230053,-0.4013984134179384,1.5448496245221883,1.9088806480916327,0.9491478846319612,0.3640310235694444
762,38.894918438388345,0.5132397831586568,0,6,2020-03-24,,synthetic_background,0.0095469772649039,0.007330336320102,303.03399925231935,307.0541477627224,307.39021123250325,-6.948135486347109,-6.837963298283173,0.6747623533716373,0.6720006384530482,0.6342954326510724,-0.002761714918589009
763,37.81984142634302,0.8596469769758412,0,6,2020-03-24,,synthetic_background,0.0130321055484046,0.0072064778682587,299.6044528113471,302.68695483737525,303.71654586791993,-4.138705309787795,-4.777144986009007,1.183254252177402,1.11314999447179,0.9240896055768094,-0.07010425770561213
764,36.302143619687136,2.2117199085162498,0,6,2020-03-24,,synthetic_background,0.0302260935139884,0.0008694014427064,303.6157212575277,310.9479411655002,311.47209057278104,-6.166508384826285,-5.846181707259289,0.7871517317291329,0.7787146699559617,0.7161981617358623,-0.008437061773171162
765,38.6713882266166,5.468171147548153,0,6,2020-03-24,,synthetic_background,0.0038665503096808,0.0009524754163621,296.8651081932916,298.3100396898058,299.5181409200033,-4.509211862926955,-7.379399873103679,1.0110293714796807,1.0459246215574372,1.1130363986942031,0.0348952500777564
766,38.24633703194209,2.001035036907412,0,6,2020-03-24,,synthetic_background,0.0074886202645529,0.0040679356929658,302.78519825405544,306.6700874328613,307.9807711283366,-6.704173041616032,-5.028167928650371,0.8159731661695544,0.7051493072679198,0.8649680930917545,-0.1108238589016346
767,36.54763422759181,4.248210689528655,0,6,2020-03-24,,synthetic_background,0.0307677060199011,0.0007082751867173,305.04582650926375,308.98514819675023,308.7124117533366,-6.414259026208926,-6.151864273884922,0.6523781296502745,0.7438745747557984,0.7930492106152056,0.0914964451055239
768,37.91948079939608,2.7448538601887256,0,6,2020-03-24,,synthetic_background,0.0059339076113928,0.002331682192981,303.4333644866944,307.74264060126404,309.052168697781,-9.498561549291187,-9.405334223811924,0.3978639393846792,0.4036507013561798,0.3538422406120757,0.005786761971500631
769,38.81573258222155,1.8537036960861064,0,6,2020-03-24,,synthetic_background,0.0024615049195517,0.0013729116794465,303.88263206481935,307.6099094814724,308.51325810750325,-6.719677191974565,-7.341465603383352,0.4707105813646577,0.7019804700557524,0.6196827163108248,0.23126988869109466
770,38.5037222622043,1.8652408836541152,0,6,2020-03-24,,synthetic_background,0.004927527887844,0.0025911412116883,303.4209241655138,306.62846959431965,307.82491717868385,-5.531073700556062,-7.67492638204618,0.8638839412247765,0.8811391452384019,0.8028325081198104,0.017255204013625347
771,37.732611373378056,0.6165195916229507,0,6,2020-03-24,,synthetic_background,0.0187133669686545,0.0122754505750535,298.80259734259715,301.8551460266113,302.99899486965603,-5.799844339020527,-5.357113896343443,0.851154285868082,0.8330282892801533,0.8445572093809499,-0.018125996587928683
772,37.10864294878551,2.599777102989759,0,6,2020-03-24,,synthetic_background,0.0193821459841956,0.0021261504766343,303.5245211707221,308.4571968078613,309.7017238193088,-5.73506998930376,-4.698064783391068,0.8844195858759489,0.8429080966375314,0.8036007461688919,-0.04151148923841752
773,36.271664531261976,2.864980220747797,0,6,2020-03-24,,synthetic_background,0.0280199467969168,5.350326269848438e-05,304.8275973425971,305.0971436394585,306.40135489569764,-6.570996124049188,-6.478933782782118,0.7515658479681058,0.7219620435496188,0.6784716218566025,-0.02960380441848698
774,37.571146242147286,2.047418087645653,0,6,2020-03-24,,synthetic_background,0.0126193135810126,0.0020698985931275,302.6144788530138,306.6671306186252,307.81653501722553,-7.173520467829238,-7.339062847741778,0.6117963307075504,0.6434826599048554,0.4598165932782427,0.031686329197305074
775,37.47481717472879,3.1436678916943146,0,6,2020-03-24,,synthetic_background,0.0104531466794242,0.0011621645566819,305.2417140960693,309.83966208563913,311.1754434373644,-9.503915597299423,-9.394129673979094,0.3986244604276625,0.4032291164866055,0.3957885045408246,0.004604656058943002
776,37.93350143036354,1.6947851747113885,0,6,2020-03-24,,synthetic_background,0.0113444298339118,0.0040936848995087,302.20259191724995,306.1143257141114,307.4275267706977,-7.812669112464603,-7.9028723799679454,0.6003472196602414,0.5679237341579313,0.6492723103727255,-0.03242348550231011
777,36.672235122326136,4.663987101652266,0,6,2020-03-24,,synthetic_background,0.0228709548545111,0.0001239708539841,303.5876125335693,308.35107701619467,308.21820602417,-4.553634745663935,-6.041309816327271,0.8779546115125849,1.0380428773119503,0.7628759842621775,0.16008826579936541
778,38.12591083613766,1.4754417645725235,0,6,2020-03-24,,synthetic_background,0.0089463114571799,0.0051711133596299,303.063898340861,306.99168574015306,308.20058449639214,-6.342921638851578,-6.1660684377526325,0.9445362994137982,0.753556309554676,0.898993431408483,-0.19097998985912223
779,36.75430437523328,2.891462845370584,0,6,2020-03-24,,synthetic_background,0.0315357118678321,0.0019709548828004,304.6197956932916,309.75788040161126,311.54832212660045,-9.867704587672678,-9.479234103330183,0.4493415330882398,0.3738327710158037,0.3872631140193622,-0.07550876207243612
780,38.31040753321315,1.4939849142721178,0,6,2020-03-24,,synthetic_background,0.0051180988383521,0.0037210217592118,303.58701574537486,307.5154433356391,308.58898510403105,-5.5356676055987455,-5.244695052918381,0.898330281380239,0.8752392243236655,1.0489516396627423,-0.02309105705657344
781,37.90461087678656,1.0443808800167669,0,6,2020-03-24,,synthetic_background,0.0158259689641226,0.0090686014768479,300.7047783321804,303.4513048807779,304.5744343227811,-5.778494334142055,-5.057101023147933,0.7846538792536267,0.8362752725624064,1.0446383776315624,0.051621393308779684
782,38.04611106503174,1.588330629115353,0,6,2020-03-24,,synthetic_background,0.0110906928611029,0.0051899037238953,302.5775539398193,306.49321026272247,307.82155888875326,-8.137505370171835,-6.782465072034836,0.7141939661494003,0.5324429468538953,0.4940158538757627,-0.18175101929550508
783,37.433693497982816,4.383976188100935,0,6,2020-03-24,,synthetic_background,0.0126433789563407,0.0002701363441346,302.17957216898594,306.2841607835558,305.82237269083663,-4.772665589411377,-5.613497361146146,0.8599286117801319,1.0017981155838769,1.008949787970908,0.14186950380374497
784,37.93970782473366,1.7005127753361582,0,6,2020-03-24,,synthetic_background,0.0113444298339118,0.0040936848995087,302.20259191724995,306.1143257141114,307.4275267706977,-7.144621882876429,-8.556698377330388,0.5279610543072475,0.6470837795901657,0.53547246900742,0.11912272528291823
785,36.45043491305127,3.40132764735743,0,6,2020-03-24,,synthetic_background,0.0253266811204184,0.0019518515941499,304.67803679572205,309.41238886515293,309.96965459187834,-9.040937967015427,-8.172753642656582,0.51808221097466,0.4435321360897321,0.5287241673330149,-0.07455007488492793
786,36.85113259820624,5.089631919846944,0,6,2020-03-24,,synthetic_background,0.0228788673711051,0.0001383802768586,304.8434013790555,306.7436280144586,306.11839048597545,-5.732337677413463,-5.814063014741436,1.0030525025764736,0.8433267286646708,0.7583563465759794,-0.15972577391180276
787,38.735445731877135,5.208807504254893,0,6,2020-03-24,,synthetic_background,0.0046587705445517,0.0002944848415253,300.16418588426376,302.8480876498752,304.0088852776422,-6.875876293261904,-7.450996977503975,0.6991913783901862,0.6813546371474629,0.6096434291234214,-0.017836741242723275
788,38.907162185072266,3.154831769306415,0,6,2020-03-24,,synthetic_background,0.0043023645711173,0.0023107907649873,302.76752789815265,306.36078296237525,307.09342846340604,-6.428797098387755,-6.298058366042946,0.8122019317010956,0.7432249993217583,0.6512301504900886,-0.06897693237933722
789,38.03670907287911,0.0576527672231246,0,6,2020-03-24,,synthetic_background,0.0348715156150092,0.0523073158141969,297.66611188252773,298.1611573113336,298.560615963406,-5.1851594708045,-5.684036006682615,0.7986830204325083,0.9302292586756832,0.8467747860038363,0.1315462382431749
790,36.63773415023859,4.834812352739178,0,6,2020-03-24,,synthetic_background,0.0308829366994132,0.0002045116302369,301.891095606486,305.9712810092502,305.373848385281,-6.095519546575616,-5.549435887442188,0.7471676128554366,0.7890165494768261,0.8404887183687892,0.04184893662138944
791,38.764245451549165,5.1202206738519855,0,6,2020-03-24,,synthetic_background,0.0041830956769217,0.00062530552119,299.3829684363471,301.5077122158474,302.5441880120171,-5.594362834917632,-5.072332097992875,0.9584020854472154,0.8646646678213744,0.8852305047629759,-0.09373741762584098
792,37.06828358846481,5.322718680351877,0,6,2020-03-24,,synthetic_background,0.0625197708440055,0.0003340325233338,303.0818019866944,302.26176495022247,302.4693941752116,-4.91028063043373,-5.196078036328225,0.967497264627121,0.9761765448384302,0.9546235650946232,0.008679280211309148
793,36.25842021947871,2.268343742366347,0,6,2020-03-24,,synthetic_background,0.0327424675059546,0.0013754597780106,303.0256116655138,310.1534424675836,311.0620970831977,-8.22122657882909,-7.072815232456991,0.7813805484973131,0.5236078015535756,0.5944230479533847,-0.25777274694373753
794,36.97182679607397,0.4318845907935702,0,6,2020-03-24,,synthetic_background,0.0429744094443549,0.0136588147756455,293.01503766377766,294.500963083903,296.27949617173937,-6.5244553172899735,-5.448155878425747,0.994910460327665,0.728324185462912,0.7613633310570096,-0.26658627486475295
795,38.34144824331416,2.15947864849294,0,6,2020-03-24,,synthetic_background,0.0069945424628485,0.0042495361444352,302.9384751637777,306.1649713304308,307.2632038540311,-6.557578850085895,-5.742319469499174,0.8979175304925928,0.7280288503404151,0.8033551157989399,-0.16988868015217773
796,36.25249052459111,4.560898357267924,0,6,2020-03-24,,synthetic_background,0.0615988492799033,0.0002729079601166,304.22841657002766,305.7381755405002,305.36854782104496,-7.6275574737524545,-7.616458964502566,0.7069918276424837,0.5892843875244597,0.6295975930241837,-0.11770744011802403
797,38.15784109051062,2.42504055206604,0,6,2020-03-24,,synthetic_background,0.0094474673104514,0.0050387910482285,301.57901335822214,303.59855965508353,304.3702730814616,-5.001066898811528,-6.880315199785594,0.8558092818321485,0.9608830512423642,1.004265487002933,0.10507376941021562
798,37.837513005101584,1.2310659263324395,0,6,2020-03-24,,synthetic_background,0.012121301872753,0.0097979090091584,300.8867390526666,304.96476516723635,306.30195710923937,-4.641724013182785,-6.453881295348158,0.786594985614065,1.0225281324859028,0.7689451925973847,0.23593314687183775
799,37.54654077782572,2.433992311302968,0,6,2020-03-24,,synthetic_background,0.0128276467156638,0.0066859803077576,303.47608909606936,306.70214038425024,308.09066696167,-7.251039379752974,-7.372316028448928,0.6771672240798972,0.6339028546808019,0.5870662142376499,-0.04326436939909528
800,36.06850009966725,2.2761014232645858,0,6,2020-03-24,,synthetic_background,0.0200354873967398,0.0010459802028535,305.8964612748888,311.4867161220975,311.6522012498644,-9.1483038536092,-8.36566349843853,0.4489877021276449,0.4357271629613306,0.6288465620760607,-0.013260539166314256
801,36.37674957117933,3.360277208235821,0,6,2020-03-24,,synthetic_background,0.029138427956127,0.0016054144975541,305.19629308912494,309.9313721550835,310.1315415276421,-7.9889980420515805,-9.2690877792777,0.6061903369467225,0.548425290479537,0.5196584751632136,-0.0577650464671855
802,38.5270370319597,4.263350029351521,0,6,2020-03-24,,synthetic_background,0.0037114441228141,0.0008232078430054,297.7270059797499,301.5810357835558,302.25527199639214,-6.312912275122647,-5.238603564172383,0.9936720330518088,0.7577914758800011,0.7775736759449011,-0.23588055717180778
803,37.44204137840538,1.0686684794738384,0,6,2020-03-24,,synthetic_background,0.0260554224086035,0.0165528139945863,297.4917683495416,298.4299724155002,299.5568887498644,-4.893685579681442,-5.263218011453371,0.9080815863550672,0.9789991070383278,0.8476400259842654,0.07091752068326063
804,36.30426047733949,3.3811341574208904,0,6,2020-03-24,,synthetic_background,0.0324089944195975,0.0008550665256379,305.3882255978054,310.2126058790419,310.05941153632267,-7.185050974441973,-7.850291582372304,0.4240221951606667,0.6420503443188715,0.5469601317771562,0.21802814915820484
805,36.34461746891105,0.9196884054529548,0,6,2020-03-24,,synthetic_background,0.0404221534562339,0.006357230889499,297.54130176968044,299.9649713304308,300.9395927429199,-5.661149144055718,-5.9281195221345975,0.8718727535120416,0.8547097249535068,0.9271582737328848,-0.0171630285585348
806,37.318536468823126,2.100556546474194,0,6,2020-03-24,,synthetic_background,0.003997859342121,0.0018451741811631,301.4174248165554,306.2619765387641,307.4524453904894,-7.565448021117957,-7.467865202517797,0.6299447968648889,0.5962331114925246,0.5982682408372899,-0.03371168537236435
807,37.60504605782322,1.3996430046712358,0,6,2020-03-24,,synthetic_background,0.0110173046422232,0.0080985507842896,300.6809176550971,304.33423673841685,305.7175495571561,-5.675382728231716,-6.192212098022768,1.0753049790343303,0.8520877856193955,0.702518059212818,-0.22321719341493484
808,36.38199030553508,2.67768336449386,0,6,2020-03-24,,synthetic_background,0.0177804499697913,6.776367396099658e-05,304.68838835822214,311.4220948113336,312.7066934373643,-7.55032053661041,-5.638161758079949,0.6983625135415352,0.5980012549755169,0.7453593626801556,-0.1003612585660183
809,37.313162951945074,0.840502386308311,0,6,2020-03-24,,synthetic_background,0.0240347504449118,0.0133729508993027,297.5410142262777,299.99751798841686,301.54300528632274,-6.977411622750406,-6.94867647874408,0.9198436789161832,0.668240101530394,0.700102749486071,-0.2516035773857892
810,36.86,2.41916666700007,1,7,2020-03-31,2020-03-31,fao_hopper,0.0187938332391013,0.002628707039058,302.72846539815265,307.8046685960558,309.37165111965606,-6.783273552005236,-7.781405587733749,0.8614278204005512,0.6934930125677986,0.5746951081018454,-0.1679348078327526
811,36.841388889,2.48694444400007,1,7,2020-03-31,2020-03-31,fao_hopper,0.0248164057564963,0.0025168142196534,302.9651353200276,308.9967096116808,310.8112724304199,-8.951124803082806,-6.448751853334136,0.6071956190543769,0.4517532940135616,0.6559925239486165,-0.1554423250408153
812,36.8691666670001,2.35305555600007,1,7,2020-03-31,2020-03-31,fao_hopper,0.0187938332391013,0.002628707039058,302.72846539815265,307.8046685960558,309.37165111965606,-7.629740194833371,-8.260788264625521,0.8271138690447604,0.588759953110377,0.5592793030538757,-0.23835391593438338
813,37.0733333330001,5.16138888900002,1,7,2020-03-31,2020-04-03,fao_hopper,0.0748887479138602,0.0003846666690705,301.77550315856934,300.46982159084746,300.84991717868377,-4.315313936317132,-5.27060057611941,0.9686859128816389,1.0807766087292543,0.8427861653636056,0.11209069584761544
814,37.0630555560001,5.13333333300005,1,7,2020-03-31,2020-04-03,fao_hopper,0.0839651942086447,0.0013477883216737,300.04409582349984,299.5320340474446,299.66782082451715,-5.589975157328498,-5.159486392941533,0.8537620999286949,0.8653495985215657,0.6998536565191138,0.011587498592870782
815,37.066666667,5.14194444400005,1,7,2020-03-31,2020-04-03,fao_hopper,0.0839651942086447,0.0013477883216737,300.04409582349984,299.5320340474446,299.66782082451715,-5.173340391159991,-7.6390817858061615,0.820752443880344,0.932173504763858,0.816396109726216,0.111421060883514
816,37.071388889,5.15361111100003,1,7,2020-03-31,2020-04-03,fao_hopper,0.0748887479138602,0.0003846666690705,301.77550315856934,300.46982159084746,300.84991717868377,-4.995415268196975,-4.424451407997624,1.0681136584434454,0.9617832795686112,1.0623045943028313,-0.10633037887483421
817,36.765555556,5.31361111100006,1,7,2020-03-31,2020-04-03,fao_hopper,0.0208101689648856,0.0006056210872529,300.47217742072206,303.97412931654185,303.83000072903104,-5.769893257101895,-7.438295205581856,0.9176302350881936,0.8375859826495289,0.9962832185331076,-0.08004425243866475
818,36.8658333330001,2.37666666700005,1,7,2020-03-31,2020-04-05,fao_hopper,0.0187938332391013,0.002628707039058,302.72846539815265,307.8046685960558,309.37165111965606,-5.887632729247288,-6.522718626119431,0.8400137901274576,0.8197748566678136,0.6860417470993211,-0.020238933459644004
819,36.86,2.41027777800002,1,7,2020-03-31,2020-04-05,fao_hopper,0.0187938332391013,0.002628707039058,302.72846539815265,307.8046685960558,309.37165111965606,-8.339802212913735,-8.423608125985403,0.5218127982564045,0.5113078154191395,0.5513347838430054,-0.010504982837264976
820,37.583611111,0.357222222000075,1,7,2020-03-31,2020-04-01,fao_hopper,0.0201253712010611,0.0124151489612458,297.0539482540554,299.85700692070844,301.3834512498644,-5.297183678631432,-5.196477585954438,0.9124836541398548,0.9119417778525276,0.7978037317378394,-0.0005418762873271588
821,36.8563888890001,2.43333333300006,1,7,2020-03-31,2020-04-01,fao_hopper,0.0187938332391013,0.002628707039058,302.72846539815265,307.8046685960558,309.37165111965606,-6.396853565316404,-6.645665392221611,0.8214057750177857,0.7459907279166128,0.4581313848776296,-0.07541504710117286
822,36.85,5.41666666700007,1,7,2020-03-31,2020-03-31,fao_band,0.0167049288583029,0.0001721761104462,302.9021904415555,305.82745505438913,305.32761357625327,-4.937074454707213,-5.0322935342714326,0.902344229930675,0.9716309726013024,0.8634918661374693,0.0692867426706274
823,36.9166666670001,5.2,1,7,2020-03-31,2020-03-31,fao_band,0.0221387117934455,0.0001106790181992,302.59888097974994,304.8422608269585,304.5316337585449,-6.774398542998851,-6.093324702748131,0.8208102481290143,0.6946652777371833,0.9357204433292896,-0.12614497039183092
824,36.9,5.2,1,7,2020-03-31,2020-03-31,fao_band,0.0221387117934455,0.0001106790181992,302.59888097974994,304.8422608269585,304.5316337585449,-5.624730700825982,-6.001936817582279,0.9839871584451014,0.8599349108555201,0.861101870965958,-0.12405224758958133
825,36.8833333330001,5.1,1,7,2020-03-31,2020-03-31,fao_band,0.0228788673711051,0.0001383802768586,304.8434013790555,306.7436280144586,306.11839048597545,-8.398092401561541,-7.597293943189791,0.4851388043534254,0.5053522122677105,0.7097445566472209,0.020213407914285164
826,37.0,5.3,1,7,2020-03-31,2020-03-31,fao_band,0.048012357933544,0.0002922496673463,303.47995736863874,301.520152537028,302.0893160502116,-6.754261405953089,-6.3118485223838015,0.7961282071830291,0.6973309166620737,0.797752834918364,-0.09879729052095543
827,36.95,5.21666666700003,1,7,2020-03-31,2020-03-31,fao_band,0.0221387117934455,0.0001106790181992,302.59888097974994,304.8422608269585,304.5316337585449,-5.110451747214313,-5.474771078176811,0.6413703242036599,0.9425662424409702,0.9563097198164006,0.3011959182373103
828,36.9,5.85,1,7,2020-03-31,2020-03-31,fao_band,0.0155500888657797,0.0008638880130646,299.8017835405138,300.1650798373752,300.2055215623644,-4.203278047292901,-9.416996915413083,0.7387490362909515,1.101244552419459,0.5339362099101432,0.3624955161285075
829,36.716666667,5.46666666700003,1,7,2020-03-31,2020-03-31,fao_band,0.0425050377679099,0.0088242075321076,299.3902004241943,298.04131681654184,298.32786314222545,-5.994644682638878,-4.589677156047646,0.8100854262366345,0.8038317627918342,0.9085671156002656,-0.006253663444800273
830,36.8,5.35,1,7,2020-03-31,2020-03-31,fao_band,0.0208101689648856,0.0006056210872529,300.47217742072206,303.97412931654185,303.83000072903104,-5.832457112525527,-5.48293707035976,0.7945082383152482,0.8280863783290876,0.954726515760996,0.03357814001383941
831,36.816666667,5.51666666700004,1,7,2020-03-31,2020-03-31,fao_band,0.0214518725705374,0.0041941038247941,302.9827405717638,303.4217530144586,303.0734848870171,-5.406236220884514,-4.790172946189342,0.9846660303619252,0.8943841792189162,0.944192979511338,-0.09028185114300902
832,36.816666667,5.36666666700006,1,7,2020-03-31,2020-03-31,fao_band,0.0166614770722617,0.0009868672963975,302.29755176968047,304.9990208095975,304.6980128818088,-4.868849175453459,-5.370044269366504,0.9330926247784016,0.9832336914446214,0.9177432936049492,0.05014106666621976
833,36.7333333330001,5.38333333300005,1,7,2020-03-31,2020-03-31,fao_band,0.0433445989918936,0.0041413090106843,299.9258883582221,299.5730225457085,299.9626504686144,-4.413840583670247,-5.973814398858323,0.9743465399700766,1.0629759603595597,0.9315257643309772,0.08862942038948307
834,36.7,5.28333333300003,1,7,2020-03-31,2020-03-31,fao_band,0.0540545701813925,0.0018103948709367,298.938165918986,298.9085911220974,299.4808199564615,-5.372730166408451,-5.875775300647096,0.8359559720864054,0.8997529613104238,1.0189536876326963,0.06379698922401844
835,36.833333333,5.45,1,7,2020-03-31,2020-03-31,fao_band,0.0166614770722617,0.0009868672963975,302.29755176968047,304.9990208095975,304.6980128818088,-5.905101932433302,-5.957986365773899,0.8148283687845908,0.817156278544585,1.0231909876488492,0.0023279097599941956
836,37.016666667,5.3,1,7,2020-03-31,2020-03-31,fao_band,0.048012357933544,0.0002922496673463,303.47995736863874,301.520152537028,302.0893160502116,-6.152815163899827,-5.615344398712474,0.7844786267715386,0.7806938567662726,0.906353225669556,-0.0037847700052660027
837,36.966666667,5.3,1,7,2020-03-31,2020-03-31,fao_band,0.048012357933544,0.0002922496673463,303.47995736863874,301.520152537028,302.0893160502116,-6.4298984760877325,-6.75300093506724,0.8774071931891363,0.7413841791377902,0.8391934104871388,-0.1360230140513461
838,36.85,5.46666666700003,1,7,2020-03-31,2020-03-31,fao_band,0.0089872747493018,0.0001501074907181,303.86562360127766,305.06607810126405,304.8417791578505,-5.384535815105814,-6.577811701419485,0.8111001759801657,0.8978586983603544,0.8494453057319071,0.08675852238018866
839,36.75,5.36666666700006,1,7,2020-03-31,2020-03-31,fao_band,0.0433445989918936,0.0041413090106843,299.9258883582221,299.5730225457085,299.9626504686144,-5.201844096254902,-4.61705052629888,0.9753218646831404,0.9274894415611428,0.9988088859648148,-0.04783242312199765
840,36.75,5.35,1,7,2020-03-31,2020-03-31,fao_band,0.0540545701813925,0.0018103948709367,298.938165918986,298.9085911220974,299.4808199564615,-4.7604157707235295,-6.658280033052892,0.8812856144014988,1.0018656958341698,1.0082514061119865,0.12058008143267107
841,36.833333333,5.53333333300003,1,7,2020-03-31,2020-03-31,fao_band,0.0214518725705374,0.0041941038247941,302.9827405717638,303.4217530144586,303.0734848870171,-5.767435087289647,-5.946743168263834,0.9158155581820824,0.8379608582158761,0.832595746281434,-0.07785469996620631
842,37.066666667,5.31666666700005,1,7,2020-03-31,2020-03-31,fao_band,0.0625197708440055,0.0003340325233338,303.0818019866944,302.26176495022247,302.4693941752116,-4.361457851929991,-4.931663406713936,1.035838722843696,1.072416533000483,0.8191906438008885,0.03657781015678685
843,37.05,5.13333333300005,1,7,2020-03-31,2020-03-31,fao_band,0.0508628755641211,0.0003801367160676,303.77774382697214,302.4494331359863,302.73594690958663,-6.142628941997545,-6.009791595445377,0.6553523992854541,0.7821686199436361,0.8793568750406537,0.126816220658182
844,37.1166666670001,5.31666666700005,1,7,2020-03-31,2020-03-31,fao_band,0.0625197708440055,0.0003340325233338,303.0818019866944,302.26176495022247,302.4693941752116,-4.647606700901738,-5.372171059643181,0.7557218856967556,1.021497483862495,0.7357880684424017,0.2657755981657395
845,36.816666667,5.46666666700003,1,7,2020-03-31,2020-03-31,fao_band,0.0214518725705374,0.0041941038247941,302.9827405717638,303.4217530144586,303.0734848870171,-5.681669391203165,-6.055691443716015,0.8161222542958968,0.8511174937848328,0.6781377027852816,0.034995239488936014
846,36.833333333,5.6,1,7,2020-03-31,2020-03-31,fao_band,0.0280644565654029,0.0054017535325883,301.1061238182916,301.112242380778,300.9623520745172,-5.223312425517809,-5.432224526021609,1.1636348357702473,0.9239723783331896,0.7853614505078899,-0.23966245743705772
847,37.066666667,5.31666666700005,1,7,2020-03-31,2020-04-02,fao_band,0.0625197708440055,0.0003340325233338,303.0818019866944,302.26176495022247,302.4693941752116,-4.361457851929991,-4.931663406713936,1.035838722843696,1.072416533000483,0.8191906438008885,0.03657781015678685
848,37.05,5.25,1,7,2020-03-31,2020-04-02,fao_band,0.048012357933544,0.0002922496673463,303.47995736863874,301.520152537028,302.0893160502116,-6.090187047920903,-6.088948848873037,0.958588295388556,0.7897945359505726,0.8677051905749139,-0.16879375943798347
849,36.816666667,5.43333333300006,1,7,2020-03-31,2020-04-02,fao_band,0.0166614770722617,0.0009868672963975,302.29755176968047,304.9990208095975,304.6980128818088,-5.660761606197273,-5.328859544402143,0.7773711276372253,0.8543475478117161,0.8217523169724479,0.0769764201744908
850,36.783333333,5.36666666700006,1,7,2020-03-31,2020-04-02,fao_band,0.0166614770722617,0.0009868672963975,302.29755176968047,304.9990208095975,304.6980128818088,-4.783357794537583,-4.891442356503792,0.9576595642135564,0.9979040568057982,0.8842016875052068,0.04024449259224183
851,36.716666667,2.75,1,7,2020-03-31,2020-04-05,fao_band,0.0299922048878897,0.001530998098552,305.4474052853054,307.714146677653,309.3339178297255,-9.303892687042454,-7.596981670786237,0.7126577365776579,0.4202116439136701,0.3937727407346522,-0.29244609266398774
852,37.066666667,5.31666666700005,1,7,2020-03-31,2020-04-01,fao_band,0.0625197708440055,0.0003340325233338,303.0818019866944,302.26176495022247,302.4693941752116,-4.361457851929991,-4.931663406713936,1.035838722843696,1.072416533000483,0.8191906438008885,0.03657781015678685
853,37.1166666670001,5.31666666700005,1,7,2020-03-31,2020-04-01,fao_band,0.0625197708440055,0.0003340325233338,303.0818019866944,302.26176495022247,302.4693941752116,-4.647606700901738,-5.372171059643181,0.7557218856967556,1.021497483862495,0.7357880684424017,0.2657755981657395
854,36.8833333330001,5.18333333300006,1,7,2020-03-31,2020-04-03,fao_band,0.0221387117934455,0.0001106790181992,302.59888097974994,304.8422608269585,304.5316337585449,-6.355464792934296,-6.025630450344155,0.7700862752055191,0.7517915113413968,0.8072508763879365,-0.01829476386412232
855,36.8833333330001,5.15,1,7,2020-03-31,2020-04-03,fao_band,0.0228788673711051,0.0001383802768586,304.8434013790555,306.7436280144586,306.11839048597545,-4.298986900182147,-3.9441091571913134,0.973021688107665,1.083744453440862,0.7950813125519993,0.11072276533319703
856,37.9166666670001,5.25,1,7,2020-03-31,2020-04-03,fao_band,0.0404341786933173,0.001321368562877,295.5520602332221,296.68716642591687,297.84408493041985,-6.417872592008592,-5.101851053056238,0.8524272158398192,0.7438824830584512,0.9277180067111632,-0.108544732781368
857,36.75,5.46666666700003,1,7,2020-03-31,2020-04-03,fao_band,0.0425050377679099,0.0088242075321076,299.3902004241943,298.04131681654184,298.32786314222545,-4.03310709553759,-6.118668091624032,0.8651571221010781,1.132788853164566,0.8947396479795733,0.2676317310634879
858,36.716666667,5.46666666700003,1,7,2020-03-31,2020-04-03,fao_band,0.0425050377679099,0.0088242075321076,299.3902004241943,298.04131681654184,298.32786314222545,-5.994644682638878,-4.589677156047646,0.8100854262366345,0.8038317627918342,0.9085671156002656,-0.006253663444800273
859,36.783333333,5.36666666700006,1,7,2020-03-31,2020-04-03,fao_band,0.0166614770722617,0.0009868672963975,302.29755176968047,304.9990208095975,304.6980128818088,-4.783357794537583,-4.891442356503792,0.9576595642135564,0.9979040568057982,0.8842016875052068,0.04024449259224183
860,36.816666667,5.36666666700006,1,7,2020-03-31,2020-04-03,fao_band,0.0166614770722617,0.0009868672963975,302.29755176968047,304.9990208095975,304.6980128818088,-4.868849175453459,-5.370044269366504,0.9330926247784016,0.9832336914446214,0.9177432936049492,0.05014106666621976
861,36.1333333330001,4.66666666700007,1,7,2020-03-31,2020-04-03,fao_band,0.0295754492116202,0.0001494667407868,304.95806609259705,307.8478814866808,306.7098618401422,-6.185122678809279,-8.093902842958393,0.5618278356548264,0.7760303072868301,0.5408056694591512,0.21420247163200368
862,36.95,5.6,1,7,2020-03-31,2020-04-03,fao_band,0.0072725981307257,0.0001151493665574,303.2287854936388,303.98214797973634,303.8197848002116,-5.115121757877779,-6.299153636043904,0.9719525644431788,0.9417917467110688,1.0974118562919393,-0.03016081773210999
863,37.066666667,5.31666666700005,1,7,2020-03-31,2020-04-04,fao_band,0.0625197708440055,0.0003340325233338,303.0818019866944,302.26176495022247,302.4693941752116,-4.361457851929991,-4.931663406713936,1.035838722843696,1.072416533000483,0.8191906438008885,0.03657781015678685
864,37.1,5.2,1,7,2020-03-31,2020-04-04,fao_band,0.0748887479138602,0.0003846666690705,301.77550315856934,300.46982159084746,300.84991717868377,-5.214705599936595,-5.540192441571751,0.728855290116543,0.925381275733653,0.8069542784289521,0.19652598561711
865,36.833333333,5.53333333300003,1,7,2020-03-31,2020-04-04,fao_band,0.0214518725705374,0.0041941038247941,302.9827405717638,303.4217530144586,303.0734848870171,-5.767435087289647,-5.946743168263834,0.9158155581820824,0.8379608582158761,0.832595746281434,-0.07785469996620631
866,37.016666667,5.3,1,7,2020-03-31,2020-04-04,fao_band,0.048012357933544,0.0002922496673463,303.47995736863874,301.520152537028,302.0893160502116,-6.152815163899827,-5.615344398712474,0.7844786267715386,0.7806938567662726,0.906353225669556,-0.0037847700052660027
867,36.966666667,5.3,1,7,2020-03-31,2020-04-04,fao_band,0.048012357933544,0.0002922496673463,303.47995736863874,301.520152537028,302.0893160502116,-6.4298984760877325,-6.75300093506724,0.8774071931891363,0.7413841791377902,0.8391934104871388,-0.1360230140513461
868,36.9166666670001,5.43333333300006,1,7,2020-03-31,2020-04-04,fao_band,0.0167049288583029,0.0001721761104462,302.9021904415555,305.82745505438913,305.32761357625327,-4.2263499335022665,-5.95376175845786,0.7251895193436636,1.0970099266238194,0.8282234149431191,0.37182040728015575
869,36.8,5.48333333300008,1,7,2020-03-31,2020-04-02,fao_band,0.0214518725705374,0.0041941038247941,302.9827405717638,303.4217530144586,303.0734848870171,-5.008253426725032,-4.853027004773237,0.8044874799276294,0.9596254308423554,0.892951024158879,0.15513795091472604
870,36.833333333,5.53333333300003,1,7,2020-03-31,2020-04-03,fao_band,0.0214518725705374,0.0041941038247941,302.9827405717638,303.4217530144586,303.0734848870171,-5.767435087289647,-5.946743168263834,0.9158155581820824,0.8379608582158761,0.832595746281434,-0.07785469996620631
871,36.8833333330001,5.18333333300006,1,7,2020-03-31,2020-04-04,fao_band,0.0221387117934455,0.0001106790181992,302.59888097974994,304.8422608269585,304.5316337585449,-6.355464792934296,-6.025630450344155,0.7700862752055191,0.7517915113413968,0.8072508763879365,-0.01829476386412232
872,36.783333333,5.3,1,7,2020-03-31,2020-04-04,fao_band,0.0208101689648856,0.0006056210872529,300.47217742072206,303.97412931654185,303.83000072903104,-6.849297605722997,-5.433148177190544,0.7905549345317617,0.6848211994795266,0.7476186767261443,-0.10573373505223516
873,36.8833333330001,5.1,1,7,2020-03-31,2020-04-04,fao_band,0.0228788673711051,0.0001383802768586,304.8434013790555,306.7436280144586,306.11839048597545,-8.398092401561541,-7.597293943189791,0.4851388043534254,0.5053522122677105,0.7097445566472209,0.020213407914285164
874,37.75,5.46666666700003,1,7,2020-03-31,2020-04-04,fao_band,0.0315486460757483,0.0010971358892319,296.5046264224582,296.97968487209744,298.1478392706977,-5.520794798234528,-6.517426220952203,0.8388287380756312,0.876200775039873,0.8659368444615488,0.03737203696424185
875,36.716666667,5.46666666700003,1,7,2020-03-31,2020-04-04,fao_band,0.0425050377679099,0.0088242075321076,299.3902004241943,298.04131681654184,298.32786314222545,-5.994644682638878,-4.589677156047646,0.8100854262366345,0.8038317627918342,0.9085671156002656,-0.006253663444800273
876,36.716666667,5.31666666700005,1,7,2020-03-31,2020-04-04,fao_band,0.0540545701813925,0.0018103948709367,298.938165918986,298.9085911220974,299.4808199564615,-5.807910120921468,-5.5790698868627295,0.7867693088765864,0.8318040375358677,0.9766465753584512,0.045034728659281376
877,36.783333333,5.31666666700005,1,7,2020-03-31,2020-04-04,fao_band,0.0208101689648856,0.0006056210872529,300.47217742072206,303.97412931654185,303.83000072903104,-5.188089601669857,-6.8214935759246025,0.8600559252896951,0.9297476877280964,0.979173996907923,0.06969176243840125
878,36.7,5.35,1,7,2020-03-31,2020-04-04,fao_band,0.0540545701813925,0.0018103948709367,298.938165918986,298.9085911220974,299.4808199564615,-4.860773134703049,-5.488712021031619,0.8410632424713138,0.9846133061959552,0.885004396930937,0.1435500637246414
879,36.7333333330001,5.38333333300005,1,7,2020-03-31,2020-04-04,fao_band,0.0433445989918936,0.0041413090106843,299.9258883582221,299.5730225457085,299.9626504686144,-4.413840583670247,-5.973814398858323,0.9743465399700766,1.0629759603595597,0.9315257643309772,0.08862942038948307
880,37.831666667,0.001111111000057,1,7,2020-03-31,2020-04-03,fao_band,0.0215712308717002,0.02387570654124,296.3881876203749,297.4511963738335,298.13680411444767,-7.885154958160383,-8.381621253978146,0.6110577387744427,0.5598391362329787,0.585692368794213,-0.05121860254146404
881,37.566666667,5.26666666700004,1,7,2020-03-31,2020-04-04,fao_band,0.0102468550038565,0.0001459649679063,302.1995374467637,301.08894051445856,301.7813516404894,-5.113158838678665,-4.551939724682573,0.8523736941941321,0.9428454720814824,0.9183162783689132,0.09047177788735028
882,37.6666666670001,5.23333333300008,1,7,2020-03-31,2020-04-04,fao_band,0.0079885244202841,0.0002108893272279,301.7616739484999,301.5575277540419,302.30759404500327,-3.9125973998448815,-4.871157314930615,0.7918355642183408,1.1554550612287433,0.8623039997398207,0.3636194970104025
883,37.2333333330001,5.15,1,7,2020-03-31,2020-04-04,fao_band,0.067318913323902,0.0007267973300812,298.47755936516654,298.83781746758353,299.3229749043782,-6.488238013061533,-6.0071894960072045,0.6995726023674418,0.733305193427424,0.6712972659729086,0.033732591059982164
884,37.35,5.3,1,7,2020-03-31,2020-04-04,fao_band,0.0412786274981726,0.0005547485229371,298.2439439137777,299.4096436394585,299.94186053805885,-6.762140191835217,-7.262717128204906,0.7583439041953703,0.6962870083702402,0.4903770334244276,-0.06205689582513019
885,36.833333333,5.48333333300008,1,7,2020-03-31,2020-04-04,fao_band,0.0214518725705374,0.0041941038247941,302.9827405717638,303.4217530144586,303.0734848870171,-5.44671865360794,-4.629080401038689,1.0026221539481763,0.887928031018387,1.1577098359642513,-0.11469412292978931
886,37.2,5.18333333300006,1,7,2020-03-31,2020-04-04,fao_band,0.0647934645247687,0.0005150220271943,299.9508449554443,299.5250787523058,299.93884404500324,-5.37870709942121,-4.742722276717943,0.8314215007140963,0.898793584466493,0.7706224385771782,0.06737208375239678
887,37.066666667,5.16666666700007,1,7,2020-03-31,2020-04-04,fao_band,0.0748887479138602,0.0003846666690705,301.77550315856934,300.46982159084746,300.84991717868377,-6.506555307717088,-6.193198893208644,0.8929891945234252,0.7307827000461307,0.8327114559893842,-0.16220649447729452
888,36.816666667,5.48333333300008,1,7,2020-03-31,2020-04-05,fao_band,0.0214518725705374,0.0041941038247941,302.9827405717638,303.4217530144586,303.0734848870171,-4.6264726910149685,-4.757049460627053,1.3306379380233584,1.0252033465043555,0.8646852668554399,-0.3054345915190029
889,36.828888889,2.48944444400007,1,7,2020-03-31,2020-04-01,fao_band,0.0248164057564963,0.0025168142196534,302.9651353200276,308.9967096116808,310.8112724304199,-8.011876751070405,-8.731257696486402,0.4898143097255739,0.5459370548730053,0.4788800948606047,0.056122745147431374
890,37.581388889,0.443333333000055,1,7,2020-03-31,2020-04-02,fao_band,0.0201253712010611,0.0124151489612458,297.0539482540554,299.85700692070844,301.3834512498644,-5.6855219510762485,-6.129286405094724,0.9764203324963135,0.8505232831782765,1.0521918688351397,-0.12589704931803702
891,37.066666667,5.31666666700005,1,7,2020-03-31,2020-04-06,fao_band,0.0625197708440055,0.0003340325233338,303.0818019866944,302.26176495022247,302.4693941752116,-4.361457851929991,-4.931663406713936,1.035838722843696,1.072416533000483,0.8191906438008885,0.03657781015678685
892,37.033333333,5.25,1,7,2020-03-31,2020-04-06,fao_band,0.048012357933544,0.0002922496673463,303.47995736863874,301.520152537028,302.0893160502116,-9.298488379730198,-10.443973822151763,0.4053596854194316,0.4206798473595513,0.5406417758360573,0.015320161940119648
893,37.1,5.2,1,7,2020-03-31,2020-04-06,fao_band,0.0748887479138602,0.0003846666690705,301.77550315856934,300.46982159084746,300.84991717868377,-5.214705599936595,-5.540192441571751,0.728855290116543,0.925381275733653,0.8069542784289521,0.19652598561711
894,37.0,5.46666666700003,1,7,2020-03-31,2020-04-06,fao_band,0.0204243928027381,0.0001636973497269,302.82614334954155,301.91289884779195,301.8841348436144,-5.538816545870463,-5.375222257448075,0.9482564167872348,0.8733646021669819,0.7802908743765105,-0.07489181462025296
895,37.0,5.28333333300003,1,7,2020-03-31,2020-04-06,fao_band,0.048012357933544,0.0002922496673463,303.47995736863874,301.520152537028,302.0893160502116,-5.976065730665747,-5.625725488253943,0.68871614329854,0.8065829933401172,0.9150313841816824,0.11786685004157715
896,36.779444444,5.30138888900007,1,7,2020-03-31,2020-04-03,fao_band,0.0208101689648856,0.0006056210872529,300.47217742072206,303.97412931654185,303.83000072903104,-4.574937573928782,-4.497789842293589,0.8855214021426093,1.034276930813653,0.9324654365052208,0.1487555286710437
897,36.7594444440001,5.31333333300006,1,7,2020-03-31,2020-04-03,fao_band,0.0208101689648856,0.0006056210872529,300.47217742072206,303.97412931654185,303.83000072903104,-5.215093113871877,-4.5138370702338735,1.0028812777556937,0.9253178092281498,0.8038350505658418,-0.07756346852754392
898,37.0,1.88333333300005,1,7,2020-03-31,2020-04-04,fao_band,0.0286246806216468,0.007037841427028,298.4282212575277,302.2218886481391,302.6090100606282,-6.812122635425197,-5.9546463026596745,0.833113970674899,0.689693250610694,0.6756866360694433,-0.14342072006420503
899,37.1,1.88333333300005,1,7,2020-03-31,2020-04-04,fao_band,0.0153980374169577,0.0055882862684129,298.88223058912496,303.7737278408474,304.5383774651421,-4.449278227106597,-5.506493442544554,1.0180996858734366,1.056673865824642,0.9361173902596688,0.03857417995120538
900,36.92,2.09638888900002,1,7,2020-03-31,2020-04-04,fao_band,0.0338820636105765,0.0052975497123597,297.37492807176375,300.30491273668065,301.28568106757274,-7.861890234919444,-5.523144982675628,0.7585160002503494,0.5624233770736008,0.8559489943434374,-0.19609262317674858
901,37.55,0.4,1,7,2020-03-31,2020-04-03,fao_band,0.0201253712010611,0.0124151489612458,297.0539482540554,299.85700692070844,301.3834512498644,-5.647936013994947,-5.516765060740746,0.908550446952573,0.8563333940608125,1.0792605953367005,-0.052217052891760485
902,36.35,0.31666666700005,1,7,2020-03-31,2020-04-03,fao_band,0.0956386446786154,0.032336913692653,290.93892004224995,293.5271186828613,294.26897642347546,-6.409330029575402,-6.351256473213873,0.8956954603070416,0.7443639934223341,0.9667604236254655,-0.15133146688470756
903,36.8211111110001,5.46277777800003,1,7,2020-03-31,2020-04-05,fao_adult,0.0214518725705374,0.0041941038247941,302.9827405717638,303.4217530144586,303.0734848870171,-6.321880623489491,-6.713591178435124,0.8097736434235234,0.7565238816690899,0.8826077574155575,-0.05324976175443352
904,36.898055556,5.44861111100005,1,7,2020-03-31,2020-04-05,fao_adult,0.0167049288583029,0.0001721761104462,302.9021904415555,305.82745505438913,305.32761357625327,-5.045381126614477,-4.865381644402869,1.0072117410873398,0.9534036408623258,1.0480621264960406,-0.05380810022501403
905,37.592777778,0.39416666700004,1,7,2020-03-31,2020-04-03,fao_adult,0.0201253712010611,0.0124151489612458,297.0539482540554,299.85700692070844,301.3834512498644,-5.926482496415527,-6.96540080675297,0.3395374803834397,0.8139598674555572,0.4739517601639832,0.4744223870721174
906,36.827222222,5.52083333300004,1,7,2020-03-31,2020-04-05,fao_adult,0.0214518725705374,0.0041941038247941,302.9827405717638,303.4217530144586,303.0734848870171,-5.63759012460924,-6.056654036914772,0.957169616349502,0.8579377421143545,0.8706227710819743,-0.09923187423514757
907,36.833888889,5.53555555600008,1,7,2020-03-31,2020-04-05,fao_adult,0.0214518725705374,0.0041941038247941,302.9827405717638,303.4217530144586,303.0734848870171,-4.826369675349364,-5.488215396231567,0.9092230375722684,0.9905049766934232,0.8185348056024292,0.08128193912115478
908,37.066666667,0.716666667000027,1,7,2020-03-31,2020-03-31,fao_swarm,0.0224755525422324,0.0146382084962723,296.8303968217638,298.8980279710558,300.3092270745172,-6.206890078764257,-5.072653657847543,0.9130257362640848,0.7729001553102777,0.7634289639267912,-0.14012558095380712
909,36.533333333,0.25,1,7,2020-03-31,2020-03-31,fao_swarm,0.0483110219073523,0.011877917396724,292.37442351447214,293.6273465474447,294.4897500779894,-5.906109032645773,-5.912059295867039,0.9697108226219234,0.8170057561688668,0.8567517529623718,-0.1527050664530566
910,36.8833333330001,2.3,1,7,2020-03-31,2020-03-31,fao_swarm,0.0233732729983557,0.0033908567306397,300.43234994676374,306.1119114345974,307.5188082377116,-4.619178256564178,-5.715412631793177,0.858437698609062,1.026484473910401,0.9612730124002145,0.16804677530133905
911,36.8666666670001,2.33333333300004,1,7,2020-03-31,2020-03-31,fao_swarm,0.0233732729983557,0.0033908567306397,300.43234994676374,306.1119114345974,307.5188082377116,-6.648078445867286,-7.486573678187851,0.810456780453393,0.7115203343072464,0.6876190016492034,-0.0989364461461466
912,36.8666666670001,2.31666666700005,1,7,2020-03-31,2020-03-31,fao_swarm,0.0233732729983557,0.0033908567306397,300.43234994676374,306.1119114345974,307.5188082377116,-5.63269201109358,-4.277175991013026,1.0632025238328933,0.8586980595118677,1.035152805315365,-0.20450446432102554
913,37.516666667,0.55,1,7,2020-03-31,2020-03-31,fao_swarm,0.0138853013348807,0.0065807036039231,298.30843501620825,301.8784695943197,303.37815611097545,-6.006884808598674,-5.651175251682837,0.953996167234743,0.802023047483302,0.8340689583669303,-0.151973119751441
914,36.516666667,0.233333333000076,1,7,2020-03-31,2020-03-31,fao_swarm,0.0458907604050864,0.0139831236478684,291.6659870995416,293.07666837904185,294.1947576734755,-8.142639576006308,-7.895328161116532,0.4575119314020973,0.5346845438676247,0.535471393508901,0.07717261246552737
915,36.783333333,0.0,1,7,2020-03-31,2020-03-31,fao_swarm,0.0297873884272803,0.0168763182041047,291.4294473859999,292.66043574015305,294.241204071045,-6.122633651654603,-5.667002008976547,0.8286889244008284,0.7852800826416448,0.5716332786723018,-0.04340884175918358
916,36.699722222,2.61083333300007,1,7,2020-03-31,2020-04-05,fao_swarm,0.0288266509604682,0.0016956261274216,305.22383757697213,309.32271872626404,311.0346231248644,-10.29011096168924,-9.483054267175234,0.3695632693421782,0.3421487403754623,0.2607689193301661,-0.027414528966715923
917,36.9944444440001,0.638888889000043,1,7,2020-03-31,2020-04-05,fao_swarm,0.0308079987597693,0.014325090396106,294.6985717349582,295.8353760613336,297.0976059807671,-6.392478534091006,-5.200161251894529,0.8367566330567364,0.7480593895940966,0.8169907655552009,-0.08869724346263985
918,36.846388889,2.44027777800005,1,7,2020-03-31,2020-04-05,fao_swarm,0.0210200071168173,0.0025173804637788,302.0049519432916,308.1620633443197,309.81735967000327,-7.691425447319681,-7.857251848002352,0.4733864681267869,0.5816640211892142,0.4837780173261738,0.10827755306242731
919,37.7958333330001,1.58305555600003,1,7,2020-03-31,2020-04-05,fao_swarm,0.0112141191792716,0.0048038593408463,302.1336303287082,306.416246287028,307.8754922654894,-5.506693239878072,-6.389794172587999,0.6985740243789935,0.8784246252631556,0.739611518879381,0.17985060088416205
920,36.7,2.60972222200007,1,7,2020-03-31,2020-04-05,fao_swarm,0.0288266509604682,0.0016956261274216,305.22383757697213,309.32271872626404,311.0346231248644,-8.688508294786502,-9.076662125871724,0.4809301782750684,0.4765585151408927,0.3813590876393627,-0.004371663134175696
921,36.700555556,2.68694444400006,1,7,2020-03-31,2020-04-05,fao_swarm,0.0306611627173651,0.0015488198873399,305.23637012905544,304.8095242818196,306.1171480814616,-10.002662049734331,-10.46175941401853,0.3681400459615139,0.3634337831671284,0.4298748656284578,-0.004706262794385518
922,36.7025,2.68916666700005,1,7,2020-03-31,2020-04-05,fao_swarm,0.0306611627173651,0.0015488198873399,305.23637012905544,304.8095242818196,306.1171480814616,-10.518535856399629,-10.907946314878489,0.3036630779404914,0.3260468634522157,0.3493913413919778,0.022383785511724263
923,37.3219444440001,0.985277778000068,1,7,2020-03-31,2020-04-05,fao_swarm,0.022315558774494,0.0148050120946763,296.07089161343043,297.8332330491808,298.99430736965604,-6.155794409548969,-5.886284745802213,0.9201601768963482,0.7802629193250961,0.9941534881398408,-0.13989725757125215
924,37.022222222,0.694444444000055,1,7,2020-03-31,2020-04-06,fao_swarm,0.0201573341918219,0.0133459499952195,295.5046589745416,297.15931811862527,298.5328381856283,-5.002552603086944,-5.825744845691913,1.1229371749229478,0.9605832210240156,0.9655797879579814,-0.16235395389893215
925,36.8466666670001,2.44027777800005,1,7,2020-03-31,2020-04-06,fao_swarm,0.0210200071168173,0.0025173804637788,302.0049519432916,308.1620633443197,309.81735967000327,-7.691425447319681,-7.857251848002352,0.4733864681267869,0.5816640211892142,0.4837780173261738,0.10827755306242731
926,38.9836111110001,1.11638888900006,1,7,2020-03-31,2020-04-06,fao_swarm,0.0027830123734702,0.0023900351402161,304.41512446933325,308.6953424241808,309.15573857625327,-5.308048828512291,-7.294322951798055,0.7054208138113363,0.9101816332944936,0.525050848618904,0.20476081948315739
927,36.9833333330001,0.633333333000053,1,7,2020-03-31,2020-04-05,fao_swarm,0.0308079987597693,0.014325090396106,294.6985717349582,295.8353760613336,297.0976059807671,-5.948200918468093,-5.974489470836291,0.7625422347511841,0.8152281437760902,0.7991230398307934,0.05268590902490611
928,36.8833333330001,1.11666666700006,1,7,2020-03-31,2020-04-05,fao_swarm,0.0151469379496802,0.0125919214364884,294.1839287228055,296.9112495422363,298.3210326300727,-5.433925258479328,-5.080991638017328,0.8788455778516682,0.8900631441665776,0.7683157344384564,0.011217566314909444
929,36.9,1.08333333300004,1,7,2020-03-31,2020-04-05,fao_swarm,0.0151469379496802,0.0125919214364884,294.1839287228055,296.9112495422363,298.3210326300727,-5.777898943804541,-5.490675718351806,0.8171524027989652,0.8369460151387181,1.0977077623434397,0.019793612339752964
930,37.766666667,1.58333333300004,1,7,2020-03-31,2020-04-05,fao_swarm,0.0112141191792716,0.0048038593408463,302.1336303287082,306.416246287028,307.8754922654894,-5.377434015530332,-3.970185629832833,0.9068690146426054,0.898997870372099,0.8096232474007845,-0.007871144270506392
931,38.9,1.13333333300005,1,7,2020-03-31,2020-04-06,fao_swarm,0.0026734292340506,0.0031284621831773,304.38571908738874,308.362877146403,308.85887442694764,-4.961505942851149,-4.580457773661621,0.9730264214598432,0.9697129842868752,0.9914541365000984,-0.003313437172967948
932,37.85,5.5,1,7,2020-03-31,2020-04-04,fao_swarm,0.0496649116111029,0.0019981644031403,293.22206891377766,294.7299778408475,296.07422815958654,-7.05755569704609,-8.01972662005462,0.4771610565848407,0.6927827324341549,0.5537430219740311,0.2156216758493142
933,36.783333333,5.31666666700005,1,7,2020-03-31,2020-04-05,fao_swarm,0.0208101689648856,0.0006056210872529,300.47217742072206,303.97412931654185,303.83000072903104,-5.188089601669857,-6.8214935759246025,0.8600559252896951,0.9297476877280964,0.979173996907923,0.06969176243840125
934,36.9833333330001,5.3,1,7,2020-03-31,2020-04-05,fao_swarm,0.048012357933544,0.0002922496673463,303.47995736863874,301.520152537028,302.0893160502116,-5.518647413514351,-5.635848642396546,0.7213135746946999,0.8765391612277067,0.8328423763626642,0.15522558653300678
935,36.693055556,2.65055555600003,1,7,2020-03-31,2020-04-01,fao_swarm,0.0306611627173651,0.0015488198873399,305.23637012905544,304.8095242818196,306.1171480814616,-8.67620650240961,-8.118408845823472,0.5750748017418095,0.4777488684302303,0.6098323153666931,-0.09732593331157918
936,36.721111111,2.57694444400005,1,7,2020-03-31,2020-04-01,fao_swarm,0.0288266509604682,0.0016956261274216,305.22383757697213,309.32271872626404,311.0346231248644,-8.779897088901134,-8.818255063544235,0.4425455148425861,0.4677955863989379,0.3762317013433275,0.02525007155635184
937,37.463333333,0.214444444000037,1,7,2020-03-31,2020-04-01,fao_swarm,0.0501076549124945,0.0433486482974885,291.8376233842638,293.35611173841687,294.5016098870171,-6.413777708554081,-5.378624984279461,0.8327064126366491,0.7436287066447653,0.8577692987984694,-0.0890777059918838
938,37.146388889,0.871388889000059,1,7,2020-03-31,2020-04-01,fao_swarm,0.019492951018833,0.0136116675016282,296.24517546759705,298.75661087036127,299.89055845472546,-4.470341705371492,-3.9514517792732695,1.0611434203234311,1.0528528016787486,0.8118554828904889,-0.008290618644682501
939,36.783333333,0.0,1,7,2020-03-31,2020-04-01,fao_swarm,0.0297873884272803,0.0168763182041047,291.4294473859999,292.66043574015305,294.241204071045,-6.122633651654603,-5.667002008976547,0.8286889244008284,0.7852800826416448,0.5716332786723018,-0.04340884175918358
940,36.516666667,0.266666667000038,1,7,2020-03-31,2020-04-01,fao_swarm,0.0483110219073523,0.011877917396724,292.37442351447214,293.6273465474447,294.4897500779894,-6.717780256542902,-7.07574454613474,1.1453563250898005,0.7111721520485095,0.6061018915659085,-0.434184173041291
941,36.3666666670001,0.4,1,7,2020-03-31,2020-04-01,fao_swarm,0.0777678310704459,0.0183892927047608,292.1089124467638,293.7843886481391,294.66947013007274,-6.195151615588215,-5.624567406810932,0.6162678617846493,0.7774930992158944,0.6012967515169023,0.16122523743124506
942,36.783333333,2.48333333300008,1,7,2020-03-31,2020-04-01,fao_swarm,0.0248164057564963,0.0025168142196534,302.9651353200276,308.9967096116808,310.8112724304199,-9.741626475388273,-10.995456644039294,0.3307468465538594,0.3837878754179338,0.4521841854203617,0.05304102886407441
943,37.1166666670001,0.633333333000053,1,7,2020-03-31,2020-04-04,fao_swarm,0.0262708633971442,0.0130970708009598,295.49748666551375,297.0191705491807,298.4557223002116,-5.107699826977074,-5.689318007640014,0.985395680646002,0.9430228396139964,1.0776907067042276,-0.04237284103200567
944,37.1166666670001,0.833333333000041,1,7,2020-03-31,2020-04-04,fao_swarm,0.0208249509167899,0.0144150338050721,296.71710472106935,299.2861844380696,300.606270260281,-4.33635541555895,-5.765343596857409,0.8741694922559371,1.0769593543040783,1.0116229904647698,0.2027898620481412
945,37.016666667,0.65,1,7,2020-03-31,2020-04-04,fao_swarm,0.0308079987597693,0.014325090396106,294.6985717349582,295.8353760613336,297.0976059807671,-5.435654739013943,-4.662932794174388,1.0002978568693046,0.8896891933213065,0.9623600204842048,-0.11060866354799814
946,37.1166666670001,0.81666666700005,1,7,2020-03-31,2020-04-04,fao_swarm,0.0208249509167899,0.0144150338050721,296.71710472106935,299.2861844380696,300.606270260281,-3.811867520067274,-5.00134504539199,0.9416569333677464,1.1746060986220428,0.9135282016249012,0.23294916525429643
947,36.9805555560001,0.816388889000052,1,7,2020-03-31,2020-04-03,fao_swarm,0.018770363910221,0.0142941257831452,295.3111097123887,297.2656766255697,298.68512768215606,-4.629584988381155,-5.159971668341313,0.8924567742371703,1.0260710419956118,0.8697772218625416,0.13361426775844154
948,37.003055556,0.851944444000026,1,7,2020-03-31,2020-04-03,fao_swarm,0.0184936791491736,0.0143415561792252,294.8608872731526,296.3903402540419,297.6376070658367,-5.857268287301903,-5.336755946792124,0.926638729153221,0.8243972570754784,0.9360526793473796,-0.10224147207774259
949,36.824166667,2.48694444400007,1,7,2020-03-31,2020-04-04,fao_swarm,0.0248164057564963,0.0025168142196534,302.9651353200276,308.9967096116808,310.8112724304199,-7.723754638696196,-8.044061167362972,0.5324489686665204,0.5779734749113324,0.5055796139408709,0.04552450624481208
950,37.083333333,0.78333333300003,1,7,2020-03-31,2020-04-03,fao_swarm,0.0208249509167899,0.0144150338050721,296.71710472106935,299.2861844380696,300.606270260281,-5.474939746604749,-6.008743981756952,0.8030990724865067,0.8834470664408494,0.8914741790685473,0.08034799395434267
951,36.96189298410674,2.5117105185490924,0,7,2020-03-31,,synthetic_background,0.018772748096012,0.0022765329954026,303.01504851447214,307.44694832695853,308.90315611097543,-5.4096941394137446,-5.713966466871669,0.823949807702453,0.8938314063711305,0.7276635422436857,0.06988159866867749
952,37.21107515598848,5.293744656942547,0,7,2020-03-31,,synthetic_background,0.0623737841677893,0.0003628066655991,299.99518089294435,299.8552002800835,300.28837746514216,-5.734009024929092,-6.002553165087323,0.9328047217910572,0.8430706345353021,0.8020644472527293,-0.08973408725575516
953,38.376822213440406,0.1383466510023259,0,7,2020-03-31,,synthetic_background,0.0139177411627997,0.0173264822837708,301.22939313252766,303.2128662957086,303.40297707451714,-5.246149855128129,-5.588807854120809,0.9537866605449852,0.920241275398348,0.9175419790367864,-0.033545385146637186
954,37.46479830494097,2.5568861016458118,0,7,2020-03-31,,synthetic_background,0.0108115643096198,0.0042227438566087,304.11837425231937,308.15650236341685,309.6392563713921,-6.242939709308343,-5.423512358487159,0.9223631913727788,0.7677373551060672,0.8687615563196109,-0.15462583626671156
955,38.71823391103697,3.927138731647854,0,7,2020-03-31,,synthetic_background,0.0059211820197333,0.0031970373269913,298.60724143981935,301.15662714640297,301.5332667880587,-5.386605368360778,-4.592497516512904,0.837398568310661,0.8975739272318097,1.074646925380897,0.06017535892114878
956,38.24625842485211,2.1244527611084534,0,7,2020-03-31,,synthetic_background,0.0078117072415579,0.004744955050647,302.9787637922499,306.22457419501404,307.465205807156,-5.491224723359835,-5.883038654797788,0.9968652527159249,0.8840291211172087,0.6993914500433058,-0.1128361315987162
957,36.21651251425221,5.786136787770479,0,7,2020-03-31,,synthetic_background,0.0356587439608802,0.0021917602893708,300.1769137488471,301.61016447279184,302.20297707451715,-7.446837842815221,-3.6009059162399666,0.6877508112326908,0.6102215373959121,1.005446105325991,-0.07752927383677866
958,37.758764831175,1.874541419420125,0,7,2020-03-31,,synthetic_background,0.0126476853919257,0.0034374079582093,302.25997038947213,305.67616924709745,306.9978446960449,-6.504344048915581,-6.550820286504718,0.9058517016366288,0.7310868568098052,0.8942240954327567,-0.17476484482682353
959,38.787302256073175,3.206282535715005,0,7,2020-03-31,,synthetic_background,0.0041152953934897,0.0022938779470322,302.6993150075277,306.32329381306965,307.0375365363228,-5.137272518748972,-5.674393871036696,1.0161716068526154,0.9381241655425544,0.9494925961237144,-0.07804744131006103
960,37.91522666194115,5.125052052686682,0,7,2020-03-31,,synthetic_background,0.0293237089944113,0.000873216139972,297.4848456064859,299.7584500630697,300.54457863701714,-5.919715145131505,-7.687822459054529,0.6315799881519768,0.8182803157317562,0.6837684388273839,0.1867003275797794
961,37.1359805723754,3.3826065595491253,0,7,2020-03-31,,synthetic_background,0.019010660035633,0.0008175305005906,305.52833518981936,309.7661757575141,310.87668041653103,-8.67717593408064,-9.30904705131627,0.3978635009454336,0.4776549705058073,0.3245962512000427,0.0797914695603737
962,37.4716939485994,2.45217273164867,0,7,2020-03-31,,synthetic_background,0.0128412067723502,0.0059952816841004,303.70558670891654,307.0063450283475,308.43596861097546,-5.594635106596016,-4.796313910266087,0.745265421912809,0.8646221782698207,0.922694849240722,0.1193567563570117
963,36.30319894876099,4.193339747998939,0,7,2020-03-31,,synthetic_background,0.0313550948930014,0.0007169774648545,305.29347733391654,309.01850323147244,308.42805845472543,-6.794157666464942,-7.025796892919462,0.8389487379611661,0.692803169436209,0.7733161212540003,-0.14614556852495708
964,37.348667823129226,4.187318458991303,0,7,2020-03-31,,synthetic_background,0.0195177912545432,0.0005284628745911,303.2925930023194,306.819957224528,306.47947447035045,-6.4171015486790575,-6.455263262544927,0.8389684803716904,0.7451811612895016,0.8314347920547068,-0.09378731908218874
965,38.94866950464733,2.56890304646545,0,7,2020-03-31,,synthetic_background,0.0047078996730078,0.0022032341834901,303.26395801968044,307.3024930318197,307.99937464396163,-7.465953245546427,-8.35366983813067,0.5694052928290366,0.612840250367304,0.6507359657981235,0.04343495753826743
966,38.01714775744408,4.320715033969188,0,7,2020-03-31,,synthetic_background,0.0172661512923468,0.001266174661815,297.97615420023595,302.3216390821669,301.7072902255588,-4.009910845557412,-4.787911160847253,0.9707984804533494,1.1371307977847214,0.8680237291303051,0.166332317331372
967,37.57362159695529,4.057310336041252,0,7,2020-03-31,,synthetic_background,0.0100725412202109,0.0007714710113404,302.61221105787484,306.5657905578613,306.25873336791994,-6.3470305547030845,-6.552680658598409,0.7628511295641371,0.7531477237082094,0.7590187328643987,-0.009703405855927771
968,38.26148325925534,4.378655906921867,0,7,2020-03-31,,synthetic_background,0.0086311220956076,0.0016607872125504,297.2923108842637,300.94269485473626,301.74732928805884,-5.577134074995454,-4.403120443236055,0.7814779196677372,0.8673563894370077,0.9451801706669852,0.0858784697692705
969,37.03781153539026,3.7273269233704953,0,7,2020-03-31,,synthetic_background,0.0188876956534613,0.0008117041465638,304.4779716915554,309.01168899536134,309.6332179599338,-9.235510024672548,-8.742559886931833,0.5826027300603986,0.4261700115128283,0.4743456244949064,-0.15643271854757035
970,36.98886795561293,1.8351817505634032,0,7,2020-03-31,,synthetic_background,0.0273532390427817,0.0076090029355881,295.9195027245416,299.568297068278,299.59671079847544,-4.928230054138339,-6.353295637410749,0.7462435297559465,0.9731298342221184,0.9152046208925828,0.22688630446617186
971,36.504386527481614,2.4769704070198237,0,7,2020-03-31,,synthetic_background,0.0190754800868262,0.0004496804353593,303.6085543738471,306.7711236741807,307.8111856248644,-8.531133698760847,-8.840352938304768,0.5565097084622423,0.4919812345892213,0.5852779804630814,-0.06452847387302107
972,37.62779970664101,4.276955498859923,0,7,2020-03-31,,synthetic_background,0.01282897291901,0.0004243931648133,302.3404933929443,305.5837647332085,305.2693996005588,-5.154754829391719,-5.338834105311397,0.9347217878119248,0.935236559182794,0.8672966884577695,0.0005147713708691937
973,36.01436580000644,3.128976580140436,0,7,2020-03-31,,synthetic_background,0.0186292499137152,0.0008747658607362,305.476691309611,309.75326885647246,310.1949475606282,-5.146144636152811,-6.702446294943293,0.9020400916686332,0.9428557212090514,0.7188639400894152,0.040815629540418175
974,37.5162600591369,1.443078108484328,0,7,2020-03-31,,synthetic_background,0.0155708461833228,0.0100222459909318,300.417072168986,302.99277080959746,304.3566446092393,-5.996787952361892,-6.43410879487075,0.7591917222338995,0.8035148328844602,0.7028027050688748,0.044323110650560715
975,37.82640208092796,5.127651444286406,0,7,2020-03-31,,synthetic_background,0.0161624520850409,0.0005859068509934,299.58662512037483,303.46919767591686,304.13609881930887,-6.886271713447886,-6.791635486051145,0.6188088150779745,0.682110595569481,0.5795187702202926,0.06330178049150648
976,37.96265902940756,4.025369602306613,0,7,2020-03-31,,synthetic_background,0.0107000142169226,0.0007881752130387,301.7742607540555,304.7826254102919,304.66769061618385,-5.527096482839726,-6.0749495438934416,0.9613141628277152,0.8783541162975477,0.7274838441388074,-0.08296004653016753
977,36.10301972069907,2.873343734607367,0,7,2020-03-31,,synthetic_background,0.0213738053870429,9.223138064129444e-05,305.830890528361,310.2472901238335,311.1601819356282,-7.0619993808799855,-6.587267939392472,0.7264178440491742,0.6574692849543455,0.7314661981301432,-0.06894855909482867
978,37.5738040553927,5.077127950300312,0,7,2020-03-31,,synthetic_background,0.0066726028752555,0.0001895806667207,300.7606160057915,304.7277046203613,305.26985532972554,-4.893258103348067,-5.493194191260377,0.7766304770760715,0.9790718870018283,0.7385243192095425,0.20244140992575688
979,36.71457032569964,5.140043480494823,0,7,2020-03-31,,synthetic_background,0.0560383170676459,0.0017953745004533,299.17670758565265,301.32242575751405,301.377510494656,-5.81055813474325,-6.412346757412067,0.8474842522336805,0.831402402432411,0.9539378048234662,-0.016081849801269477
980,38.86076511648791,2.413467495495364,0,7,2020-03-31,,synthetic_background,0.0042987733912696,0.0015280476686356,303.47256804572214,307.72612584431965,308.47721752590604,-7.233469914621994,-6.33195877006737,0.7786367210765335,0.6390679716062008,0.6682774706252012,-0.1395687494703327
981,38.84947279841972,3.034904278690293,0,7,2020-03-31,,synthetic_background,0.0049001842570532,0.0021790346977113,303.02735320197206,306.41587736341694,307.11004087660046,-6.524653140574975,-8.01751501216129,0.8398839812097084,0.7380435958347793,0.5627014316282042,-0.10184038537492912
982,37.372553747261776,4.75392522644534,0,7,2020-03-31,,synthetic_background,0.011539933068775,0.0003203234550355,300.8665947384305,304.61407072279184,304.44692238701714,-5.289382980567751,-4.481134212377049,1.0961784844020048,0.9132069624117872,0.7996930019218156,-0.1829715219902176
983,37.66451538266064,4.143144701297113,0,7,2020-03-31,,synthetic_background,0.007748064382099,0.00095469568938,302.176056543986,305.94248326619464,305.592500729031,-3.975831546541894,-4.557757293583816,1.0519951161088603,1.143528025632814,0.8278428289195833,0.09153290952395365
984,37.1217244131525,3.407286477918273,0,7,2020-03-31,,synthetic_background,0.019010660035633,0.0008175305005906,305.52833518981936,309.7661757575141,310.87668041653103,-10.847405641043828,-10.91676588337756,0.2898794721059774,0.3040762098621971,0.3223436256863738,0.014196737756219657
985,38.0479130567017,3.0660706236949817,0,7,2020-03-31,,synthetic_background,0.0076040744614829,0.0021350762721894,302.92104352315266,307.2041314866808,308.16027416653105,-8.303295891783005,-9.68628968220898,0.4815549084369644,0.5159383880530126,0.50619750370634,0.03438347961604821
986,38.198108791680674,0.157672022396843,0,7,2020-03-31,,synthetic_background,0.0241613358092536,0.0236354998227952,300.59882672627765,301.6369602627225,302.16926939222543,-4.950688780193142,-5.7898824332278025,0.8199767572543896,0.9693268173146404,1.024641146690704,0.14935006006025087
987,38.82488412510448,0.7519057483670508,0,7,2020-03-31,,synthetic_background,0.0032221793961753,0.0059645554897187,303.3736205630832,307.65943747626403,308.12346861097546,-5.29952518274088,-7.774575565252948,0.7459490557072943,0.9127187195134774,0.803338623131755,0.16676966380618308
988,37.79687555861658,0.3391370640030167,0,7,2020-03-31,,synthetic_background,0.0410383015704383,0.0390069714662431,293.6154988182916,295.03980857001415,296.0035250345865,-4.254558636210103,-4.952316089161531,0.9690553002430472,1.091846273541056,0.9565542579025988,0.1227909732980087
989,36.631851672656005,2.925291590863826,0,7,2020-03-31,,synthetic_background,0.0272725343537558,0.0004431984302399,305.5465752071804,309.0097412957086,310.0374985588922,-6.8271273582268535,-7.148670548562748,0.5176749321631343,0.6877234774475398,0.4985642850292747,0.1700485452844055
990,37.29922921719388,5.340402879143396,0,7,2020-03-31,,synthetic_background,0.0412786274981726,0.0005547485229371,298.2439439137777,299.4096436394585,299.94186053805885,-7.12167346235497,-7.271990385752803,0.6699047998438044,0.6499550069032897,0.7139952750413285,-0.019949792940514688
991,38.60631037653127,1.0897525974664288,0,7,2020-03-31,,synthetic_background,0.0058792352509726,0.0060073516246674,303.2575344085693,307.3533990648057,308.07318649291994,-5.875590045702888,-5.544353748423917,0.8025846343848414,0.8217778664612767,0.91951108470904,0.019193232076435307
992,38.66022020881055,5.360182805525611,0,7,2020-03-31,,synthetic_background,0.0026072829795111,0.0006017318841813,297.9073011186387,301.0513320075141,302.13264287312825,-4.470638215692702,-4.110691548860794,1.0642242305008889,1.0527998404592889,0.9163124031158448,-0.011424390041600008
993,37.96111439825002,4.692457297017651,0,7,2020-03-31,,synthetic_background,0.0119307011199225,0.0008382580158112,299.9000854068332,302.9445448981391,303.1579087151421,-6.471086675194162,-4.442038434686952,1.0705698930618934,0.7356732383400362,0.8039113262729328,-0.33489665472185726
994,38.16719316508647,4.977183336827695,0,7,2020-03-31,,synthetic_background,0.011140894873165,0.0012884667989609,296.9899779849582,299.5434001498752,300.35972078111433,-8.435201425837171,-9.216456507222675,0.4993234859782524,0.5015917107581603,0.7652524374001185,0.002268224779907957
995,37.70961651413189,1.7631778539295522,0,7,2020-03-31,,synthetic_background,0.0134278803897132,0.0024885914203522,302.1642184363472,305.4759739345974,306.78635381062827,-4.677422715856906,-4.559131856267339,1.0530200587616696,1.0162842152770222,1.1397614414267898,-0.036735843484647424
996,37.14118696376757,3.0467422379509683,0,7,2020-03-31,,synthetic_background,0.0125004768204917,0.0004888108846543,303.687726465861,308.88513192070855,310.1737073262533,-6.203552733240789,-5.874661044509617,0.8313730262031254,0.7733794416365427,0.8354839108913956,-0.05799358456658266
997,37.43461280674894,1.0757705923094074,0,7,2020-03-31,,synthetic_background,0.0260554224086035,0.0165528139945863,297.4917683495416,298.4299724155002,299.5568887498644,-4.960791910598163,-5.574917204494938,0.8988371810998368,0.9676193179657409,0.9133831623030588,0.06878213686590406
998,36.840093397903765,2.9175628570103944,0,7,2020-03-31,,synthetic_background,0.0315357118678321,0.0019709548828004,304.6197956932916,309.75788040161126,311.54832212660045,-7.334032931761502,-7.952152411849607,0.7721268255391911,0.6237751495113284,0.3888776676936826,-0.1483516760278627
999,36.58109758077998,5.806627670853354,0,7,2020-03-31,,synthetic_background,0.1400523006749381,0.0313018492338059,294.3890719519721,293.93949932522247,294.2096665276421,-7.522416811906231,-6.61448223239005,0.696184834113919,0.6012764091637218,0.64613487390861,-0.09490842495019713
1000,37.75370455032834,2.9599463814778497,0,7,2020-03-31,,synthetic_background,0.0082497864794959,0.0015942833301423,304.5698119693333,309.2309001498752,310.4646144443088,-9.424038876190156,-8.98654620409578,0.4485776884864002,0.4099209578351566,0.4043796689254818,-0.03865673065124359
1001,38.34897840050844,3.114571877380647,0,7,2020-03-31,,synthetic_background,0.008536216599964,0.0024816623803971,302.93827442593044,306.32036955091684,307.12912182278103,-9.47678087377121,-10.947992984409703,0.6438221970793578,0.4059193297247476,0.8505622866744982,-0.23790286735461025
1002,37.7094161460341,0.8277112312356796,0,7,2020-03-31,,synthetic_background,0.0100698292088736,0.0055209032174943,299.45329721238875,302.81488995022244,303.8148097568088,-4.332463644363612,-4.504870920847418,0.9213721456711944,1.077664740490661,1.0694799340053316,0.15629259481946656
1003,36.24290480131113,4.83194216335565,0,7,2020-03-31,,synthetic_background,0.0383074998688925,0.0001585415479539,303.7613267262776,306.87873001098626,306.4789590623644,-3.946449100460871,-5.728954724839536,1.1932959222875417,1.149060868719474,1.0932014691809904,-0.04423505356806756
1004,37.52281219878423,1.3536764129993382,0,7,2020-03-31,,synthetic_background,0.0155708461833228,0.0100222459909318,300.417072168986,302.99277080959746,304.3566446092393,-5.331697896619051,-4.618253360798772,1.078034951943337,0.9063587959176672,1.088527688802014,-0.17167615602566977
1005,37.138282530801554,4.832180990765385,0,7,2020-03-31,,synthetic_background,0.0858500718903769,0.0022237828847764,298.499738184611,298.9261746724447,299.4209838019477,-6.267362547417482,-5.304800423586152,0.9813198039950928,0.7642546374468427,0.9913480358590304,-0.21706516654825003
1006,36.78464038509671,4.411438851956711,0,7,2020-03-31,,synthetic_background,0.0200727104974021,0.0001146874305604,305.4902167002361,310.4764296637641,309.0328870137533,-5.118873241455753,-4.598656667641791,1.0368008612789426,0.9413248957503122,0.8563787809815295,-0.09547596552863036
1007,36.44831272621099,1.5926062677548136,0,7,2020-03-31,,synthetic_background,0.0343436270785559,0.0023726901885865,303.2359578026665,309.3484782748753,309.5222207811144,-7.240520673744203,-7.291833247390869,0.5808276487738634,0.6351959381002578,0.5456845338790564,0.05436828932639437
1008,38.58925523601391,4.901172411299399,0,7,2020-03-31,,synthetic_background,0.0187214284968604,0.0009190074083207,298.0254868825277,300.902281443278,302.1373195224338,-5.241004700963897,-5.102028791841679,0.9758224321231102,0.9210809506475736,0.6123533171845138,-0.05474148147553659
1009,36.592967361207286,0.7678838302683537,0,7,2020-03-31,,synthetic_background,0.0385214954447974,0.0167118987914918,292.807062403361,294.1393691168891,294.6083969963921,-7.639828235534068,-8.10113016772243,0.5503096205836417,0.5875946011766454,0.5797949742478729,0.03728498059300367
1010,38.39808483752843,3.460280139523111,0,7,2020-03-31,,synthetic_background,0.0058166503739585,0.0030041119930146,301.58675532870825,304.9818604363336,305.5423976474338,-3.288050342702185,-4.312292339356931,1.030156032650007,1.2771035086139952,1.0078941646511563,0.24694747596398825
1011,37.20092910836729,4.58808895801581,0,7,2020-03-31,,synthetic_background,0.0565178960395087,0.0004917911168931,300.602228418986,301.95308439466686,301.7896795484755,-6.995575079642816,-5.653908229095384,0.8830718153312072,0.6659154626870065,0.8026048787891709,-0.21715635264420063
1012,38.384674680372896,2.7322646846090084,0,7,2020-03-31,,synthetic_background,0.0060733228755225,0.0027083686468003,302.95693762037484,306.9737007141113,307.70179434882266,-5.220908530430802,-5.9835263530130165,0.8210188610336882,0.9247627299854472,0.6801894350934761,0.10374386895175902
1013,38.08420467118346,2.750258446030171,0,7,2020-03-31,,synthetic_background,0.0057845085692633,0.0021654448387025,303.4024020300971,307.65107159084744,308.71988788180886,-9.7206793737562,-9.808472621077556,0.299243194894419,0.3854655550514729,0.3667325749407706,0.08622236015705392
1014,38.64252923278348,4.7637201961776015,0,7,2020-03-31,,synthetic_background,0.0145654797387351,0.0008029124614594,297.62366939120824,300.8714871724447,302.0343627081977,-7.300702548678236,-7.095913830931308,0.8733726988194431,0.6278265163191322,0.8663247915816135,-0.2455461825003109
1015,38.109089287050885,5.5659559370554685,0,7,2020-03-31,,synthetic_background,0.0400469273162116,0.0026389143344758,294.5246676550971,295.7448324415419,296.89781756930887,-6.996045253933993,-7.436940061586688,0.906715369724124,0.6658553737389383,0.7467078524020921,-0.2408599959851857
1016,38.196035784759616,3.2668701320736115,0,7,2020-03-31,,synthetic_background,0.0101179301572074,0.0030527642843125,302.2026353200277,306.4511041429308,307.2283948262533,-9.385982473594392,-10.522790966446852,0.4851406054865215,0.4193128226429636,0.281409205044939,-0.06582778284355789
1017,38.19660611701509,1.6899042637059687,0,7,2020-03-31,,synthetic_background,0.0067108094525565,0.0032681754705308,303.2917195214165,306.4549073113336,307.5875419616699,-6.424323980324376,-5.794211051032125,0.6289741509787904,0.7424257654684148,0.6421971453232784,0.11345161448962438
1018,38.696915935935984,1.3549547045604562,0,7,2020-03-31,,synthetic_background,0.0039766102862586,0.0025349489328263,304.1604478200277,308.01269810994467,308.82169994778104,-10.758828309008024,-11.194001590503012,0.3005410023547507,0.3126956535162656,0.3000357500136626,0.012154651161514929
1019,37.23395836825652,4.198592638532184,0,7,2020-03-31,,synthetic_background,0.0279087096286048,0.0006266317245362,303.3608655717638,306.230064646403,305.94020038180884,-6.123611392204291,-6.729394568742486,0.6660097210839506,0.79201621276925,0.7130385924497998,0.12600649168529943
1020,37.71299088272557,0.9141107743111652,0,7,2020-03-31,,synthetic_background,0.0113311678004492,0.006488450514972,299.57186275058325,303.14717619154186,304.135051727295,-4.803043886588675,-5.560373745588453,0.8574105135557457,0.9945130011484417,1.053747845271132,0.13710248759269594
1021,36.66479613405233,5.2092467715456845,0,7,2020-03-31,,synthetic_background,0.055679571611904,0.0017720392820237,297.98565940856935,298.9201199849447,299.1656289842394,-6.4874191491324815,-5.865457826480811,0.8534038492082707,0.7334181175414413,0.9902667744799604,-0.11998573166682946
1022,36.97243711961457,4.991562402577708,0,7,2020-03-31,,synthetic_background,0.0581439107489814,0.0013014755126832,302.41261253356936,301.9780084398058,302.2479260762532,-4.946979400163801,-5.657630544199163,0.9460877154682962,0.9699542424659128,0.849222341068286,0.0238665269976166
1023,36.18011035968595,4.765093601054265,0,7,2020-03-31,,synthetic_background,0.0383074998688925,0.0001585415479539,303.7613267262776,306.87873001098626,306.4789590623644,-5.3082751645447495,-6.259869338090906,1.0425536989908686,0.9101449925535484,0.8399585372847019,-0.13240870643732017
1024,37.34470342078957,0.4263361633692168,0,7,2020-03-31,,synthetic_background,0.0217049240899314,0.0107296786186097,295.04047169155547,298.1306777106391,300.0369668748644,-5.547261418657596,-5.272142312422113,0.650284619821334,0.8720378686328537,1.0340541985509777,0.2217532488115197
1025,36.70584774237209,1.3871399306147658,0,7,2020-03-31,,synthetic_background,0.0282585590911139,0.0062843642112611,295.61446257697213,298.612828318278,299.2301797654893,-5.891443947574668,-4.847517963087007,0.8604645831388882,0.8192030364314627,0.8550725724729138,-0.041261546707425434
1026,38.97514912218391,2.679676353420195,0,7,2020-03-31,,synthetic_background,0.0040889948439826,0.0019862732765076,302.8109089745416,305.52106942070856,306.09203414916993,-6.415480565551225,-6.684893316017881,0.790428514342259,0.7438792898812279,0.7445946814443386,-0.04654922446103116
1027,37.73844474095124,1.399478767887796,0,7,2020-03-31,,synthetic_background,0.0100886195731391,0.0076311907646058,301.3071383582221,305.1539470248752,306.6158351474338,-5.687471650557308,-4.637695077441873,0.947159095293904,0.8502226811196288,0.7949996497092913,-0.09693641417427512
1028,38.733591543958845,2.6370655483338115,0,7,2020-03-31,,synthetic_background,0.0056545853448142,0.0023061714050172,303.3412746429444,307.5760227627224,308.2809013366699,-5.757294784504838,-6.031600473661161,0.8665467190160572,0.8395336832616209,0.8712047877456894,-0.027013035754436254
1029,38.702749908274896,1.1530822866683268,0,7,2020-03-31,,synthetic_background,0.004026454670452,0.0040408602830765,303.9274183061388,307.9428630405002,308.6771632724338,-10.053727668322328,-9.497105627524515,0.3254605614153902,0.3596625522342231,0.3687748325281288,0.034201990818832906
1030,36.17726371703001,2.499457831496388,0,7,2020-03-31,,synthetic_background,0.0195625841450919,0.0009719065305588,306.3096340179443,311.00738669501413,311.8130248175727,-11.082865437732094,-10.670381837150977,0.3505982365321505,0.2930230324064951,0.4164090304725648,-0.05757520412565542
1031,37.29347097088996,3.3789002177851994,0,7,2020-03-31,,synthetic_background,0.0221390843224753,0.0010394534942506,305.14131804572213,309.3786323547364,310.36184751722544,-7.154273782845252,-9.044004846916694,0.6243735078722494,0.6458792285313614,0.5518790371115838,0.021505720659111938
1032,38.45706891101001,2.25608524494028,0,7,2020-03-31,,synthetic_background,0.0056415170264472,0.0025761953470109,303.07876921759714,306.08707419501405,306.93285446166993,-5.534139051017892,-4.624893834057654,0.7914517211870722,0.8750134551651354,0.8679708850523051,0.08356173397806321
1033,38.799267403043565,3.757797497017365,0,7,2020-03-31,,synthetic_background,0.005633276684307,0.0039733878251908,297.95818002488886,300.9547662523057,301.2858004252115,-4.421205177942042,-5.832316760335447,0.7699597511769747,1.0616529511191035,0.6964825778404529,0.29169319994212883
1034,36.23496732326426,4.51784053715372,0,7,2020-03-31,,synthetic_background,0.0409849852156867,0.000377707826793,304.3395439571804,304.8142768859864,305.01765263875325,-4.680912412591001,-5.252964950453843,1.0537489288746855,1.0157450969257156,0.9864595155051288,-0.038003831948969946
1035,37.748721217736446,0.9713024846299594,0,7,2020-03-31,,synthetic_background,0.0119430839848746,0.007335566627681,300.24992264641656,304.1455485873752,305.1683959113227,-4.089044137719608,-4.916146742296396,1.1151026411530451,1.1223597536608152,0.943331030394178,0.007257112507770058
1036,36.31073644018187,4.013760648855565,0,7,2020-03-31,,synthetic_background,0.0244027942252387,0.0011118880388139,305.6172620561388,309.4965577019586,309.24432907104494,-6.806819306227528,-6.242040569857872,0.9069422552211124,0.6903905225766055,0.6925053325667567,-0.2165517326445069
1037,37.48528818526293,4.40383494550797,0,7,2020-03-31,,synthetic_background,0.0108187019658316,0.0002441338178513,301.99579938252765,306.1775961134169,305.8214395311144,-5.618014544550485,-6.044005941814626,1.0168074373515037,0.8610144526757415,1.139775088732898,-0.1557929846757622
1038,36.31014632896561,3.8619175488039903,0,7,2020-03-31,,synthetic_background,0.0271106779408683,0.001469888436496,305.72175966898607,309.469566599528,309.44073749118377,-5.707878517094599,-6.14127051056985,1.0321842529032057,0.8470810327616485,0.7730628573358196,-0.18510322014155722
1039,38.21496613359163,2.801605651699401,0,7,2020-03-31,,synthetic_background,0.0059042095971335,0.0025648406621812,303.140412012736,307.12721091376415,307.9948390536838,-8.60749060579409,-8.647055864751351,0.5521704792231039,0.4852274825841046,0.644225063417814,-0.06694299663899933
1040,38.98766921686206,2.566000538104971,0,7,2020-03-31,,synthetic_background,0.0040503412318457,0.0018119296905396,303.00339486863885,306.90850974188913,307.5324584113227,-6.442821666564645,-7.033147472972277,0.7556663320678049,0.7396245968777915,0.7145182412039504,-0.016041735190013395
1041,37.45539883192086,3.356267095564697,0,7,2020-03-31,,synthetic_background,0.0374551236462821,0.0019525817510483,303.9679185231527,308.0329889085557,308.9326917012533,-10.625436500058107,-11.052842807320504,0.3041669643890672,0.3187510243819133,0.2645124096666993,0.014584059992846066
1042,36.03776034469941,2.422736974181003,0,7,2020-03-31,,synthetic_background,0.0149010836911429,0.0011258206245301,305.0513549380832,309.40492358737527,309.3793496873644,-5.963666962272725,-6.586121585509974,0.6304938815963916,0.8103723386368827,0.8373520353783999,0.1798784570404911
1043,37.19258863769063,3.717427428355286,0,7,2020-03-31,,synthetic_background,0.0214713930917014,0.0006174377080796,304.99291852315275,309.4418756273057,310.06355107625325,-8.318370335281983,-10.204975344505606,0.3688934838492619,0.5135125610406339,0.4143323012766513,0.14461907719137201
1044,37.406397089702565,3.308368426178463,0,7,2020-03-31,,synthetic_background,0.0182181864810218,0.001235046136081,305.4073119693332,309.8545438130697,310.96657842000326,-9.388144415016878,-8.195212397736498,0.432842319843164,0.4154840635021817,0.4282799129681663,-0.017358256340982314
1045,36.33977445326786,1.5788379163685728,0,7,2020-03-31,,synthetic_background,0.0209654837680091,0.0011946937915681,304.218829981486,310.37123218112527,310.6838635762533,-7.646989395321749,-7.733537178653009,0.5869548739985649,0.5911184076351432,0.613540845315812,0.004163533636578287
1046,38.97583695976831,1.4614715625951913,0,7,2020-03-31,,synthetic_background,0.0022920340132941,0.0016683719035981,304.2991685231526,308.3235596550836,308.9901786804199,-7.809959606785966,-6.906955689896781,0.5944648579464564,0.569626059836249,0.6388887162314113,-0.024838798110207394
1047,37.48181631168829,1.5242271721491367,0,7,2020-03-31,,synthetic_background,0.0112084120345343,0.0068047425624726,300.26992047627766,304.3093235439725,305.64828957451715,-5.419025738539666,-6.953878511424608,0.716234603805296,0.8923408985566889,0.7787643807828208,0.17610629475139283
1048,38.498894324749074,0.7649740581981337,0,7,2020-03-31,,synthetic_background,0.0109905421567191,0.0117207548496125,302.6431897905138,305.695103708903,306.30139287312824,-6.142398583822711,-5.617161886118913,0.8248182919406835,0.7822874247099039,0.7716350003107877,-0.04253086723077959
1049,38.08845649898,2.01247905049988,0,7,2020-03-31,,synthetic_background,0.0093432932925452,0.0048607817766068,302.5446980370415,306.4967475891114,307.837200164795,-6.200948211155991,-6.4054158284046,0.757883419322243,0.7758936612656929,0.883193611686072,0.01801024194344991
1050,37.33453955545705,0.5055037373497553,0,7,2020-03-31,,synthetic_background,0.014863041026615,0.0100582769986985,296.86596539815275,299.48437779744467,300.96152742173933,-5.540095210624882,-4.352866237675901,0.8195562293980199,0.8731636238516548,1.0484468850907966,0.05360739445363494
1051,37.083454356444186,2.195657245325592,0,7,2020-03-31,,synthetic_background,0.008489173634075,0.0028847983953355,301.53203527662487,306.3063124762641,307.53205693562825,-6.824862610548832,-7.194787574657838,0.7754692394354292,0.6880205005657962,0.8186145799782673,-0.087448738869633
1052,37.143654807127,5.406732127358765,0,7,2020-03-31,,synthetic_background,0.0458010852170218,0.000244878875911,301.8303968217638,300.6478543599446,300.93631583319774,-4.560547613078464,-6.7700017750653,0.8597747355605998,1.036819834447834,0.7502337972927005,0.1770450988872343
1053,37.43933344699517,0.6787991447718702,0,7,2020-03-31,,synthetic_background,0.0237708061766852,0.0080303332683442,298.15839161343047,300.56845982869464,302.2263114929199,-5.429622932727282,-4.6498400620599725,0.9998873710925908,0.8906503907040979,0.9790009339605724,-0.10923698038849294
1054,38.09887034018224,2.7873058243248776,0,7,2020-03-31,,synthetic_background,0.0057845085692633,0.0021654448387025,303.4024020300971,307.65107159084744,308.71988788180886,-9.75260759578708,-10.046245676154824,0.356740653097058,0.3831220562721729,0.4546085903554389,0.026381403175114893
1055,36.93701638083719,3.992786675419616,0,7,2020-03-31,,synthetic_background,0.0194022923541297,0.0005119970914719,304.13176400926375,308.5427165561252,308.57588289048937,-6.246533884098785,-6.848077588576029,0.7683534253473396,0.7672480370611212,0.9682071382025336,-0.0011053882862184228
1056,36.91154354244234,1.162067266262853,0,7,2020-03-31,,synthetic_background,0.0136208206248511,0.0104942253705857,295.522003809611,297.4847575717502,298.6673976474338,-4.810937007029524,-3.731746732738924,0.9730429409732068,0.9933450115353236,0.9647319494425096,0.02030207056211686
1057,37.93613507678475,1.5642333707949283,0,7,2020-03-31,,synthetic_background,0.0119771480393637,0.0050647190687058,302.18986405266656,305.9068767123752,307.24312464396166,-8.83006311332919,-7.473596205150449,0.804163284289616,0.4630450226812221,0.6985885433658143,-0.3411182616083939
1058,37.52957861038088,1.3704935633804356,0,7,2020-03-31,,synthetic_background,0.0155708461833228,0.0100222459909318,300.417072168986,302.99277080959746,304.3566446092393,-6.155814930902512,-5.0494668991182685,0.8112098407543228,0.7802599516083205,1.123560285448587,-0.030949889146002274
1059,37.15169100872173,2.2833519369340243,0,7,2020-03-31,,synthetic_background,0.0065323233437766,0.0017154297706483,302.2020168304444,306.8650038825141,308.14651548597544,-4.75605788331263,-5.048481054235416,0.9240477464846376,1.0049785802930704,0.7621270651766445,0.0809308338084328
1060,38.10271480943069,1.692501848465181,0,7,2020-03-31,,synthetic_background,0.0087424486708869,0.0039209208366273,303.0190090179444,306.9108534918891,308.22035446166984,-6.162478199064891,-7.964856549589306,0.6849287953585956,0.7792967883857771,0.7851851928003866,0.09436799302718146
1061,38.5029362911775,4.585951639838786,0,7,2020-03-31,,synthetic_background,0.0029315173459281,0.0007992020723222,297.86597624884706,301.532652537028,302.4162637498643,-5.107389026467365,-6.136608582961127,1.226526439368318,0.943074417084295,1.1883627303463815,-0.283452022284023
1062,38.14042205591057,2.5782182949728387,0,7,2020-03-31,,synthetic_background,0.0063817322087516,0.003355213153064,302.61224903530547,306.78774151272245,307.7642346700032,-7.351615759459999,-8.25358013188464,0.5631674036172954,0.6262699547362868,0.4777182104666833,0.06310255111899132
1063,36.762125245967006,5.721274972494537,0,7,2020-03-31,,synthetic_background,0.030366119725727,0.0054240605708955,298.3264363182916,298.27002775404185,298.44782842000325,-6.064154026517085,-6.61804814397348,0.6385617512056713,0.7936009346138434,0.7342963260526193,0.15503918340817213
1064,36.7607020099141,5.011207956398759,0,7,2020-03-31,,synthetic_background,0.0200449347329367,0.0005186281082032,304.0656832800971,306.74451777140297,306.36531431410054,-4.742030679722236,-5.9496255541388265,0.8446854674237151,1.005047990818062,0.9713302461486036,0.16036252339434698
1065,38.06960405578847,1.31735073105613,0,7,2020-03-31,,synthetic_background,0.0090057819915045,0.0078586867925523,302.4616793738471,306.45305184258353,307.47854673597544,-5.591305319716074,-4.919678181869159,0.7980382365597677,0.8651419143798944,1.0407650808853564,0.06710367782012672
1066,38.65331567716196,1.5832784190813771,0,7,2020-03-31,,synthetic_background,0.0039068132472266,0.0017715773460267,304.12261144849987,307.8036757575141,308.7291001213921,-4.072106040374351,-4.9320558483516965,0.959566732989909,1.125839639825308,1.0617419785843922,0.16627290683539908
1067,36.02834574997922,2.9449812856605466,0,7,2020-03-31,,synthetic_background,0.0206026404929389,0.0001804760572312,305.5900105370416,310.0123997158474,310.7181680467394,-7.740989991141522,-9.204938879939794,0.4932282739898649,0.5861634334305346,0.5697901826439624,0.09293515944066966
1068,37.76805310500493,1.9045929862603144,0,7,2020-03-31,,synthetic_background,0.0126476853919257,0.0034374079582093,302.25997038947213,305.67616924709745,306.9978446960449,-6.394056776888334,-5.511184269612071,0.721581833952722,0.7463816184932756,0.9654271362228328,0.024799784540553538
1069,38.91692751198994,0.6100914354200295,0,7,2020-03-31,,synthetic_background,0.0049603402447928,0.0062415978786347,303.3655747731527,307.7048096550836,308.16721318562827,-5.598998596826547,-6.406411853766695,0.8715984034266775,0.863941436993506,0.7587616111058126,-0.007656966433171486
1070,38.54010098326025,4.005343610252506,0,7,2020-03-31,,synthetic_background,0.0070269673896063,0.0022657147523759,298.1810424380832,301.1918159484863,301.62926830715605,-5.674338401907313,-5.240791358405437,1.0239102616801368,0.8530665145769938,1.0022575852922837,-0.17084374710314298
1071,37.626757579923776,0.5054994961595276,0,7,2020-03-31,,synthetic_background,0.0165482431483496,0.0093887827274201,297.5357787662082,300.8306126064724,302.2517889234754,-5.44551936557068,-7.263350981581583,0.9821343901656158,0.888118814134606,0.7031939796185329,-0.09401557603100974
1072,37.93429506498949,3.627536524346155,0,7,2020-03-31,,synthetic_background,0.0208290040326346,0.0022740594026444,300.6797457800971,305.3239068773058,305.90852720472554,-9.099345306263064,-9.594705073533516,0.4078317722018051,0.4382562697280288,0.3624824414991738,0.03042449752622367
1073,36.78061871395213,4.470168016900125,0,7,2020-03-31,,synthetic_background,0.0191909640860785,7.75239345429668e-05,305.77036535474986,310.2224366082085,309.21933992173933,-5.335048221227789,-5.938777920028886,0.7773410685566455,0.9058229850812028,0.8759984622740402,0.12848191652455732
1074,36.65224769671967,3.6692968029525455,0,7,2020-03-31,,synthetic_background,0.0184950202536811,0.001318373429477,304.00859235127774,308.0578749762641,308.4990653991699,-8.975825400544345,-9.458222188457842,0.4943263939521898,0.4494791282929256,0.484884954600189,-0.044847265659264224
1075,36.5170246158149,1.4526061233195946,0,7,2020-03-31,,synthetic_background,0.0456792682242621,0.0046294114467499,300.180109278361,305.0179986741808,305.2186563279894,-5.282142730115675,-7.066799438950156,0.9173293927069598,0.9143823542562788,0.7653739797206767,-0.0029470384506810055
1076,36.645780399358735,3.627826085698575,0,7,2020-03-31,,synthetic_background,0.022472214682125,0.0019781372424958,303.7665567609999,307.8942031012641,308.37620841132264,-10.30376429625789,-9.482169979814625,0.3983001226250592,0.3411663829139151,0.3462771814790636,-0.057133739711144105
1077,37.7127443715293,3.429228279413672,0,7,2020-03-31,,synthetic_background,0.0504627495837439,0.0034068456766007,299.3147555457221,302.92559416029195,303.88211661444774,-9.330478330664352,-7.972685713484649,0.4807926173301144,0.4183639019217209,0.5504478397172585,-0.06242871540839351
1078,38.22586256908362,1.543209125808117,0,7,2020-03-31,,synthetic_background,0.0062039017510642,0.0043379000303147,303.3541598425971,307.4065186394585,308.52193866305885,-6.247453861007754,-5.51819774583096,0.8356974132061961,0.7709657975148629,0.8836802464742789,-0.06473161569133312
1079,38.21061838375724,4.283827701839472,0,7,2020-03-31,,synthetic_background,0.0147164881062735,0.0020726702091096,297.7462768130832,301.321763865153,301.75648727417,-6.156531044818161,-5.109644437023146,1.0283391922408531,0.7801563954098407,0.8883510118252526,-0.2481827968310124
1080,36.72497394587733,1.6082737256194617,0,7,2020-03-31,,synthetic_background,0.0354381471705664,0.003495880114734,297.9805704328749,303.12676603529184,303.70678024291993,-6.1000786980003525,-7.633898073966453,0.7907116414247698,0.7883518492153919,0.6743237734325753,-0.0023597922093778756
1081,38.04313549374885,1.2147929128989214,0,7,2020-03-31,,synthetic_background,0.011836108548664,0.009703405844867,301.4743529849582,305.21893725925025,306.29571795993377,-5.790310053651945,-7.736715712806972,0.7753337495691657,0.8344771473653391,0.9487954110633916,0.05914339779617339
1082,38.95321085843224,3.7017963380816266,0,7,2020-03-31,,synthetic_background,0.0043331205678214,0.003262274610698,298.5860771603054,301.8141304016114,302.55864656236434,-5.638540860352057,-5.266695285718125,0.8655832356147939,0.8577902193870939,0.8938141175131605,-0.0077930162277000115
1083,38.02452852591356,4.240426077563663,0,7,2020-03-31,,synthetic_background,0.0154533356261481,0.000988059389293,298.7645873599582,302.596959177653,302.12097837660053,-5.45375560056933,-4.9507411094754765,0.997038182059528,0.8868091814913337,1.1336606791797252,-0.11022900056819429
1084,38.32739247211226,0.6437085945338517,0,7,2020-03-31,,synthetic_background,0.0106185644698371,0.008323960649669,301.2639905717638,303.42603361341685,304.2295341491699,-4.452340867991422,-4.153185103055483,1.008180467045863,1.0560712290547265,0.851889351916036,0.04789076200886355
1085,38.23316341319772,2.179674741251305,0,7,2020-03-31,,synthetic_background,0.0084725737405051,0.0050406089898942,302.7250582800972,305.03607593112525,306.1370970831977,-5.993479186941449,-5.670554760760256,0.8123648047483694,0.8040711458372904,0.7971073191817788,-0.008293658911078916
1086,36.237533370332926,2.5831383711440408,0,7,2020-03-31,,synthetic_background,0.013032984716915,0.000399538027942,306.22855220370826,310.5894016689724,311.3101602342394,-2.604796749635213,-5.539446074000551,0.96044323898201,1.4175792081546172,1.4011052967884536,0.45713596917260724
1087,36.36359383321021,2.018791934867468,0,7,2020-03-31,,synthetic_background,0.0420020639729727,0.0016114643689988,304.2631984710694,311.1724420335558,311.29387876722546,-9.121538241947956,-8.255011648655769,0.484667923349508,0.4362660790559038,0.5784118610415959,-0.04840184429360417
1088,38.43209939582643,2.261254297527848,0,7,2020-03-31,,synthetic_background,0.0067243844104041,0.0035449198362229,302.50103484259705,305.5698161655002,306.3789102342394,-5.858175436128015,-5.971541856311212,0.7319510474872286,0.8325438671155416,0.8444664634832486,0.10059281962831301
1089,37.61530044514977,3.944221126047043,0,7,2020-03-31,,synthetic_background,0.0120697736573447,0.0010260126468537,303.34647755093044,308.0795546637641,308.31287290785053,-8.328420197503453,-7.810089445353323,0.5079409791427745,0.5128153441433689,0.5879561110261495,0.0048743650005944605
1090,36.789343561235135,2.444594693804193,0,7,2020-03-31,,synthetic_background,0.0210200071168173,0.0025173804637788,302.0049519432916,308.1620633443197,309.81735967000327,-7.644936028768102,-7.378136798511738,0.443448471764225,0.5870052867761905,0.5722439169588812,0.14355681501196543
1091,37.47293181074867,5.4192254167441085,0,7,2020-03-31,,synthetic_background,0.0158418387007941,0.0002501091834901,301.0832776811388,303.5719103495279,304.01920428805886,-8.03982435696646,-7.488022309682874,0.4933020331621316,0.5429104419661677,0.662213329801778,0.04960840880403605
1092,37.0569444440001,5.11805555600006,1,8,2020-04-07,2020-04-09,fao_hopper,0.0839651942086447,0.0013477883216737,300.04409582349984,299.5320340474446,299.66782082451715,-4.736430529693548,-6.05258241206976,0.7548697470991848,1.006018660099685,0.6742982753116975,0.25114891300050024
1093,37.089722222,5.16083333300003,1,8,2020-04-07,2020-04-09,fao_hopper,0.0748887479138602,0.0003846666690705,301.77550315856934,300.46982159084746,300.84991717868377,-4.883486909096197,-4.712173620348454,0.903124303790185,0.9807364782091038,0.7973867301846332,0.07761217441891877
1094,37.091944444,5.15833333300003,1,8,2020-04-07,2020-04-09,fao_hopper,0.0748887479138602,0.0003846666690705,301.77550315856934,300.46982159084746,300.84991717868377,-5.05901232353806,-4.885352831582914,0.8305095275806276,0.9511263183194218,0.7743714530597291,0.12061679073879428
1095,37.035833333,0.806388889000061,1,8,2020-04-07,2020-04-13,fao_hopper,0.018770363910221,0.0142941257831452,295.3111097123887,297.2656766255697,298.68512768215606,-5.0628546676630055,-5.383261781091989,1.0389958000665849,0.9505892591912556,0.8210580513568547,-0.08840654087532929
1096,37.4377777780001,1.3475,1,8,2020-04-07,2020-04-09,fao_hopper,0.0288339227271308,0.0168211541053651,298.12807477315266,300.4005670335558,302.04060728285043,-5.33853273086927,-5.491507559574804,0.7475735531135922,0.9052560718311192,0.7499433086257817,0.15768251871752703
1097,37.0694444440001,0.021388889000036,1,8,2020-04-07,2020-04-11,fao_hopper,0.1324110448193778,0.1445453396913407,291.01026878356936,292.2296089172364,293.0427719963921,-7.188543758801341,-5.40708975774977,0.7923984677171784,0.6416169809966048,0.7620440370407244,-0.15078148672057357
1098,36.964166667,0.768055556000036,1,8,2020-04-07,2020-04-11,fao_hopper,0.018770363910221,0.0142941257831452,295.3111097123887,297.2656766255697,298.68512768215606,-6.509550687630984,-5.7088071881165865,0.888782915362148,0.7305780585787656,0.9837520332253316,-0.15820485678338247
1099,36.9166666670001,5.25,1,8,2020-04-07,2020-04-13,fao_band,0.0205123543572653,0.0001418075439332,302.12473275926374,304.6255073547363,304.28505172729496,-7.5648342626582785,-5.572600436271675,0.897172522971966,0.5963035506642638,0.7415205814164637,-0.30086897230770226
1100,36.783333333,5.31666666700005,1,8,2020-04-07,2020-04-13,fao_band,0.0208101689648856,0.0006056210872529,300.47217742072206,303.97412931654185,303.83000072903104,-5.188089601669857,-6.8214935759246025,0.8600559252896951,0.9297476877280964,0.979173996907923,0.06969176243840125
1101,36.9166666670001,5.43333333300006,1,8,2020-04-07,2020-04-13,fao_band,0.0167049288583029,0.0001721761104462,302.9021904415555,305.82745505438913,305.32761357625327,-4.2263499335022665,-5.95376175845786,0.7251895193436636,1.0970099266238194,0.8282234149431191,0.37182040728015575
1102,36.9333333330001,5.75,1,8,2020-04-07,2020-04-10,fao_band,0.0092337250542868,7.390295237286182e-05,300.23595237731934,301.7298639085558,301.65892868041993,-5.006007332449133,-5.844942093105337,0.7594054095822916,0.9600027170525542,0.8996302198567294,0.2005973074702626
1103,36.1166666670001,4.73333333300008,1,8,2020-04-07,2020-04-10,fao_band,0.0295754492116202,0.0001494667407868,304.95806609259705,307.8478814866808,306.7098618401422,-5.794622744569651,-7.912243935978098,0.6820820323274683,0.8338215484120787,0.6488840948946479,0.15173951608461034
1104,36.033333333,4.73333333300008,1,8,2020-04-07,2020-04-10,fao_band,0.018086907250904,0.0001226744529603,305.76301943461107,309.31134177313913,308.33505172729485,-6.817906643654778,-7.31007520866503,0.6635619785525071,0.6889334155631639,0.6800766776818642,0.025371437010656805
1105,36.033333333,4.7,1,8,2020-04-07,2020-04-10,fao_band,0.018086907250904,0.0001226744529603,305.76301943461107,309.31134177313913,308.33505172729485,-5.924438626166692,-5.31713183939481,0.6790763567871974,0.814265024818202,0.8088957890413078,0.1351886680310046
1106,36.0480555560001,4.70111111100005,1,8,2020-04-07,2020-04-10,fao_band,0.018086907250904,0.0001226744529603,305.76301943461107,309.31134177313913,308.33505172729485,-5.5323544169777685,-4.722967680364035,0.9008442573596492,0.8743808183560989,0.9010445100073298,-0.026463439003550304
1107,36.05,4.73333333300008,1,8,2020-04-07,2020-04-10,fao_band,0.018086907250904,0.0001226744529603,305.76301943461107,309.31134177313913,308.33505172729485,-5.851197761606883,-6.669490781712718,0.740808123838367,0.825256368578488,0.7273751791601444,0.08444824474012103
1108,36.783333333,5.3,1,8,2020-04-07,2020-04-11,fao_band,0.0208101689648856,0.0006056210872529,300.47217742072206,303.97412931654185,303.83000072903104,-6.849297605722997,-5.433148177190544,0.7905549345317617,0.6848211994795266,0.7476186767261443,-0.10573373505223516
1109,36.7333333330001,5.38333333300005,1,8,2020-04-07,2020-04-11,fao_band,0.0433445989918936,0.0041413090106843,299.9258883582221,299.5730225457085,299.9626504686144,-4.413840583670247,-5.973814398858323,0.9743465399700766,1.0629759603595597,0.9315257643309772,0.08862942038948307
1110,36.716666667,5.38333333300005,1,8,2020-04-07,2020-04-11,fao_band,0.0433445989918936,0.0041413090106843,299.9258883582221,299.5730225457085,299.9626504686144,-4.740514410414923,-4.896020012331476,0.924561005412291,1.0053107430545614,0.9842744253485144,0.08074973764227034
1111,36.216666667,5.61666666700006,1,8,2020-04-07,2020-04-13,fao_band,0.0200646489691962,0.0005184492942689,302.0566392262777,304.92761238945855,304.7282374911838,-4.232294562918094,-5.325354999058991,0.9211588759259964,1.095920489058736,0.9282411596598832,0.17476161313273952
1112,36.8666666670001,5.58333333300004,1,8,2020-04-07,2020-04-13,fao_band,0.0072725981307257,0.0001151493665574,303.2287854936388,303.98214797973634,303.8197848002116,-5.356435166570982,-6.544371856016701,0.9567903572819814,0.9023722150849676,0.8161543045549466,-0.0544181421970138
1113,36.9333333330001,5.68333333300006,1,8,2020-04-07,2020-04-13,fao_band,0.0092337250542868,7.390295237286182e-05,300.23595237731934,301.7298639085558,301.65892868041993,-5.889717090057374,-5.59591595724998,0.7914363473685944,0.8194620906556327,0.8408932796739572,0.02802574328703833
1114,36.8833333330001,5.73333333300008,1,8,2020-04-07,2020-04-13,fao_band,0.0092337250542868,7.390295237286182e-05,300.23595237731934,301.7298639085558,301.65892868041993,-4.858164422214916,-5.915205416943701,0.769068537315251,0.985059226084182,0.9094846825502368,0.2159906887689309
1115,36.816666667,5.6,1,8,2020-04-07,2020-04-13,fao_band,0.0280644565654029,0.0054017535325883,301.1061238182916,301.112242380778,300.9623520745172,-5.140602579509022,-5.366511771723788,0.8514773014449748,0.9375736528474884,0.9312425834352752,0.0860963514025136
1116,36.833333333,5.53333333300003,1,8,2020-04-07,2020-04-13,fao_band,0.0214518725705374,0.0041941038247941,302.9827405717638,303.4217530144586,303.0734848870171,-5.767435087289647,-5.946743168263834,0.9158155581820824,0.8379608582158761,0.832595746281434,-0.07785469996620631
1117,36.8480555560001,3.435,1,8,2020-04-07,2020-04-07,fao_band,0.0212089091372718,0.0007667771455643,304.9337551116943,309.22350540161125,310.3062973870172,-7.741971688715747,-9.486152091779026,0.5462138670645164,0.5759024885168583,0.4589235088123047,0.029688621452341968
1118,37.068055556,3.32138888900005,1,8,2020-04-07,2020-04-07,fao_band,0.0137410580945243,0.0005136064168809,305.7294582366943,310.24705683390306,311.55916197035043,-6.460036472361889,-10.353705116655938,0.4334551471018352,0.73720204903888,0.755165745333598,0.3037469019370448
1119,37.7416666670001,1.49416666700006,1,8,2020-04-07,2020-04-10,fao_band,0.0094110637736548,0.0059393576261399,301.459308497111,305.3033285352919,306.81821144951715,-5.674486593423877,-6.169430429835451,0.8833447782060723,0.8522261619190576,0.7148163062683363,-0.031118616287014622
1120,37.73,1.46361111100003,1,8,2020-04-07,2020-04-10,fao_band,0.0094110637736548,0.0059393576261399,301.459308497111,305.3033285352919,306.81821144951715,-5.852920897339471,-5.938686275726273,0.9024374444160024,0.8249965189368628,0.5448811326541978,-0.07744092547913961
1121,36.833333333,5.45,1,8,2020-04-07,2020-04-11,fao_band,0.0166614770722617,0.0009868672963975,302.29755176968047,304.9990208095975,304.6980128818088,-5.905101932433302,-5.957986365773899,0.8148283687845908,0.817156278544585,1.0231909876488492,0.0023279097599941956
1122,36.716666667,5.46666666700003,1,8,2020-04-07,2020-04-11,fao_band,0.0425050377679099,0.0088242075321076,299.3902004241943,298.04131681654184,298.32786314222545,-5.994644682638878,-4.589677156047646,0.8100854262366345,0.8038317627918342,0.9085671156002656,-0.006253663444800273
1123,36.766666667,5.35,1,8,2020-04-07,2020-04-11,fao_band,0.0208101689648856,0.0006056210872529,300.47217742072206,303.97412931654185,303.83000072903104,-4.695819016161199,-6.0109294157450215,0.8846639116936531,1.0130764248393311,0.9612304775124156,0.12841251314567803
1124,36.783333333,5.36666666700006,1,8,2020-04-07,2020-04-11,fao_band,0.0166614770722617,0.0009868672963975,302.29755176968047,304.9990208095975,304.6980128818088,-4.783357794537583,-4.891442356503792,0.9576595642135564,0.9979040568057982,0.8842016875052068,0.04024449259224183
1125,36.816666667,5.36666666700006,1,8,2020-04-07,2020-04-11,fao_band,0.0166614770722617,0.0009868672963975,302.29755176968047,304.9990208095975,304.6980128818088,-4.868849175453459,-5.370044269366504,0.9330926247784016,0.9832336914446214,0.9177432936049492,0.05014106666621976
1126,36.7,5.35,1,8,2020-04-07,2020-04-11,fao_band,0.0540545701813925,0.0018103948709367,298.938165918986,298.9085911220974,299.4808199564615,-4.860773134703049,-5.488712021031619,0.8410632424713138,0.9846133061959552,0.885004396930937,0.1435500637246414
1127,36.816666667,5.46666666700003,1,8,2020-04-07,2020-04-12,fao_band,0.0214518725705374,0.0041941038247941,302.9827405717638,303.4217530144586,303.0734848870171,-5.681669391203165,-6.055691443716015,0.8161222542958968,0.8511174937848328,0.6781377027852816,0.034995239488936014
1128,36.7333333330001,5.38333333300005,1,8,2020-04-07,2020-04-12,fao_band,0.0433445989918936,0.0041413090106843,299.9258883582221,299.5730225457085,299.9626504686144,-4.413840583670247,-5.973814398858323,0.9743465399700766,1.0629759603595597,0.9315257643309772,0.08862942038948307
1129,36.716666667,5.86666666700006,1,8,2020-04-07,2020-04-12,fao_band,0.1017883390021552,0.0394991568204758,294.47201466030543,293.40133200751404,293.7674410502116,-6.200780829832704,-6.275657643910826,0.8001856395228254,0.7737776948649494,0.7796245554373091,-0.026407944657875992
1130,36.816666667,5.15,1,8,2020-04-07,2020-04-12,fao_band,0.0219329118561972,0.0005768916484711,301.77813445197205,305.9297662523058,305.5565957811143,-6.280119875033863,-6.582275021600459,0.7042558554090271,0.7624402352100683,0.6584980294748263,0.058184379801041186
1131,36.816666667,5.51666666700004,1,8,2020-04-07,2020-04-12,fao_band,0.0214518725705374,0.0041941038247941,302.9827405717638,303.4217530144586,303.0734848870171,-5.406236220884514,-4.790172946189342,0.9846660303619252,0.8943841792189162,0.944192979511338,-0.09028185114300902
1132,36.7,5.35,1,8,2020-04-07,2020-04-12,fao_band,0.0540545701813925,0.0018103948709367,298.938165918986,298.9085911220974,299.4808199564615,-4.860773134703049,-5.488712021031619,0.8410632424713138,0.9846133061959552,0.885004396930937,0.1435500637246414
1133,36.816666667,5.45,1,8,2020-04-07,2020-04-07,fao_band,0.0166614770722617,0.0009868672963975,302.29755176968047,304.9990208095975,304.6980128818088,-4.742702189775539,-6.096847996353596,0.7244086342799083,1.0049316403378237,0.8605537351577901,0.28052300605791536
1134,37.0,5.31666666700005,1,8,2020-04-07,2020-04-07,fao_band,0.048012357933544,0.0002922496673463,303.47995736863874,301.520152537028,302.0893160502116,-7.223361863441948,-7.071055925066677,0.7894322408337617,0.6373098926797082,0.6636974800620572,-0.15212234815405357
1135,36.766666667,5.26666666700004,1,8,2020-04-07,2020-04-07,fao_band,0.0208101689648856,0.0006056210872529,300.47217742072206,303.97412931654185,303.83000072903104,-6.583978940396943,-5.074845609419378,0.9160969070882736,0.720195037582299,1.0204447323611197,-0.19590186950597466
1136,36.75,5.46666666700003,1,8,2020-04-07,2020-04-07,fao_band,0.0425050377679099,0.0088242075321076,299.3902004241943,298.04131681654184,298.32786314222545,-4.03310709553759,-6.118668091624032,0.8651571221010781,1.132788853164566,0.8947396479795733,0.2676317310634879
1137,36.766666667,5.28333333300003,1,8,2020-04-07,2020-04-07,fao_band,0.0208101689648856,0.0006056210872529,300.47217742072206,303.97412931654185,303.83000072903104,-5.016461268555126,-4.932342872009789,1.0311227460869772,0.9582475871307212,0.979826146554206,-0.07287515895625596
1138,36.716666667,5.36666666700006,1,8,2020-04-07,2020-04-07,fao_band,0.0433445989918936,0.0041413090106843,299.9258883582221,299.5730225457085,299.9626504686144,-5.556022645252148,-4.8332385634755415,1.06572367660069,0.8706629711833965,1.0028282721985686,-0.19506070541729337
1139,36.716666667,5.31666666700005,1,8,2020-04-07,2020-04-07,fao_band,0.0540545701813925,0.0018103948709367,298.938165918986,298.9085911220974,299.4808199564615,-5.807910120921468,-5.5790698868627295,0.7867693088765864,0.8318040375358677,0.9766465753584512,0.045034728659281376
1140,37.016666667,5.28333333300003,1,8,2020-04-07,2020-04-07,fao_band,0.048012357933544,0.0002922496673463,303.47995736863874,301.520152537028,302.0893160502116,-6.515587517619448,-5.887434357034591,0.5794987974676131,0.7295413475913837,0.912010534103435,0.15004255012377055
1141,36.716666667,5.46666666700003,1,8,2020-04-07,2020-04-07,fao_band,0.0425050377679099,0.0088242075321076,299.3902004241943,298.04131681654184,298.32786314222545,-5.994644682638878,-4.589677156047646,0.8100854262366345,0.8038317627918342,0.9085671156002656,-0.006253663444800273
1142,36.766666667,5.31666666700005,1,8,2020-04-07,2020-04-07,fao_band,0.0208101689648856,0.0006056210872529,300.47217742072206,303.97412931654185,303.83000072903104,-4.48838540505402,-5.819402562203266,0.7851256817333018,1.0496330445957696,0.9220261680020628,0.2645073628624678
1143,36.766666667,5.36666666700006,1,8,2020-04-07,2020-04-07,fao_band,0.0166614770722617,0.0009868672963975,302.29755176968047,304.9990208095975,304.6980128818088,-5.359669648408456,-7.060760089612945,1.0587620857992652,0.9018518758280792,0.7874559477429999,-0.156910209971186
1144,36.816666667,5.36666666700006,1,8,2020-04-07,2020-04-07,fao_band,0.0166614770722617,0.0009868672963975,302.29755176968047,304.9990208095975,304.6980128818088,-4.868849175453459,-5.370044269366504,0.9330926247784016,0.9832336914446214,0.9177432936049492,0.05014106666621976
1145,36.9166666670001,5.76666666700004,1,8,2020-04-07,2020-04-07,fao_band,0.0124289065432776,0.0003857693549988,298.148761622111,300.24910761515304,300.1410792880588,-6.082866252583337,-6.5495909708741245,0.7440896532071405,0.7908635474152123,0.755639596849789,0.046773894208071765
1146,36.966666667,5.71666666700003,1,8,2020-04-07,2020-04-07,fao_band,0.0152455389332999,0.0001198283311723,302.46086014641656,302.3050266689724,302.0375148349338,-5.3977354849092745,-6.231602089264359,0.657941325296701,0.8957441167277918,0.7753586967037271,0.23780279143109073
1147,36.816666667,5.65,1,8,2020-04-07,2020-04-08,fao_band,0.0280644565654029,0.0054017535325883,301.1061238182916,301.112242380778,300.9623520745172,-5.208529866477193,-5.50926965294051,0.8693411713525245,0.9263931396035908,0.7383229238603239,0.05705196825106629
1148,36.9166666670001,5.76666666700004,1,8,2020-04-07,2020-04-08,fao_band,0.0124289065432776,0.0003857693549988,298.148761622111,300.24910761515304,300.1410792880588,-6.082866252583337,-6.5495909708741245,0.7440896532071405,0.7908635474152123,0.755639596849789,0.046773894208071765
1149,36.8666666670001,5.56666666700005,1,8,2020-04-07,2020-04-08,fao_band,0.0072725981307257,0.0001151493665574,303.2287854936388,303.98214797973634,303.8197848002116,-6.744676667414321,-6.648074505900721,0.780259637657706,0.698602521080914,0.7228285341963527,-0.08165711657679198
1150,37.066666667,5.31666666700005,1,8,2020-04-07,2020-04-08,fao_band,0.0625197708440055,0.0003340325233338,303.0818019866944,302.26176495022247,302.4693941752116,-4.361457851929991,-4.931663406713936,1.035838722843696,1.072416533000483,0.8191906438008885,0.03657781015678685
1151,37.066666667,5.15,1,8,2020-04-07,2020-04-08,fao_band,0.0839651942086447,0.0013477883216737,300.04409582349984,299.5320340474446,299.66782082451715,-7.041580674859302,-5.810473980195791,0.8030170375909347,0.6600564244601209,0.908086569071478,-0.14296061313081376
1152,37.1,5.2,1,8,2020-04-07,2020-04-08,fao_band,0.0748887479138602,0.0003846666690705,301.77550315856934,300.46982159084746,300.84991717868377,-5.214705599936595,-5.540192441571751,0.728855290116543,0.925381275733653,0.8069542784289521,0.19652598561711
1153,36.8666666670001,5.56666666700005,1,8,2020-04-07,2020-04-09,fao_band,0.0072725981307257,0.0001151493665574,303.2287854936388,303.98214797973634,303.8197848002116,-6.744676667414321,-6.648074505900721,0.780259637657706,0.698602521080914,0.7228285341963527,-0.08165711657679198
1154,36.8666666670001,5.71666666700003,1,8,2020-04-07,2020-04-09,fao_band,0.0092337250542868,7.390295237286182e-05,300.23595237731934,301.7298639085558,301.65892868041993,-5.370328050618671,-4.666424664075306,0.6658071568927577,0.9001387373838434,0.8320875791092351,0.2343315804910857
1155,36.0,5.66666666700007,1,8,2020-04-07,2020-04-09,fao_band,0.0155824094844092,0.0003593942996857,303.6810153113471,307.45899802313915,307.2325126647949,-5.197500969536255,-5.950493159068958,0.8555882532098847,0.9291148872601832,0.9269081308889924,0.07352663405029847
1156,36.816666667,5.58333333300004,1,8,2020-04-07,2020-04-09,fao_band,0.0280644565654029,0.0054017535325883,301.1061238182916,301.112242380778,300.9623520745172,-5.442598008051008,-4.830336678630479,1.000642070487333,0.8885836671802158,1.1272031480877347,-0.11205840330711714
1157,36.766666667,5.31666666700005,1,8,2020-04-07,2020-04-09,fao_band,0.0208101689648856,0.0006056210872529,300.47217742072206,303.97412931654185,303.83000072903104,-4.48838540505402,-5.819402562203266,0.7851256817333018,1.0496330445957696,0.9220261680020628,0.2645073628624678
1158,36.016666667,5.28333333300003,1,8,2020-04-07,2020-04-09,fao_band,0.0205503970217932,0.0003596774217484,305.38173688252766,309.93786629570855,309.0358004252116,-4.623272963745666,-4.390589448127849,0.7836405189844768,1.0257651881452072,1.0046770048618416,0.2421246691607304
1159,36.966666667,5.46666666700003,1,8,2020-04-07,2020-04-09,fao_band,0.0204243928027381,0.0001636973497269,302.82614334954155,301.91289884779195,301.8841348436144,-5.209904505784138,-5.166455907740077,0.9040974580864692,0.92616784478437,0.9227575600709568,0.022070386697900735
1160,36.75,5.46666666700003,1,8,2020-04-07,2020-04-09,fao_band,0.0425050377679099,0.0088242075321076,299.3902004241943,298.04131681654184,298.32786314222545,-4.03310709553759,-6.118668091624032,0.8651571221010781,1.132788853164566,0.8947396479795733,0.2676317310634879
1161,36.766666667,5.46666666700003,1,8,2020-04-07,2020-04-09,fao_band,0.0214518725705374,0.0041941038247941,302.9827405717638,303.4217530144586,303.0734848870171,-6.061583678450465,-4.643990329239866,0.9716987229480516,0.7939775038998551,0.961066763282404,-0.1777212190481965
1162,36.816666667,5.51666666700004,1,8,2020-04-07,2020-04-09,fao_band,0.0214518725705374,0.0041941038247941,302.9827405717638,303.4217530144586,303.0734848870171,-5.406236220884514,-4.790172946189342,0.9846660303619252,0.8943841792189162,0.944192979511338,-0.09028185114300902
1163,38.273333333,5.10861111100007,1,8,2020-04-07,2020-04-10,fao_adult,0.0095054477286566,0.0007820657369492,296.467560450236,299.9707004970975,301.0348401387531,-6.302060568974984,-5.56281288923349,0.6638403833058656,0.7593274407689067,0.6729096322654142,0.09548705746304109
1164,36.9916666670001,0.63055555600005,1,8,2020-04-07,2020-04-09,fao_adult,0.0308079987597693,0.014325090396106,294.6985717349582,295.8353760613336,297.0976059807671,-4.95161069790143,-4.695760401135945,1.1383951025647965,0.9696806421763132,1.006090195194597,-0.16871446038848326
1165,36.970833333,0.77166666700003,1,8,2020-04-07,2020-04-10,fao_adult,0.018770363910221,0.0142941257831452,295.3111097123887,297.2656766255697,298.68512768215606,-6.471326567359372,-6.292554743252555,0.8384118449154214,0.7361040856722779,0.8207923823976796,-0.1023077592431435
1166,37.6294444440001,0.68805555600005,1,8,2020-04-07,2020-04-11,fao_adult,0.0126103132796515,0.0058339170095322,299.34696583218044,303.4507243686252,304.67830259535043,-4.692415595587296,-5.331125207578521,1.019177114408639,1.0136693796485168,1.098491721555923,-0.005507734760122229
1167,38.1702777780001,4.86805555600006,1,8,2020-04-07,2020-04-12,fao_adult,0.0110178857875098,0.001481109010875,296.42267655266653,299.9249159918891,300.796992916531,-5.592194762782999,-7.13129936211844,0.8615305029841331,0.8650030618316475,0.670700184975033,0.0034725588475144065
1168,36.1161111110001,2.01194444400005,1,8,2020-04-07,2020-04-12,fao_adult,0.0362699448895682,0.0005573264238236,305.133966700236,309.46072870890305,309.4731430901421,-5.455002484247753,-5.447632345921591,0.9899890386203976,0.8871529447921915,1.0245760447317678,-0.10283609382820602
1169,37.3833333330001,5.65,1,8,2020-04-07,2020-04-13,fao_swarm,0.0295489251446952,0.000404768335521,297.3488864050971,298.4055963304308,299.2474106682672,-5.841430595744884,-6.798854002136981,0.7195823952093314,0.8267304061890477,0.6116012084832192,0.10714801097971627
1170,37.1,5.85,1,8,2020-04-07,2020-04-13,fao_swarm,0.038973000628971,0.0025166503068803,299.176886622111,297.9087376064724,298.26865632798933,-5.387079067085979,-7.111094537637943,0.6729796418658252,0.8974509947318102,0.704370711888435,0.22447135286598507
1171,37.1,5.9,1,8,2020-04-07,2020-04-13,fao_swarm,0.038973000628971,0.0025166503068803,299.176886622111,297.9087376064724,298.26865632798933,-6.640327283922023,-5.3847449282186375,0.7949521028400218,0.712564945372311,0.8477171051138994,-0.08238715746771086
1172,37.066666667,5.03333333300003,1,8,2020-04-07,2020-04-13,fao_swarm,0.0942437469792594,0.0026798627254365,298.2380953894721,298.9345514085558,299.1247544182671,-5.859666134919332,-4.574636019610265,0.938217423541696,0.8239799166410721,1.031260507949897,-0.11423750690062395
1173,36.7333333330001,5.48333333300008,1,8,2020-04-07,2020-04-13,fao_swarm,0.0425050377679099,0.0088242075321076,299.3902004241943,298.04131681654184,298.32786314222545,-5.08626864804946,-4.971278906358599,1.069621259412321,0.9465839214865426,0.9023566458946526,-0.12303733792577831
1174,36.9833333330001,5.33333333300004,1,8,2020-04-07,2020-04-13,fao_swarm,0.048012357933544,0.0002922496673463,303.47995736863874,301.520152537028,302.0893160502116,-4.8763749553879165,-5.487937479568382,0.9116549958811871,0.9819492501268976,0.976130939741276,0.07029425424571045
1175,37.3,5.76666666700004,1,8,2020-04-07,2020-04-13,fao_swarm,0.0618967830968131,0.0015864304181931,297.9885294172499,297.33685718112525,297.884639400906,-6.093610776381473,-5.9674707221119245,0.896870833238202,0.7892949636281706,0.9075933513787572,-0.1075758696100314
1176,36.9833333330001,5.83333333300004,1,8,2020-04-07,2020-04-13,fao_swarm,0.0178766965699423,0.0003218880769608,300.0847642262777,301.2838949415418,300.9250094095866,-8.26560948101668,-5.145758468249644,0.9682348063235944,0.5189747469143776,0.6586802326758849,-0.44926005940921676
1177,36.763888889,5.30027777800007,1,8,2020-04-07,2020-04-10,fao_swarm,0.0208101689648856,0.0006056210872529,300.47217742072206,303.97412931654185,303.83000072903104,-5.742101940254244,-5.1015316286245165,0.787252137182487,0.841831394643025,0.9452386115711864,0.054579257460538044
1178,36.7866666670001,5.47194444400003,1,8,2020-04-07,2020-04-10,fao_swarm,0.0214518725705374,0.0041941038247941,302.9827405717638,303.4217530144586,303.0734848870171,-5.127982964112698,-5.268787617396269,0.966956146537866,0.9396610633901836,0.9307038277978292,-0.027295083147682364
1179,36.765555556,5.34305555600002,1,8,2020-04-07,2020-04-10,fao_swarm,0.0208101689648856,0.0006056210872529,300.47217742072206,303.97412931654185,303.83000072903104,-6.125462179863774,-5.865546597067415,1.0170235886701031,0.7846587966250351,0.8464698181602066,-0.232364792045068
1180,36.7319444440001,5.52055555600003,1,8,2020-04-07,2020-04-10,fao_swarm,0.0425050377679099,0.0088242075321076,299.3902004241943,298.04131681654184,298.32786314222545,-5.90304449324875,-5.371854403624442,0.8462366326366946,0.8174643588797994,0.70014799237221,-0.028772273756895173
1181,36.7491666670001,5.31555555600005,1,8,2020-04-07,2020-04-11,fao_swarm,0.0540545701813925,0.0018103948709367,298.938165918986,298.9085911220974,299.4808199564615,-4.576547822943073,-4.523424245460215,0.8448908053998644,1.033992630529899,1.1104626301046316,0.1891018251300346
1182,36.9333333330001,5.71666666700003,1,8,2020-04-07,2020-04-10,fao_swarm,0.0092337250542868,7.390295237286182e-05,300.23595237731934,301.7298639085558,301.65892868041993,-5.674658065803355,-6.621069589629295,0.9009622211618828,0.8521996828120155,0.8301432618922258,-0.048762538349867324
1183,37.1166666670001,5.36666666700006,1,8,2020-04-07,2020-04-10,fao_swarm,0.0458010852170218,0.000244878875911,301.8303968217638,300.6478543599446,300.93631583319774,-5.185098902930639,-5.152944924260126,1.037979122252919,0.9302392149208812,0.8994446172802784,-0.10773990733203787
1184,36.75,5.28333333300003,1,8,2020-04-07,2020-04-10,fao_swarm,0.0540545701813925,0.0018103948709367,298.938165918986,298.9085911220974,299.4808199564615,-5.912205575129727,-4.59955869773562,0.6803581605978827,0.8160932445943105,0.7299151591051949,0.13573508399642786
1185,37.1333333330001,5.26666666700004,1,8,2020-04-07,2020-04-10,fao_swarm,0.0625197708440055,0.0003340325233338,303.0818019866944,302.26176495022247,302.4693941752116,-4.454082582782648,-4.572977022700015,0.922760377218139,1.055759546753847,1.0084476603690036,0.132999169535708
1186,37.016666667,5.76666666700004,1,8,2020-04-07,2020-04-10,fao_swarm,0.0178766965699423,0.0003218880769608,300.0847642262777,301.2838949415418,300.9250094095866,-6.94727795947963,-5.493596898871433,1.0361982068199036,0.6721110424566807,1.1687140534038931,-0.36408716436322286
1187,36.9,5.63333333300005,1,8,2020-04-07,2020-04-11,fao_swarm,0.0072725981307257,0.0001151493665574,303.2287854936388,303.98214797973634,303.8197848002116,-5.055694547038813,-6.224763957797289,0.9578589184158444,0.9516802643315904,0.7276863883152458,-0.006178654084253998
1188,37.05,5.15,1,8,2020-04-07,2020-04-11,fao_swarm,0.0508628755641211,0.0003801367160676,303.77774382697214,302.4494331359863,302.73594690958663,-5.754576285793515,-5.348642451449851,1.0364745003880802,0.8399238594286553,0.8233218068271374,-0.19655064095942487
1189,36.7333333330001,5.46666666700003,1,8,2020-04-07,2020-04-11,fao_swarm,0.0425050377679099,0.0088242075321076,299.3902004241943,298.04131681654184,298.32786314222545,-4.7478026938696285,-4.864654017588084,1.0513376107771255,1.004048183895214,0.941441335773968,-0.04728942688191151
1190,36.9166666670001,5.3,1,8,2020-04-07,2020-04-11,fao_swarm,0.0205123543572653,0.0001418075439332,302.12473275926374,304.6255073547363,304.28505172729496,-5.1924458281583785,-5.693297066347222,0.977451452410221,0.9290320573866424,0.8442094882909862,-0.048419395023578615
1191,37.0,5.63333333300005,1,8,2020-04-07,2020-04-11,fao_swarm,0.0155941366982688,0.0001489004966614,303.12233475579154,301.53233786688907,301.48416197035044,-5.405488815871687,-5.137784940364883,0.7221725253174995,0.8945036892062881,0.8485632273616679,0.17233116388878855
1192,36.9833333330001,5.73333333300008,1,8,2020-04-07,2020-04-11,fao_swarm,0.0152455389332999,0.0001198283311723,302.46086014641656,302.3050266689724,302.0375148349338,-4.818339828963843,-6.508332302674726,0.8213604710550408,0.9918835053599108,0.8676884790453323,0.17052303430486992
1193,37.016666667,5.7,1,8,2020-04-07,2020-04-11,fao_swarm,0.0152455389332999,0.0001198283311723,302.46086014641656,302.3050266689724,302.0375148349338,-5.416383737260874,-5.701303811633111,0.8996979156908735,0.8927627174667905,0.9353012301875692,-0.006935198224083061
1194,37.016666667,5.63333333300005,1,8,2020-04-07,2020-04-11,fao_swarm,0.0155941366982688,0.0001489004966614,303.12233475579154,301.53233786688907,301.48416197035044,-4.394262152639399,-5.161379730420031,0.9627445067380122,1.0664982305688453,0.8782162288093345,0.10375372383083314
1195,36.9,5.65,1,8,2020-04-07,2020-04-11,fao_swarm,0.0072725981307257,0.0001151493665574,303.2287854936388,303.98214797973634,303.8197848002116,-3.934737738624232,-5.717213399489141,0.8248890611260669,1.1512706181274115,0.8630389005379151,0.32638155700134464
1196,36.9333333330001,5.31666666700005,1,8,2020-04-07,2020-04-11,fao_swarm,0.0205123543572653,0.0001418075439332,302.12473275926374,304.6255073547363,304.28505172729496,-5.753958478738474,-6.714181427315703,0.8530587470030047,0.8400182576786444,1.0367712696311142,-0.013040489324360305
1197,36.75,5.28333333300003,1,8,2020-04-07,2020-04-11,fao_swarm,0.0540545701813925,0.0018103948709367,298.938165918986,298.9085911220974,299.4808199564615,-5.912205575129727,-4.59955869773562,0.6803581605978827,0.8160932445943105,0.7299151591051949,0.13573508399642786
1198,36.8833333330001,5.43333333300006,1,8,2020-04-07,2020-04-11,fao_swarm,0.0167049288583029,0.0001721761104462,302.9021904415555,305.82745505438913,305.32761357625327,-5.349079342118513,-6.186504288396402,0.8421839725212272,0.9035563571012,0.9056767869976552,0.06137238457997274
1199,36.7333333330001,5.48333333300008,1,8,2020-04-07,2020-04-11,fao_swarm,0.0425050377679099,0.0088242075321076,299.3902004241943,298.04131681654184,298.32786314222545,-5.08626864804946,-4.971278906358599,1.069621259412321,0.9465839214865426,0.9023566458946526,-0.12303733792577831
1200,36.7536111110001,5.475,1,8,2020-04-07,2020-04-12,fao_swarm,0.0214518725705374,0.0041941038247941,302.9827405717638,303.4217530144586,303.0734848870171,-5.192986501794657,-5.436211839492895,0.9688520245906342,0.9289432636367044,0.9602043346910976,-0.03990876095392981
1201,36.9333333330001,5.71666666700003,1,8,2020-04-07,2020-04-13,fao_swarm,0.0092337250542868,7.390295237286182e-05,300.23595237731934,301.7298639085558,301.65892868041993,-5.674658065803355,-6.621069589629295,0.9009622211618828,0.8521996828120155,0.8301432618922258,-0.048762538349867324
1202,36.9333333330001,5.7,1,8,2020-04-07,2020-04-13,fao_swarm,0.0092337250542868,7.390295237286182e-05,300.23595237731934,301.7298639085558,301.65892868041993,-4.753634231094175,-6.27914104609253,0.7457563726538696,1.003038738364323,0.8678702493798893,0.25728236571045326
1203,36.8666666670001,5.66666666700007,1,8,2020-04-07,2020-04-13,fao_swarm,0.0092337250542868,7.390295237286182e-05,300.23595237731934,301.7298639085558,301.65892868041993,-6.177911571037756,-6.493110482335131,0.9492585600486249,0.7770693847548873,0.9317829885555298,-0.17218917529373756
1204,37.016666667,5.58333333300004,1,8,2020-04-07,2020-04-13,fao_swarm,0.0155941366982688,0.0001489004966614,303.12233475579154,301.53233786688907,301.48416197035044,-6.170904534121222,-6.047064472644804,0.9493112126973684,0.7780800679491684,1.0982850078333262,-0.1712311447482
1205,37.1333333330001,5.81666666700005,1,8,2020-04-07,2020-04-13,fao_swarm,0.0290167599749793,0.0006902298805115,301.5329738616943,300.21236173841686,300.38252351548937,-5.373976985506294,-6.450137180346015,0.8399580418804463,0.8995527703641563,0.7259354691183109,0.05959472848370995
1206,36.816666667,5.5,1,8,2020-04-07,2020-04-13,fao_swarm,0.0214518725705374,0.0041941038247941,302.9827405717638,303.4217530144586,303.0734848870171,-4.772996982123796,-4.248536961604776,1.0298801929959929,0.9996918706607786,1.0995878450627243,-0.03018832233521429
1207,36.766666667,5.46666666700003,1,8,2020-04-07,2020-04-13,fao_swarm,0.0214518725705374,0.0041941038247941,302.9827405717638,303.4217530144586,303.0734848870171,-6.061583678450465,-4.643990329239866,0.9716987229480516,0.7939775038998551,0.961066763282404,-0.1777212190481965
1208,36.75,5.46666666700003,1,8,2020-04-07,2020-04-13,fao_swarm,0.0425050377679099,0.0088242075321076,299.3902004241943,298.04131681654184,298.32786314222545,-4.03310709553759,-6.118668091624032,0.8651571221010781,1.132788853164566,0.8947396479795733,0.2676317310634879
1209,37.016666667,5.31666666700005,1,8,2020-04-07,2020-04-13,fao_swarm,0.048012357933544,0.0002922496673463,303.47995736863874,301.520152537028,302.0893160502116,-7.126875138334352,-4.65926303789867,0.7119686168628374,0.6493032924570026,0.909613304156332,-0.06266532440583483
1210,36.9166666670001,5.3,1,8,2020-04-07,2020-04-13,fao_swarm,0.0205123543572653,0.0001418075439332,302.12473275926374,304.6255073547363,304.28505172729496,-5.1924458281583785,-5.693297066347222,0.977451452410221,0.9290320573866424,0.8442094882909862,-0.048419395023578615
1211,36.783333333,5.38333333300005,1,8,2020-04-07,2020-04-13,fao_swarm,0.0166614770722617,0.0009868672963975,302.29755176968047,304.9990208095975,304.6980128818088,-5.385927880334974,-4.166997929004301,1.0192674077639874,0.8976355228712647,0.9964723796994605,-0.1216318848927227
1212,36.6,5.3,1,8,2020-04-07,2020-04-13,fao_swarm,0.0781873136592139,0.0049786946651337,298.32336557176376,298.1327447679308,298.2855400085449,-5.451647617882694,-5.715687730719941,0.8727640131366496,0.8871442374291978,0.8306897998747695,0.01438022429254815
1213,37.1333333330001,5.85,1,8,2020-04-07,2020-04-13,fao_swarm,0.038973000628971,0.0025166503068803,299.176886622111,297.9087376064724,298.26865632798933,-9.283944250778804,-8.85537880273437,0.6018163034070065,0.421942168590242,0.3903068366349916,-0.17987413481676456
1214,37.397777778,1.00361111100005,1,8,2020-04-07,2020-04-13,fao_swarm,0.0245174139571417,0.0161084315654633,297.09932585822213,298.71177037556964,299.92089157104493,-6.34483173364443,-5.031807660094314,0.7896664720742944,0.7532873576158086,0.8758746039531116,-0.03637911445848585
1215,37.95,1.36666666700006,1,8,2020-04-07,2020-04-12,fao_swarm,0.0114130645823706,0.0080241343852875,301.89172494676376,305.41908916897245,306.72058775160053,-5.410242660229054,-5.038011383324376,0.7006757743406556,0.893743743785614,0.964679513046928,0.1930679694449584
1216,36.6833333330001,0.616666667000061,1,8,2020-04-07,2020-04-13,fao_swarm,0.0360904753041495,0.0141985497352479,293.1439873165554,294.35069181654194,295.049922604031,-8.076718241571653,-7.738596367894097,0.5849927976592213,0.5389366563217807,0.4856716791786236,-0.046056141337440626
1217,36.7333333330001,2.43333333300006,1,8,2020-04-07,2020-04-13,fao_swarm,0.021297407133602,0.0018193206664918,303.40848926968044,310.32174758911134,311.77094039916994,-8.157859752363166,-7.381206868988221,0.4504077482559501,0.5302833962584955,0.6034729934917895,0.07987564800254543
1218,36.841666667,2.48583333300007,1,8,2020-04-07,2020-04-12,fao_swarm,0.0248164057564963,0.0025168142196534,302.9651353200276,308.9967096116808,310.8112724304199,-7.58184009354688,-7.992136662256051,0.6459551531071361,0.594319399070448,0.4719475171561563,-0.051635754036688186
1219,37.269444444,0.94611111100005,1,8,2020-04-07,2020-04-13,fao_swarm,0.0234744965863455,0.0156245014545319,296.5376233842638,299.2783882141113,300.68584382798934,-4.873115159979601,-4.998872553503787,0.982593557592332,0.982505467533337,0.9843300792882508,-8.809005899501621e-05
1220,36.833333333,2.48638888900007,1,8,2020-04-07,2020-04-13,fao_swarm,0.0248164057564963,0.0025168142196534,302.9651353200276,308.9967096116808,310.8112724304199,-8.430353185082803,-7.974661349637511,0.4242374885675102,0.5020816501157647,0.6593130308303953,0.07784416154825446
1221,36.8602777780001,1.33555555600003,1,8,2020-04-07,2020-04-13,fao_swarm,0.0125903457236518,0.0083633593198655,297.05417069329155,299.67441685994464,300.67654478285044,-6.623893734030849,-8.819529300102227,0.6894184220329936,0.7147836395923267,0.558291812025054,0.025365217559333075
1222,36.7025,1.095,1,8,2020-04-07,2020-04-13,fao_swarm,0.0329991400075186,0.0137145302173493,292.377228418986,293.548961130778,294.4371187845865,-6.378845237581308,-7.558147480814833,0.6763503931248782,0.7485104091902468,0.7064717006169561,0.07216001606536859
1223,36.8113888890001,1.16777777800007,1,8,2020-04-07,2020-04-13,fao_swarm,0.0173186331820716,0.0104007056829331,294.6278035057916,296.8869331359863,297.97289352416993,-5.155064596859862,-5.574898424757164,0.842821413361954,0.935185449675837,1.0149372753464874,0.09236403631388301
1224,36.701111111,1.09861111100003,1,8,2020-04-07,2020-04-13,fao_swarm,0.0329991400075186,0.0137145302173493,292.377228418986,293.548961130778,294.4371187845865,-8.137310111475546,-6.209007216143394,0.5761749570263106,0.5324636993308521,0.5805893098686861,-0.04371125769545847
1225,36.890833333,0.768333333000044,1,8,2020-04-07,2020-04-13,fao_swarm,0.0148822486233939,0.0125873020765183,293.8695244259304,295.8299018859863,297.29069408840604,-8.171096533677758,-7.708927448941817,0.5742236658400469,0.5290087295759593,0.6299740072657971,-0.04521493626408757
1226,36.711666667,2.7575,1,8,2020-04-07,2020-04-07,fao_swarm,0.0299922048878897,0.001530998098552,305.4474052853054,307.714146677653,309.3339178297255,-8.072392492383878,-8.978596630797814,0.4754606250309251,0.539401302427139,0.332264810783321,0.0639406773962139
1227,36.9847222220001,0.623055556000054,1,8,2020-04-07,2020-04-07,fao_swarm,0.0308079987597693,0.014325090396106,294.6985717349582,295.8353760613336,297.0976059807671,-5.8870983092884615,-5.696627099158641,0.902005262538188,0.8208682033066859,0.6770302369881618,-0.08113705923150216
1228,36.9847222220001,0.623333333000062,1,8,2020-04-07,2020-04-07,fao_swarm,0.0308079987597693,0.014325090396106,294.6985717349582,295.8353760613336,297.0976059807671,-5.8870983092884615,-5.696627099158641,0.902005262538188,0.8208682033066859,0.6770302369881618,-0.08113705923150216
1229,37.318888889,0.980277778000072,1,8,2020-04-07,2020-04-08,fao_swarm,0.022315558774494,0.0148050120946763,296.07089161343043,297.8332330491808,298.99430736965604,-4.62392845761258,-6.872580725843831,0.8572805050814121,1.0256500732366214,0.7926978003867865,0.16836956815520931
1230,37.2313888890001,0.940277778000052,1,8,2020-04-07,2020-04-08,fao_swarm,0.0213103115391959,0.0143452218648789,296.6725734710693,299.5687419467502,300.80752894083656,-5.706688577980296,-7.016232346372593,0.9489635556877966,0.8472639912235412,0.7412397805956266,-0.10169956446425532
1231,37.004166667,0.866388889000064,1,8,2020-04-07,2020-04-08,fao_swarm,0.0184936791491736,0.0143415561792252,294.8608872731526,296.3903402540419,297.6376070658367,-5.60909014268753,-4.979321129978114,0.8717719731890157,0.8624209359587498,0.919335383092728,-0.009351037230265868
1232,37.1666666670001,1.93055555600006,1,8,2020-04-07,2020-04-08,fao_swarm,0.0112234473061789,0.0047416320917008,299.72849252488874,304.1379096984863,305.0266098870172,-5.7761471330858205,-6.105942527607772,0.7585009636573548,0.8367532512695686,0.6765287503244345,0.07825228761221381
1233,37.4377777780001,1.3475,1,8,2020-04-07,2020-04-08,fao_swarm,0.0288339227271308,0.0168211541053651,298.12807477315266,300.4005670335558,302.04060728285043,-5.33853273086927,-5.491507559574804,0.7475735531135922,0.9052560718311192,0.7499433086257817,0.15768251871752703
1234,36.2513888890001,3.30833333300006,1,8,2020-04-07,2020-04-08,fao_swarm,0.0303260057997931,0.0009298405525086,305.3433308495416,307.3267931620281,307.7792574564616,-10.021175274148703,-9.355639340775175,0.437247682262309,0.3620277450056461,0.3230047676506168,-0.07521993725666287
1235,36.9866666670001,0.630833333000055,1,8,2020-04-07,2020-04-08,fao_swarm,0.0308079987597693,0.014325090396106,294.6985717349582,295.8353760613336,297.0976059807671,-5.269347033992473,-6.950779742597205,1.0480469893330655,0.9210740761679492,0.841758244122637,-0.12697291316511627
1236,36.6311111110001,1.35472222200002,1,8,2020-04-07,2020-04-08,fao_swarm,0.0432443439793814,0.0068211189386246,295.84052051968047,299.03214255438905,299.53816587660043,-5.1204378170810685,-6.362067840260145,0.7901521997488524,0.9409106435209804,0.7705506437689458,0.150758443772128
1237,36.6294444440001,1.34472222200003,1,8,2020-04-07,2020-04-08,fao_swarm,0.0374329507184256,0.0084711394187806,292.6619614919027,295.0516792297363,295.77477611965605,-5.245119291981371,-6.110153120873022,0.5445573964035002,0.9204094175211136,0.8525761994273391,0.3758520211176134
1238,37.5658333330001,0.910277778000022,1,8,2020-04-07,2020-04-08,fao_swarm,0.0147717118096579,0.0091259411451218,299.0534111446804,302.37941360473627,303.3710543314616,-6.313148697707756,-3.877490503054788,0.7187123506570224,0.7577580388283628,0.902777857210346,0.039045688171340354
1239,37.326388889,0.979444444000023,1,8,2020-04-07,2020-04-08,fao_swarm,0.022315558774494,0.0148050120946763,296.07089161343043,297.8332330491808,298.99430736965604,-8.380516594077239,-7.931505583776403,0.727235829039612,0.507141685520541,0.8824380262278394,-0.22009414351907108
1240,37.016666667,1.9,1,8,2020-04-07,2020-04-07,fao_swarm,0.0286246806216468,0.007037841427028,298.4282212575277,302.2218886481391,302.6090100606282,-5.253140295511267,-5.783935959992268,0.7518350533008559,0.9191013146860084,0.8525534431027282,0.16726626138515255
1241,36.816666667,1.23333333300008,1,8,2020-04-07,2020-04-07,fao_swarm,0.0173186331820716,0.0104007056829331,294.6278035057916,296.8869331359863,297.97289352416993,-4.233700655218779,-4.147456458719896,1.0399671637144965,1.0956629012564982,0.9389683547522042,0.055695737542001744
1242,36.9833333330001,0.6,1,8,2020-04-07,2020-04-07,fao_swarm,0.0308079987597693,0.014325090396106,294.6985717349582,295.8353760613336,297.0976059807671,-5.41736060500687,-6.860865310207888,0.8267338686169949,0.8926105107048754,0.8620630716820699,0.06587664208788047
1243,37.533333333,2.43333333300006,1,8,2020-04-07,2020-04-07,fao_swarm,0.0128276467156638,0.0066859803077576,303.47608909606936,306.70214038425024,308.09066696167,-4.49944412487635,-6.768270620236077,1.0940402142674848,1.0476628406642634,0.5102226461578625,-0.04637737360322136
1244,37.0,0.866666667000061,1,8,2020-04-07,2020-04-07,fao_swarm,0.0184936791491736,0.0143415561792252,294.8608872731526,296.3903402540419,297.6376070658367,-6.67523007884324,-5.171647540374506,0.8152116373177068,0.7101057464725008,0.7853234758653286,-0.10510589084520605
1245,36.9855555560001,0.623888889000057,1,8,2020-04-07,2020-04-08,fao_swarm,0.0308079987597693,0.014325090396106,294.6985717349582,295.8353760613336,297.0976059807671,-5.871877470200001,-6.600248069209435,0.8151124832016985,0.8227634325794684,0.8316798751054,0.007650949377769889
1246,36.7,1.35,1,8,2020-04-07,2020-04-08,fao_swarm,0.0271391242575873,0.0083799890157578,293.73638097974987,296.06645245022247,296.8958047654894,-6.115236544096179,-5.1731881255488,0.8395380941566225,0.7861449530786347,0.7388862180119281,-0.05339314107798776
1247,36.6833333330001,1.35,1,8,2020-04-07,2020-04-08,fao_swarm,0.0271391242575873,0.0083799890157578,293.73638097974987,296.06645245022247,296.8958047654894,-6.430164907943425,-6.1780890088108045,0.9769045218116258,0.741347127284189,0.7826703138248154,-0.23555739452743685
1248,36.6833333330001,1.36666666700006,1,8,2020-04-07,2020-04-08,fao_swarm,0.0282585590911139,0.0062843642112611,295.61446257697213,298.612828318278,299.2301797654893,-4.691404391814892,-5.06630720705444,0.8085344796127983,1.0138455989708852,0.8787853391451104,0.20531111935808688
1249,36.6666666670001,1.35,1,8,2020-04-07,2020-04-08,fao_swarm,0.0271391242575873,0.0083799890157578,293.73638097974987,296.06645245022247,296.8958047654894,-6.997882740288659,-6.930703676896627,0.7479560882578947,0.6656205819663827,0.7418283385271114,-0.08233550629151198
1250,37.033333333,0.81666666700005,1,8,2020-04-07,2020-04-08,fao_swarm,0.018770363910221,0.0142941257831452,295.3111097123887,297.2656766255697,298.68512768215606,-4.87871195546387,-5.653459499424343,0.927795093137224,0.9815744991238392,0.9396128761745292,0.053779405986615236
1251,37.266666667,0.383333333000053,1,8,2020-04-07,2020-04-10,fao_swarm,0.0217049240899314,0.0107296786186097,295.04047169155547,298.1306777106391,300.0369668748644,-7.243884994718866,-6.216063397742609,0.6532664426754209,0.6347821234948106,0.8128085426527184,-0.01848431918061033
1252,36.783333333,2.48333333300008,1,8,2020-04-07,2020-04-10,fao_swarm,0.0248164057564963,0.0025168142196534,302.9651353200276,308.9967096116808,310.8112724304199,-9.741626475388273,-10.995456644039294,0.3307468465538594,0.3837878754179338,0.4521841854203617,0.05304102886407441
1253,36.9,0.516666667000038,1,8,2020-04-07,2020-04-10,fao_swarm,0.0401691168380011,0.0141046873208878,293.896906153361,294.98858786688913,296.3325777689616,-5.0121206876580064,-5.075425367673849,0.9493500662698772,0.959744302691524,0.8959047533961149,0.01039423642164683
1254,36.966666667,0.6,1,8,2020-04-07,2020-04-10,fao_swarm,0.0308079987597693,0.014325090396106,294.6985717349582,295.8353760613336,297.0976059807671,-5.041455291314193,-6.106478916093274,0.8972783335543818,0.9545724915878756,0.8822915003082502,0.0572941580334938
1255,36.9166666670001,0.983333333000076,1,8,2020-04-07,2020-04-11,fao_swarm,0.016324651224636,0.0141825607892869,293.36274816724995,295.5775418599447,296.99393302069774,-4.512639127742183,-5.447621589566015,0.865161984303092,1.0458153774942716,0.7211227192495114,0.18065339319117957
1256,37.266666667,0.3,1,8,2020-04-07,2020-04-11,fao_swarm,0.0434273302388419,0.0233941457149384,292.7122327592638,294.34187562730585,296.07174877590603,-7.033696845310579,-6.540506909357441,0.6903573100300289,0.6610575237979216,0.6167828662893247,-0.029299786232107272
1257,36.9705555560001,2.04666666700007,1,8,2020-04-07,2020-04-09,fao_swarm,0.0240809738469351,0.005362146246135,300.7358438703748,305.030699412028,305.9471285502115,-5.225594158749477,-5.857377416949033,0.9713418316794852,0.923599120957316,0.8043594422388813,-0.04774271072216918
1258,36.8602777780001,2.39972222200004,1,8,2020-04-07,2020-04-09,fao_swarm,0.0187938332391013,0.002628707039058,302.72846539815265,307.8046685960558,309.37165111965606,-8.343946916811124,-5.791450720932904,0.5871003506559374,0.5108823737440462,0.7706683247203007,-0.07621797691189114
1259,36.8716666670001,2.34777777800002,1,8,2020-04-07,2020-04-09,fao_swarm,0.0233732729983557,0.0033908567306397,300.43234994676374,306.1119114345974,307.5188082377116,-8.020805030056254,-6.900793698439436,0.5883047224691873,0.5449686171868939,0.6207879430430243,-0.04333610528229337
1260,37.3511111110001,0.6325,1,8,2020-04-07,2020-04-09,fao_swarm,0.0186807036233176,0.007886879789531,298.2868638356526,302.15803773668074,303.9425929599338,-4.976615764769122,-6.076298708400409,0.8963248622882874,0.9649490950010422,0.9618475965508392,0.06862423271275475
1261,36.841388889,2.48694444400007,1,8,2020-04-07,2020-04-09,fao_swarm,0.0248164057564963,0.0025168142196534,302.9651353200276,308.9967096116808,310.8112724304199,-8.951124803082806,-6.448751853334136,0.6071956190543769,0.4517532940135616,0.6559925239486165,-0.1554423250408153
1262,37.319166667,0.980277778000072,1,8,2020-04-07,2020-04-09,fao_swarm,0.022315558774494,0.0148050120946763,296.07089161343043,297.8332330491808,298.99430736965604,-4.62392845761258,-6.872580725843831,0.8572805050814121,1.0256500732366214,0.7926978003867865,0.16836956815520931
1263,37.3183333330001,0.978611111000021,1,8,2020-04-07,2020-04-09,fao_swarm,0.022315558774494,0.0148050120946763,296.07089161343043,297.8332330491808,298.99430736965604,-5.463623596339949,-4.36345129392341,0.616367829462356,0.8852419041680444,0.8381987532044393,0.26887407470568836
1264,36.8602777780001,1.33555555600003,1,8,2020-04-07,2020-04-09,fao_swarm,0.0125903457236518,0.0083633593198655,297.05417069329155,299.67441685994464,300.67654478285044,-6.623893734030849,-8.819529300102227,0.6894184220329936,0.7147836395923267,0.558291812025054,0.025365217559333075
1265,36.8691666670001,2.35361111100002,1,8,2020-04-07,2020-04-09,fao_swarm,0.0187938332391013,0.002628707039058,302.72846539815265,307.8046685960558,309.37165111965606,-6.092139802181716,-6.406999198870295,0.7690910641289146,0.7895095711871618,0.6662747296522108,0.020418507058247215
1266,36.831944444,2.49027777800006,1,8,2020-04-07,2020-04-09,fao_swarm,0.0248164057564963,0.0025168142196534,302.9651353200276,308.9967096116808,310.8112724304199,-8.516894716483723,-9.028168393775656,0.4505952002077841,0.4933976213267057,0.4848929731538898,0.04280242111892163
1267,36.841666667,2.48722222200007,1,8,2020-04-07,2020-04-09,fao_swarm,0.0248164057564963,0.0025168142196534,302.9651353200276,308.9967096116808,310.8112724304199,-8.951124803082806,-6.448751853334136,0.6071956190543769,0.4517532940135616,0.6559925239486165,-0.1554423250408153
1268,36.6994444440001,2.62055555600006,1,8,2020-04-07,2020-04-09,fao_swarm,0.0288266509604682,0.0016956261274216,305.22383757697213,309.32271872626404,311.0346231248644,-8.499523945731461,-8.472285124333359,0.5023417130180737,0.4951302781183,0.5083341299451302,-0.0072114348997737165
1269,36.9916666670001,0.630555556000047,1,8,2020-04-07,2020-04-09,fao_swarm,0.0308079987597693,0.014325090396106,294.6985717349582,295.8353760613336,297.0976059807671,-4.95161069790143,-4.695760401135945,1.1383951025647965,0.9696806421763132,1.006090195194597,-0.16871446038848326
1270,37.159722222,1.93777777800005,1,8,2020-04-07,2020-04-09,fao_swarm,0.0112234473061789,0.0047416320917008,299.72849252488874,304.1379096984863,305.0266098870172,-7.314167639410642,-7.543181471188884,0.6229369555691839,0.6262158694452453,0.5363747203318177,0.0032789138760613845
1271,36.1036111110001,0.528611111000032,1,8,2020-04-07,2020-04-09,fao_swarm,0.0970499187541236,0.0154546580192445,298.0747164832221,298.68280444675025,299.7636270311144,-11.979235958066496,-6.640212325769287,0.9689199734909172,0.3151923644650571,0.5045071113131936,-0.6537276090258601
1272,37.0044444440001,0.866388889000064,1,8,2020-04-07,2020-04-09,fao_swarm,0.0184936791491736,0.0143415561792252,294.8608872731526,296.3903402540419,297.6376070658367,-5.460787668332422,-5.905936490301055,0.8450037888857749,0.8866334728900159,0.8871510716087702,0.04162968400424105
1273,36.966111111,0.60027777800002,1,8,2020-04-07,2020-04-09,fao_swarm,0.0308079987597693,0.014325090396106,294.6985717349582,295.8353760613336,297.0976059807671,-5.914133208057358,-6.71572354197529,0.8361954144881201,0.8160238720310369,0.7788958153444655,-0.02017154245708319
1274,36.1211111110001,0.535833333000028,1,8,2020-04-07,2020-04-09,fao_swarm,0.0970499187541236,0.0154546580192445,298.0747164832221,298.68280444675025,299.7636270311144,-5.537617153227568,-3.6667684625955808,0.7687277687354604,0.8750625695186044,0.8887212495734902,0.10633480078314395
1275,36.716666667,2.75694444400006,1,8,2020-04-07,2020-04-09,fao_swarm,0.0299922048878897,0.001530998098552,305.4474052853054,307.714146677653,309.3339178297255,-4.151316940464666,-4.8947956914495965,1.129798997932474,1.1108185503079329,0.7413847277250973,-0.018980447624541208
1276,37.022777778,1.9825,1,8,2020-04-07,2020-04-09,fao_swarm,0.0240809738469351,0.005362146246135,300.7358438703748,305.030699412028,305.9471285502115,-5.8813303722317,-4.894092189285587,0.8208504091097031,0.8207210874631221,0.9400568488422304,-0.000129321646580971
1277,37.318888889,0.980833333000021,1,8,2020-04-07,2020-04-10,fao_swarm,0.022315558774494,0.0148050120946763,296.07089161343043,297.8332330491808,298.99430736965604,-4.62392845761258,-6.872580725843831,0.8572805050814121,1.0256500732366214,0.7926978003867865,0.16836956815520931
1278,36.908611111,2.17833333300007,1,8,2020-04-07,2020-04-10,fao_swarm,0.0308054655623664,0.0044191560623048,297.67469478183324,301.8058350457086,302.912080807156,-4.698408259030222,-6.386841741570617,1.028148851538954,1.012625472220693,1.0476469969051792,-0.015523379318260977
1279,36.841388889,2.48694444400007,1,8,2020-04-07,2020-04-10,fao_swarm,0.0248164057564963,0.0025168142196534,302.9651353200276,308.9967096116808,310.8112724304199,-8.951124803082806,-6.448751853334136,0.6071956190543769,0.4517532940135616,0.6559925239486165,-0.1554423250408153
1280,36.8686111110001,2.35333333300002,1,8,2020-04-07,2020-04-10,fao_swarm,0.0187938332391013,0.002628707039058,302.72846539815265,307.8046685960558,309.37165111965606,-7.483334536811753,-6.753807040960759,0.8178185986402299,0.6058884314020446,0.8492669852582249,-0.21193016723818525
1281,36.970833333,0.771666667000034,1,8,2020-04-07,2020-04-10,fao_swarm,0.018770363910221,0.0142941257831452,295.3111097123887,297.2656766255697,298.68512768215606,-6.471326567359372,-6.292554743252555,0.8384118449154214,0.7361040856722779,0.8207923823976796,-0.1023077592431435
1282,36.944166667,0.002777778000052,1,8,2020-04-07,2020-04-11,fao_swarm,0.0405282348227729,0.0214244357225297,291.0991576724582,292.24661195543075,293.93866500854494,-5.40763136643775,-6.623992530788578,0.9415821087751406,0.8941611260020548,1.0500131109833188,-0.04742098277308582
1283,36.828611111,2.49027777800006,1,8,2020-04-07,2020-04-11,fao_swarm,0.0248164057564963,0.0025168142196534,302.9651353200276,308.9967096116808,310.8112724304199,-7.331857474347503,-6.67741964539465,0.6231514403504836,0.624038928719319,0.7084969982055416,0.000887488368835343
1284,36.826944444,2.49388888900006,1,8,2020-04-07,2020-04-11,fao_swarm,0.0248164057564963,0.0025168142196534,302.9651353200276,308.9967096116808,310.8112724304199,-7.5901315268680705,-6.618009287381306,0.549011997116765,0.5933539758953518,0.6204572293826368,0.04434197877858681
1285,37.280555556,0.3075,1,8,2020-04-07,2020-04-11,fao_swarm,0.0434273302388419,0.0233941457149384,292.7122327592638,294.34187562730585,296.07174877590603,-4.914959940439909,-4.51008941780285,0.94845425714929,0.975381663098664,1.0620370358518691,0.02692740594937404
1286,36.8719444440001,2.34805555600002,1,8,2020-04-07,2020-04-09,fao_swarm,0.0233732729983557,0.0033908567306397,300.43234994676374,306.1119114345974,307.5188082377116,-8.020805030056254,-6.900793698439436,0.5883047224691873,0.5449686171868939,0.6207879430430243,-0.04333610528229337
1287,37.3516666670001,0.633333333000053,1,8,2020-04-07,2020-04-09,fao_swarm,0.0186807036233176,0.007886879789531,298.2868638356526,302.15803773668074,303.9425929599338,-5.847769080187051,-5.554469826180675,0.9258802395969762,0.8257735954279228,0.7857961340859767,-0.10010664416905335
1288,37.029166667,0.871666667000056,1,8,2020-04-07,2020-04-11,fao_swarm,0.0184936791491736,0.0143415561792252,294.8608872731526,296.3903402540419,297.6376070658367,-4.800876854482595,-5.657050866178629,0.9191338500735684,0.9950142830922823,0.8536490822588874,0.07588043301871394
1289,36.8558333330001,0.827222222000046,1,8,2020-04-07,2020-04-11,fao_swarm,0.0148822486233939,0.0125873020765183,293.8695244259304,295.8299018859863,297.29069408840604,-7.201758886494332,-6.517765790656232,0.6981994466732642,0.6426837931157783,0.642737132978056,-0.05551565355748589
1290,36.8975,2.31333333300006,1,8,2020-04-07,2020-04-11,fao_swarm,0.0233732729983557,0.0033908567306397,300.43234994676374,306.1119114345974,307.5188082377116,-5.868848972329774,-4.732059131564355,0.9132755095219888,0.8225974253605006,0.8544012740279503,-0.09067808416148815
1291,37.016666667,5.7,1,8,2020-04-07,2020-04-12,fao_swarm,0.0152455389332999,0.0001198283311723,302.46086014641656,302.3050266689724,302.0375148349338,-5.416383737260874,-5.701303811633111,0.8996979156908735,0.8927627174667905,0.9353012301875692,-0.006935198224083061
1292,37.0,5.73333333300008,1,8,2020-04-07,2020-04-12,fao_swarm,0.0152455389332999,0.0001198283311723,302.46086014641656,302.3050266689724,302.0375148349338,-6.499994951433628,-6.830378849825871,0.9399231751109984,0.7316853581793427,0.6995889885630352,-0.20823781693165577
1293,36.7333333330001,5.3,1,8,2020-04-07,2020-04-12,fao_swarm,0.0540545701813925,0.0018103948709367,298.938165918986,298.9085911220974,299.4808199564615,-5.698538516421005,-5.722169973880364,0.9160118024535516,0.8485178763490709,0.688478657402964,-0.06749392610448068
1294,36.7333333330001,5.46666666700003,1,8,2020-04-07,2020-04-12,fao_swarm,0.0425050377679099,0.0088242075321076,299.3902004241943,298.04131681654184,298.32786314222545,-4.7478026938696285,-4.864654017588084,1.0513376107771255,1.004048183895214,0.941441335773968,-0.04728942688191151
1295,36.9166666670001,5.3,1,8,2020-04-07,2020-04-12,fao_swarm,0.0205123543572653,0.0001418075439332,302.12473275926374,304.6255073547363,304.28505172729496,-5.1924458281583785,-5.693297066347222,0.977451452410221,0.9290320573866424,0.8442094882909862,-0.048419395023578615
1296,37.016666667,5.31666666700005,1,8,2020-04-07,2020-04-12,fao_swarm,0.048012357933544,0.0002922496673463,303.47995736863874,301.520152537028,302.0893160502116,-7.126875138334352,-4.65926303789867,0.7119686168628374,0.6493032924570026,0.909613304156332,-0.06266532440583483
1297,36.9333333330001,5.71666666700003,1,8,2020-04-07,2020-04-12,fao_swarm,0.0092337250542868,7.390295237286182e-05,300.23595237731934,301.7298639085558,301.65892868041993,-5.674658065803355,-6.621069589629295,0.9009622211618828,0.8521996828120155,0.8301432618922258,-0.048762538349867324
1298,36.9333333330001,5.61666666700006,1,8,2020-04-07,2020-04-12,fao_swarm,0.0072725981307257,0.0001151493665574,303.2287854936388,303.98214797973634,303.8197848002116,-4.933680281175109,-5.344596776309044,0.8411673347648545,0.972205998140936,0.868190553001126,0.1310386633760815
1299,37.083333333,5.91666666700007,1,8,2020-04-07,2020-04-12,fao_swarm,0.038973000628971,0.0025166503068803,299.176886622111,297.9087376064724,298.26865632798933,-6.933956183427851,-7.187851752327067,0.6935437253378666,0.6738280405534144,0.5926498034739629,-0.01971568478445218
1300,36.9,5.63333333300005,1,8,2020-04-07,2020-04-10,fao_swarm,0.0072725981307257,0.0001151493665574,303.2287854936388,303.98214797973634,303.8197848002116,-5.055694547038813,-6.224763957797289,0.9578589184158444,0.9516802643315904,0.7276863883152458,-0.006178654084253998
1301,36.783333333,5.46666666700003,1,8,2020-04-07,2020-04-10,fao_swarm,0.0214518725705374,0.0041941038247941,302.9827405717638,303.4217530144586,303.0734848870171,-5.471028845083072,-5.162769805360835,0.8095261965350213,0.8840670736951224,0.8736381497409644,0.07454087716010105
1302,36.75,5.46666666700003,1,8,2020-04-07,2020-04-10,fao_swarm,0.0425050377679099,0.0088242075321076,299.3902004241943,298.04131681654184,298.32786314222545,-4.03310709553759,-6.118668091624032,0.8651571221010781,1.132788853164566,0.8947396479795733,0.2676317310634879
1303,36.9,5.66666666700007,1,8,2020-04-07,2020-04-10,fao_swarm,0.0092337250542868,7.390295237286182e-05,300.23595237731934,301.7298639085558,301.65892868041993,-6.629575157202814,-7.565417809485771,0.85249000712483,0.7140159797082449,0.6490518633932264,-0.1384740274165851
1304,37.016666667,5.31666666700005,1,8,2020-04-07,2020-04-10,fao_swarm,0.048012357933544,0.0002922496673463,303.47995736863874,301.520152537028,302.0893160502116,-7.126875138334352,-4.65926303789867,0.7119686168628374,0.6493032924570026,0.909613304156332,-0.06266532440583483
1305,38.266666667,5.1,1,8,2020-04-07,2020-04-10,fao_swarm,0.0095054477286566,0.0007820657369492,296.467560450236,299.9707004970975,301.0348401387531,-5.401617947903684,-8.355657447175489,0.8294446377305466,0.895122822522431,0.7077550939657057,0.06567818479188448
1306,36.966666667,5.5,1,8,2020-04-07,2020-04-07,fao_swarm,0.0204243928027381,0.0001636973497269,302.82614334954155,301.91289884779195,301.8841348436144,-5.860650800033012,-4.026157294962099,0.9389419692388664,0.8238315913652445,0.972451768640053,-0.11511037787362188
1307,36.816666667,5.5,1,8,2020-04-07,2020-04-07,fao_swarm,0.0214518725705374,0.0041941038247941,302.9827405717638,303.4217530144586,303.0734848870171,-4.772996982123796,-4.248536961604776,1.0298801929959929,0.9996918706607786,1.0995878450627243,-0.03018832233521429
1308,36.816666667,5.51666666700004,1,8,2020-04-07,2020-04-07,fao_swarm,0.0214518725705374,0.0041941038247941,302.9827405717638,303.4217530144586,303.0734848870171,-5.406236220884514,-4.790172946189342,0.9846660303619252,0.8943841792189162,0.944192979511338,-0.09028185114300902
1309,36.9166666670001,5.71666666700003,1,8,2020-04-07,2020-04-09,fao_swarm,0.0092337250542868,7.390295237286182e-05,300.23595237731934,301.7298639085558,301.65892868041993,-6.002732002377201,-5.048861909855101,0.8009106738235083,0.8026363629273395,0.8087322009277012,0.0017256891038311961
1310,36.95,5.76666666700004,1,8,2020-04-07,2020-04-09,fao_swarm,0.0124289065432776,0.0003857693549988,298.148761622111,300.24910761515304,300.1410792880588,-7.404656402273122,-5.899959952648105,0.7368508297701067,0.6152611897234667,0.71704230815313,-0.12158964004664008
1311,37.1166666670001,5.83333333300004,1,8,2020-04-07,2020-04-09,fao_swarm,0.0290167599749793,0.0006902298805115,301.5329738616943,300.21236173841686,300.38252351548937,-5.462002189575495,-6.460368528577368,0.8682822226525202,0.8854992867475705,0.7995863243790832,0.017217064095050305
1312,37.3,0.333333333000041,1,8,2020-04-07,2020-04-09,fao_swarm,0.0434273302388419,0.0233941457149384,292.7122327592638,294.34187562730585,296.07174877590603,-5.087570794590688,-6.251731557078073,0.5623048548937344,0.9463672876075708,0.787882936175988,0.38406243271383644
1313,37.3,0.333611111000039,1,8,2020-04-07,2020-04-09,fao_swarm,0.0434273302388419,0.0233941457149384,292.7122327592638,294.34187562730585,296.07174877590603,-5.087570794590688,-6.251731557078073,0.5623048548937344,0.9463672876075708,0.787882936175988,0.38406243271383644
1314,37.25,1.85,1,8,2020-04-07,2020-04-09,fao_swarm,0.0112234473061789,0.0047416320917008,299.72849252488874,304.1379096984863,305.0266098870172,-5.327230988664278,-5.381066417480855,0.985117052621501,0.9071689524925858,0.9339496958620248,-0.07794810012891518
1315,36.7,1.31666666700005,1,8,2020-04-07,2020-04-09,fao_swarm,0.0271391242575873,0.0083799890157578,293.73638097974987,296.06645245022247,296.8958047654894,-6.753046246800988,-5.776141295178474,0.7746126928289325,0.6974920303406454,0.9034994593413128,-0.07712066248828708
1316,38.35338873304977,4.1331766371586,0,8,2020-04-07,,synthetic_background,0.011630099995159,0.001978614079654,297.64360754224987,300.90834698147245,301.4415675693088,-5.139131121926442,-5.279284446752013,0.9252219056586009,0.9471943962393096,1.0331651678791651,0.021972490580708715
1317,37.66114660903417,1.392886011334839,0,8,2020-04-07,,synthetic_background,0.0100886195731391,0.0076311907646058,301.3071383582221,305.1539470248752,306.6158351474338,-6.7664084251824335,-5.622691699699397,0.8276928143398603,0.6957219994184589,0.7353572875253291,-0.1319708149214014
1318,37.951443632873314,3.020813112683556,0,8,2020-04-07,,synthetic_background,0.0046602010560263,0.0018818608400223,303.6555161794026,308.1357124328613,309.279707760281,-10.625065668650702,-10.059835400466111,0.3447524567351524,0.3188580960205222,0.4260181102051465,-0.02589436071463025
1319,37.00796594186851,2.971834166096527,0,8,2020-04-07,,synthetic_background,0.018916961534046,0.0009359053251145,304.5455498165555,309.5957818773058,310.98112377590604,-8.567206683966523,-9.989038430766254,0.4033364034798923,0.4884086057943562,0.4107087738888384,0.08507220231446389
1320,37.01608869355633,2.7578379881360684,0,8,2020-04-07,,synthetic_background,0.0230438083243598,0.0018376192924378,301.41469586690266,306.71689732869464,308.19139938354493,-7.155580602893986,-7.239526439773746,0.7623588854241035,0.6457162774453663,0.8263260438989686,-0.11664260797873716
1321,37.97449569688028,2.6200128166083165,0,8,2020-04-07,,synthetic_background,0.0077860176396598,0.0035152367231248,302.76733801099994,307.2392877366808,308.41425094604494,-8.25183184902577,-9.623656300351293,0.4541804548147485,0.5210616039078431,0.500144022647319,0.06688114909309456
1322,36.88896374121237,2.2092146037233835,0,8,2020-04-07,,synthetic_background,0.0308054655623664,0.0044191560623048,297.67469478183324,301.8058350457086,302.912080807156,-4.613580489685193,-5.563410305459948,0.8626078607338237,1.0274683248391032,0.905973477630188,0.16486046410527955
1323,38.02844956303909,0.0821247543252658,0,8,2020-04-07,,synthetic_background,0.0348715156150092,0.0523073158141969,297.66611188252773,298.1611573113336,298.560615963406,-5.509548919438345,-5.685617019580061,0.872208910128592,0.8779739503136508,0.7559810378298677,0.005765040185058745
1324,37.78357532466024,3.5438717461091325,0,8,2020-04-07,,synthetic_background,0.043557402474903,0.0032551369544862,299.696124903361,302.77468270195857,303.56408276028105,-6.890036611005524,-7.069574221248034,0.7355617373429082,0.6795134589958554,0.713710289718059,-0.05604827834705284
1325,36.35294270992876,4.763918906838043,0,8,2020-04-07,,synthetic_background,0.0409885763955344,0.0001722804185746,303.7402601030138,306.63715014987525,305.7613863627116,-4.893874769676286,-4.724626058341546,0.965886844854286,0.9789668976718412,0.8960026955066758,0.013080052817555199
1326,36.67196379273007,1.8411974336449275,0,8,2020-04-07,,synthetic_background,0.0526219576430548,0.0065239599820969,298.8138386620415,302.5087647332085,302.2648911370171,-7.493955715483425,-8.059143293719476,0.7304262568980422,0.6046321788700485,0.6151031811125829,-0.1257940780279937
1327,37.02829231422064,0.5273310183260655,0,8,2020-04-07,,synthetic_background,0.0360519409013022,0.0130198082801697,293.81816266377774,295.0247749328613,296.47224790785043,-6.297133515269989,-6.276031808546868,0.6691159509970748,0.760025608933573,0.7867814001864867,0.09090965793649819
1328,36.167889685564354,0.1714175833388127,0,8,2020-04-07,,synthetic_background,0.0718117922377814,0.029417835819423,292.7126776377361,294.763658396403,295.6424410502116,-7.028402239085213,-6.095763257675467,0.6731958763236572,0.6639261047066387,0.6452895151745658,-0.009269771617018474
1329,36.97422896617141,2.046259800618535,0,8,2020-04-07,,synthetic_background,0.0240809738469351,0.005362146246135,300.7358438703748,305.030699412028,305.9471285502115,-4.234935348645093,-5.51508659647047,0.9911708281805248,1.0954367438079091,0.9526687220930434,0.1042659156273843
1330,36.559487917120855,4.422579185927338,0,8,2020-04-07,,synthetic_background,0.0342191874814261,0.0006607702848313,304.5476765526666,309.391099802653,308.4265339321561,-7.230634547196697,-6.317656486343536,0.6671269603720024,0.6394310720531231,0.6658239071570152,-0.027695888318879258
1331,36.217962360566496,2.8879720280491328,0,8,2020-04-07,,synthetic_background,0.0253775685858954,6.840442389233203e-05,305.4581094953749,309.901011912028,311.0138331943088,-8.33258522940592,-6.722260618641705,0.4881079212033141,0.5120493391826288,0.6210694546558853,0.02394141797931476
1332,37.33458036757377,3.451100108289138,0,8,2020-04-07,,synthetic_background,0.0302150219512213,0.0007590434429047,305.03355979919434,309.2984402974446,310.06966544257267,-9.295484405508622,-9.354205627982928,0.6384644144833767,0.420940296397135,0.3781773516810209,-0.21752411808624167
1333,37.78785317778684,0.3785914106069761,0,8,2020-04-07,,synthetic_background,0.0449464142155875,0.0367249331352113,296.1207885318333,297.5223877800836,298.69254955715604,-4.87062870065013,-5.630380227252188,0.8377867523816462,0.982929873779282,0.9521482229968068,0.14514312139763574
1334,37.62757010456575,5.431842966327759,0,8,2020-04-07,,synthetic_background,0.0130317628216971,0.000140794264972,301.7684447818332,300.85370288425025,301.65720884535045,-5.608516965542676,-5.595752300134151,0.755397194454947,0.8624578389056328,1.1074233035981025,0.10706064445068575
1335,38.39259160846698,0.7987833110217972,0,8,2020-04-07,,synthetic_background,0.0080065101218451,0.0083510807630418,302.5625365787082,305.91528600056967,306.68210576375327,-5.190943033422856,-5.679492859868978,0.8392154555745024,0.9302977110835582,0.955131184346624,0.0910822555090558
1336,37.33727058416929,4.169138349193624,0,8,2020-04-07,,synthetic_background,0.0195177912545432,0.0005284628745911,303.2925930023194,306.819957224528,306.47947447035045,-6.038917000755306,-5.299004187307487,0.9112855350768456,0.7976600437290366,0.8153567169981657,-0.11362549134780897
1337,38.24145275971922,1.9233288953096204,0,8,2020-04-07,,synthetic_background,0.0071567118001212,0.0032938501712678,302.85477290683326,306.5552328321669,307.8533839755588,-8.837985635625424,-8.461756593126346,0.3577020352558572,0.4640469290752198,0.3640023412396977,0.10634489381936263
1338,36.16942314401215,2.7761366426931424,0,8,2020-04-07,,synthetic_background,0.0176414817404975,6.5766918361021e-05,305.5617119259304,310.17881139119464,311.2194918314616,-9.08929574537704,-6.617563574729754,0.6181340847556769,0.4391600980453131,0.649020912148201,-0.1789739867103638
1339,37.88644970919225,5.58895358617251,0,8,2020-04-07,,synthetic_background,0.0518831729722251,0.0020166418430207,293.8565469953748,295.2845297071669,296.46089808146166,-9.27092928284473,-9.339727851401603,0.4781684312534717,0.4415297765369749,0.4289915808644708,-0.0366386547164968
1340,36.38577161460839,4.768054016509439,0,8,2020-04-07,,synthetic_background,0.0409885763955344,0.0001722804185746,303.7402601030138,306.63715014987525,305.7613863627116,-4.881329173520333,-4.813871973051933,0.8791727442525307,0.9811043209970818,1.0192156365990526,0.10193157674455111
1341,38.09154245550127,0.4914658702565977,0,8,2020-04-07,,synthetic_background,0.042902854068302,0.0395489565011857,297.81078419155546,299.1024062262641,300.0952730814616,-4.931823052839874,-4.579361188108129,0.859058425796245,0.9725207391522984,0.8403411721147642,0.11346231335605339
1342,37.56970773370018,0.7641234892721225,0,8,2020-04-07,,synthetic_background,0.0138061612677802,0.0079064152118562,298.8953219519721,302.1301460266113,303.15823966132274,-6.942188379213546,-8.552942123215818,0.6874903271421068,0.6727666085235087,0.3847970455598798,-0.014723718618598114
1343,36.425662237699015,1.910639266668558,0,8,2020-04-07,,synthetic_background,0.0413885086608161,0.0017033449289201,304.46559647454154,310.3499214172364,310.4603121439616,-6.463337984376164,-6.447867849703904,0.5647491708326984,0.7367450228816677,0.5261918819787335,0.17199585204896928
1344,38.8105175185274,4.383253872476738,0,8,2020-04-07,,synthetic_background,0.0016752302479972,0.0006017765876649,298.5411878373888,302.4422282748752,303.49559860229493,-5.802324438379888,-4.625537733921824,1.0614161882866884,0.8326517100608641,1.0052482862681806,-0.22876447822582424
1345,38.25446916482604,2.0593202052784294,0,8,2020-04-07,,synthetic_background,0.0063347488475073,0.0039514831182358,302.96547711690266,306.52447111341684,307.80500615437825,-9.461364947919025,-9.40975710915269,0.6030544864890145,0.4067989501997842,0.4908061911672582,-0.19625553628923031
1346,36.781831536040656,1.6755306692329892,0,8,2020-04-07,,synthetic_background,0.0356232493949164,0.0064696601507066,297.893244043986,301.8736139085558,301.4361367967394,-6.754288399206198,-5.819461841600571,1.0971338595902755,0.6973273380549129,0.7613322466747913,-0.39980652153536267
1347,37.881616350798325,0.5327549494354165,0,8,2020-04-07,,synthetic_background,0.0533608913254965,0.0480888566848634,296.58535016377766,297.56297480265295,298.36629087660043,-5.735885524138926,-6.0577745729063,0.7959441630576691,0.8427831737333893,0.734212480449673,0.04683901067572016
1348,38.51907519309571,3.146529323473513,0,8,2020-04-07,,synthetic_background,0.0077308833432425,0.0028272352096436,302.86501053704154,306.531724802653,307.2502264234755,-8.280448025299474,-8.778566656270709,0.4673491202994426,0.5209172850861793,0.644219441067712,0.053568164786736705
1349,38.13732290669576,3.767564248981552,0,8,2020-04-07,,synthetic_background,0.0085788339209784,0.0014192542907593,301.3862995995416,304.7863037957086,304.9834621005588,-8.57242751393754,-9.016195488546977,0.4850027180933098,0.4878933946730276,0.5010882583682605,0.0028906765797178102
1350,37.91230325189866,1.1021409606284502,0,8,2020-04-07,,synthetic_background,0.0146307319236029,0.0097295722839234,301.05426292419435,304.76695700751407,306.0323824564615,-4.568223544602308,-5.289238612644216,0.9350146586051948,1.0354628863469468,1.077303619783209,0.100448227741752
1351,36.33751857267623,4.832854074021444,0,8,2020-04-07,,synthetic_background,0.0496911227536429,0.000182070481479,303.4414157019721,305.5021675109863,305.61374096340603,-4.451002663903134,-5.834226554400651,0.8895786210970495,1.0563107426311642,0.8344987098483482,0.16673212153411465
1352,36.12871862410399,1.1522923841542425,0,8,2020-04-07,,synthetic_background,0.0290739208293189,0.0042966834184525,300.9752861446804,304.82482918633355,305.25823966132265,-4.969000873285377,-5.67746008393042,1.1894375220967337,0.9662491492186388,0.7858824451100516,-0.2231883728780949
1353,37.98031317458808,3.376467704516265,0,8,2020-04-07,,synthetic_background,0.0087143003773917,0.0024060389873383,302.2597913530138,305.64321026272245,306.3031072828505,-5.941331011691609,-5.548596787420807,0.7714474990462205,0.811745485729021,0.7936717533236959,0.0402979866828006
1354,36.674053304136926,1.5816460259785037,0,8,2020-04-07,,synthetic_background,0.0354381471705664,0.003495880114734,297.9805704328749,303.12676603529184,303.70678024291993,-5.7729926511320775,-5.1231249741427245,0.657648521030822,0.8371134949161037,0.9164322649409448,0.1794649738852816
1355,38.643215092076304,2.8189734284161174,0,8,2020-04-07,,synthetic_background,0.0063785880637396,0.0023685923692582,302.9308254241943,306.9054227193196,307.6597696092394,-7.545442821427557,-7.652989583288048,0.5698863387212483,0.6017903286146769,0.6244134594173758,0.031903989893428575
1356,36.80563830715979,2.845980947991144,0,8,2020-04-07,,synthetic_background,0.0321655988526572,0.0023137858983872,303.7145168304444,309.2272760179307,311.2293225606282,-6.644218430997295,-8.064070791850332,0.6276376684803406,0.7120403919461912,0.5227715650612779,0.08440272346585054
1357,37.47924586068277,1.1987109546037666,0,8,2020-04-07,,synthetic_background,0.0233961909842719,0.0153273573991654,300.0446329328749,301.9829292297363,303.493867916531,-4.529046912469983,-4.734182414831584,0.972471751480026,1.0424006098174785,0.9004891776271486,0.06992885833745255
1358,36.748916342800776,3.7365187618039952,0,8,2020-04-07,,synthetic_background,0.0184950202536811,0.001318373429477,304.00859235127774,308.0578749762641,308.4990653991699,-6.965320358696834,-6.033657595316898,0.7917614215133377,0.6697911883462749,0.7622783734046183,-0.12197023316706279
1359,38.25344245985765,0.5657583811625939,0,8,2020-04-07,,synthetic_background,0.0106185644698371,0.008323960649669,301.2639905717638,303.42603361341685,304.2295341491699,-5.169160210760197,-4.6991860978077336,0.7594637664381052,0.932861823900757,0.9309049287161156,0.1733980574626518
1360,37.17802307895321,4.7314862753868585,0,8,2020-04-07,,synthetic_background,0.0591703921389807,0.0006703368303178,300.0799248165555,301.20631247626415,301.18352177937817,-4.219596515611116,-5.696135405031702,1.0020390965921977,1.0982484032814683,0.771369322755125,0.09620930668927064
1361,36.61659848835998,0.4042682908231858,0,8,2020-04-07,,synthetic_background,0.0339659273457755,0.0073363861915467,292.6784382714166,294.7414687262641,295.4081420050727,-6.521658557899069,-6.889959497199193,0.6318919552833688,0.7288211481284173,0.931000659929277,0.09692919284504842
1362,37.15769669766426,0.742778777260052,0,8,2020-04-07,,synthetic_background,0.0221003413033713,0.0135714045640824,298.1926364050971,300.82187779744464,302.40670971340603,-4.671252804156991,-3.5464078273992534,1.070558196825136,1.0173615706145367,1.0177919543617824,-0.053196626210599396
1363,36.00232253543528,3.2687045688171583,0,8,2020-04-07,,synthetic_background,0.0165712654423941,0.0011976591226456,305.30239660475,307.0256104363335,307.678145260281,-5.872055923677845,-5.629071582181358,0.9766963606062776,0.8336577343357592,0.808034401575774,-0.14303862627051844
1364,36.21281408982503,2.2333476893787765,0,8,2020-04-07,,synthetic_background,0.0257743865084876,0.0007945827123521,305.3359143998888,311.8180475023057,312.0492715623644,-8.157519205784595,-7.465719400379578,0.4494560234457348,0.5303250801853712,0.5757309406439579,0.08086905673963635
1365,38.81926500746143,1.4098541429532507,0,8,2020-04-07,,synthetic_background,0.002830427868389,0.0022650292989609,304.3504814571804,308.54158808390304,309.2229803297254,-10.904690095972796,-9.948451904652057,0.3551392367136636,0.326056338578494,0.2624270778445502,-0.02908289813516962
1366,36.01212440569229,5.102453394829602,0,8,2020-04-07,,synthetic_background,0.022397038323902,0.0002046904441712,305.6472588009304,309.7194363911947,308.8572630988227,-5.192388918310561,-4.766633852550478,0.7640868475137781,0.9290414039214652,0.8875477303732903,0.16495455640768708
1367,36.58537277096256,4.435271723912012,0,8,2020-04-07,,synthetic_background,0.0342191874814261,0.0006607702848313,304.5476765526666,309.391099802653,308.4265339321561,-6.756893468031492,-6.822700885078844,0.7785483926660671,0.6970253726743274,0.6397828302376841,-0.08152301999173972
1368,36.725881691569214,2.1810833825696445,0,8,2020-04-07,,synthetic_background,0.0338331729006995,0.0030979893085358,299.93632130093044,306.5026612175836,307.44310836791993,-5.970597156450179,-6.3804287754718985,0.8609259854729143,0.8073941367289372,0.7709322852713602,-0.053531848743977095
1369,37.30358629984187,3.879440181816577,0,8,2020-04-07,,synthetic_background,0.0219624757600058,0.0005770406600831,304.019855372111,308.55343161688904,308.65066045125326,-10.161536808829446,-9.647433914490954,0.4487098421428744,0.3515260904029784,0.3342894000235448,-0.09718375173989602
1370,36.515519972349885,4.421780483834447,0,8,2020-04-07,,synthetic_background,0.0380278944802512,0.0007053545591233,304.4701646169027,308.84815275404185,308.10500615437826,-6.653899245071115,-6.257255465221942,0.7089140000954384,0.7122486916445048,0.837152259558081,0.003334691549066404
1371,38.05180129199444,3.297611602274059,0,8,2020-04-07,,synthetic_background,0.0098052888941992,0.0027610442516206,302.06314421759714,305.8187148200141,306.54588072035045,-7.814867938866234,-10.634697527899334,0.3845231860215844,0.5676770649923703,0.3917889492118962,0.18315387897078583
1372,36.4219718434066,2.238929140573431,0,8,2020-04-07,,synthetic_background,0.0283618390393485,0.0006347528573868,303.5519463009304,311.2662083095974,311.71562355889216,-8.435094342082657,-7.490557454658097,0.5865774622319107,0.5016025276912346,0.5595625491194682,-0.08497493454067606
1373,37.25550661940912,2.375237043313583,0,8,2020-04-07,,synthetic_background,0.0085607290101279,0.0030548206445573,302.84782846238875,307.4998291863336,308.9550441318088,-5.870425136677744,-6.42034838265433,0.7887886961747916,0.8226679380893089,0.7855743128001523,0.0338792419145173
1374,38.967010343586765,3.1162486719192684,0,8,2020-04-07,,synthetic_background,0.0050072043967475,0.0022401890632508,302.6479640960694,306.66803122626413,307.4482624477811,-6.748974525468269,-5.112822297290446,0.891524409232293,0.7012051553012013,0.7830546213161426,-0.19031925393109173
1375,36.33528420609057,2.663556932058275,0,8,2020-04-07,,synthetic_background,0.0131251931023825,6.120716303570362e-05,305.2565090179443,310.3503174675836,311.4528143141005,-8.554138297461071,-9.38582989321187,0.4714891701725365,0.4897002971584369,0.4818736363457453,0.018211126985900383
1376,37.59538760962003,2.18822146723537,0,8,2020-04-07,,synthetic_background,0.0153173178267707,0.0054980746385453,302.5854586707221,306.3323487175836,307.52556822035046,-7.292109516992223,-8.213567460162903,0.5253394561872423,0.628874480431544,0.5931945900510437,0.10353502424430172
1377,36.82341980524287,3.804086749283006,0,8,2020-04-07,,synthetic_background,0.0156080841851462,0.0008421174165604,304.43184538947213,308.7326308356391,309.17168367173934,-7.308078473938412,-7.533581564015302,0.7896752680500141,0.6269281184540842,0.5984619058617647,-0.16274714959592984
1378,36.42664235750918,2.2224142810138403,0,8,2020-04-07,,synthetic_background,0.0283618390393485,0.0006347528573868,303.5519463009304,311.2662083095974,311.71562355889216,-8.032917360907328,-8.335089855475575,0.5797746581700369,0.5436571233345646,0.5539961239122423,-0.03611753483547231
1379,36.22427027743083,4.244804730185214,0,8,2020-04-07,,synthetic_background,0.0303503244948615,0.000502162325084,304.19672711690265,302.9955485873752,303.8269571092394,-7.40497112553942,-8.744174275598432,0.5693645254745746,0.6160120445704893,0.4788853863236634,0.04664751909591469
1380,36.58254995217172,1.21545439734825,0,8,2020-04-07,,synthetic_background,0.0418513834309806,0.011576198684871,291.12616505093047,293.2815728929308,293.91882993910053,-6.014229129205416,-6.2715720115904965,0.6307696464742186,0.8009392466096606,0.8892943464858598,0.17016960013544202
1381,38.74468516479919,2.767600014737674,0,8,2020-04-07,,synthetic_background,0.0054510652852286,0.0022563866254685,303.0663180457221,307.32414559258353,308.1014254252116,-6.039673365459518,-5.513118778079358,1.039980778491317,0.7983936544975418,1.3209728781124672,-0.24158712399377524
1382,36.681398265610966,5.040313056562504,0,8,2020-04-07,,synthetic_background,0.0411301523280371,0.0011109343644974,301.18187794155546,304.13785001966687,303.670772213406,-5.129877547623565,-5.254885262763951,0.8772746395903785,0.9393474749944632,1.0092245385395306,0.0620728354040847
1383,37.947805967625854,5.848414321820711,0,8,2020-04-07,,synthetic_background,0.0567904978823889,0.0020201585170624,291.997638575236,294.1622152540419,295.37976743910053,-6.861340223318709,-7.99157835486723,0.707677558705414,0.6835641146681763,0.6114222535759968,-0.024113444037237697
1384,36.52428854064991,2.5250273651091004,0,8,2020-04-07,,synthetic_background,0.0190754800868262,0.0004496804353593,303.6085543738471,306.7711236741807,307.8111856248644,-5.6926045822743845,-10.358578904246349,0.5147129746357975,0.8494316635073961,0.5462878378910223,0.3347186888715986
1385,38.86035731216315,3.4450368054739373,0,8,2020-04-07,,synthetic_background,0.0049918412995566,0.0034138343212006,301.8700452592638,305.15186369154185,305.89354782104493,-5.081757516731912,-3.8114348617817626,0.8892357001263939,0.9473346882843328,0.8503280599387298,0.0580989881579389
1386,38.54033889749636,5.068436240306996,0,8,2020-04-07,,synthetic_background,0.0133670538497199,0.000425674664676,297.906720606486,301.0219863043891,302.31652959187824,-4.781701531798566,-6.358810482093775,1.0238327650170842,0.998189710453936,1.0832269276230884,-0.025643054563148193
1387,38.72256819901949,3.7428020981213694,0,8,2020-04-07,,synthetic_background,0.0066050261092414,0.0034245184537766,298.58388532002766,301.02314190334744,301.2541489495172,-8.107368016620022,-6.4610577692356586,0.6532138534966891,0.5356541137207789,0.7642644668327494,-0.11755973977591028
1388,38.17659125947257,1.1655483320562354,0,8,2020-04-07,,synthetic_background,0.0089572638106574,0.0071120045062897,302.99035775926376,306.8094320509169,307.8009154425727,-5.200273901328483,-6.901157481684118,0.7937007815242056,0.9277470462264764,0.7791249078318996,0.13404626470227077
1389,38.845436692579625,0.4579609120377785,0,8,2020-04-07,,synthetic_background,0.0140008449387778,0.0092259577390549,302.8089341481527,307.0966824849447,307.4946166144477,-5.404679527345248,-5.818531052762259,0.8986700861542805,0.894633107181349,0.8715901919637368,-0.0040369789729314265
1390,36.406452424783495,2.096174002397725,0,8,2020-04-07,,synthetic_background,0.0355833440852393,0.0008145204660294,304.45498992072214,311.7488851759169,311.9779824998644,-9.647552337849252,-10.447050217591292,0.3699657608278558,0.3913696660305842,0.3073778809123113,0.02140390520272839
1391,38.09205692062765,1.7081003009868223,0,8,2020-04-07,,synthetic_background,0.0087424486708869,0.0039209208366273,303.0190090179444,306.9108534918891,308.22035446166984,-7.4821571963469,-8.259476548687877,0.4685192343954816,0.6060278168950236,0.5099928950289931,0.137508582499542
1392,36.26319774486032,1.4635503472325078,0,8,2020-04-07,,synthetic_background,0.0203782290053595,0.001932182061374,302.81553137037486,309.20553665161134,309.518819088406,-5.425941714994858,-6.599513545190967,0.8668588250725596,0.8914870282145098,0.8453031539636411,0.024628203141950133
1393,38.62921571022419,2.389333947736209,0,8,2020-04-07,,synthetic_background,0.0056413829159964,0.0020763507959244,303.32126053704155,307.38881030612527,308.1967813279893,-6.111453081501916,-5.54429116497764,0.7528854000313376,0.7880483003900032,1.1520971006918377,0.03516290035866554
1394,38.75974146350137,2.227940436993636,0,8,2020-04-07,,synthetic_background,0.0037638217044104,0.0019446692344544,303.70631913079154,307.553941599528,308.3554890102811,-7.782470739164263,-6.9989893641826,0.4457482403445048,0.5735551076163283,0.5874378594926228,0.12780686727182355
1395,37.60101615460498,3.846580952542773,0,8,2020-04-07,,synthetic_background,0.0163527250123252,0.0013703635808823,303.64072668287486,308.194957224528,308.72391348944774,-9.605841851371494,-11.030356017504642,0.4691628191317925,0.3947738092624626,0.3301505977026116,-0.07438900986932989
1396,37.605370209109886,1.3665078690799843,0,8,2020-04-07,,synthetic_background,0.0110173046422232,0.0080985507842896,300.6809176550971,304.33423673841685,305.7175495571561,-5.7607908247522985,-5.987325693256175,0.8468960376218274,0.8389747379375024,0.9761163014124804,-0.007921299684324978
1397,37.23252002180071,5.340807013398075,0,8,2020-04-07,,synthetic_background,0.0623737841677893,0.0003628066655991,299.99518089294435,299.8552002800835,300.28837746514216,-6.38315046772844,-4.891980484135637,0.7722830024589689,0.7479074366022462,0.7186759364358707,-0.024375565856722625
1398,36.14213784531079,5.125506745066396,0,8,2020-04-07,,synthetic_background,0.0289076536727179,0.0003265223380921,304.87663705613875,308.9259413825141,307.58292499118386,-5.364666599515672,-5.581106175356853,0.8837297423539863,0.9010484219022488,0.8082365849200269,0.017318679548262494
1399,38.67725861707739,3.0764906801875904,0,8,2020-04-07,,synthetic_background,0.0057576417756308,0.0024505338546632,302.717413965861,306.261412302653,306.95306930541994,-4.355361680657036,-4.806592293236383,0.9988273133613038,1.0738800560690192,0.898014774347977,0.07505274270771534
1400,37.33774291955836,5.218071211286691,0,8,2020-04-07,,synthetic_background,0.0370609879327048,0.0007728866216538,299.9562920040554,302.30958396063915,301.9804727342393,-5.148101495084916,-6.523974587644834,0.8238569172559829,0.9363347821799856,0.8422139865609847,0.11247786492400269
1401,38.2460841945254,0.907356154679998,0,8,2020-04-07,,synthetic_background,0.012544241530918,0.0088114372369645,301.9788722991943,305.46856291029184,306.29963506062825,-5.14104058005274,-5.008810200879375,0.8823135993227597,0.9375012609833314,1.052279690950356,0.05518766166057176
1402,38.62440287070895,0.0326201793604257,0,8,2020-04-07,,synthetic_background,0.0139783292842139,0.0182091674682496,302.1255465613472,304.0005778842502,304.1472370571561,-4.568901261961475,-4.561491787276395,1.0280099160705598,1.0354998886570086,0.9455363845976412,0.00748997258644879
1403,37.83353488668108,0.8308539171717577,0,8,2020-04-07,,synthetic_background,0.0112358003688086,0.006175049292743,299.5561400943333,302.5717475891113,303.6427014668782,-4.569477573608674,-5.749601671782515,0.8715493253834601,1.0352413094543262,1.1278799272553657,0.16369198407086616
1404,38.54912928777996,2.3711371604133618,0,8,2020-04-07,,synthetic_background,0.00619074402573,0.0025363645431397,303.0805595821804,306.74663365681965,307.56839591132274,-6.697329321119831,-7.11148021054358,0.6776187839183345,0.7049506246407573,0.8549387864621586,0.027331840722422784
1405,37.559350481437406,4.799738957497805,0,8,2020-04-07,,synthetic_background,0.0068337589335669,0.0001790604469178,301.24864768981934,304.16787931654187,304.61063223944774,-6.2289374398833,-4.874798351110389,0.9881350407005484,0.7697395421290508,0.8586641949210951,-0.21839549857149754
1406,37.21357293718936,3.253254127131517,0,8,2020-04-07,,synthetic_background,0.0132075667214621,0.0007557204839585,305.55142004225,310.18437237209747,311.5053208245172,-12.850480061115016,-12.949507750889994,0.2059116076758941,0.1972641445635727,0.2628783054780805,-0.008647463112321396
1407,37.840000262031694,1.870639939791266,0,8,2020-04-07,,synthetic_background,0.0126476853919257,0.0034374079582093,302.25997038947213,305.67616924709745,306.9978446960449,-4.644182441011619,-5.4996932856849865,0.7218271272199025,1.0220973321736304,0.6912379805945484,0.3002702049537279
1408,36.75050598775508,5.00016740858563,0,8,2020-04-07,,synthetic_background,0.0200449347329367,0.0005186281082032,304.0656832800971,306.74451777140297,306.36531431410054,-4.903013568957245,-5.013160726581358,0.8980837223222242,0.9774118813413132,1.1979026374565305,0.07932815901908896
1409,38.436946016995336,1.814962839429648,0,8,2020-04-07,,synthetic_background,0.0056297302079428,0.0025027475234864,303.3810966915554,306.61405987209747,307.82478154500325,-4.83122425993507,-5.433316810392584,0.969927420558913,0.9911736204368076,1.0902499387920033,0.021246199877894556
1410,36.77721986895902,3.6643981411496656,0,8,2020-04-07,,synthetic_background,0.0171284645629157,0.000980757820308,304.30115420023594,308.64780553181964,309.2396090189616,-10.164486905181477,-8.68402539848213,0.2942378269300694,0.3513083499468723,0.3043498101973453,0.05707052301680293
1411,38.18881114748908,0.15322660570108,0,8,2020-04-07,,synthetic_background,0.0241613358092536,0.0236354998227952,300.59882672627765,301.6369602627225,302.16926939222543,-6.40719198257279,-5.936725664770994,0.6962701986002627,0.7445471581646937,0.6761415184589671,0.04827695956443101
1412,37.3268427248809,0.7280434955227086,0,8,2020-04-07,,synthetic_background,0.0231698870492209,0.0107445499774812,298.4985012054443,301.36255705091685,303.1210977342394,-5.550593270412836,-6.602459713166268,0.7974365428804543,0.871514817396974,0.797722121620932,0.07407827451651972
1413,36.80091699039966,4.636807593218113,0,8,2020-04-07,,synthetic_background,0.018060085160755,7.759844034893604e-05,305.80752898322214,310.3110162523057,310.006465572781,-11.792840847625556,-2.996902458292485,0.9124460939473704,0.2482824649211092,1.3525708373072456,-0.6641636290262612
1414,38.34127856177631,0.1185920313214079,0,8,2020-04-07,,synthetic_background,0.015648734552883,0.0156802019950745,300.80450706481935,303.16509068806965,303.36801613701715,-5.730070913327498,-4.477402152664096,0.7494474837017163,0.8436741472611204,0.8176611233945912,0.09422666355940412
1415,37.9098986592897,3.599683889916519,0,8,2020-04-07,,synthetic_background,0.0208290040326346,0.0022740594026444,300.6797457800971,305.3239068773058,305.90852720472554,-7.143923457389068,-7.448576577057829,0.5333333975403222,0.6471710129529852,0.5894846391967281,0.11383761541266302
1416,38.22944083335198,1.691859869343938,0,8,2020-04-07,,synthetic_background,0.0067108094525565,0.0032681754705308,303.2917195214165,306.4549073113336,307.5875419616699,-5.022757843868962,-4.714986727309704,0.9410697512014292,0.9574033260385084,1.0422984488713236,0.0163335748370792
1417,37.28536448801568,3.145048381902892,0,8,2020-04-07,,synthetic_background,0.0112125992608298,0.0009152821180222,304.8774834103054,309.24502775404187,310.5685532463922,-10.72223380661202,-12.325204805516051,0.2276866365664352,0.3122736276636455,0.2234567806534307,0.08458699109721032
1418,37.129528807707466,0.697744316590587,0,8,2020-04-07,,synthetic_background,0.0224755525422324,0.0146382084962723,296.8303968217638,298.8980279710558,300.3092270745172,-5.332946036124138,-4.481771981785026,1.0309665080348722,0.906157351704108,1.09192766990848,-0.12480915633076417
1419,38.01605806792842,3.33958024022263,0,8,2020-04-07,,synthetic_background,0.0099310099911917,0.0024986497041581,302.3564330630832,305.87154142591686,306.56581887139214,-8.212608853902589,-8.580134831789664,0.4958648491886471,0.5245114536339048,0.3801170815427279,0.02864660444525774
1420,38.16090465955662,2.9006662256854505,0,8,2020-04-07,,synthetic_background,0.0060025274586905,0.0019164315339921,303.34367807176375,307.6187582227919,308.60159903632274,-10.371086730569749,-7.988628329240107,0.4739604198261902,0.3438526343665986,0.3635214522342804,-0.13010778545959162
1421,38.47698947822684,0.2889713390088311,0,8,2020-04-07,,synthetic_background,0.0220520019364585,0.0185501060363648,301.20644933912484,302.7174018859863,303.1746947394477,-4.2392573079336255,-4.412939368133049,1.1266976498724923,1.0949400796736464,1.055885770911123,-0.03175757019884595
1422,38.58906039013288,2.530623547099199,0,8,2020-04-07,,synthetic_background,0.0058601915669669,0.0020678124305604,303.2782592349582,307.43653166029185,308.19891891479494,-5.785268471708846,-5.7913084516092255,0.934172914280184,0.8365335635493008,0.9156148200259004,-0.09763935073088326
1423,37.34780224567567,2.568070303919816,0,8,2020-04-07,,synthetic_background,0.0102037906480063,0.0018272778865693,303.65133323669426,307.75874845716686,309.0262518141005,-5.694900420013607,-6.01327156533112,0.7765455165643342,0.8496512081688161,0.6468542752943081,0.07310569160448188
1424,38.03487345382859,2.007913359361741,0,8,2020-04-07,,synthetic_background,0.010475885851406,0.0053504488345978,302.3785250769721,306.39214146931965,307.74688440958664,-7.830383688904883,-8.104711219142525,0.6329321813850953,0.5659390149878033,0.6200963147237897,-0.06699316639729203
1425,36.95419699351839,3.989605678664087,0,8,2020-04-07,,synthetic_background,0.0219940960240592,0.0007795176383851,303.88102073669427,308.1186442905002,307.9693344963922,-6.539958365911256,-6.259706997544683,0.8618206427833246,0.7262000864881384,0.7965055498075613,-0.1356205562951862
1426,38.57333751966036,2.38769823652265,0,8,2020-04-07,,synthetic_background,0.0056413829159964,0.0020763507959244,303.32126053704155,307.38881030612527,308.1967813279893,-6.5186219315233584,-6.561835507133352,0.6660110262072028,0.7678112107940112,0.705412164929863,0.1018001845868084
1427,37.8451632452271,1.485624609567742,0,8,2020-04-07,,synthetic_background,0.010533389432453,0.0061659595844147,302.1701808929444,305.7082330491808,307.15799552069774,-5.78853013413776,-5.418947028664701,0.7520869098941364,0.8347478346298207,0.8041082496578924,0.08266092473568432
1428,38.34479242349549,5.045054883716588,0,8,2020-04-07,,synthetic_background,0.0095569610429038,0.0012070468541978,296.9470363616944,300.4543213738335,301.5531832377116,-7.09578301124056,-7.814256729164434,0.7005454734319863,0.6532066485095654,0.7761248495758782,-0.04733882492242081
1429,37.11973317949104,2.8690428870563185,0,8,2020-04-07,,synthetic_background,0.015108790977024,0.0009266070005296,303.44742156134714,308.4789307488336,309.7512789408366,-5.403388913123949,-6.0983475185768246,0.6884378545579055,0.894839524290435,0.6969621190004635,0.2064016697325295
1430,38.97441329878104,1.7391343960243884,0,8,2020-04-07,,synthetic_background,0.0020414560866583,0.0013711682435868,303.9163560231526,308.2046685960558,308.9738049825033,-7.789911838582549,-7.72729773453036,0.4223532524033117,0.5725909855245854,0.4531837647349044,0.15023773312127375
1431,38.2182320364449,0.2264130446377283,0,8,2020-04-07,,synthetic_background,0.0241613358092536,0.0236354998227952,300.59882672627765,301.6369602627225,302.16926939222543,-5.9899826109194745,-5.593213845291781,0.9056018766164976,0.8045214764688164,0.9450822332009812,-0.10108040014768116
1432,38.43323233267176,3.1931225254470803,0,8,2020-04-07,,synthetic_background,0.008969378454708,0.0029233029958604,302.66398514641656,306.09743118286127,306.81023618910046,-8.170277002150266,-8.983318265356036,0.5204103270555961,0.529344315081492,0.6270105333984451,0.008933988025895956
1433,36.1182565041822,3.1421998342512127,0,8,2020-04-07,,synthetic_background,0.0230800479483832,0.0006747028705476,305.4353772905138,310.7096002366808,311.1768160502116,-7.065860487327061,-6.469723833263263,0.8004397639982369,0.6569809826800352,0.5915371782740031,-0.14345878131820167
1434,36.13678467933031,0.8684164302967807,0,8,2020-04-07,,synthetic_background,0.0630924671721686,0.0069561085578797,299.674933497111,302.26577970716687,304.1687865363227,-5.425194463657112,-6.340062629628312,0.9740035774249278,0.8917066687941003,0.8410818918518432,-0.0822969086308275
1435,37.53809522907122,4.752046753568124,0,8,2020-04-07,,synthetic_background,0.0070653825831641,0.0002486190673707,300.6572088877359,305.09072002834745,305.28718388875325,-3.4613415631354094,-5.656033727541135,0.7608026673571981,1.2426675853305778,0.8322996976479227,0.4818649179733796
1436,37.49766301760121,4.280085546010536,0,8,2020-04-07,,synthetic_background,0.0112542480063666,0.0004001042720673,302.28539899190275,306.52723804050027,306.1515936109755,-4.382517073534833,-4.412113593676064,0.8484647098875108,1.0686150867443374,0.8265446624453261,0.2201503768568266
1437,37.30486004345819,5.2252201828593,0,8,2020-04-07,,synthetic_background,0.0370609879327048,0.0007728866216538,299.9562920040554,302.30958396063915,301.9804727342393,-5.82125244534334,-6.449734444188202,0.7513818957178335,0.8297818081070978,0.7017928721380122,0.07839991238926425
1438,37.74461034147157,4.14441075427836,0,8,2020-04-07,,synthetic_background,0.007748064382099,0.00095469568938,302.176056543986,305.94248326619464,305.592500729031,-5.837386239001427,-4.992253204206877,0.929117452805008,0.8273413406851636,1.113246982989181,-0.10177611211984439
1439,38.262881742896894,2.4253552086717614,0,8,2020-04-07,,synthetic_background,0.0083518147301901,0.0044691494581101,302.16944304572206,304.9568387349447,305.70164243910045,-5.683960451280076,-5.760768852551388,0.674806392801599,0.8508010490196398,0.754271725658108,0.17599465621804078
1440,38.77971717020935,2.307822909586993,0,8,2020-04-07,,synthetic_background,0.004454237206005,0.0017573616382478,303.6696437835693,307.8512235005697,308.63368996514214,-7.419638788480133,-7.103734387377035,0.6062515858088319,0.6140096230432752,0.893458897454747,0.007758037234443349
1441,37.07553483335276,5.231244738083028,0,8,2020-04-07,,synthetic_background,0.0748887479138602,0.0003846666690705,301.77550315856934,300.46982159084746,300.84991717868377,-5.835337239840428,-6.393244959669914,0.8476744314156882,0.8276509867883116,0.873779862728548,-0.020023444627376596
1442,37.880897808443386,0.5694277752024932,0,8,2020-04-07,,synthetic_background,0.0324716687035788,0.0288789949294923,298.6762735578749,300.4533448113335,301.4908514234755,-7.070201608528684,-6.948621700650888,0.6886235035444547,0.6564323224423354,0.8185810912532268,-0.03219118110211927
1443,36.61918241086086,4.101271671369182,0,8,2020-04-07,,synthetic_background,0.0233157098126639,0.0006244710561631,305.02920867072214,309.41834047105567,309.2307223002116,-6.927070690483641,-7.656460704309707,0.5909986364451182,0.6751021001839954,0.6047435330642378,0.08410346373887723
1444,37.164748805357824,2.436436608891174,0,8,2020-04-07,,synthetic_background,0.0082337230277289,0.0020674995061753,302.4851494259304,307.2403077019586,308.5836194356283,-4.866695301992585,-5.322328937471645,0.9071810317920446,0.9850601921314877,0.7701099890697815,0.07787916033944309
1445,38.767297047741664,4.8762835202136845,0,8,2020-04-07,,synthetic_background,0.006808859093212,0.0012399188157914,296.7253403981527,298.8497857835558,299.6406506856283,-6.327728667530042,-4.11728454621381,0.8254963813091761,0.7556981900934692,0.9359287747140064,-0.06979819121570696
1446,36.61569178489848,0.6703284165199326,0,8,2020-04-07,,synthetic_background,0.0317392021250952,0.0144532552835343,293.0432277679444,294.5948541429308,294.95246166653106,-4.242694974998345,-6.738361503143473,1.028682666449957,1.0940160872739475,0.7968857911971736,0.0653334208239904
1447,36.19710399121612,2.800416600786261,0,8,2020-04-07,,synthetic_background,0.0176414817404975,6.5766918361021e-05,305.5617119259304,310.17881139119464,311.2194918314616,-5.893245726661078,-7.176491475507028,0.6793973351437663,0.8189328076834014,0.7952889015417611,0.13953547253963505
1448,38.964122436395,3.5095714033651326,0,8,2020-04-07,,synthetic_background,0.0057577162814368,0.0030878416177628,300.362140528361,303.63422588772244,304.10977503458656,-5.213841293874145,-6.572057113835125,0.7312284343911764,0.9255228415674396,0.6053367769964335,0.19429440717626323
1449,38.76069517423842,4.310225292825924,0,8,2020-04-07,,synthetic_background,0.0019571453166236,0.0012346289035676,298.13698319329154,302.02237692938905,303.05359013875324,-5.434335275220516,-5.369613335480221,0.956847929902285,0.8898993929299869,0.9668003447550916,-0.06694853697229808
1450,37.01927324414737,3.757038470478678,0,8,2020-04-07,,synthetic_background,0.0185153454375495,0.0006316683170197,304.22489009433326,308.6779596116808,309.06626917521163,-6.874503113056889,-6.152511713208197,0.7097925007318411,0.6815333939427372,0.6206346169727995,-0.028259106789103927
1451,36.9989647718498,1.2832915642805636,0,8,2020-04-07,,synthetic_background,0.014465388638996,0.0086152783510087,297.40101314120824,301.61773825751413,302.6653685675727,-4.550052719879782,-4.132310355573962,0.9708703937948866,1.0474411249364168,0.9269606029692572,0.07657073114153023
1452,38.002869351229286,2.799259361028624,0,8,2020-04-07,,synthetic_background,0.0047977238726844,0.0021182677623627,303.59476314120826,308.1700820075141,309.3777980380588,-8.41924302111224,-9.257922582323667,0.5590065787536874,0.5032080908630726,0.394548585675245,-0.05579848789061481
1453,37.82926183040863,0.6777111046486233,0,8,2020-04-07,,synthetic_background,0.0131694197488059,0.0094349912282822,299.4857841915553,302.3585856967502,303.4015393575032,-4.074744482585976,-5.467943766911224,0.8903594122084157,1.1250202539748009,0.7831553230504198,0.23466084176638513
1454,38.02851473118426,2.7765612304985465,0,8,2020-04-07,,synthetic_background,0.0047977238726844,0.0021182677623627,303.59476314120826,308.1700820075141,309.3777980380588,-10.029264353018164,-8.578186125649523,0.3656930629033856,0.3614172677299272,0.4431987505600628,-0.0042757951734583854
1455,37.85197669115192,0.6566567672082217,0,8,2020-04-07,,synthetic_background,0.0127873390746344,0.0098939320918916,300.0652980804444,302.8942410786946,303.97213940090603,-6.647390879914969,-5.420058004676242,0.6172321797561691,0.7116129478898415,0.8815586267358644,0.09438076813367247
1456,37.54922774659058,4.126235256379401,0,8,2020-04-07,,synthetic_background,0.0150296360087622,0.0005622140046952,303.0519897037082,306.97819832695853,306.70289026896165,-4.159955617273235,-4.195470440012199,1.0288134419293615,1.1092233003905554,0.7941125061146997,0.08040985846119386
1457,38.1834567381184,3.4707685413822853,0,8,2020-04-07,,synthetic_background,0.0059894442391623,0.0027206174013016,301.1046155717638,304.54896655612527,305.25168584187827,-6.229914238454139,-7.035604521925661,0.7028404922462302,0.7695997405722862,0.581597210799487,0.06675924832605595
1458,38.396443893217736,4.323449001891615,0,8,2020-04-07,,synthetic_background,0.0081709742379416,0.0012550732967255,298.0469224294027,301.7319906446669,302.39003762139214,-4.986717217873229,-4.333543194372748,1.09307675500479,0.963247138613641,0.8927388552879998,-0.12982961639114898
1459,37.4392259456447,2.6704400146131766,0,8,2020-04-07,,synthetic_background,0.0087290376258124,0.0016614279624818,304.3486585405138,308.7205485873752,310.0456908331977,-6.905933065795092,-7.086659391197644,0.7842439934349854,0.6775528758210114,0.6576912096192299,-0.10669111761397398
1460,36.80539173811763,0.5937455408185455,0,8,2020-04-07,,synthetic_background,0.0283740430903662,0.0123753032562134,293.2820190005832,294.7341553582085,295.80079065958665,-6.416997878429028,-7.679971434066919,0.6621281069382629,0.7505528328383234,0.4669973754999316,0.08842472590006056
1461,37.13182744403071,2.1498827555687123,0,8,2020-04-07,,synthetic_background,0.008489173634075,0.0028847983953355,301.53203527662487,306.3063124762641,307.53205693562825,-5.066579262822404,-5.139105751719483,0.8069444335728994,0.9537737095648716,0.9832565119017532,0.14682927599197226
1462,38.31342604628523,3.2469146327046827,0,8,2020-04-07,,synthetic_background,0.0104444891047705,0.0030514380809663,302.6924302419027,305.8454563564725,306.5229532029893,-7.161948717003879,-6.377633299941943,0.7976254340349731,0.6587889011819026,0.755594633863891,-0.13883653285307052
1463,38.382351349408616,1.2511506377343318,0,8,2020-04-07,,synthetic_background,0.0053501546216239,0.0041160515424607,303.46039356655547,307.43414450751413,308.3672728644477,-4.653845928650766,-5.835124371562371,1.104130226114406,1.0217011112178358,0.8963201461455864,-0.08242911489657012
1464,37.182964078114274,3.2388509647941524,0,8,2020-04-07,,synthetic_background,0.0100381046366919,0.0005795887586472,305.4100843217638,310.4414850023058,311.8622435675727,-9.446937050046463,-10.93906984680094,0.5008840152222215,0.4079852028780103,0.4496424496474606,-0.09289881234421116
1465,36.62189641418536,3.27649048560012,0,8,2020-04-07,,synthetic_background,0.0211411684584845,0.0011065534231065,304.41289465162487,309.3730388217502,310.52194408840603,-4.843562487708221,-6.850430873141184,0.773857383768902,0.9875577152632306,0.678683482687047,0.21370033149432854
1466,36.752843315886096,5.084096505144661,0,8,2020-04-07,,synthetic_background,0.0219329118561972,0.0005768916484711,301.77813445197205,305.9297662523058,305.5565957811143,-6.724311352000169,-6.402870269985107,0.7877376926178797,0.7013104489703451,0.7183313429711345,-0.08642724364753462
1467,38.88559141512407,2.7791866815855424,0,8,2020-04-07,,synthetic_background,0.0045093715024222,0.0021529427644608,303.1666435665554,306.35498869154185,307.003828854031,-5.380850360031301,-5.939770970784084,0.7947805229863285,0.8995856038415326,0.71034086430163,0.10480508085520412
1468,36.07344553672376,2.7193128410260625,0,8,2020-04-07,,synthetic_background,0.0156313448977698,0.0002624324437974,305.6699855804444,310.2805854797363,310.93442238701715,-8.38985157981837,-5.826502502173458,0.5738757156390497,0.5066507034828756,0.88535705687664,-0.06722501215617416
1469,38.38493139681555,0.3690496944441856,0,8,2020-04-07,,synthetic_background,0.020666760189556,0.014295034753978,300.3656778547499,302.0935249328613,302.73721644083656,-5.37665295166145,-5.919257271545454,0.7767042044073427,0.8991232204104862,0.9249834018097502,0.12241901600314353
1470,36.12414869335692,0.3698464156327405,0,8,2020-04-07,,synthetic_background,0.0750900327992667,0.0145665786144135,296.92755936516653,297.74317228529185,298.79249530368384,-5.687212717966556,-5.973880310110042,0.8496018403524577,0.8515111367487671,0.7721044967286137,0.0019092963963094345
1471,37.96928547994066,2.742476561920697,0,8,2020-04-07,,synthetic_background,0.0055747300219763,0.0024107328531144,303.29920650058324,307.6490425109863,308.85023184882266,-9.117938633067146,-10.179958190564184,0.5163189517127501,0.4375759433265637,0.4663215955484895,-0.07874300838618642
1472,37.3252612457567,3.077136893860696,0,8,2020-04-07,,synthetic_background,0.0112125992608298,0.0009152821180222,304.8774834103054,309.24502775404187,310.5685532463922,-9.462078374752208,-11.030499910139682,0.4443997290155529,0.4096468613689223,0.3605743700382484,-0.0347528676466306
1473,38.86964633497141,3.135107979088829,0,8,2020-04-07,,synthetic_background,0.0046448379588355,0.0022361210462449,302.7313733842638,306.5421794467502,307.2984469095866,-6.218535115248363,-6.482609530441198,0.7090490346269567,0.7713639345599779,0.901440924497578,0.062314899933021195
1474,37.35851536080381,3.548102273928909,0,8,2020-04-07,,synthetic_background,0.0360439687800635,0.00061731849879,304.85150684780547,308.81083721584747,309.48130281236433,-8.213961899605351,-10.510413266542836,0.5603862679572464,0.5243694860828569,0.3713954836371682,-0.0360167818743895
1475,36.98756552886108,2.9034257615972154,0,8,2020-04-07,,synthetic_background,0.0213806003165473,0.0014078698036072,302.93593610127766,308.24878751966685,309.71097403632274,-6.609880370571073,-7.138326844150624,0.6010740030595547,0.7166798510901878,0.6145665642262312,0.11560584803063312
1476,38.73038626248509,3.192386843453929,0,8,2020-04-07,,synthetic_background,0.0053966313433875,0.0025170973417161,302.38721648322206,306.1813613043891,306.85816370646165,-6.528924057236818,-4.957716952319675,0.8298563659536943,0.7277114208314078,0.7344381486485203,-0.10214494512228645
1477,38.2617991514724,0.4626987089586052,0,8,2020-04-07,,synthetic_background,0.0124542832207907,0.0091253301975129,300.6358167436387,302.5102458530002,303.300313229031,-6.3844090133882805,-6.81257705157039,0.899284969364577,0.7477312406095397,0.9443136357825036,-0.15155372875503736
1478,37.76126645978886,1.4727413130489282,0,8,2020-04-07,,synthetic_background,0.010533389432453,0.0061659595844147,302.1701808929444,305.7082330491808,307.15799552069774,-4.664113016212527,-5.656078243576748,1.0383661052175617,1.0186092192093368,0.8964599255777982,-0.019756886008224894
1479,37.42928000304123,3.236772272576861,0,8,2020-04-07,,synthetic_background,0.0109541684222449,0.0011847100135682,305.63196474711106,309.8158068339031,311.12714699639224,-9.322881220831896,-9.28060029517807,0.4231452105641255,0.4188045764289022,0.4473706356021701,-0.004340634135223342
1480,36.63836989528684,3.813040306999724,0,8,2020-04-07,,synthetic_background,0.0175101131034125,0.0004080912944672,303.7779228634305,307.8760173373752,308.18985315958656,-8.167162912213438,-8.376117255064637,0.619438511787233,0.5292988268054776,0.5035512073308201,-0.0901396849817554
1481,36.35650051771492,5.054835980074987,0,8,2020-04-07,,synthetic_background,0.0720339983535041,0.0021342567083237,300.4874443478055,301.1894070943196,301.4305052863227,-5.565491894161369,-5.022363122407649,0.8413177581073621,0.8691787240987663,0.8080635907258912,0.027860965991404196
1482,36.78779862344299,2.053360232416692,0,8,2020-04-07,,synthetic_background,0.0408235013318289,0.0049952945587037,295.6299519432916,298.5784912957086,299.4614189147949,-5.322277194149283,-7.109846770250359,0.7306030216984776,0.9078802770118208,0.6331600016657808,0.17727725531334326
1483,37.52053226897962,1.6302643033205246,0,8,2020-04-07,,synthetic_background,0.0114918023181189,0.0054787627336381,300.3340589311388,304.992515818278,306.3690523783365,-7.771508822019181,-6.713611432230841,0.6329363588302077,0.572557711836272,0.9665846691864384,-0.06037864699393569
1484,38.49757039094794,4.0326218732639,0,8,2020-04-07,,synthetic_background,0.0070269673896063,0.0022657147523759,298.1810424380832,301.1918159484863,301.62926830715605,-5.57340905848759,-4.362884001691016,0.9555192194316924,0.8716218031601272,0.9340652774653636,-0.08389741627156522
1485,37.153072343560176,3.6145931346951303,0,8,2020-04-07,,synthetic_background,0.0230548798871268,0.000870831954181,305.30228809780544,309.5772163391113,310.40153393215604,-8.506909410348857,-7.994462750170239,0.5243854012588411,0.494392973398404,0.4921468695437158,-0.029992427860437154
1486,38.00915352559071,3.0080706269728257,0,8,2020-04-07,,synthetic_background,0.0046602010560263,0.0018818608400223,303.6555161794026,308.1357124328613,309.279707760281,-10.405544328271615,-9.723326915437989,0.2868774047782438,0.3339273649083535,0.300978072908668,0.0470499601301097
1487,38.2108030945808,3.494613991587728,0,8,2020-04-07,,synthetic_background,0.0059894442391623,0.0027206174013016,301.1046155717638,304.54896655612527,305.25168584187827,-5.735196598155754,-6.241374091294004,0.8142512865066829,0.8428887019156704,0.8470454451665287,0.028637415408987565
1488,36.82095711281424,1.9487155335491664,0,8,2020-04-07,,synthetic_background,0.0512601703238715,0.0089572152969239,298.09104135301374,301.4968452453613,301.0096719529894,-5.652240607683302,-6.085337864534848,0.807390170995304,0.8556665195312322,0.7164489748030445,0.048276348535928215
1489,37.43162045515596,1.4518253628249036,0,8,2020-04-07,,synthetic_background,0.0145897984338034,0.0081732354041932,299.9733872731526,303.5864882575141,304.899114227295,-5.73046185970788,-4.656356729672382,0.9157985407662744,0.8436142208642725,1.1521732922099108,-0.07218431990200191
1490,37.00181182444904,0.5112257029350666,0,8,2020-04-07,,synthetic_background,0.0360519409013022,0.0130198082801697,293.81816266377774,295.0247749328613,296.47224790785043,-4.91897142736507,-5.166429132573527,0.8319477805935008,0.9747005747183451,1.0552742082363742,0.14275279412484432
1491,36.54497191600186,0.127644335639824,0,8,2020-04-07,,synthetic_background,0.0401015847754706,0.019152172553241,290.79746496412486,292.12685284084745,293.18676071166993,-6.517900602903742,-6.40635260799666,0.7006630826324012,0.7294768116449664,0.7304580496833788,0.02881372901256518
1492,37.24948983864779,1.952647844579764,0,8,2020-04-07,,synthetic_background,0.0075038492512931,0.0036554119464753,301.3808254241943,306.33792054918075,307.40573315090603,-8.247165622885081,-8.043196782012458,0.5654110092928262,0.5215712908349643,0.5357778261550893,-0.04383971845786183
1493,37.65940785609875,3.4092332933398124,0,8,2020-04-07,,synthetic_background,0.0504627495837439,0.0034068456766007,299.3147555457221,302.92559416029195,303.88211661444774,-7.93883070806047,-9.28437123539224,0.4209388536015326,0.5686648642114521,0.5188007707106923,0.14772601060991952
1494,38.55638152766941,1.90803095491016,0,8,2020-04-07,,synthetic_background,0.004110631330036,0.0022345266219971,303.7138603634304,307.5491781446669,308.61064309014216,-11.652119324053391,-11.2721722454725,0.2746594201235524,0.2560476594551381,0.2198881623666164,-0.0186117606684143
1495,38.22357200439623,2.6459797118450576,0,8,2020-04-07,,synthetic_background,0.0063387572598685,0.0038207254287598,302.28242047627765,306.3533339606392,307.16277525160046,-8.435187638915735,-7.825995989521025,0.4946637279082103,0.5026089780864432,0.4791411405672776,0.007945250178232943
1496,38.75070645684932,1.2493781162773725,0,8,2020-04-07,,synthetic_background,0.0029188364577521,0.0034376761791108,304.3244126637777,308.23432896931973,308.85739330715603,-9.109722551188645,-9.611170542901386,0.4356228774118023,0.4537467417448418,0.5281118146222318,0.01812386433303953
1497,37.60305282484218,4.185659306049602,0,8,2020-04-07,,synthetic_background,0.0096092194152106,0.0006524554368851,302.3262952592638,306.4729031880697,306.15166414048934,-6.095465414198594,-5.463151090341174,0.8143870078656625,0.7890244442310429,0.7289654184760799,-0.02536256363461964
1498,36.739686509261055,3.341451899936967,0,8,2020-04-07,,synthetic_background,0.0213209211659659,0.0010359815236924,304.701105372111,309.4583741082086,310.6966565450033,-7.767203214265045,-7.901623263144978,0.5633311642242249,0.5730442682716776,0.4724178542695483,0.009713104047452736
1499,38.91308118913522,4.433029104762345,0,8,2020-04-07,,synthetic_background,0.0013973384928931,0.0010138532993195,298.7113213009304,302.632603708903,303.6951754252116,-4.981878955428716,-4.5086580026065,0.936714313482079,0.9640620636713602,1.2567756840695552,0.02734775018928115
1500,37.0837742868781,5.351242135160096,0,8,2020-04-07,,synthetic_background,0.0458010852170218,0.000244878875911,301.8303968217638,300.6478543599446,300.93631583319774,-5.344684142357027,-4.854100723037356,1.0293088772127024,0.904264422216958,0.9300700667363044,-0.12504445499574435
1501,36.33721276547965,2.32907470494023,0,8,2020-04-07,,synthetic_background,0.0327424675059546,0.0013754597780106,303.0256116655138,310.1534424675836,311.0620970831977,-5.418446849953039,-5.20754656384757,0.8159663645221729,0.8924333110919843,0.6802819161835536,0.07646694656981146
1502,37.47583541991433,4.751293654874623,0,8,2020-04-07,,synthetic_background,0.0070653825831641,0.0002486190673707,300.6572088877359,305.09072002834745,305.28718388875325,-4.882691138309827,-4.622511486860203,1.089837571838944,0.9808721274334676,0.9027865554444896,-0.10896544440547629
1503,36.51160772678276,3.3019887604146207,0,8,2020-04-07,,synthetic_background,0.0232377469372977,0.0012008330699799,304.7128783755832,309.7843560960557,310.5958427429199,-7.7239302474587,-8.360759082654658,0.6510344771481342,0.5779534814993057,0.4689327846686824,-0.07308099564882853
1504,36.83830623355541,4.91956798172681,0,8,2020-04-07,,synthetic_background,0.0132189512086142,0.0002113512632249,304.87883974711104,306.80982267591685,306.6498195224338,-6.308874462080658,-5.310374648012545,0.6947227667225258,0.7583627150043984,0.7563387386207385,0.0636399482818727
1505,37.80854107552971,1.378821424530092,0,8,2020-04-07,,synthetic_background,0.0110201507640113,0.0078178874132035,301.88174230787484,305.40470657348635,306.81107711791987,-6.136707925829981,-7.087522093514354,0.7090644099320883,0.7830268344584014,0.7559891441421346,0.07396242452631308
1506,38.23834253103268,5.105299489352014,0,8,2020-04-07,,synthetic_background,0.0108862042260398,0.0008730373260377,296.9327188703749,299.9213135613336,300.78660880194764,-5.5500876417418326,-5.741623588655891,0.9764759805930444,0.8715941790183102,0.7965075156018724,-0.10488180157473426
1507,38.275224084160655,3.9434389073855303,0,8,2020-04-07,,synthetic_background,0.0152662515473593,0.0019412121650574,298.8613158755832,302.03286955091687,302.0800549825032,-6.289663448275411,-6.912069160446663,0.7211554811005926,0.7610850615054802,0.6420076731093309,0.03992958040488759
1508,36.4749796055846,1.7508264497973274,0,8,2020-04-07,,synthetic_background,0.0521164208483924,0.0028463384982941,303.555890528361,308.2570991516114,308.60201678805885,-9.837905157583988,-10.443419597164873,0.3419157251697426,0.3761646194029733,0.4977742753143129,0.03424889423323069
1509,38.2853381526017,1.2836570806347267,0,8,2020-04-07,,synthetic_background,0.0062463849616278,0.0054630867120621,303.3448011186388,307.1680366516114,308.15681822035043,-5.203570288153324,-5.267580760750104,0.978179891257794,0.9272063255907608,0.8489449505225847,-0.05097356566703326
1510,37.58839141717575,4.080871399479522,0,8,2020-04-07,,synthetic_background,0.0100725412202109,0.0007714710113404,302.61221105787484,306.5657905578613,306.25873336791994,-4.817753312163507,-5.43251213278541,0.9737785120642084,0.9919842463592756,0.9889766182080888,0.018205734295067222
1511,37.10498325296407,3.062134779826179,0,8,2020-04-07,,synthetic_background,0.0115152269435157,0.0004106989976762,304.62355545891654,309.94150670369464,311.3207559373643,-9.673384311339191,-10.589080116942316,0.4293126166478169,0.3892745699153594,0.328422915229292,-0.04003804673245748
1512,37.50802616888401,3.915889247030205,0,8,2020-04-07,,synthetic_background,0.0154603391719092,0.0006108960983155,303.7004868825277,308.4331353929308,308.5717379252116,-9.752225747009843,-9.27827478151741,0.5782160867295677,0.3834639191621025,0.5696541014025006,-0.19475216756746522
1513,37.49772377256436,3.997861694463912,0,8,2020-04-07,,synthetic_background,0.0157785087657202,0.0005839398977158,303.34511578877766,307.2055149502224,307.10017217000325,-5.759369889212059,-6.894453313446071,0.685495467547911,0.8391996449461132,0.7836335924970975,0.1537041773982022
1514,38.1109192884542,2.7487549944789054,0,8,2020-04-07,,synthetic_background,0.005661335570835,0.0028266838666795,303.1245537228054,307.30445700751415,308.2923650953505,-9.743236489987217,-10.218477989250095,0.4192613978795145,0.3850516866630515,0.3667704665901001,-0.03420971121646299
1515,37.47886742250419,2.6082110146834543,0,8,2020-04-07,,synthetic_background,0.0108115643096198,0.0042227438566087,304.11837425231937,308.15650236341685,309.6392563713921,-5.591836278840518,-4.95296170159458,0.7619980146448699,0.8650590234598879,0.9964361466287384,0.10306100881501801
1516,38.66283117196038,5.111688464663102,0,8,2020-04-07,,synthetic_background,0.0090443163943518,0.0005320093509553,299.5116468217638,302.58594029744467,303.8278848436144,-5.419864552190408,-4.567068498148265,1.0847564513563586,0.8922070042444404,0.9384225007081688,-0.19254944711191813
1517,38.142631779520165,4.876478391018574,0,8,2020-04-07,,synthetic_background,0.0200682252478827,0.0013740441676972,295.9191934797499,298.7314372592502,299.30367694430885,-3.1922392972460347,-5.708634011946293,0.6828427754202141,1.2963586104663307,0.8007548662818414,0.6135158350461166
1518,36.09370834019799,2.2119475048702544,0,8,2020-04-07,,synthetic_background,0.0204271346163977,0.0006644508716462,305.62338184780543,310.95981182522246,310.9633557637532,-6.415028785404643,-7.316506157629904,0.8250395225544735,0.7446308058158762,0.7457753539394383,-0.0804087167385974
1519,37.08846719827973,2.1766324785040725,0,8,2020-04-07,,synthetic_background,0.008489173634075,0.0028847983953355,301.53203527662487,306.3063124762641,307.53205693562825,-5.627443457303524,-6.448185746242837,0.7376873626341236,0.8595133178352933,0.8527141917413794,0.12182595520116968
1520,36.97789050245317,2.255419938005428,0,8,2020-04-07,,synthetic_background,0.0196272998881568,0.0030396363613007,302.31216765509714,307.34083396063915,308.5436509026421,-5.699523485349978,-5.8536103211010575,0.9087259597234008,0.8483662670928173,1.0178732040898095,-0.060359692630583495
1521,37.528453515490966,3.5192832968414,0,8,2020-04-07,,synthetic_background,0.0455894291234244,0.0016811720010636,303.9007310231526,307.6112332661947,308.3147555033366,-9.69449390240394,-10.575716670894368,0.4688120363126414,0.3875699170634962,0.3196085359861667,-0.0812421192491452
1522,36.70484163209157,3.7190672279914794,0,8,2020-04-07,,synthetic_background,0.0184950202536811,0.001318373429477,304.00859235127774,308.0578749762641,308.4990653991699,-9.434801678474246,-10.394211219578027,0.3791375226314451,0.4090100858631513,0.3777774612790164,0.029872563231706173
1523,37.3622646472782,0.8364580970831128,0,8,2020-04-07,,synthetic_background,0.024963897449993,0.0105704895135758,297.1101060231527,298.995299021403,300.4094278123643,-5.964267329311941,-6.942734413825308,0.7517016636102355,0.8083337889277228,0.7436927226242115,0.05663212531748729
1524,37.176618940923504,1.9212300390327532,0,8,2020-04-07,,synthetic_background,0.0112234473061789,0.0047416320917008,299.72849252488874,304.1379096984863,305.0266098870172,-5.848821335827542,-6.952183952418419,0.5505043760535075,0.8275544411257687,0.648164232451953,0.27705006507226115
1525,36.239833099704825,3.863681601931302,0,8,2020-04-07,,synthetic_background,0.0261710256171454,0.0012841156598923,304.7680270300971,305.0680258009169,305.7618909200032,-7.881239737027094,-9.174217137792322,0.4854151728741206,0.5602733413694887,0.6416780247143558,0.07485816849536808
1526,38.32510072865436,1.061722023272664,0,8,2020-04-07,,synthetic_background,0.0101825564933051,0.0083583674308655,302.6954630109998,307.11911087036134,307.8953761630588,-5.998534820389749,-5.679015224306808,0.7204013363979392,0.8034586480266792,0.8106471840380609,0.08305731162873997
1527,36.33146242539424,4.520429541453879,0,8,2020-04-07,,synthetic_background,0.0534276932311286,0.0004041573879121,304.7156615787082,306.83083504570857,306.2684935675727,-6.002109717190379,-6.678557204931272,0.6967882590046227,0.8031588333378601,0.903759228056579,0.10637057433323738
1528,36.651128431550426,3.874774182962221,0,8,2020-04-07,,synthetic_background,0.0180692642760504,0.0006556144830582,304.4015014224582,308.6756375630696,308.93295754326715,-8.192282289242467,-10.427538798557396,0.4022260101415967,0.5266481369809801,0.486416777710647,0.12442212683938342
1529,37.70058496287312,5.404032676084676,0,8,2020-04-07,,synthetic_background,0.0132522404027213,0.0002382329580186,301.2528523339166,299.76958287556965,300.7723998175727,-5.875005551185549,-3.9899264021802807,0.9294126754016376,0.8216715053315016,0.7979255781895368,-0.10774117007013606
1530,37.20598082633428,3.730704588514963,0,8,2020-04-07,,synthetic_background,0.0214713930917014,0.0006174377080796,304.99291852315275,309.4418756273057,310.06355107625325,-10.151838676153364,-10.286481216684752,0.4970648852910019,0.35224274898996,0.4253837996946177,-0.1448221363010419
1531,38.10051366611748,3.4753088988173824,0,8,2020-04-07,,synthetic_background,0.0063429742884864,0.0024895897981522,301.0642835405138,304.9674018859864,305.6641261630588,-6.560439633768343,-7.1432017959892615,0.6900416914012559,0.7234013086677837,0.580889336184466,0.03335961726652781
1532,38.19131960205189,4.200880508053055,0,8,2020-04-07,,synthetic_background,0.0180152624678839,0.0020002505657075,296.5593410491944,300.4762397766113,300.8306680467394,-6.074988727191517,-5.889002132518272,0.7495919574208689,0.7920150722863554,0.8962912040931146,0.042423114865486444
1533,38.6821911692007,4.658108623747206,0,8,2020-04-07,,synthetic_background,0.0068988323045005,0.0006148300048707,298.11120194329163,301.5122098286947,302.60853263007266,-6.149225801671992,-5.757997095225907,0.9323110768399095,0.7812132848517678,0.7546878608069664,-0.15109779198814177
1534,37.6297209142077,2.9664483262622614,0,8,2020-04-07,,synthetic_background,0.0093936741185416,0.0011420032855866,305.1175278981527,309.6994168599446,311.04555519951714,-10.08798062087938,-10.14359388138335,0.4345040835371653,0.3569946793593568,0.3913621552449814,-0.0775094041778085
1535,36.28448918769444,2.334818991801007,0,8,2020-04-07,,synthetic_background,0.0327424675059546,0.0013754597780106,303.0256116655138,310.1534424675836,311.0620970831977,-8.136257161738136,-7.539274114792672,0.5606618648574476,0.5325756206937488,0.5164239422584154,-0.02808624416369887
1536,36.12442886603543,1.0571982927081416,0,8,2020-04-07,,synthetic_background,0.0313284814191092,0.0049873969432709,300.80695389641653,303.5997586568197,304.35576027764205,-6.280657633903614,-6.504938238988686,0.9475060315348368,0.7737110302134835,0.8146146037097556,-0.17379500132135328
1537,37.75473196821464,1.807698542603885,0,8,2020-04-07,,synthetic_background,0.0120380192828406,0.0028239271518586,302.37413597106934,305.8568441602919,307.1577188279893,-5.815938709150721,-6.451882336816249,0.8545793830235859,0.8305867493487499,0.7322165300184365,-0.02399263367483606
1538,36.95859925472447,2.8400473793757435,0,8,2020-04-07,,synthetic_background,0.0230438083243598,0.0018376192924378,301.41469586690266,306.71689732869464,308.19139938354493,-6.172315312422391,-5.816783817793102,0.643102085988511,0.7778764995299393,0.9832758223249158,0.13477441354142827
1539,37.35535204574325,1.66947187794179,0,8,2020-04-07,,synthetic_background,0.0097717016768683,0.0053026161071656,300.55283605787486,304.0674235873752,305.23919126722546,-5.330664760617648,-5.061056753283902,0.8959554459506315,0.9065255634628674,1.113252241704116,0.01057011751223591
1540,36.329722222,1.10777777800007,1,9,2020-04-14,2020-04-16,fao_hopper,0.0363904505801429,0.0042182139036057,299.42642546759714,302.9153728061253,304.06565611097545,-5.138017054237087,-5.56331080139436,1.0881239294529206,0.9462745292559632,0.9967592630419668,-0.14184940019695735
1541,37.2333333330001,1.6,1,9,2020-04-14,2020-04-20,fao_hopper,0.0113515674901236,0.0060436210510133,298.4664753807916,300.9013699849447,302.0646632724338,-4.941183339832545,-5.58859159360156,0.791908339503724,0.9709351729812172,0.7416581571126302,0.17902683347749326
1542,37.1,1.25,1,9,2020-04-14,2020-04-20,fao_hopper,0.0159246146512259,0.0090174308893082,297.1793171776665,299.756578318278,300.83615307278103,-5.163479518942793,-5.090665800645717,0.9267369231762076,0.9371374684531462,0.8768968679843087,0.010400545276938566
1543,37.25,1.58333333300004,1,9,2020-04-14,2020-04-20,fao_hopper,0.0113515674901236,0.0060436210510133,298.4664753807916,300.9013699849447,302.0646632724338,-5.898341670126397,-4.84965236475993,0.994088117834563,0.8181688823345796,0.8187913891344307,-0.17591923549998334
1544,37.016666667,5.3,1,9,2020-04-14,2020-04-14,fao_band,0.048012357933544,0.0002922496673463,303.47995736863874,301.520152537028,302.0893160502116,-6.152815163899827,-5.615344398712474,0.7844786267715386,0.7806938567662726,0.906353225669556,-0.0037847700052660027
1545,37.1,5.31666666700005,1,9,2020-04-14,2020-04-14,fao_band,0.0625197708440055,0.0003340325233338,303.0818019866944,302.26176495022247,302.4693941752116,-4.865038639695278,-5.740771954636811,0.8375612578209781,0.9838844756487546,0.8019735286707056,0.14632321782777646
1546,36.9166666670001,5.61666666700006,1,9,2020-04-14,2020-04-15,fao_band,0.0072725981307257,0.0001151493665574,303.2287854936388,303.98214797973634,303.8197848002116,-5.230440649767008,-5.632262260585324,0.8798855485168411,0.9228066577596264,0.7314595552333033,0.04292110924278536
1547,37.1,5.15,1,9,2020-04-14,2020-04-17,fao_band,0.0839651942086447,0.0013477883216737,300.04409582349984,299.5320340474446,299.66782082451715,-4.616316684086592,-6.182279828540587,0.9105610825859872,1.0269873403787038,1.0592144169584157,0.11642625779271654
1548,36.8602777780001,1.33555555600003,1,9,2020-04-14,2020-04-15,fao_adult,0.0125903457236518,0.0083633593198655,297.05417069329155,299.67441685994464,300.67654478285044,-6.623893734030849,-8.819529300102227,0.6894184220329936,0.7147836395923267,0.558291812025054,0.025365217559333075
1549,37.0575,5.345,1,9,2020-04-14,2020-04-16,fao_adult,0.0625197708440055,0.0003340325233338,303.0818019866944,302.26176495022247,302.4693941752116,-6.04160377042418,-5.739522006459674,0.7951366151471884,0.7969092476069175,0.8959019074911165,0.0017726324597291399
1550,37.15,0.233333333000076,1,9,2020-04-14,2020-04-15,fao_swarm,0.0698152005505789,0.0322793654081223,290.8701374901666,292.3087484571669,293.65082321167,-6.874294782604933,-6.445827017411156,0.7525177528836094,0.6815605170794068,0.7785053791845407,-0.07095723580420266
1551,37.05,0.116666667000061,1,9,2020-04-14,2020-04-15,fao_swarm,0.0593588173222769,0.0246106169101594,291.62985428704155,292.5644993252224,293.78520906236434,-5.566203701207051,-5.236273014702781,0.7920825018695938,0.869067226575674,0.7437222565465503,0.0769847247060802
1552,36.9230555560001,2.24,1,9,2020-04-14,2020-04-14,fao_swarm,0.0308054655623664,0.0044191560623048,297.67469478183324,301.8058350457086,302.912080807156,-5.858376932423463,-5.777127027201407,0.9200252608073496,0.8241741458776496,0.7499467125045141,-0.0958511149297
1553,36.841388889,2.48722222200007,1,9,2020-04-14,2020-04-14,fao_swarm,0.0248164057564963,0.0025168142196534,302.9651353200276,308.9967096116808,310.8112724304199,-8.951124803082806,-6.448751853334136,0.6071956190543769,0.4517532940135616,0.6559925239486165,-0.1554423250408153
1554,37.022222222,0.870555556000056,1,9,2020-04-14,2020-04-14,fao_swarm,0.0184936791491736,0.0143415561792252,294.8608872731526,296.3903402540419,297.6376070658367,-6.321379736493575,-6.192932446700257,0.737235578241038,0.7600533219497323,0.7709035791107687,0.02281774370869427
1555,37.005,0.866666667000061,1,9,2020-04-14,2020-04-14,fao_swarm,0.0184936791491736,0.0143415561792252,294.8608872731526,296.3903402540419,297.6376070658367,-5.460787668332422,-5.905936490301055,0.8450037888857749,0.8866334728900159,0.8871510716087702,0.04162968400424105
1556,37.5552777780001,0.774166667000031,1,9,2020-04-14,2020-04-14,fao_swarm,0.0138061612677802,0.0079064152118562,298.8953219519721,302.1301460266113,303.15823966132274,-5.678586468382125,-4.348451594100342,0.8664928918928846,0.8515932153749636,1.1890036227172929,-0.014899676517921012
1557,36.850833333,2.3025,1,9,2020-04-14,2020-04-14,fao_swarm,0.0233732729983557,0.0033908567306397,300.43234994676374,306.1119114345974,307.5188082377116,-5.498383413419349,-5.6097048726859065,0.6877330034689887,0.8797370031738825,0.7578769096272728,0.1920039997048938
1558,37.3172222220001,0.978888889000075,1,9,2020-04-14,2020-04-14,fao_swarm,0.022315558774494,0.0148050120946763,296.07089161343043,297.8332330491808,298.99430736965604,-5.927949093240496,-4.804242911493788,0.8571873635215861,0.8137409516168305,0.9314037467996966,-0.04344641190475562
1559,37.3183333330001,0.979166667000072,1,9,2020-04-14,2020-04-14,fao_swarm,0.022315558774494,0.0148050120946763,296.07089161343043,297.8332330491808,298.99430736965604,-4.1671751643254815,-5.913113587044439,0.929969218050154,1.1078911957765305,0.9578122100445718,0.17792197772637652
1560,36.831944444,2.49166666700006,1,9,2020-04-14,2020-04-14,fao_swarm,0.0248164057564963,0.0025168142196534,302.9651353200276,308.9967096116808,310.8112724304199,-9.488407411426918,-9.64031622834479,0.4046560001832535,0.4045000217660364,0.3447141337462563,-0.00015597841721709527
1561,37.278333333,0.359166667000068,1,9,2020-04-14,2020-04-14,fao_swarm,0.0217049240899314,0.0107296786186097,295.04047169155547,298.1306777106391,300.0369668748644,-6.34771232902715,-5.954201380792308,0.8371803936779671,0.7528818932428518,0.8681469005577871,-0.08429850043511533
1562,36.8602777780001,1.33555555600003,1,9,2020-04-14,2020-04-14,fao_swarm,0.0125903457236518,0.0083633593198655,297.05417069329155,299.67441685994464,300.67654478285044,-6.623893734030849,-8.819529300102227,0.6894184220329936,0.7147836395923267,0.558291812025054,0.025365217559333075
1563,37.400833333,1.00055555600005,1,9,2020-04-14,2020-04-15,fao_swarm,0.0245174139571417,0.0161084315654633,297.09932585822213,298.71177037556964,299.92089157104493,-5.319812334281689,-4.580927928586807,0.8625776298938569,0.9082786593765256,0.9276794731826822,0.04570102948266874
1564,36.9841666670001,0.85138888900002,1,9,2020-04-14,2020-04-15,fao_swarm,0.0184936791491736,0.0143415561792252,294.8608872731526,296.3903402540419,297.6376070658367,-4.90769079655114,-5.075998855626434,0.969802087513222,0.9789144105564656,0.7060680262448116,0.009112323043243498
1565,37.397777778,1.00361111100005,1,9,2020-04-14,2020-04-15,fao_swarm,0.0245174139571417,0.0161084315654633,297.09932585822213,298.71177037556964,299.92089157104493,-6.34483173364443,-5.031807660094314,0.7896664720742944,0.7532873576158086,0.8758746039531116,-0.03637911445848585
1566,36.895277778,2.31388888900005,1,9,2020-04-14,2020-04-15,fao_swarm,0.0233732729983557,0.0033908567306397,300.43234994676374,306.1119114345974,307.5188082377116,-4.87166347861792,-3.0086397354013243,0.8895022652437139,0.9827532356333244,0.8620754969550783,0.0932509703896105
1567,36.9255555560001,2.24138888900006,1,9,2020-04-14,2020-04-15,fao_swarm,0.0308054655623664,0.0044191560623048,297.67469478183324,301.8058350457086,302.912080807156,-4.921029213891666,-5.1026296680789365,1.0724010904213088,0.9743513195411386,0.9252105721749152,-0.0980497708801702
1568,36.826111111,2.495,1,9,2020-04-14,2020-04-15,fao_swarm,0.0248164057564963,0.0025168142196534,302.9651353200276,308.9967096116808,310.8112724304199,-6.238208422758975,-6.839400271947268,0.7330741518997914,0.768413438082523,0.6623821084492743,0.03533928618273163
1569,37.4819444440001,0.496666667000056,1,9,2020-04-14,2020-04-15,fao_swarm,0.0114259391856421,0.0077304921028016,297.5382201724582,300.88975431654194,302.3586248609755,-6.133745631156467,-6.096717999165908,0.8521747078809654,0.7834564679780188,1.144634922436377,-0.06871823990294657
1570,37.201666667,0.430277778000061,1,9,2020-04-14,2020-04-15,fao_swarm,0.0282815813851584,0.0106813988563416,293.1700127071805,295.34805509779187,297.0920829772949,-7.35803726150705,-7.821030875272289,0.5740717736636802,0.6208706018362273,0.706946443900095,0.0467988281725471
1571,36.839444444,0.556388889000061,1,9,2020-04-14,2020-04-15,fao_swarm,0.0283740430903662,0.0123753032562134,293.2820190005832,294.7341553582085,295.80079065958665,-6.470509400525466,-6.037890604353244,0.9045757649006854,0.7385715661076924,0.9584639475204164,-0.166004198792993
1572,36.832222222,2.48611111100007,1,9,2020-04-14,2020-04-15,fao_swarm,0.0248164057564963,0.0025168142196534,302.9651353200276,308.9967096116808,310.8112724304199,-7.822560553456048,-7.828269850791665,0.5558675072414218,0.5668147941940868,0.7292966215893858,0.010947286952665003
1573,37.005,0.866666667000061,1,9,2020-04-14,2020-04-15,fao_swarm,0.0184936791491736,0.0143415561792252,294.8608872731526,296.3903402540419,297.6376070658367,-5.460787668332422,-5.905936490301055,0.8450037888857749,0.8866334728900159,0.8871510716087702,0.04162968400424105
1574,36.6666666670001,0.6,1,9,2020-04-14,2020-04-14,fao_swarm,0.0360904753041495,0.0141985497352479,293.1439873165554,294.35069181654194,295.049922604031,-5.298410753682772,-5.895711720973772,0.9326802278955646,0.9117428726989562,0.9779991761219412,-0.020937355196608443
1575,36.6333333330001,1.26666666700004,1,9,2020-04-14,2020-04-14,fao_swarm,0.0374329507184256,0.0084711394187806,292.6619614919027,295.0516792297363,295.77477611965605,-7.122905731928903,-6.340402100618249,0.8996794119521871,0.6498005690468962,0.9121219504413356,-0.24987884290529094
1576,37.4833333330001,0.516666667000038,1,9,2020-04-14,2020-04-14,fao_swarm,0.0114259391856421,0.0077304921028016,297.5382201724582,300.88975431654194,302.3586248609755,-7.041008124334466,-7.471361840069544,0.8633122104259724,0.6601290867175871,0.4636670009922249,-0.20318312370838532
1577,37.583333333,0.933333333000064,1,9,2020-04-14,2020-04-14,fao_swarm,0.0147717118096579,0.0091259411451218,299.0534111446804,302.37941360473627,303.3710543314616,-5.069768472789335,-5.341566125100605,1.08030099102218,0.949331964963262,0.899071976694928,-0.13096902605891791
1578,37.587777778,0.360555556000065,1,9,2020-04-14,2020-04-15,fao_swarm,0.0201253712010611,0.0124151489612458,297.0539482540554,299.85700692070844,301.3834512498644,-6.724749392073447,-6.820397517409133,0.6268579033982301,0.7012521169427453,0.650109266355932,0.07439421354451514
1579,37.266666667,5.65,1,9,2020-04-14,2020-04-15,fao_swarm,0.0254147469830741,0.0002612254497407,295.1848998599582,295.9749322679308,296.55557581583656,-6.8231133572708895,-7.50099283975582,0.6509092846008508,0.6882499858201747,0.6270503369323144,0.03734070121932387
1580,37.0,5.33333333300004,1,9,2020-04-14,2020-04-15,fao_swarm,0.048012357933544,0.0002922496673463,303.47995736863874,301.520152537028,302.0893160502116,-4.829967168311788,-4.780775728243706,0.974102745152972,0.9898877920163924,1.103543681452569,0.015785046863420416
1581,36.783333333,5.65,1,9,2020-04-14,2020-04-15,fao_swarm,0.0280644565654029,0.0054017535325883,301.1061238182916,301.112242380778,300.9623520745172,-6.479553205496639,-6.156174411110686,0.7672186201523643,0.7345035448271175,0.8891865945481676,-0.032715075325246756
1582,36.9166666670001,5.28333333300003,1,9,2020-04-14,2020-04-15,fao_swarm,0.0205123543572653,0.0001418075439332,302.12473275926374,304.6255073547363,304.28505172729496,-5.2698500991226105,-5.404801230631517,1.0742021695635482,0.916380393222528,0.9315594598249928,-0.15782177634102024
1583,36.9333333330001,5.41666666700007,1,9,2020-04-14,2020-04-15,fao_swarm,0.0167049288583029,0.0001721761104462,302.9021904415555,305.82745505438913,305.32761357625327,-6.367571862005269,-6.369979338660799,0.9471732834428888,0.7500910838738044,0.915876009399911,-0.19708219956908435
1584,37.1333333330001,5.85,1,9,2020-04-14,2020-04-15,fao_swarm,0.038973000628971,0.0025166503068803,299.176886622111,297.9087376064724,298.26865632798933,-9.283944250778804,-8.85537880273437,0.6018163034070065,0.421942168590242,0.3903068366349916,-0.17987413481676456
1585,37.016666667,5.58333333300004,1,9,2020-04-14,2020-04-16,fao_swarm,0.0155941366982688,0.0001489004966614,303.12233475579154,301.53233786688907,301.48416197035044,-6.170904534121222,-6.047064472644804,0.9493112126973684,0.7780800679491684,1.0982850078333262,-0.1712311447482
1586,37.1333333330001,5.08333333300004,1,9,2020-04-14,2020-04-16,fao_swarm,0.0839651942086447,0.0013477883216737,300.04409582349984,299.5320340474446,299.66782082451715,-6.63461727299996,-3.822936241250817,0.9329367859203294,0.7133352420586041,0.7944617692121216,-0.21960154386172526
1587,36.9,5.61666666700006,1,9,2020-04-14,2020-04-16,fao_swarm,0.0072725981307257,0.0001151493665574,303.2287854936388,303.98214797973634,303.8197848002116,-5.331902383461681,-5.35065415592166,1.1031751802841816,0.9063257904741554,0.7574318385863725,-0.1968493898100262
1588,36.8666666670001,5.76666666700004,1,9,2020-04-14,2020-04-16,fao_swarm,0.0124289065432776,0.0003857693549988,298.148761622111,300.24910761515304,300.1410792880588,-5.716825403768967,-8.536696744266635,0.5837536009091104,0.8457063342974208,0.639664022120004,0.2619527333883104
1589,36.783333333,5.46666666700003,1,9,2020-04-14,2020-04-16,fao_swarm,0.0214518725705374,0.0041941038247941,302.9827405717638,303.4217530144586,303.0734848870171,-5.471028845083072,-5.162769805360835,0.8095261965350213,0.8840670736951224,0.8736381497409644,0.07454087716010105
1590,36.766666667,5.43333333300006,1,9,2020-04-14,2020-04-16,fao_swarm,0.0166614770722617,0.0009868672963975,302.29755176968047,304.9990208095975,304.6980128818088,-3.920690779658612,-4.487058848727726,0.9530610778260477,1.1539243949834417,1.0072751142763658,0.20086331715739403
1591,36.9166666670001,5.28333333300003,1,9,2020-04-14,2020-04-16,fao_swarm,0.0205123543572653,0.0001418075439332,302.12473275926374,304.6255073547363,304.28505172729496,-5.2698500991226105,-5.404801230631517,1.0742021695635482,0.916380393222528,0.9315594598249928,-0.15782177634102024
1592,37.016666667,5.31666666700005,1,9,2020-04-14,2020-04-16,fao_swarm,0.048012357933544,0.0002922496673463,303.47995736863874,301.520152537028,302.0893160502116,-7.126875138334352,-4.65926303789867,0.7119686168628374,0.6493032924570026,0.909613304156332,-0.06266532440583483
1593,37.266666667,5.13333333300005,1,9,2020-04-14,2020-04-16,fao_swarm,0.0372823595834006,0.0005830905315278,299.94686275058325,301.08789342244467,301.15595016479494,-7.306436507271494,-6.495518415693232,0.8565428295786923,0.6271280216516072,0.7286135596994909,-0.22941480792708513
1594,37.3,5.13333333300005,1,9,2020-04-14,2020-04-16,fao_swarm,0.0372823595834006,0.0005830905315278,299.94686275058325,301.08789342244467,301.15595016479494,-7.642592983040869,-8.128722072387623,0.5680441549540336,0.5872755561622893,0.4485416118214829,0.019231401208255727
1595,37.05,5.11666666700006,1,9,2020-04-14,2020-04-16,fao_swarm,0.0508628755641211,0.0003801367160676,303.77774382697214,302.4494331359863,302.73594690958663,-6.075835923751908,-6.193183152389364,0.8369610701144448,0.7918911697886724,0.8751036038467512,-0.045069900325772405
1596,37.05,5.58333333300004,1,9,2020-04-14,2020-04-16,fao_swarm,0.0155941366982688,0.0001489004966614,303.12233475579154,301.53233786688907,301.48416197035044,-5.486949693816872,-5.32366525547216,0.974534489372196,0.881545040456438,0.9632628716981976,-0.092989448915758
1597,36.85,5.61666666700006,1,9,2020-04-14,2020-04-16,fao_swarm,0.0072725981307257,0.0001151493665574,303.2287854936388,303.98214797973634,303.8197848002116,-5.2824308823346815,-5.724902724683688,0.9169914118392358,0.9143355549095314,0.8017931933532523,-0.002655856929704381
1598,36.75,5.46666666700003,1,9,2020-04-14,2020-04-16,fao_swarm,0.0425050377679099,0.0088242075321076,299.3902004241943,298.04131681654184,298.32786314222545,-4.03310709553759,-6.118668091624032,0.8651571221010781,1.132788853164566,0.8947396479795733,0.2676317310634879
1599,37.4166666670001,5.83333333300004,1,9,2020-04-14,2020-04-17,fao_swarm,0.0661884814334143,0.0017242214557526,299.1771850162082,297.1579889085557,297.8945894877116,-5.377905833659852,-5.279397499310171,0.710385051478843,0.8989221560458135,0.7525670958623598,0.18853710456697048
1600,36.8833333330001,5.56666666700005,1,9,2020-04-14,2020-04-17,fao_swarm,0.0072725981307257,0.0001151493665574,303.2287854936388,303.98214797973634,303.8197848002116,-5.710435881255364,-4.17651302015373,0.9553596352053132,0.8466879243639539,0.8988387389313681,-0.10867171084135929
1601,36.8833333330001,5.25,1,9,2020-04-14,2020-04-17,fao_swarm,0.0205123543572653,0.0001418075439332,302.12473275926374,304.6255073547363,304.28505172729496,-5.2619786104880575,-6.417635447705362,0.9687207606784763,0.9176614321673132,1.1896823330120028,-0.05105932851116313
1602,36.533333333,5.8,1,9,2020-04-14,2020-04-17,fao_swarm,0.1393784403634299,0.0330426475879548,296.6278957366944,296.09746916029195,296.3841131422254,-10.18633161785756,-9.17485474237747,0.5709396286963739,0.349699826826533,0.4456250422048913,-0.22123980186984094
1603,37.016666667,5.75,1,9,2020-04-14,2020-04-17,fao_swarm,0.0152455389332999,0.0001198283311723,302.46086014641656,302.3050266689724,302.0375148349338,-5.105623736541245,-4.918839654774548,0.993969744868239,0.9433674046649468,0.9830180085876764,-0.05060234020329213
1604,37.266666667,5.65,1,9,2020-04-14,2020-04-17,fao_swarm,0.0254147469830741,0.0002612254497407,295.1848998599582,295.9749322679308,296.55557581583656,-6.8231133572708895,-7.50099283975582,0.6509092846008508,0.6882499858201747,0.6270503369323144,0.03734070121932387
1605,36.766666667,5.46666666700003,1,9,2020-04-14,2020-04-17,fao_swarm,0.0214518725705374,0.0041941038247941,302.9827405717638,303.4217530144586,303.0734848870171,-6.061583678450465,-4.643990329239866,0.9716987229480516,0.7939775038998551,0.961066763282404,-0.1777212190481965
1606,37.966666667,5.68333333300006,1,9,2020-04-14,2020-04-18,fao_swarm,0.0704647272658576,0.002778374302089,296.0066012488472,296.7049018859863,297.88069517347554,-4.896556932337246,-5.36005693778559,0.8048192708997273,0.9832106243054772,0.7671074523528283,0.17839135340574996
1607,36.9166666670001,5.66666666700007,1,9,2020-04-14,2020-04-18,fao_swarm,0.0092337250542868,7.390295237286182e-05,300.23595237731934,301.7298639085558,301.65892868041993,-6.554148390824977,-5.068243919895265,0.748451389069792,0.7242601154241786,0.779404347255785,-0.024191273645613465
1608,36.8833333330001,5.61666666700006,1,9,2020-04-14,2020-04-18,fao_swarm,0.0072725981307257,0.0001151493665574,303.2287854936388,303.98214797973634,303.8197848002116,-5.67235844138767,-4.113056982390969,0.8340461412862609,0.8525548453362793,0.7404612962998767,0.018508704050018476
1609,36.65,0.433333333000064,1,9,2020-04-14,2020-04-16,fao_swarm,0.0339659273457755,0.0073363861915467,292.6784382714166,294.7414687262641,295.4081420050727,-5.418814048660067,-5.42852509105845,0.8768957287267735,0.8923746914849154,0.7282924313972943,0.015478962758141979
1610,36.583333333,0.683333333000064,1,9,2020-04-14,2020-04-16,fao_swarm,0.0317392021250952,0.0144532552835343,293.0432277679444,294.5948541429308,294.95246166653106,-5.270156977036624,-5.242700839273013,0.7207621058955507,0.9163304760929176,0.8703988351504142,0.19556837019736695
1611,36.6,0.716666667000027,1,9,2020-04-14,2020-04-16,fao_swarm,0.0317392021250952,0.0144532552835343,293.0432277679444,294.5948541429308,294.95246166653106,-5.957254649864357,-6.096075731247726,0.7916290458647124,0.8093757626320238,0.8305821825213178,0.017746716767311432
1612,36.966666667,0.633333333000053,1,9,2020-04-14,2020-04-17,fao_swarm,0.0308079987597693,0.014325090396106,294.6985717349582,295.8353760613336,297.0976059807671,-5.885444217714593,-5.969351282073571,1.057813297516829,0.8259531571435789,0.9137134308766296,-0.2318601403732502
1613,37.016666667,0.583333333000041,1,9,2020-04-14,2020-04-17,fao_swarm,0.0308079987597693,0.014325090396106,294.6985717349582,295.8353760613336,297.0976059807671,-5.489272393769035,-5.069349532991048,0.7811383732738546,0.8811775315747449,0.6310038862070507,0.10003915830089027
1614,37.016666667,0.45,1,9,2020-04-14,2020-04-17,fao_swarm,0.0429744094443549,0.0136588147756455,293.01503766377766,294.500963083903,296.27949617173937,-5.142780335238482,-5.418397808289766,0.8751783606571936,0.937213755984188,0.9149371289863149,0.062035395326994425
1615,37.316666667,0.416666667000072,1,9,2020-04-14,2020-04-17,fao_swarm,0.0217049240899314,0.0107296786186097,295.04047169155547,298.1306777106391,300.0369668748644,-5.379756020721368,-5.379914187940241,0.661613220584399,0.8986252936717459,0.8551280335328996,0.23701207308734695
1616,37.283333333,0.45,1,9,2020-04-14,2020-04-17,fao_swarm,0.0217049240899314,0.0107296786186097,295.04047169155547,298.1306777106391,300.0369668748644,-7.587242737726584,-6.822142949916602,0.7729272203250529,0.5936901884991682,0.6800998397572745,-0.17923703182588469
1617,37.516666667,0.433333333000064,1,9,2020-04-14,2020-04-17,fao_swarm,0.0136253058743704,0.0104342481967805,296.9686726464166,300.09502232869465,301.682100338406,-4.457780417849085,-5.419885389381428,0.9523251267814984,1.0550980096340867,1.0791643894027596,0.10277288285258834
1618,37.5,0.416666667000072,1,9,2020-04-14,2020-04-17,fao_swarm,0.0136253058743704,0.0104342481967805,296.9686726464166,300.09502232869465,301.682100338406,-5.948233314694203,-6.350145642461868,0.7663763804900328,0.8107176647028315,1.0379412296237711,0.044341284212798704
1619,36.6333333330001,1.11666666700006,1,9,2020-04-14,2020-04-17,fao_swarm,0.0539114147258033,0.0172059467908738,291.7796969519721,293.3934869554307,293.9258286370171,-5.385534440006726,-6.3684654438026165,0.7603587063595492,0.897698595112509,0.6341022043644035,0.13733988875295988
1620,36.566666667,0.883333333000053,1,9,2020-04-14,2020-04-17,fao_swarm,0.0549931049180258,0.020692729103267,292.73978809780544,293.8670166863336,294.33535012139225,-6.914345214139631,-6.92093600209399,0.7933236587529682,0.6763619930597398,0.8048911026049906,-0.11696166569322841
1621,36.716666667,2.75,1,9,2020-04-14,2020-04-17,fao_swarm,0.0299922048878897,0.001530998098552,305.4474052853054,307.714146677653,309.3339178297255,-9.303892687042454,-7.596981670786237,0.7126577365776579,0.4202116439136701,0.3937727407346522,-0.29244609266398774
1622,36.6166666670001,1.28333333300003,1,9,2020-04-14,2020-04-17,fao_swarm,0.0374329507184256,0.0084711394187806,292.6619614919027,295.0516792297363,295.77477611965605,-7.406219552853422,-7.4328140528859805,0.6887426979953988,0.6150738253218327,0.578647891338297,-0.07366887267356603
1623,36.6833333330001,1.05,1,9,2020-04-14,2020-04-17,fao_swarm,0.0419799208474387,0.0183219245550034,292.9377915700277,293.7988092210557,294.5215263366699,-6.4670886940115615,-6.078448289401049,0.7380975220026935,0.7362260807901838,0.7842390618804859,-0.0018714412125097057
1624,36.583333333,0.7,1,9,2020-04-14,2020-04-18,fao_swarm,0.0317392021250952,0.0144532552835343,293.0432277679444,294.5948541429308,294.95246166653106,-7.383057841174404,-5.42452409044383,0.7505758116239194,0.6178548474024412,0.9615876343558184,-0.13272096422147817
1625,37.1666666670001,0.383333333000053,1,9,2020-04-14,2020-04-18,fao_swarm,0.0282815813851584,0.0106813988563416,293.1700127071805,295.34805509779187,297.0920829772949,-6.422297661017415,-5.5978795786772455,0.882533179880245,0.7424418035263556,0.7780135481095167,-0.14009137635388946
1626,37.35,0.35,1,9,2020-04-14,2020-04-18,fao_swarm,0.0434273302388419,0.0233941457149384,292.7122327592638,294.34187562730585,296.07174877590603,-6.480350182843328,-6.253843899530663,0.9451044913241644,0.7343935126838399,0.7676620857210458,-0.2107109786403245
1627,37.005,0.865277778000063,1,9,2020-04-14,2020-04-16,fao_swarm,0.0184936791491736,0.0143415561792252,294.8608872731526,296.3903402540419,297.6376070658367,-5.935703049577741,-6.604978169227543,0.7886817206578947,0.8139149813841379,1.2381915207928402,0.025233260726243212
1628,37.3144444440001,0.976111111000023,1,9,2020-04-14,2020-04-16,fao_swarm,0.022315558774494,0.0148050120946763,296.07089161343043,297.8332330491808,298.99430736965604,-6.020591196939847,-5.731657771068095,0.9226140201288368,0.8000012844880716,1.0622532122024342,-0.12261273564076514
1629,36.825555556,2.48916666700006,1,9,2020-04-14,2020-04-16,fao_swarm,0.0248164057564963,0.0025168142196534,302.9651353200276,308.9967096116808,310.8112724304199,-8.359211075364486,-8.266525177248923,0.4886972951700644,0.509318157586824,0.449818774115841,0.02062086241675959
1630,36.908333333,2.24333333300007,1,9,2020-04-14,2020-04-16,fao_swarm,0.0308054655623664,0.0044191560623048,297.67469478183324,301.8058350457086,302.912080807156,-5.104646803805977,-5.759950263053408,0.7772257985751057,0.9435295745733716,1.0879418460762882,0.16630377599826596
1631,37.3113888890001,0.98055555600007,1,9,2020-04-14,2020-04-16,fao_swarm,0.022315558774494,0.0148050120946763,296.07089161343043,297.8332330491808,298.99430736965604,-4.549833588661155,-6.076176903215524,0.8232997847335815,1.0387157872793074,0.6856694520996336,0.2154160025457259
1632,36.895277778,2.31388888900005,1,9,2020-04-14,2020-04-16,fao_swarm,0.0233732729983557,0.0033908567306397,300.43234994676374,306.1119114345974,307.5188082377116,-4.87166347861792,-3.0086397354013243,0.8895022652437139,0.9827532356333244,0.8620754969550783,0.0932509703896105
1633,36.653611111,1.05083333300007,1,9,2020-04-14,2020-04-16,fao_swarm,0.0329991400075186,0.0137145302173493,292.377228418986,293.548961130778,294.4371187845865,-6.2957836582453535,-8.084574230571837,0.8325501706551379,0.7602169706752585,0.6524602441745033,-0.07233319997987941
1634,36.711111111,0.902777778000029,1,9,2020-04-14,2020-04-16,fao_swarm,0.03363434670689,0.0170607647773621,292.9976222991943,293.9764676411947,294.67977828979485,-6.657694466369755,-6.820635610704748,0.6831467344698647,0.7102260677281916,0.7932861902366448,0.0270793332583269
1635,36.473611111,0.855833333000021,1,9,2020-04-14,2020-04-16,fao_swarm,0.0548583835196723,0.0173498473045228,293.3483601464165,295.02684741550024,295.38613137139214,-5.987676965761611,-6.502843711786172,0.7890056346185974,0.816206397179188,0.6236345144124825,0.027200762560590563
1636,36.841388889,2.48722222200007,1,9,2020-04-14,2020-04-16,fao_swarm,0.0248164057564963,0.0025168142196534,302.9651353200276,308.9967096116808,310.8112724304199,-8.951124803082806,-6.448751853334136,0.6071956190543769,0.4517532940135616,0.6559925239486165,-0.1554423250408153
1637,37.0027777780001,0.871944444000064,1,9,2020-04-14,2020-04-16,fao_swarm,0.0184936791491736,0.0143415561792252,294.8608872731526,296.3903402540419,297.6376070658367,-6.420716542804929,-6.344467904440053,0.8968579327748507,0.7429963300125726,0.689272305229581,-0.15386160276227812
1638,36.718611111,0.837222222000037,1,9,2020-04-14,2020-04-16,fao_swarm,0.0236278444361914,0.0141208848831055,293.16849360995826,295.1162191602919,295.43832321167,-8.7549904691163,-8.865601658586415,0.42151141074528,0.4701698358407362,0.5411663001919749,0.048658425095456204
1639,36.842777778,2.48944444400007,1,9,2020-04-14,2020-04-16,fao_swarm,0.0248164057564963,0.0025168142196534,302.9651353200276,308.9967096116808,310.8112724304199,-10.076706149862714,-8.020456956978904,0.3694928671479349,0.3578396400870486,0.4832466703720308,-0.011653227060886284
1640,36.830555556,2.28361111100003,1,9,2020-04-14,2020-04-17,fao_swarm,0.025599461777233,0.0032816759225724,298.74189313252765,305.7985867818196,307.26848814222546,-4.62386886039736,-5.778956954321995,0.856917863334923,1.0256605390838904,0.8213117816085312,0.1687426757489674
1641,36.825555556,2.48694444400007,1,9,2020-04-14,2020-04-18,fao_swarm,0.0248164057564963,0.0025168142196534,302.9651353200276,308.9967096116808,310.8112724304199,-8.84993630502202,-6.482634299600363,0.4871609185444843,0.4611747179177579,0.5740856934927129,-0.025986200626726408
1642,38.078888889,2.32722222200005,1,9,2020-04-14,2020-04-18,fao_swarm,0.0118990063500632,0.0060786238786576,300.42035450405547,302.38581551445856,303.2789048088921,-5.923983991889026,-5.152028202330905,0.8295107874558294,0.8231543681571176,0.8414955893401319,-0.00635641929871178
1643,36.5711111110001,0.855277778000072,1,9,2020-04-14,2020-04-18,fao_swarm,0.0549931049180258,0.020692729103267,292.73978809780544,293.8670166863336,294.33535012139225,-6.577009925412998,-4.760444612606936,0.9604649389719458,0.7211431245511974,1.1003036939517514,-0.2393218144207484
1644,36.5583333330001,0.712777778000032,1,9,2020-04-14,2020-04-18,fao_swarm,0.0317392021250952,0.0144532552835343,293.0432277679444,294.5948541429308,294.95246166653106,-6.053315521618491,-6.012919456129834,0.8612485914168116,0.7963140168292211,0.7743319388290243,-0.06493457458759055
1645,36.763611111,0.946666667000045,1,9,2020-04-14,2020-04-16,fao_swarm,0.0178604990077246,0.0141584507104752,292.5758992089166,293.68874520195857,294.73768844604484,-7.421609212208148,-9.570814601925598,0.620123690506837,0.6132316617691598,0.4885119138458037,-0.006892028737677247
1646,36.645,5.66861111100008,1,9,2020-04-14,2020-04-18,fao_swarm,0.1321919232440223,0.0278814813968537,295.3108004675971,295.0980713738336,295.2292683071561,-5.486977571269456,-5.2047937728565365,0.6732654474994118,0.8815406288985133,0.6505406368200275,0.2082751813991015
1647,36.7494444440001,5.49027777800006,1,9,2020-04-14,2020-04-18,fao_swarm,0.0425050377679099,0.0088242075321076,299.3902004241943,298.04131681654184,298.32786314222545,-4.438056719137256,-3.76123556891734,0.759382299214544,1.0586296228508831,0.9082055024204572,0.2992473236363391
1648,36.7458333330001,5.4975,1,9,2020-04-14,2020-04-18,fao_swarm,0.0425050377679099,0.0088242075321076,299.3902004241943,298.04131681654184,298.32786314222545,-5.593676739449132,-4.2921915829974,0.766462031118284,0.86477174364685,0.9569269052743732,0.09830971252856602
1649,36.960555556,5.40722222200003,1,9,2020-04-14,2020-04-18,fao_swarm,0.0341602086854209,0.0002330771562455,303.10083410474994,302.44234220716686,302.3934176127115,-5.581267893937481,-6.198702938752591,0.8262910900025899,0.8667099934531984,0.771758619694972,0.0404189034506085
1650,37.15,5.66666666700007,1,9,2020-04-14,2020-04-20,fao_swarm,0.0246375769210089,0.0001993558284638,298.7428208669026,298.76416837904185,299.1903251647949,-5.633270493379055,-5.401663624831342,0.7975539519108374,0.8586082381946007,0.7965631405708171,0.061054286283763304
1651,36.65,1.28333333300003,1,9,2020-04-14,2020-04-19,fao_swarm,0.0374329507184256,0.0084711394187806,292.6619614919027,295.0516792297363,295.77477611965605,-5.727057728663542,-6.737818665489975,0.8092798492331377,0.84413612932677,0.791211423869412,0.034856280093632286
1652,36.6166666670001,1.18333333300006,1,9,2020-04-14,2020-04-19,fao_swarm,0.0418513834309806,0.011576198684871,291.12616505093047,293.2815728929308,293.91882993910053,-5.721514753512205,-6.562138252399493,0.5823180966653959,0.8449864632846518,0.9883179610130584,0.26266836661925586
1653,36.516666667,2.18333333300006,1,9,2020-04-14,2020-04-19,fao_swarm,0.0322518914771308,0.000672124969661,305.8430812835694,311.9190728929308,312.37156431410045,-15.106175235252538,-12.854187741659253,0.1087277998987391,0.1197410830741889,0.1618849685100599,0.011013283175449806
1654,36.566666667,1.86666666700006,1,9,2020-04-14,2020-04-19,fao_swarm,0.0556833416056861,0.0035433403131364,300.65275467766656,306.1606690300835,306.6788125779894,-8.284396461150196,-7.323349842200699,0.6038009111230095,0.5170241373306327,0.6293292929861838,-0.0867767737923768
1655,36.566666667,0.666666667000072,1,9,2020-04-14,2020-04-20,fao_swarm,0.0317392021250952,0.0144532552835343,293.0432277679444,294.5948541429308,294.95246166653106,-6.466574340455071,-6.212263216320679,0.7199606828098588,0.7367802433455051,0.8036756558354581,0.01681956053564626
1656,36.966666667,0.833333333000041,1,9,2020-04-14,2020-04-20,fao_swarm,0.018770363910221,0.0142941257831452,295.3111097123887,297.2656766255697,298.68512768215606,-8.669813818191297,-6.875874231159945,0.6151488879841671,0.4866482853678004,0.5976177860805988,-0.1285006026163667
1657,37.4,3.55,1,9,2020-04-14,2020-04-20,fao_swarm,0.0360439687800635,0.00061731849879,304.85150684780547,308.81083721584747,309.48130281236433,-8.188882684551363,-8.687528209042522,0.5756450933857673,0.5270062158282599,0.4539355733596951,-0.0486388775575074
1658,37.1666666670001,0.2,1,9,2020-04-14,2020-04-20,fao_swarm,0.0698152005505789,0.0322793654081223,290.8701374901666,292.3087484571669,293.65082321167,-5.052496769012066,-4.915779763015268,0.8801056075637413,0.9522143850052958,0.8718480589687145,0.07210877744155442
1659,36.9333333330001,1.78333333300003,1,9,2020-04-14,2020-04-20,fao_swarm,0.0411099314522971,0.0096849880096314,296.602081934611,299.0481636047363,299.0554184807671,-7.218448107166006,-6.605887670972347,0.5343294429202069,0.637916313633453,0.566565287977266,0.10358687071324613
1660,36.55,0.733333333000076,1,9,2020-04-14,2020-04-20,fao_swarm,0.0317392021250952,0.0144532552835343,293.0432277679444,294.5948541429308,294.95246166653106,-7.965998742260719,-8.373241063047121,0.6205984964221626,0.5512952474217829,0.5645347585905203,-0.06930324900037965
1661,36.55,0.716666667000027,1,9,2020-04-14,2020-04-20,fao_swarm,0.0317392021250952,0.0144532552835343,293.0432277679444,294.5948541429308,294.95246166653106,-5.973029225801217,-7.45648219573836,0.7272783718795057,0.8070771384531858,0.7712944061588599,0.07979876657368012
1662,36.9827777780001,0.621666667000056,1,9,2020-04-14,2020-04-19,fao_swarm,0.0308079987597693,0.014325090396106,294.6985717349582,295.8353760613336,297.0976059807671,-6.941285221742145,-5.268281817587801,0.8924879231730891,0.6769857665889073,0.8692730399501439,-0.21550215658418181
1663,37.2333333330001,1.38333333300005,1,9,2020-04-14,2020-04-19,fao_swarm,0.0140180259776343,0.0080196193334458,296.8135836707221,299.3741889953613,300.5067314147949,-6.370869754959943,-6.441384303563521,0.8853124514438407,0.7496284106307081,0.9045728212752218,-0.13568404081313268
1664,36.8080555560001,5.34444444400003,1,9,2020-04-14,2020-04-14,fao_swarm,0.0208101689648856,0.0006056210872529,300.47217742072206,303.97412931654185,303.83000072903104,-5.172855735653766,-5.363316445137482,0.99377870312591,0.932253291249328,0.9621642003936453,-0.061525411876582004
1665,37.006666667,5.3575,1,9,2020-04-14,2020-04-14,fao_swarm,0.0341602086854209,0.0002330771562455,303.10083410474994,302.44234220716686,302.3934176127115,-5.582913357556009,-4.872920484385037,0.740329616065516,0.8664527929836516,0.716171536041941,0.12612317691813568
1666,36.826944444,5.36833333300007,1,9,2020-04-14,2020-04-14,fao_swarm,0.0166614770722617,0.0009868672963975,302.29755176968047,304.9990208095975,304.6980128818088,-4.844515291896951,-5.167087787614808,0.8434153774567985,0.9873945542254984,1.0018922384974691,0.14397917676869987
1667,36.7522222220001,5.48166666700007,1,9,2020-04-14,2020-04-15,fao_swarm,0.0214518725705374,0.0041941038247941,302.9827405717638,303.4217530144586,303.0734848870171,-5.066855540327916,-5.66309913877654,0.899394184171066,0.9498176734277488,0.7732167003059984,0.05042348925668283
1668,38.363855784375694,4.869038897590197,0,9,2020-04-14,,synthetic_background,0.0153360932898749,0.0011279514905808,297.00126270718044,300.4819960700141,301.6059935675727,-4.114748361414545,-5.994185624582965,0.5717230930582214,1.1175870562981176,1.063049669889795,0.5458639632398962
1669,38.4220800856296,2.9287218470186507,0,9,2020-04-14,,synthetic_background,0.0070627748799552,0.002261959659755,303.38428137037494,307.69044333563903,308.5295395745171,-10.64310056925283,-10.600683205657546,0.3068748911279426,0.3175613678472406,0.4305237577520439,0.01068647671929801
1670,36.90825280074191,3.990282838901578,0,9,2020-04-14,,synthetic_background,0.0194022923541297,0.0005119970914719,304.13176400926375,308.5427165561252,308.57588289048937,-6.509334082312583,-7.789159077940154,0.5784906354106012,0.732943386422253,0.678527215072572,0.1544527510116518
1671,36.74254104149748,0.1713132144297362,0,9,2020-04-14,,synthetic_background,0.0334684371781577,0.010841705548465,291.43520910475,293.08075366550025,294.7362453036838,-6.471692550895552,-7.1796684546599945,0.6365897088693828,0.7358135453198695,0.5173907434952904,0.09922383645048671
1672,38.225556482879554,4.075832148657247,0,9,2020-04-14,,synthetic_background,0.0194105028939475,0.0018833360549805,296.077960840861,300.0935249328613,300.3926363627116,-5.201639254611104,-6.588378825339699,0.8603560005350421,0.9275617947160282,0.781372996153576,0.06720579418098604
1673,36.60013421342933,2.3120657484064537,0,9,2020-04-14,,synthetic_background,0.0265219777655829,0.001308687674701,304.60887989468046,311.7832330491808,312.46721861097546,-6.632950454176143,-6.639225716177784,0.5586740297677318,0.7135602235526023,0.6017671189505566,0.15488619378487045
1674,36.104216107130384,2.910976208645814,0,9,2020-04-14,,synthetic_background,0.0213738053870429,9.223138064129444e-05,305.830890528361,310.2472901238335,311.1601819356282,-6.925793226343384,-7.36954271049845,0.7585031296859341,0.674881863332401,0.8125962769422536,-0.08362126635353317
1675,38.08829257240504,3.5159252530025347,0,9,2020-04-14,,synthetic_background,0.0063429742884864,0.0024895897981522,301.0642835405138,304.9674018859864,305.6641261630588,-5.749896269085507,-5.44850963340437,0.8932776493520471,0.8406391397461378,0.637349170069892,-0.05263850960590932
1676,38.02914638173704,1.0511561090916963,0,9,2020-04-14,,synthetic_background,0.0141688406300772,0.0093640617009995,301.58171518113875,305.37301712036134,306.5248520745171,-6.155139910486328,-4.596443325780878,0.8117340724932265,0.7803575748703137,1.0784652266196857,-0.031376497622912836
1677,38.03586514111424,1.4264472259215737,0,9,2020-04-14,,synthetic_background,0.0109793960881461,0.0076857737180588,302.12633323669434,305.6491998460558,306.86502677069774,-4.805256995197329,-4.957262874288136,0.9262637728120722,0.9941322614984116,1.3528051235093432,0.06786848868633943
1678,36.81531401021597,0.426857366176993,0,9,2020-04-14,,synthetic_background,0.046415758116268,0.0138803503391145,293.0564927419027,294.7323812696669,296.3121893141005,-5.327260084966084,-5.348255393702728,0.8729039324335504,0.9114222783321102,0.8751009595815116,0.03851834589855985
1679,37.60196766542789,4.43844217207008,0,9,2020-04-14,,synthetic_background,0.0125981539321173,0.0002647570249436,302.098175684611,305.46788474188907,305.1295884026421,-4.782271271017743,-4.470100739289249,0.9403504983859388,0.9982934762911392,1.057726787535496,0.05794297790520042
1680,38.666759399553584,1.5342767034392195,0,9,2020-04-14,,synthetic_background,0.0039923906159629,0.0020705393430588,304.2078490787082,307.8599745856391,308.70281973944765,-9.765781265516743,-10.278667757333803,0.3586207815289564,0.3892537285876982,0.2854851158826527,0.03063294705874181
1681,38.31039445647343,1.643170607407869,0,9,2020-04-14,,synthetic_background,0.0050769716334571,0.0030521384355424,303.61671952141654,307.4013211568197,308.5165078904893,-4.781777869192204,-4.698209818502928,1.065797791105052,0.998698793005987,0.7888766670676812,-0.06709899809906505
1682,38.96922492162078,0.7814703110406036,0,9,2020-04-14,,synthetic_background,0.0034946173262824,0.0037782720205186,303.5381713443332,307.48214255438904,307.9372544182671,-5.436559356575083,-6.293332265431765,0.9874273914861336,0.8895451020392798,0.8603384209783282,-0.09788228944685373
1683,36.51251963990794,1.7894273908373723,0,9,2020-04-14,,synthetic_background,0.0521164208483924,0.0028463384982941,303.555890528361,308.2570991516114,308.60201678805885,-8.4042055239552,-7.418451579828172,0.5923880823611153,0.5047310745022413,0.4645599773327319,-0.08765700785887398
1684,38.56122152407659,1.258592366047254,0,9,2020-04-14,,synthetic_background,0.0037405013871421,0.0023822120305894,303.85024274190266,307.7892009311252,308.64218063354497,-7.538300278909023,-6.999411583457654,0.5879378353169972,0.6094931416247356,0.6761416070658534,0.021555306307738387
1685,37.67355470128703,4.306965292836873,0,9,2020-04-14,,synthetic_background,0.0143963813615073,0.0005013129588959,301.98870302836104,305.48491490681965,304.9834566752116,-4.791373833704181,-5.2122269080940296,0.8917376558087352,0.9965223115380992,0.9737219954817358,0.10478465572936402
1686,38.81830713338746,1.9445591594774485,0,9,2020-04-14,,synthetic_background,0.0024615049195517,0.0013729116794465,303.88263206481935,307.6099094814724,308.51325810750325,-9.511475274861365,-9.135265301207404,0.4733245083174687,0.4110298361549769,0.3220847354903832,-0.06229467216249179
1687,37.92800011598325,5.07819649356837,0,9,2020-04-14,,synthetic_background,0.0293237089944113,0.000873216139972,297.4848456064859,299.7584500630697,300.54457863701714,-5.079669743543035,-5.700589086593098,0.995532758504882,0.9490831092578637,0.795054118206262,-0.04644964924701833
1688,38.95029776044412,1.9121693353790767,0,9,2020-04-14,,synthetic_background,0.0019998073411215,0.0013033977624772,303.80126270718046,307.832506052653,308.6529770745172,-8.09800347989438,-7.855727754367295,0.5697026133865895,0.5394040884702959,0.4956077191043905,-0.03029852491629359
1689,37.91115105575828,1.4808987041020585,0,9,2020-04-14,,synthetic_background,0.0116461932492484,0.0063965699550507,302.2818779415555,306.04204381306965,307.39304326375327,-6.124442914054516,-5.257770871673758,0.7018881941164522,0.7848068376336796,0.8125548084702237,0.08291864351722744
1690,38.72156768958085,1.77960367832887,0,9,2020-04-14,,synthetic_background,0.0034394383263816,0.0017051479694245,303.9694593217638,308.2895481533475,309.1632201300727,-9.475448442660438,-8.653671752971514,0.4948469965874634,0.4140885656322287,0.2951196481663405,-0.08075843095523472
1691,37.24206876465386,2.1185103760991524,0,9,2020-04-14,,synthetic_background,0.0040672540498007,0.0026782832023499,301.29266895718047,306.07500279744465,307.29953740437827,-5.709464471881272,-7.212042779283315,0.9176702613856282,0.8541997553152367,0.93556853934211,-0.06347050607039151
1692,37.604848368698086,2.5620432774767394,0,9,2020-04-14,,synthetic_background,0.0092768043112982,0.0043373635885117,304.3779716915555,308.37271872626405,309.79589157104493,-6.786805296274952,-6.032140595568546,0.8924897921237064,0.6930269533347553,0.7175965782012558,-0.1994628387889511
1693,38.6317244868187,0.3654489558657976,0,9,2020-04-14,,synthetic_background,0.0258231133055915,0.0167248926040528,301.5966891394721,304.19491924709746,304.5061943054199,-5.132028255606931,-5.7545665526591545,0.9717875665589236,0.938993302008816,0.9614291359612482,-0.03279426455010759
1694,36.86245384681488,5.451933463560902,0,9,2020-04-14,,synthetic_background,0.0089872747493018,0.0001501074907181,303.86562360127766,305.06607810126405,304.8417791578505,-4.961584255792252,-4.944926408951009,0.8226299567504238,0.9674854927580124,1.034877565685128,0.1448555360075886
1695,36.8838224794135,1.8285123063284767,0,9,2020-04-14,,synthetic_background,0.0411099314522971,0.0096849880096314,296.602081934611,299.0481636047363,299.0554184807671,-5.262036820572025,-6.032678817336894,0.92412771945637,0.9176519542008456,0.8887679951355494,-0.006475765255524402
1696,36.94229482438343,3.2953566103987555,0,9,2020-04-14,,synthetic_background,0.0198949247431983,0.0005043229934571,305.53970129224984,310.036802927653,311.38117802937825,-8.017369365594163,-8.399988842551604,0.5418127586136625,0.5453411074290737,0.5458377364262875,0.0035283488154111975
1697,36.77495063938832,5.324518184766619,0,9,2020-04-14,,synthetic_background,0.0208101689648856,0.0006056210872529,300.47217742072206,303.97412931654185,303.83000072903104,-5.196064652380933,-5.945023097855682,0.8485563935453733,0.9284378579118764,0.8954962349439417,0.07988146436650312
1698,38.3727850192157,2.8918538309875994,0,9,2020-04-14,,synthetic_background,0.0070627748799552,0.002261959659755,303.38428137037494,307.69044333563903,308.5295395745171,-10.984016484064725,-11.841317080579053,0.2875005977752399,0.295361483436396,0.3096362800693208,0.007860885661156114
1699,38.89711237924837,2.344916721901165,0,9,2020-04-14,,synthetic_background,0.0040559589696158,0.0014932683584092,303.6291869693332,307.77052146063915,308.5188190884061,-6.872294115044574,-7.005223448799068,0.6838272403695964,0.6855261123604743,0.5968940781098807,0.001698871990877926
1700,37.34718078749294,3.1375232797578967,0,9,2020-04-14,,synthetic_background,0.0112125992608298,0.0009152821180222,304.8774834103054,309.24502775404187,310.5685532463922,-10.176913405668524,-11.942286558645211,0.3291130356641392,0.3518066155096103,0.262799288341741,0.0226935798454711
1701,36.79842203385304,4.200856603641688,0,9,2020-04-14,,synthetic_background,0.0191094249320258,0.0002093992111085,304.0287095387776,308.2933730231391,307.8650918748644,-7.063716468882862,-5.892096529996029,0.6715570615515827,0.6581541534822348,0.8819035001679901,-0.013402908069347852
1702,38.53275684683846,4.363345892472222,0,9,2020-04-14,,synthetic_background,0.0021754026246298,0.0005265555259583,297.667658106486,301.67017423841685,302.39482820298934,-4.4871854055187725,-3.949219879381422,1.2049408439833422,1.0498469781046198,0.7451350398713831,-0.15509386587872243
1703,37.39959972272326,1.7186922281663666,0,9,2020-04-14,,synthetic_background,0.0097717016768683,0.0053026161071656,300.55283605787486,304.0674235873752,305.23919126722546,-4.139070651724875,-5.326163681586315,1.07444736769076,1.1130824134066806,1.0661632567168149,0.03863504571592058
1704,37.53410169512699,0.9042120257634108,0,9,2020-04-14,,synthetic_background,0.0194918334317435,0.0123354426500199,297.6403414832221,300.0274496290419,301.1029336717393,-4.879836560232539,-5.625981503764363,0.8361916922524391,0.9813588306818156,0.958985702472012,0.14516713842937656
1705,38.19229077166051,4.952196963339845,0,9,2020-04-14,,synthetic_background,0.011140894873165,0.0012884667989609,296.9899779849582,299.5434001498752,300.35972078111433,-9.665091334422709,-10.066682692530833,0.3155314072820978,0.389946076988017,0.3334976791016638,0.0744146697059192
1706,36.74299777378145,3.5687466477677487,0,9,2020-04-14,,synthetic_background,0.0211406916213263,0.001685433733165,304.1197956932916,308.3298639085558,308.9086411370171,-6.968365343111795,-7.063644631586273,0.5045676832273255,0.6694003020913257,0.8844894029098216,0.16483261886400025
1707,38.91859096897282,0.072967393097292,0,9,2020-04-14,,synthetic_background,0.0159055113625754,0.0104364088651536,302.9485391828749,306.3860596550836,306.3718410068087,-4.884223036636316,-4.591998929224962,1.1098053977987017,0.9806110072106434,0.7950037658755307,-0.12919439058805826
1708,38.31795171167408,2.9590127432909683,0,9,2020-04-14,,synthetic_background,0.0070704936814536,0.0020381442186234,303.32563879224983,307.07440058390296,307.95473488701714,-9.489870599561977,-11.362152248527831,0.4324465222277767,0.4089150352323675,0.4073715347508468,-0.02353148699540919
1709,37.1870119882416,3.889533268714621,0,9,2020-04-14,,synthetic_background,0.0226834088397254,0.0005867115136979,304.29839812384705,308.82065709431964,308.8920504252116,-9.00010938657178,-9.632906982944435,0.6620228024284975,0.4472530735487652,0.49544040140458,-0.21476972887973234
1710,38.50185080015923,2.294570328032312,0,9,2020-04-14,,synthetic_background,0.0056415170264472,0.0025761953470109,303.07876921759714,306.08707419501405,306.93285446166993,-6.9922240367673405,-7.148332565326471,0.779752309798425,0.6675960433928709,0.5768091815510633,-0.1121562664055541
1711,36.30091672519269,3.5490319491988687,0,9,2020-04-14,,synthetic_background,0.0355150818658103,0.0007141611453889,305.1605400509304,309.75001364813915,309.6975246005588,-8.831687401838279,-9.257786274671902,0.4715033733814995,0.4628919106883619,0.4401095359646492,-0.008611462693137617
1712,37.70067676380339,5.399901274931505,0,9,2020-04-14,,synthetic_background,0.0132522404027213,0.0002382329580186,301.2528523339166,299.76958287556965,300.7723998175727,-4.970213905367633,-5.303190245283819,1.0273604999975292,0.9660287818740886,0.6888966871009665,-0.061331718123440626
1713,36.42480570483659,2.651960352809168,0,9,2020-04-14,,synthetic_background,0.0177804499697913,6.776367396099658e-05,304.68838835822214,311.4220948113336,312.7066934373643,-5.763250684996311,-8.672242784317529,0.7510367219207229,0.8385992711067006,0.5758584030092291,0.08756254918597772
1714,38.21593671808593,1.0913552139870215,0,9,2020-04-14,,synthetic_background,0.0118661045861472,0.008535125004947,302.6351494259305,306.6785835266113,307.5451591491699,-5.660810326132523,-4.9802214239893,0.9123550359383789,0.8543400106762757,0.9387909371980624,-0.058015025262103115
1715,38.16953089422948,5.1223098911997305,0,9,2020-04-14,,synthetic_background,0.0108862042260398,0.0008730373260377,296.9327188703749,299.9213135613336,300.78660880194764,-6.620078674809852,-5.381018859120966,0.8387761590340802,0.7152994832919196,0.7835329163800332,-0.12347667574216059
1716,37.58569649510284,1.651676579446085,0,9,2020-04-14,,synthetic_background,0.0123764395547141,0.0038624337789414,301.1139959971109,304.9532851325141,306.31924769083656,-5.853031054181098,-6.566831630510021,0.8056541057755255,0.8249799092953612,0.7105323473713825,0.019325803519835705
1717,36.91937197097657,4.151288274485895,0,9,2020-04-14,,synthetic_background,0.0199238329959143,0.0002845159646867,303.7537366655138,307.6681180318197,307.24412833319764,-5.600330767454836,-5.546920929885572,0.9428717180659664,0.8638698990255649,0.8762223304063014,-0.07900181904040149
1718,37.492037200393646,0.8203670625983535,0,9,2020-04-14,,synthetic_background,0.0195105939936865,0.0094417861577866,297.7143106672499,300.11055509779186,301.3411660936144,-5.291283553409354,-4.650009315127298,0.966547973323487,0.9128985972546042,0.9043665549894466,-0.05364937606888276
1719,38.73012225558237,0.452429411668189,0,9,2020-04-14,,synthetic_background,0.0180040716958274,0.0124001583930848,302.54262555440266,306.4731364780002,306.8913125779893,-5.903188516044703,-5.780478504075168,0.6961433919271703,0.8285299834588443,0.8974668845783713,0.13238659153167398
1720,37.26788958400839,1.9518105648098272,0,9,2020-04-14,,synthetic_background,0.0068804889750708,0.0028579167005418,301.42658280266653,305.8257026672363,306.89998770819767,-7.981735864154574,-8.90133803162071,0.5036159547987522,0.5519174274231442,0.5170974157758523,0.048301472624391995
1721,38.19842375798184,1.8300053889948813,0,9,2020-04-14,,synthetic_background,0.0067110329699744,0.0027850351211426,303.29788814120826,307.135875193278,308.3784165276422,-5.103478202488299,-5.34118086049903,0.9478912276544224,0.9440860829891428,0.9113497095751696,-0.0038051446652795917
1722,38.95488393632012,3.9813117071198736,0,9,2020-04-14,,synthetic_background,0.002802368981861,0.0031174800273774,298.2750637054443,301.436265818278,302.39269061618387,-4.190996077467712,-4.286592302384803,1.0720025403022622,1.106856878552252,1.1878941224236494,0.034854338249989736
1723,37.71001174335788,3.6618884073584415,0,9,2020-04-14,,synthetic_background,0.0296992480588187,0.0024393281814454,302.25405133565266,306.8000679016113,307.4243854946561,-7.87580736172866,-8.889642929434764,0.3963862986026628,0.5611788337842974,0.454776167965769,0.16479253518163467
1724,37.34319834341567,4.193005715062025,0,9,2020-04-14,,synthetic_background,0.0195177912545432,0.0005284628745911,303.2925930023194,306.819957224528,306.47947447035045,-5.715268458748927,-6.492218592686157,0.7922807630980497,0.8487553511599415,0.8844434898956028,0.05647458806189176
1725,38.7825001172436,0.1712532622641263,0,9,2020-04-14,,synthetic_background,0.020316612703823,0.0120651504871247,302.39665658738875,305.65566143459745,305.5708101908366,-4.611156325949738,-4.676981189370954,0.8710084154608425,1.0278945818281269,0.9842846868622236,0.15688616636728436
1726,37.15910815727352,2.487830826749275,0,9,2020-04-14,,synthetic_background,0.0102608173918952,0.0018255791541932,303.0282321082221,307.53043357001405,308.8265556335449,-4.84287897947258,-5.547944506226433,0.9914998219588684,0.9880028387349312,0.9272083722126933,-0.003496983223937211
1727,37.0712702003697,3.170547068177335,0,9,2020-04-14,,synthetic_background,0.0104046881032218,0.0003214559432862,305.62581240336107,310.39527732001415,311.81669777764216,-8.40303450403312,-8.599767946211044,0.5777252545945409,0.5048500080556889,0.4509785407442808,-0.07287524653885202
1728,37.40261149710971,5.766737242427089,0,9,2020-04-14,,synthetic_background,0.0661884814334143,0.0017242214557526,299.1771850162082,297.1579889085557,297.8945894877116,-5.625027060651163,-5.970204215424541,0.8757418657763958,0.8598888458835372,0.6467523254231597,-0.01585301989285859
1729,37.33631115786599,2.9404893965941405,0,9,2020-04-14,,synthetic_background,0.0091575652194251,0.0006573132154343,305.0438191307915,309.18464363945856,310.5350028991699,-5.598184368841259,-6.591949097929671,0.7246201848400325,0.8640685457566422,0.9512721341177534,0.13944836091660961
1730,36.1506488478745,0.8756930878625824,0,9,2020-04-14,,synthetic_background,0.0576338141989936,0.0061084262010453,298.1817965613471,300.5896186828613,302.0905421786838,-5.629734705026572,-5.6472421940810325,0.8923482616477784,0.8663447594253917,0.8526693345990787,-0.026003502222386676
1731,38.88806196666876,4.602296271405769,0,9,2020-04-14,,synthetic_background,0.001383957250141,0.0005410990592835,299.6533840179443,303.0972575717503,304.1702134026421,-3.7412132538828544,-5.635511547694248,0.7108371348801894,1.1881491374656348,0.9163670249128296,0.47731200258544537
1732,38.02938697961439,0.7291138659834497,0,9,2020-04-14,,synthetic_background,0.0123317658734549,0.0101970813152192,300.47013749016656,303.62727601793074,304.7032537672255,-8.095030482033053,-8.134131676684548,0.7032618006598376,0.5369734070740563,0.530055312057826,-0.1662883935857813
1733,37.6302046353506,2.5029143770147075,0,9,2020-04-14,,synthetic_background,0.0151402771306266,0.0079077414152024,303.58753657870824,307.0431180318197,308.59641782972545,-8.682070172385338,-9.39770215116442,0.4869903464626866,0.4771811643146476,0.6072933153238708,-0.009809182148038997
1734,38.17021996499475,0.9129642148443566,0,9,2020-04-14,,synthetic_background,0.012544241530918,0.0088114372369645,301.9788722991943,305.46856291029184,306.29963506062825,-6.09500523240134,-4.123309752723952,0.8326055970252759,0.789091560301648,0.9953855544940546,-0.04351403672362797
1735,37.33766735032216,3.556620237285106,0,9,2020-04-14,,synthetic_background,0.0272368311715354,0.0006829134103654,305.059992090861,309.3159261915419,309.9934176127116,-9.520971571714156,-11.771058045202125,0.4376077286278912,0.4017818654546336,0.3913065205943647,-0.03582586317325759
1736,37.57254458510511,4.212023165839522,0,9,2020-04-14,,synthetic_background,0.0096092194152106,0.0006524554368851,302.3262952592638,306.4729031880697,306.15166414048934,-5.572946501156743,-5.522786781250158,0.9228790999115426,0.8680115463158277,0.9174783801491952,-0.054867553595714935
1737,37.99605265347464,5.104079807281391,0,9,2020-04-14,,synthetic_background,0.0329829424453009,0.0010048082944749,296.8462659623888,298.936754099528,299.80759947035045,-4.679616952245205,-5.366457448968241,0.9551951276619284,1.0159012514328705,0.8894788060864258,0.06070612377094209
1738,36.60633937181645,0.2664809170115811,0,9,2020-04-14,,synthetic_background,0.0329242765736808,0.0083822241899369,292.10088835822205,293.5488200717502,294.54308666653105,-6.092153223259225,-7.020031979430565,0.558049085180084,0.7895255733211158,0.6990389149504171,0.23147648814103183
1739,36.20236652757713,2.0233167514128065,0,9,2020-04-14,,synthetic_background,0.0367684483361472,0.0005885294553635,304.3351277245416,310.393248240153,310.5114351908365,-5.896901629485915,-6.710191721098957,0.6154843032062315,0.8229130899111522,0.5322416134762753,0.2074287867049207
1740,38.552772255962495,4.734101907396491,0,9,2020-04-14,,synthetic_background,0.0073617815804709,0.0008058330890534,297.47717416551376,301.03202862209747,302.0868909200032,-3.136710416277904,-4.971619164094056,0.9200749033818504,1.3075870871800286,0.8925133486277163,0.3875121837981782
1741,36.295511194838745,3.621547258952364,0,9,2020-04-14,,synthetic_background,0.0339742570948828,0.0010852745649216,305.46330155266656,309.82709698147244,309.8479152255588,-9.24907837512827,-9.437693850634115,0.4266809017059751,0.4249818769138657,0.4620280403705257,-0.001699024792109427
1742,37.56317210379288,1.589717931152341,0,9,2020-04-14,,synthetic_background,0.0108450174165,0.0049669376489518,300.53525793287486,304.69424650404187,306.1515393575033,-7.619595083626425,-7.704211627100185,0.7325492277464825,0.5899338256208307,0.5175227757073748,-0.1426154021256517
1743,38.97623290122005,1.9921456094450185,0,9,2020-04-14,,synthetic_background,0.0022561222148169,0.00117062841624,303.77141787211093,307.78504511515297,308.5634805467394,-9.056410818462584,-9.518198972987353,0.3963112299369841,0.4449063296964487,0.2884573430526074,0.04859509975946463
1744,37.4245485330178,2.5957177480321256,0,9,2020-04-14,,synthetic_background,0.009022188169979,0.0025544694539902,304.00502789815266,307.8504802280002,309.1942259894477,-6.923236561105433,-6.314334745413418,0.7417084216948865,0.6752129473542883,0.7538202718298287,-0.06649547434059822
1745,38.61895338924335,3.0095793888649363,0,9,2020-04-14,,synthetic_background,0.0073272406888236,0.0027938864108918,302.904572168986,306.8080051845974,307.5115871005588,-6.830864559503136,-7.101411706413213,0.9218944467537294,0.6957690447755976,0.8102172606858655,-0.2261254019781318
1746,37.23755676094847,3.495316628229846,0,9,2020-04-14,,synthetic_background,0.0247246891093482,0.0010080269452927,305.38029374016656,309.56595874362523,310.49993345472546,-6.731853728889931,-8.381665329656943,0.5603279253516562,0.7003065944899667,0.4108749765376105,0.13997866913831047
1747,37.37591899528592,4.379923298852785,0,9,2020-04-14,,synthetic_background,0.0126433789563407,0.0002701363441346,302.17957216898594,306.2841607835558,305.82237269083663,-5.9030913943366725,-6.175137867589048,0.8666490102189377,0.8181966071087245,0.9396221307967324,-0.04845240311021315
1748,36.17281463334514,5.356036532172906,0,9,2020-04-14,,synthetic_background,0.0203724473548163,0.0003945163366196,303.5438625335693,305.45332310994473,305.3859252081977,-4.637470953648792,-5.492858633820067,1.0378668580536123,1.023273694890635,1.1026179753648329,-0.01459316316297743
1749,38.00549879255481,3.361595922668168,0,9,2020-04-14,,synthetic_background,0.0087143003773917,0.0024060389873383,302.2597913530138,305.64321026272245,306.3031072828505,-5.806200416920941,-6.225558166304201,0.5811747770581355,0.8320634313496618,0.7218279548913821,0.2508886542915263
1750,36.93164446992876,4.321684481415601,0,9,2020-04-14,,synthetic_background,0.0208847343754996,0.0002037963744996,304.0077242957221,308.86231291029185,307.50264612833666,-6.163454800122347,-6.725026230614878,0.6263548507710842,0.7791903981466556,0.7077791982694036,0.15283554737557137
1751,38.711305839204734,3.2929017239464637,0,9,2020-04-14,,synthetic_background,0.0056077211928595,0.0029915503141282,301.6964938269721,305.42137324015306,306.13343497382266,-6.3055523102827244,-6.178742454785004,0.8216175340748793,0.7588329551198926,0.7877204592190822,-0.06278457895498668
1752,38.500714349394016,2.2358201092626477,0,9,2020-04-14,,synthetic_background,0.0049775361848105,0.0026280364868043,303.2305378807916,306.3506050109863,307.2778468661838,-9.278955716115645,-9.560898813375196,0.4110075357065009,0.4261261373065318,0.3319214058540276,0.015118601600030923
1753,36.87058313020368,2.966915528860398,0,9,2020-04-14,,synthetic_background,0.02614924011948,0.0015106878158448,305.12222082349984,309.8912408616807,311.44250072903105,-9.204734783411563,-10.353580304363328,0.4090737246836509,0.4288757429170097,0.4058573184272608,0.01980201823335881
1754,36.994094347721166,4.239812021396655,0,9,2020-04-14,,synthetic_background,0.0241175263953437,0.0005206993696091,303.3690903981526,306.8996772766113,306.6107461717393,-4.951041677121969,-4.822216132465359,0.9231946416511816,0.9692691414791016,0.9959510984665702,0.04607449982792
1755,38.71931081559713,3.128491097629013,0,9,2020-04-14,,synthetic_background,0.0057576417756308,0.0024505338546632,302.717413965861,306.261412302653,306.95306930541994,-6.234146554862397,-4.81617069260393,1.018416651589066,0.7690278654502536,1.0133456827823577,-0.24938878613881243
1756,36.24478401545512,4.757855057415759,0,9,2020-04-14,,synthetic_background,0.0383074998688925,0.0001585415479539,303.7613267262776,306.87873001098626,306.4789590623644,-5.564769019693177,-6.159458497181905,0.9269967707168782,0.8692919657992306,0.8745030315856552,-0.05770480491764762
1757,37.85570169285495,0.9275742297328622,0,9,2020-04-14,,synthetic_background,0.0142971843314398,0.0079839608547089,300.2914916568332,303.32658157348635,304.44266348944774,-4.9563885322870735,-5.1770286828145125,0.9001317166554371,0.9683632676684432,0.8198766744944409,0.06823155101300604
1758,37.9482846241258,3.7264023822000825,0,9,2020-04-14,,synthetic_background,0.0178178518843878,0.0018175027248261,300.76188011169427,304.9150635613336,305.49346101548934,-4.923432852446757,-5.012692189175923,0.9428792442363404,0.9739434725180168,1.01565568387278,0.03106422828167643
1759,36.50399162694255,4.876557591648525,0,9,2020-04-14,,synthetic_background,0.0384340554309119,0.0003213814374802,302.53610971238874,305.9956570943196,304.95222837660054,-4.522293953375073,-5.017626143743996,0.8481437783031152,1.043599516634219,0.9688888958217972,0.19545573833110375
1760,36.61419055313853,1.402811117519967,0,9,2020-04-14,,synthetic_background,0.0432443439793814,0.0068211189386246,295.84052051968047,299.03214255438905,299.53816587660043,-6.020759307350001,-6.236986831141081,0.6967067609797708,0.7999765110803655,0.5830727304013499,0.10326975010059469
1761,38.02055720005827,0.829418587317116,0,9,2020-04-14,,synthetic_background,0.0106650262904395,0.0069850019094346,300.8538560231527,304.1224311828613,305.2251830206977,-4.821019291387019,-3.823707034780713,1.0341870022605009,0.991423364130296,0.8860513641940956,-0.042763638130204895
1762,38.91768991845007,0.577914468028349,0,9,2020-04-14,,synthetic_background,0.0049603402447928,0.0062415978786347,303.3655747731527,307.7048096550836,308.16721318562827,-5.152706061573184,-4.33993125463142,0.8394861188375575,0.9355746406827934,0.8076735797446015,0.09608852184523586
1763,36.09539354366782,0.2107356693266917,0,9,2020-04-14,,synthetic_background,0.0507913201880683,0.0148270360109208,295.3047946082221,296.5062419467502,297.6620645311143,-5.540151935686731,-6.025344973683406,0.8206785057875394,0.8735517060690263,0.80775984641863,0.0528732002814869
1764,36.359531657891424,1.6505615271953131,0,9,2020-04-14,,synthetic_background,0.0363383114171256,0.0020052275535462,304.9684502071804,310.0774821811252,310.2253512064616,-9.123388847632398,-9.68640427790731,0.4719688947428471,0.4361004814858299,0.481242708483773,-0.03586841325701717
1765,38.36784187252211,1.801559546614396,0,9,2020-04-14,,synthetic_background,0.0056297302079428,0.0025027475234864,303.3810966915554,306.61405987209747,307.82478154500325,-4.819478898912761,-5.318192934170732,0.9614666977662006,0.99504092895675,0.8515312254762327,0.033574231190549364
1766,37.29591403790364,4.617441741846791,0,9,2020-04-14,,synthetic_background,0.0310303389859427,0.0004053345796464,302.52309972975,304.89884719848635,304.17793367173937,-4.984838675253279,-5.240441170476747,1.0167782851618887,0.963563492091,0.8335489077568604,-0.05321479307088872
1767,36.03432915202189,4.783254168415118,0,9,2020-04-14,,synthetic_background,0.0216211944651831,0.000110664117038,305.70112707349995,310.3183784484863,309.3410304599338,-6.208004501764149,-8.015270655091788,0.5644752022862232,0.7727401599560434,0.6942407945290419,0.20826495766982023
1768,37.93212002534289,1.1634284834622346,0,9,2020-04-14,,synthetic_background,0.0122592568230857,0.0100213966247437,301.0284816741943,305.0016412523058,306.2302557203505,-6.420954268854395,-4.314860313809465,0.979028576248296,0.7426288525051247,0.946521238172768,-0.2363997237431713
1769,37.58946936486255,1.8242799948797592,0,9,2020-04-14,,synthetic_background,0.0121444582772483,0.0029073885557053,301.569367090861,305.1939969380697,306.4634371439615,-5.3608208621869,-6.587005954477247,0.7573100507639857,0.9016667284951004,0.5523666288858826,0.1443566777311147
1770,37.52381408902892,0.6924510768624932,0,9,2020-04-14,,synthetic_background,0.0186462074351538,0.0068115821954606,298.59052594502765,301.6942193773058,303.1679076300727,-5.697089099952176,-6.161001762613315,1.1716897679928802,0.8487410107112305,1.1543170056401362,-0.3229487572816496
1771,38.55302096303489,1.8502700680379016,0,9,2020-04-14,,synthetic_background,0.004110631330036,0.0022345266219971,303.7138603634304,307.5491781446669,308.61064309014216,-7.544075216295607,-6.702471687257983,0.5363743943498345,0.5987781836331871,0.4755361514143684,0.06240378928335266
1772,38.99139678598442,1.260117953744582,0,9,2020-04-14,,synthetic_background,0.0021037578416098,0.0017102292653916,304.4456963009305,307.6168864780002,308.12478697035044,-10.176685433728087,-10.150637637363722,0.1951315908553401,0.3504092954975834,0.3382845048094311,0.15527770464224327
1773,37.74732196615039,4.328579582127272,0,9,2020-04-14,,synthetic_background,0.0143963813615073,0.0005013129588959,301.98870302836104,305.48491490681965,304.9834566752116,-4.78110300473222,-4.375794758512676,1.2609809053999292,0.9982929511235212,1.0156850651498528,-0.262687954276408
1774,38.95560244568804,1.0964390247009586,0,9,2020-04-14,,synthetic_background,0.0027830123734702,0.0023900351402161,304.41512446933325,308.6953424241808,309.15573857625327,-8.778610288703348,-8.083720814948848,0.9158773876939104,0.4679179967253012,1.0106067741965288,-0.44795939096860915
1775,38.49541144753309,1.1780562131748025,0,9,2020-04-14,,synthetic_background,0.0050096332860221,0.0041235021230576,303.32880719502765,307.4703532748752,308.2798433939616,-4.490286510326447,-4.526291021584173,0.8022710404739681,1.0492947757635096,0.9893153122690904,0.24702373528954147
1776,37.683052396491846,1.653215020820246,0,9,2020-04-14,,synthetic_background,0.0118842840028037,0.0034808746454118,301.998126856486,305.570836130778,306.95932473076715,-3.888326315239972,-5.724819554852586,0.766846750268064,1.1600525678295022,0.8489525579791957,0.39320581756143813
1777,36.35238130846924,1.892751388702448,0,9,2020-04-14,,synthetic_background,0.0413885086608161,0.0017033449289201,304.46559647454154,310.3499214172364,310.4603121439616,-9.194048382220656,-9.827662138498663,0.379219738192149,0.4298188116411893,0.4006858155376265,0.0505990734490403
1778,38.73192939365074,2.2426424843152404,0,9,2020-04-14,,synthetic_background,0.0040945678782691,0.0020454755899308,303.6513332366943,307.539781443278,308.4286281161838,-8.428056949889033,-8.686116312198186,0.5521855137980409,0.5075318504764332,0.7006892278136823,-0.044653663321607695
1779,38.8020896696088,0.3123738331449095,0,9,2020-04-14,,synthetic_background,0.0194073438477744,0.0110845497724412,302.5032104068332,306.0011095682779,306.0337008158366,-5.3158594735007085,-4.7390981696360495,0.9252734671106544,0.9089177972290894,1.0503850625470228,-0.016355669881565005
1780,37.2754090081253,2.228909158156537,0,9,2020-04-14,,synthetic_background,0.004597526772045,0.0013802281495927,302.06584604051386,306.4491238911946,307.6777329338921,-5.6219091934632575,-7.26469099346693,0.771242701176156,0.8625133825649041,0.8285385215020176,0.09127068138874805
1781,36.63212308572665,3.61472572546171,0,9,2020-04-14,,synthetic_background,0.022472214682125,0.0019781372424958,303.7665567609999,307.8942031012641,308.37620841132264,-9.363761855866338,-9.765482910164977,0.5349078479351269,0.4150555666405625,0.4276421430194862,-0.11985228129456443
1782,37.21364677880929,3.2084795864358813,0,9,2020-04-14,,synthetic_background,0.0100381046366919,0.0005795887586472,305.4100843217638,310.4414850023058,311.8622435675727,-8.957087851062537,-9.82939705658998,0.4301579604718698,0.4512033628592274,0.3918592767823053,0.02104540238735758
1783,38.22940782314205,1.3750849727187504,0,9,2020-04-14,,synthetic_background,0.0069470375609625,0.0053307345983384,303.26016570197214,307.16504185994467,308.25290111965603,-4.516387168378642,-5.288852143992548,1.0083120580265712,1.044849913162036,0.9846889205657672,0.0365378551354647
1784,38.955091152319135,1.7539185089757607,0,9,2020-04-14,,synthetic_background,0.0018796592784156,0.001402699100673,303.82924664815266,307.7808024936252,308.579219479031,-10.446506991749064,-9.57353894915922,0.4308774782397417,0.3312148532265101,0.3750902146340891,-0.09966262501323159
1785,37.81472290223493,2.5182648399462133,0,9,2020-04-14,,synthetic_background,0.0144030123782386,0.0079548439857362,303.35254308912494,307.17691251966687,308.6072848002116,-9.30962933719596,-8.343257581330404,0.4585700530924872,0.4197151511478621,0.4627419626183352,-0.0388549019446251
1786,37.02539102285838,0.6730326387956047,0,9,2020-04-14,,synthetic_background,0.0201573341918219,0.0133459499952195,295.5046589745416,297.15931811862527,298.5328381856283,-4.77044275588446,-4.198826519680154,1.0056955061587642,1.0001329441407805,1.184891033594211,-0.005562562017983774
1787,37.54264280475002,4.169654651879423,0,9,2020-04-14,,synthetic_background,0.0118682652545203,0.0005209675905106,302.6546589745416,306.7248129102919,306.3751396179199,-5.146017649461296,-4.967891490876769,0.8717345806014853,0.9366789332388792,1.0007741749530703,0.06494435263739384
1788,37.69613805898664,2.917652756579312,0,9,2020-04-14,,synthetic_background,0.008530062420391,0.001393862712085,304.83451466030544,309.1685737609864,310.52752134535046,-10.742077425340996,-10.751659637723357,0.4538460122390438,0.3109607225015266,0.3742363200497332,-0.14288528973751718
1789,36.29321042997774,5.940997802420436,0,9,2020-04-14,,synthetic_background,0.0545719384980429,0.0067815861579774,299.4623412662082,300.0534478929308,300.54178458319774,-8.385898430566087,-8.340529854773866,0.4497541278307201,0.5065931615538449,0.4242899801106038,0.05683903372312482
1790,38.33867726693893,3.134479369501046,0,9,2020-04-14,,synthetic_background,0.008536216599964,0.0024816623803971,302.93827442593044,306.32036955091684,307.12912182278103,-9.372914124792295,-9.765649358886858,0.4743936513446882,0.4218394780152906,0.581348891647408,-0.0525541733293976
1791,37.37177330411249,2.900020960138853,0,9,2020-04-14,,synthetic_background,0.0076561838221778,0.0006341419097779,305.46669239468054,309.0062093946668,310.485078854031,-5.453537185114786,-6.069287860237196,0.8336548911160739,0.8874459783405204,0.7806167237028022,0.05379108722444648
1792,38.347388203235816,3.6906652852564674,0,9,2020-04-14,,synthetic_background,0.0097168057990302,0.0021753690120576,301.2653035057916,303.9237007141113,304.0772989061144,-5.907738381499369,-5.125554520888983,1.152130592863904,0.8167616235976536,0.8660458348520407,-0.3353689692662505
1793,38.15539205055855,3.451848381778416,0,9,2020-04-14,,synthetic_background,0.0059894442391623,0.0027206174013016,301.1046155717638,304.54896655612527,305.25168584187827,-6.856274204970589,-6.222169269652721,0.8446495519927959,0.6839099145103199,0.607973411297784,-0.160739637482476
1794,37.31198068672838,0.9512699714267592,0,9,2020-04-14,,synthetic_background,0.022315558774494,0.0148050120946763,296.07089161343043,297.8332330491808,298.99430736965604,-5.210683194710704,-4.797439371368772,0.9796168791177968,0.9260402395060078,0.8307258002317199,-0.053576639611789045
1795,38.09105215966316,3.918109407414296,0,9,2020-04-14,,synthetic_background,0.0113997429442633,0.0014882019636033,301.405255762736,304.87487258911125,305.222578854031,-4.704347582130126,-4.424404237663543,0.8609570095874126,1.0115915579757335,0.8177923445052986,0.1506345483883209
1796,38.724444444,4.55638888900006,1,10,2020-04-21,2020-04-25,fao_hopper,0.0021498471331824,0.0005564174529908,298.4532104068332,302.155552927653,303.1340317620172,-6.610484822144464,-6.157735805032049,0.7105391341126353,0.7165979789311048,0.5144730690170404,0.006058844818469522
1797,38.724444444,4.55611111100006,1,10,2020-04-21,2020-04-25,fao_hopper,0.0021498471331824,0.0005564174529908,298.4532104068332,302.155552927653,303.1340317620172,-3.366503760302584,-6.18453755305039,0.9481212675445774,1.2614505120400157,1.0041164543434182,0.3133292444954383
1798,38.138888889,4.88444444400005,1,10,2020-04-21,2020-04-26,fao_hopper,0.0200682252478827,0.0013740441676972,295.9191934797499,298.7314372592502,299.30367694430885,-10.551069722276903,-14.311946819330092,0.1221341822315503,0.3238104937021566,0.2807966056628367,0.20167631147060627
1799,38.7266666670001,4.55944444400006,1,10,2020-04-21,2020-04-26,fao_hopper,0.0021498471331824,0.0005564174529908,298.4532104068332,302.155552927653,303.1340317620172,-5.347987444550627,-4.876869282028723,0.8102989746733423,0.9037322247472322,0.78381859230672,0.09343325007388992
1800,37.582777778,0.348333333000028,1,10,2020-04-21,2020-04-23,fao_hopper,0.0162960707974662,0.0147476873275635,295.9540567609999,298.3615370856391,299.7595688713921,-7.457790538370544,-5.8112239456761925,0.7244250264130037,0.6089185057829264,0.949639262355076,-0.11550652063007727
1801,37.2308333330001,1.95861111100004,1,10,2020-04-21,2020-04-27,fao_band,0.0075038492512931,0.0036554119464753,301.3808254241943,306.33792054918075,307.40573315090603,-6.069254562880227,-6.768243974659653,0.7759435501936025,0.7935022790672074,0.6927314985943857,0.01755872887360488
1802,37.5491666670001,0.452777778000041,1,10,2020-04-21,2020-04-27,fao_band,0.0114259391856421,0.0077304921028016,297.5382201724582,300.88975431654194,302.3586248609755,-4.390212162216919,-6.103841955872138,0.9366707336766468,1.0672277732130764,0.8515833376069999,0.1305570395364296
1803,37.1,5.15,1,10,2020-04-21,2020-04-22,fao_band,0.0839651942086447,0.0013477883216737,300.04409582349984,299.5320340474446,299.66782082451715,-4.616316684086592,-6.182279828540587,0.9105610825859872,1.0269873403787038,1.0592144169584157,0.11642625779271654
1804,38.6580555560001,4.49638888900006,1,10,2020-04-21,2020-04-25,fao_band,0.0017558157277335,0.0004624656316636,298.1781344519721,302.04238018459745,302.9618637932672,-6.333891477183309,-10.193248741173509,0.5923512138596392,0.7548288046946363,0.203026789656463,0.16247759083499713
1805,37.533333333,0.4,1,10,2020-04-21,2020-04-22,fao_band,0.0136253058743704,0.0104342481967805,296.9686726464166,300.09502232869465,301.682100338406,-5.680859322911713,-5.903317532079224,1.002895585668331,0.851242475525711,0.7870624390701761,-0.15165311014262006
1806,37.280555556,1.88444444400005,1,10,2020-04-21,2020-04-26,fao_adult,0.0088083416056861,0.0040557465431092,300.8121513790554,305.02915861341694,306.08448206583654,-5.680091357080505,-6.415295595123397,0.7666547977299707,0.8513609738349822,0.8705628680805452,0.08470617610501152
1807,36.718055556,1.46666666700003,1,10,2020-04-21,2020-04-25,fao_adult,0.0322504311633338,0.0044884464618561,296.73393957349987,301.2236139085558,301.7336519877116,-7.652312573690223,-7.438793611818085,0.725942841176111,0.586155077741874,0.9205827393596576,-0.13978776343423693
1808,37.089722222,1.50416666700005,1,10,2020-04-21,2020-04-27,fao_adult,0.0110578507018317,0.0061581066724656,299.67299664815266,303.0140435960558,304.2636758592394,-5.161748483661071,-5.927607913781191,0.7144604544673631,0.9349129437451223,0.8025437772892373,0.2204524892777593
1809,37.085277778,1.4925,1,10,2020-04-21,2020-04-27,fao_adult,0.0110578507018317,0.0061581066724656,299.67299664815266,303.0140435960558,304.2636758592394,-6.201790774674063,-5.62454195008147,0.7824037333887792,0.773665362125652,0.8600775792660537,-0.008738371263127265
1810,37.0330555560001,0.91277777800002,1,10,2020-04-21,2020-04-27,fao_adult,0.0184936791491736,0.0143415561792252,294.8608872731526,296.3903402540419,297.6376070658367,-5.0930449108133145,-4.339130677842042,0.962506144092784,0.9463122291111904,0.9902599624074404,-0.016193914981593616
1811,36.3577777780001,0.03944444400003,1,10,2020-04-21,2020-04-22,fao_adult,0.0475990295243491,0.0374288788911698,289.8880628373888,291.3908122592502,292.19772533840603,-6.846885582923389,-4.5437653016967285,0.6682704055975427,0.7101321085695577,0.8122957050538515,0.04186170297201497
1812,36.8069444440001,1.15861111100003,1,10,2020-04-21,2020-04-22,fao_adult,0.0173186331820716,0.0104007056829331,294.6278035057916,296.8869331359863,297.97289352416993,-6.159525580854044,-5.3423692044232105,0.7084628615504591,0.7797234727058489,0.8079750642714838,0.07126061115538973
1813,37.0544444440001,0.672222222000073,1,10,2020-04-21,2020-04-26,fao_swarm,0.0224755525422324,0.0146382084962723,296.8303968217638,298.8980279710558,300.3092270745172,-3.804596121999172,-5.307719486186808,1.0204460159621076,1.175995714735133,0.96243646246891,0.15554969877302538
1814,37.145277778,1.03694444400003,1,10,2020-04-21,2020-04-26,fao_swarm,0.0182807266545523,0.0126381001350281,296.7202514224582,299.31399476793075,300.3010239495172,-5.669451270701936,-6.585415463626544,0.8051585794815616,0.8530039940016448,0.8382056709192015,0.047845414520083285
1815,37.144722222,1.03833333300003,1,10,2020-04-21,2020-04-26,fao_swarm,0.0182807266545523,0.0126381001350281,296.7202514224582,299.31399476793075,300.3010239495172,-5.693474354139667,-5.45767578156611,0.9238384847261066,0.8492976793703506,0.6363109913017635,-0.07454080535575602
1816,37.282777778,1.89416666700004,1,10,2020-04-21,2020-04-26,fao_swarm,0.0088083416056861,0.0040557465431092,300.8121513790554,305.02915861341694,306.08448206583654,-6.140211386475237,-5.324348026042901,0.8206376926160592,0.7846995303167281,0.8094997108625276,-0.03593816229933111
1817,37.0641666670001,0.66805555600007,1,10,2020-04-21,2020-04-26,fao_swarm,0.0224755525422324,0.0146382084962723,296.8303968217638,298.8980279710558,300.3092270745172,-5.6679666811963525,-5.092802085319807,0.9514124475461044,0.8532334249014152,1.1049437887791675,-0.09817902264468925
1818,37.144722222,1.03861111100002,1,10,2020-04-21,2020-04-26,fao_swarm,0.0182807266545523,0.0126381001350281,296.7202514224582,299.31399476793075,300.3010239495172,-5.407457440141478,-5.59785272483771,0.811592786127309,0.894188930845929,0.8496373071324779,0.08259614471861998
1819,37.138888889,1.04833333300007,1,10,2020-04-21,2020-04-26,fao_swarm,0.0182807266545523,0.0126381001350281,296.7202514224582,299.31399476793075,300.3010239495172,-7.766499991129859,-6.343463257327964,0.849343192109689,0.5731237689073625,0.8006672509426669,-0.2762194232023265
1820,37.137777778,1.04805555600007,1,10,2020-04-21,2020-04-26,fao_swarm,0.0182807266545523,0.0126381001350281,296.7202514224582,299.31399476793075,300.3010239495172,-6.546750117493716,-4.7495107894024935,0.884841919738833,0.7252710567814447,0.8279965718158833,-0.15957086295738832
1821,37.075,2.62944444400006,1,10,2020-04-21,2020-04-26,fao_swarm,0.0193821459841956,0.0021261504766343,303.5245211707221,308.4571968078613,309.7017238193088,-8.101255461318713,-8.511302348941065,0.5734393602420196,0.5363074066350118,0.5664808988968089,-0.03713195360700783
1822,37.2394444440001,0.604444444000023,1,10,2020-04-21,2020-04-26,fao_swarm,0.0199101537299384,0.0123867622491715,297.06056175231936,298.7918105231391,300.2337930467393,-9.183207554073736,-8.10559375405263,0.4928140997775909,0.4307773717866873,0.819085542358815,-0.062036727990903595
1823,37.095,2.56083333300006,1,10,2020-04-21,2020-04-26,fao_swarm,0.0193821459841956,0.0021261504766343,303.5245211707221,308.4571968078613,309.7017238193088,-5.213834582318784,-6.148188834728547,0.8380459168888241,0.9255239409212018,0.659421307325549,0.0874780240323777
1824,37.1333333330001,0.583333333000041,1,10,2020-04-21,2020-04-24,fao_swarm,0.0262708633971442,0.0130970708009598,295.49748666551375,297.0191705491807,298.4557223002116,-3.49009916762137,-4.277958073486436,0.7746268762929553,1.2370024957762145,0.8661556886063634,0.4623756194832591
1825,36.833333333,2.48333333300008,1,10,2020-04-21,2020-04-24,fao_swarm,0.0248164057564963,0.0025168142196534,302.9651353200276,308.9967096116808,310.8112724304199,-7.806323852812412,-8.125380125779401,0.5452652839595254,0.568636060818159,0.484855552309857,0.023370776858633535
1826,37.0,2.46666666700003,1,10,2020-04-21,2020-04-24,fao_swarm,0.018772748096012,0.0022765329954026,303.01504851447214,307.44694832695853,308.90315611097543,-7.684407498795073,-7.092629088171899,0.6705788236430101,0.5824677353961,0.6381208282722184,-0.08811108824691016
1827,37.516666667,0.833333333000041,1,10,2020-04-21,2020-04-24,fao_swarm,0.0195105939936865,0.0094417861577866,297.7143106672499,300.11055509779186,301.3411660936144,-6.1352529457863545,-5.740845525710299,1.0036027728786334,0.7832378337916158,0.7452896137168212,-0.2203649390870176
1828,37.086944444,1.0725,1,10,2020-04-21,2020-04-24,fao_swarm,0.0176040500235785,0.0116156122562287,297.794171778361,300.54530987209745,301.53625615437824,-7.378581745820194,-8.506761067790091,0.6415789445249324,0.619191324394863,0.7242933562968911,-0.02238762013006934
1829,37.6308333330001,0.703055556000038,1,10,2020-04-21,2020-04-24,fao_swarm,0.0126103132796515,0.0058339170095322,299.34696583218044,303.4507243686252,304.67830259535043,-5.3622843717335,-5.187509459168991,0.9609689994871627,0.9014313941873638,0.9356779420946494,-0.0595376052997989
1830,37.6233333330001,0.692222222000055,1,10,2020-04-21,2020-04-24,fao_swarm,0.0126103132796515,0.0058339170095322,299.34696583218044,303.4507243686252,304.67830259535043,-4.128797881812805,-4.299030693301163,1.1075179755065006,1.1149836343957071,1.2509626674805985,0.007465658889206583
1831,37.632777778,0.699166667000043,1,10,2020-04-21,2020-04-24,fao_swarm,0.0126103132796515,0.0058339170095322,299.34696583218044,303.4507243686252,304.67830259535043,-5.217461969166321,-4.951783061251157,0.8565259032122864,0.924929907484054,0.9452279198997228,0.06840400427176763
1832,37.6636111110001,0.640277778000041,1,10,2020-04-21,2020-04-24,fao_swarm,0.0187133669686545,0.0122754505750535,298.80259734259715,301.8551460266113,302.99899486965603,-6.420894053128954,-8.291669861070872,0.5008818011811895,0.7426372375728871,0.622106093663349,0.2417554363916976
1833,37.0977777780001,0.700277778000043,1,10,2020-04-21,2020-04-24,fao_swarm,0.0224755525422324,0.0146382084962723,296.8303968217638,298.8980279710558,300.3092270745172,-5.100455018714902,-5.447092639662294,0.7722861900824353,0.9442256256575272,0.912156800398178,0.17193943557509195
1834,36.8108333330001,1.16722222200002,1,10,2020-04-21,2020-04-24,fao_swarm,0.0173186331820716,0.0104007056829331,294.6278035057916,296.8869331359863,297.97289352416993,-5.898941139719601,-5.391066499353483,0.9551028423675966,0.8180790515428765,0.8114033014506445,-0.13702379082472005
1835,37.6238888890001,0.690555556000049,1,10,2020-04-21,2020-04-24,fao_swarm,0.0126103132796515,0.0058339170095322,299.34696583218044,303.4507243686252,304.67830259535043,-4.5021204732966,-5.308472684640257,0.9239581224061384,1.0471863854182832,0.8088972461762054,0.12322826301214485
1836,37.030833333,0.871666667000056,1,10,2020-04-21,2020-04-24,fao_swarm,0.0184936791491736,0.0143415561792252,294.8608872731526,296.3903402540419,297.6376070658367,-5.444961792209967,-5.472698343829513,0.9570902246099654,0.8887254267403643,0.9762008699872052,-0.06836479786960115
1837,37.076388889,0.845555556000022,1,10,2020-04-21,2020-04-24,fao_swarm,0.0208249509167899,0.0144150338050721,296.71710472106935,299.2861844380696,300.606270260281,-4.461638012862828,-5.374220491298602,0.958940568824802,1.0544081752569558,1.029706430882447,0.0954676064321538
1838,37.641944444,0.67027777800007,1,10,2020-04-21,2020-04-24,fao_swarm,0.0126103132796515,0.0058339170095322,299.34696583218044,303.4507243686252,304.67830259535043,-6.688960350745436,-5.373516674414773,0.859477162299821,0.7060306015240574,0.8385735777013927,-0.15344656077576357
1839,37.584166667,0.350555556000074,1,10,2020-04-21,2020-04-24,fao_swarm,0.0201253712010611,0.0124151489612458,297.0539482540554,299.85700692070844,301.3834512498644,-2.3139573356331056,-6.492390514168664,0.7037865892851621,1.4794484784697424,0.9396136792444468,0.7756618891845802
1840,37.6258333330001,0.692222222000055,1,10,2020-04-21,2020-04-24,fao_swarm,0.0126103132796515,0.0058339170095322,299.34696583218044,303.4507243686252,304.67830259535043,-5.82441571346417,-5.285658561238937,0.9882101708522943,0.8293028999737139,0.9216545075528222,-0.15890727087858048
1841,37.625,0.69722222200005,1,10,2020-04-21,2020-04-24,fao_swarm,0.0126103132796515,0.0058339170095322,299.34696583218044,303.4507243686252,304.67830259535043,-6.156970519590104,-4.728300133445113,0.923405514728004,0.7800928487548379,0.9254390478941976,-0.14331266597316616
1842,37.6311111110001,0.686944444000062,1,10,2020-04-21,2020-04-24,fao_swarm,0.0126103132796515,0.0058339170095322,299.34696583218044,303.4507243686252,304.67830259535043,-5.844179753337727,-5.034717745655813,0.9293514710979754,0.8263153130357959,1.063735990366293,-0.10303615806217958
1843,36.9919444440001,0.627222222000057,1,10,2020-04-21,2020-04-24,fao_swarm,0.0308079987597693,0.014325090396106,294.6985717349582,295.8353760613336,297.0976059807671,-5.187335300584785,-5.635194304644129,0.9372277030319232,0.9309657973091664,0.904503887312786,-0.006261905722756755
1844,37.63,0.703055556000038,1,10,2020-04-21,2020-04-24,fao_swarm,0.0126103132796515,0.0058339170095322,299.34696583218044,303.4507243686252,304.67830259535043,-4.800400419770153,-3.5301692368980566,0.810070725195651,0.9949679067874176,0.9350972603427176,0.1848971815917666
1845,36.718055556,1.46666666700003,1,10,2020-04-21,2020-04-24,fao_swarm,0.0322504311633338,0.0044884464618561,296.73393957349987,301.2236139085558,301.7336519877116,-7.652312573690223,-7.438793611818085,0.725942841176111,0.586155077741874,0.9205827393596576,-0.13978776343423693
1846,37.6319444440001,0.699444444000051,1,10,2020-04-21,2020-04-24,fao_swarm,0.0126103132796515,0.0058339170095322,299.34696583218044,303.4507243686252,304.67830259535043,-5.293329306610582,-4.15645333962393,1.111745288941817,0.9125667587568472,0.8917828699163008,-0.19917853018496967
1847,37.637222222,0.775277778000032,1,10,2020-04-21,2020-04-25,fao_swarm,0.0138061612677802,0.0079064152118562,298.8953219519721,302.1301460266113,303.15823966132274,-6.061381706658683,-6.636865071334074,0.8999688693585767,0.794007099507978,0.9382209987255404,-0.10596176985059869
1848,37.004166667,0.863333333000071,1,10,2020-04-21,2020-04-25,fao_swarm,0.0184936791491736,0.0143415561792252,294.8608872731526,296.3903402540419,297.6376070658367,-6.459091058139043,-5.675379563566533,0.8178600445579179,0.7392901180269884,0.9387310885339823,-0.07856992653092953
1849,36.8619444440001,2.39527777800004,1,10,2020-04-21,2020-04-25,fao_swarm,0.0187938332391013,0.002628707039058,302.72846539815265,307.8046685960558,309.37165111965606,-8.771909938635158,-8.737268731185095,0.4592568730750181,0.4685558346597306,0.471471162629437,0.009298961584712495
1850,36.773888889,2.57388888900005,1,10,2020-04-21,2020-04-25,fao_swarm,0.0301503062081565,0.0026488087055085,302.6198173946804,308.8595459832085,310.90682364569767,-10.042881129616166,-9.651254132462087,0.3808539170148752,0.3603854733082531,0.5474464229749544,-0.020468443706622097
1851,37.0611111110001,0.632222222000053,1,10,2020-04-21,2020-04-25,fao_swarm,0.0262708633971442,0.0130970708009598,295.49748666551375,297.0191705491807,298.4557223002116,-4.8170944334996015,-5.320675305698484,1.036214212249463,0.9920974245186648,1.1196116366505664,-0.0441167877307983
1852,37.1961111110001,1.04083333300002,1,10,2020-04-21,2020-04-25,fao_swarm,0.0201237022710074,0.0134078047153352,296.4096665700277,299.2642660352919,300.3464124043783,-5.304704466729733,-4.53119533633105,1.0929782926551097,0.910723161490326,1.1616781303528732,-0.18225513116478376
1853,37.1791666670001,1.03527777800002,1,10,2020-04-21,2020-04-25,fao_swarm,0.0201237022710074,0.0134078047153352,296.4096665700277,299.2642660352919,300.3464124043783,-4.6652106850875015,-4.586907155426202,0.8618371400360765,1.01841734057389,1.0562242254188696,0.15658020053781363
1854,37.458888889,0.966944444000035,1,10,2020-04-21,2020-04-25,fao_swarm,0.020135816915058,0.0134590200063584,298.85062794155544,300.56303448147247,301.6794039408366,-5.594636219604652,-5.177258271922537,0.933546789000884,0.864622004581565,0.9183994011769424,-0.06892478441931893
1855,37.459166667,0.966666667000027,1,10,2020-04-21,2020-04-25,fao_swarm,0.020135816915058,0.0134590200063584,298.85062794155544,300.56303448147247,301.6794039408366,-5.594636219604652,-5.177258271922537,0.933546789000884,0.864622004581565,0.9183994011769424,-0.06892478441931893
1856,36.9847222220001,0.846111111000027,1,10,2020-04-21,2020-04-25,fao_swarm,0.018770363910221,0.0142941257831452,295.3111097123887,297.2656766255697,298.68512768215606,-7.488834415702474,-8.268451677797836,0.5429919710472129,0.6112532899811524,0.7000906404323942,0.0682613189339395
1857,36.965833333,0.845555556000022,1,10,2020-04-21,2020-04-25,fao_swarm,0.018770363910221,0.0142941257831452,295.3111097123887,297.2656766255697,298.68512768215606,-6.828927819435476,-5.003590950954319,0.9777491823622084,0.6886734981627428,0.6724811049680917,-0.2890756841994656
1858,36.9716666670001,0.628611111000055,1,10,2020-04-21,2020-04-25,fao_swarm,0.0308079987597693,0.014325090396106,294.6985717349582,295.8353760613336,297.0976059807671,-5.999633845707618,-5.121052227575059,0.8952117121719313,0.803612481661922,0.9809651608573368,-0.09159923051000929
1859,37.5461111110001,0.381666667000047,1,10,2020-04-21,2020-04-25,fao_swarm,0.0136253058743704,0.0104342481967805,296.9686726464166,300.09502232869465,301.682100338406,-4.252380176258567,-4.090774667966658,1.0551146279097263,1.0922445031862564,1.0142099566260971,0.03712987527653011
1860,37.132777778,0.721111111000027,1,10,2020-04-21,2020-04-25,fao_swarm,0.0224755525422324,0.0146382084962723,296.8303968217638,298.8980279710558,300.3092270745172,-6.739011782238945,-5.893481395830127,1.0547650285779515,0.6993549388733674,1.019295180207345,-0.3554100897045841
1861,37.1375,0.726111111000023,1,10,2020-04-21,2020-04-25,fao_swarm,0.0224755525422324,0.0146382084962723,296.8303968217638,298.8980279710558,300.3092270745172,-4.93088614597816,-3.956164336673746,0.7685162765813786,0.9726795412483986,1.0152611163445464,0.20416326466702006
1862,37.6238888890001,0.695,1,10,2020-04-21,2020-04-25,fao_swarm,0.0126103132796515,0.0058339170095322,299.34696583218044,303.4507243686252,304.67830259535043,-6.857203663445523,-7.340592803671273,0.8844746782396533,0.6837885811216313,0.58623292582128,-0.200686097118022
1863,37.625,0.69722222200005,1,10,2020-04-21,2020-04-25,fao_swarm,0.0126103132796515,0.0058339170095322,299.34696583218044,303.4507243686252,304.67830259535043,-6.156970519590104,-4.728300133445113,0.923405514728004,0.7800928487548379,0.9254390478941976,-0.14331266597316616
1864,36.8588888890001,1.35361111100002,1,10,2020-04-21,2020-04-25,fao_swarm,0.0124370276761283,0.0061400464650986,297.63512229919434,302.35432679918074,303.3741739061143,-6.065819926751418,-5.475615165963875,0.8032650495748089,0.7933569434016987,0.765523401455624,-0.00990810617311022
1865,36.9863888890001,0.633333333000053,1,10,2020-04-21,2020-04-26,fao_swarm,0.0308079987597693,0.014325090396106,294.6985717349582,295.8353760613336,297.0976059807671,-5.050917755466282,-5.686921149150176,0.995493884388281,0.9535355758402898,1.0550989683510694,-0.04195830854799121
1866,36.9891666670001,0.636666667000043,1,10,2020-04-21,2020-04-26,fao_swarm,0.0308079987597693,0.014325090396106,294.6985717349582,295.8353760613336,297.0976059807671,-6.48282790668534,-5.477971325141814,0.9433785646331376,0.735145595210405,0.8472307715728902,-0.20823296942273262
1867,36.9905555560001,0.625277778000054,1,10,2020-04-21,2020-04-26,fao_swarm,0.0308079987597693,0.014325090396106,294.6985717349582,295.8353760613336,297.0976059807671,-4.947084791339836,-5.632919886076029,0.9628875900754408,0.9700051579827847,0.7661369173544732,0.007117567907343969
1868,36.9869444440001,0.624166667000054,1,10,2020-04-21,2020-04-26,fao_swarm,0.0308079987597693,0.014325090396106,294.6985717349582,295.8353760613336,297.0976059807671,-5.320689328244972,-7.154686162719714,0.8364977974876868,0.9082657446997076,0.8192402046653716,0.07176794721202073
1869,36.9872222220001,0.623611111000059,1,10,2020-04-21,2020-04-26,fao_swarm,0.0308079987597693,0.014325090396106,294.6985717349582,295.8353760613336,297.0976059807671,-5.320689328244972,-7.154686162719714,0.8364977974876868,0.9082657446997076,0.8192402046653716,0.07176794721202073
1870,37.003055556,0.871666667000056,1,10,2020-04-21,2020-04-27,fao_swarm,0.0184936791491736,0.0143415561792252,294.8608872731526,296.3903402540419,297.6376070658367,-6.420716542804929,-6.344467904440053,0.8968579327748507,0.7429963300125726,0.689272305229581,-0.15386160276227812
1871,37.019722222,0.683888889000059,1,10,2020-04-21,2020-04-27,fao_swarm,0.0201573341918219,0.0133459499952195,295.5046589745416,297.15931811862527,298.5328381856283,-5.140499950372936,-4.919428024816467,1.1500608654789433,0.9375906157491132,0.92630692595217,-0.21247024972983009
1872,37.333333333,3.68333333300006,1,10,2020-04-21,2020-04-27,fao_swarm,0.0218701481652487,0.0006072751161454,305.0338256412082,309.4415392557779,310.0336411370171,-10.344682511252556,-8.96294298940939,0.2781513070610661,0.3382376183403184,0.4108146559814558,0.06008631127925229
1873,36.9866666670001,0.636111111000048,1,10,2020-04-21,2020-04-27,fao_swarm,0.0308079987597693,0.014325090396106,294.6985717349582,295.8353760613336,297.0976059807671,-3.763925195861375,-5.026912231310147,0.8262840464768415,1.1839538353055286,0.9768349847641512,0.35766978882868705
1874,37.0275,0.8775,1,10,2020-04-21,2020-04-27,fao_swarm,0.0184936791491736,0.0143415561792252,294.8608872731526,296.3903402540419,297.6376070658367,-5.582797739394016,-4.722262960727888,0.8479777173924659,0.8664788976638329,0.9428454959129714,0.018501180271367046
1875,37.033888889,0.913055556000074,1,10,2020-04-21,2020-04-27,fao_swarm,0.0184936791491736,0.0143415561792252,294.8608872731526,296.3903402540419,297.6376070658367,-5.0930449108133145,-4.339130677842042,0.962506144092784,0.9463122291111904,0.9902599624074404,-0.016193914981593616
1876,37.0455555560001,0.908888889000025,1,10,2020-04-21,2020-04-27,fao_swarm,0.0184936791491736,0.0143415561792252,294.8608872731526,296.3903402540419,297.6376070658367,-6.972275894034918,-7.003888157163772,0.8739105129265363,0.6692329190748008,0.8546965456021003,-0.20467759385173556
1877,37.073611111,0.663333333000026,1,10,2020-04-21,2020-04-27,fao_swarm,0.0224755525422324,0.0146382084962723,296.8303968217638,298.8980279710558,300.3092270745172,-7.195478703520605,-6.691669942322842,0.9056673568002928,0.6407572368266934,0.6718025578798279,-0.26491011997359937
1878,37.0669444440001,0.666944444000023,1,10,2020-04-21,2020-04-27,fao_swarm,0.0224755525422324,0.0146382084962723,296.8303968217638,298.8980279710558,300.3092270745172,-5.357409081485946,-4.690175604575894,0.8639183579421453,0.9022155165507656,0.9250759510873328,0.03829715860862026
1879,37.0663888890001,0.66805555600007,1,10,2020-04-21,2020-04-27,fao_swarm,0.0224755525422324,0.0146382084962723,296.8303968217638,298.8980279710558,300.3092270745172,-4.570104003853404,-5.005677911377062,0.8900838017115529,1.0351306358000358,1.0468331105741076,0.14504683408848296
1880,36.9775,0.774444444000039,1,10,2020-04-21,2020-04-27,fao_swarm,0.018770363910221,0.0142941257831452,295.3111097123887,297.2656766255697,298.68512768215606,-5.977728494173386,-6.508137747203589,0.815631459075663,0.8065508673518209,1.0250875162129365,-0.009080591723842124
1881,36.9805555560001,0.773611111000037,1,10,2020-04-21,2020-04-27,fao_swarm,0.018770363910221,0.0142941257831452,295.3111097123887,297.2656766255697,298.68512768215606,-6.549110838927721,-5.666190541492929,0.723196473825866,0.7249654009973523,0.7349547735597011,0.0017689271714862453
1882,37.079444444,0.66,1,10,2020-04-21,2020-04-27,fao_swarm,0.0224755525422324,0.0146382084962723,296.8303968217638,298.8980279710558,300.3092270745172,-4.597727010809408,-6.010459049962397,1.0957428186094436,1.030258043115628,0.9028101139619712,-0.06548477549381548
1883,37.078333333,0.662222222000025,1,10,2020-04-21,2020-04-27,fao_swarm,0.0224755525422324,0.0146382084962723,296.8303968217638,298.8980279710558,300.3092270745172,-4.756718723835018,-4.908844165162007,0.8650366950375155,1.0025050823651174,0.7618013945778908,0.13746838732760192
1884,37.016666667,5.75,1,10,2020-04-21,2020-04-21,fao_swarm,0.0152455389332999,0.0001198283311723,302.46086014641656,302.3050266689724,302.0375148349338,-5.105623736541245,-4.918839654774548,0.993969744868239,0.9433674046649468,0.9830180085876764,-0.05060234020329213
1885,37.3833333330001,5.71666666700003,1,10,2020-04-21,2020-04-21,fao_swarm,0.0395052999091376,0.0006004950878022,298.0349541134304,297.5815620422364,298.45580368041993,-5.985892710788606,-5.636068089091968,0.6936984099341847,0.8051269067871819,0.765880304864344,0.11142849685299716
1886,37.3833333330001,5.73333333300008,1,10,2020-04-21,2020-04-21,fao_swarm,0.0395052999091376,0.0006004950878022,298.0349541134304,297.5815620422364,298.45580368041993,-5.368669424101876,-5.129051122817622,0.8243632457650882,0.9004051787268883,0.8995090721247128,0.07604193296180006
1887,37.1333333330001,5.85,1,10,2020-04-21,2020-04-21,fao_swarm,0.038973000628971,0.0025166503068803,299.176886622111,297.9087376064724,298.26865632798933,-9.283944250778804,-8.85537880273437,0.6018163034070065,0.421942168590242,0.3903068366349916,-0.17987413481676456
1888,37.75,5.7,1,10,2020-04-21,2020-04-21,fao_swarm,0.0302013575864066,0.0010897151109574,293.92276335822214,295.57252341376415,296.99474682278105,-4.853458466758829,-5.895586924961698,0.8963443001033715,0.9858639817040308,0.9215885813319892,0.08951968160065926
1889,36.95,5.38333333300005,1,10,2020-04-21,2020-04-21,fao_swarm,0.0167049288583029,0.0001721761104462,302.9021904415555,305.82745505438913,305.32761357625327,-5.854584730078905,-4.846041863366474,0.7992284965290937,0.8247456696867264,0.7404152323121509,0.02551717315763269
1890,37.3,5.68333333300006,1,10,2020-04-21,2020-04-21,fao_swarm,0.0324761986565818,0.0004075250503419,296.98582759433333,297.4980442470975,298.20218497382274,-6.37367033901939,-6.574349702081604,0.7722638096000798,0.7492356790636496,0.7895137273247124,-0.023028130536430158
1891,37.3666666670001,5.66666666700007,1,10,2020-04-21,2020-04-21,fao_swarm,0.0395052999091376,0.0006004950878022,298.0349541134304,297.5815620422364,298.45580368041993,-5.577527905770007,-5.4401763943344665,0.956299310775118,0.867294791982321,0.7093343021221608,-0.08900451879279703
1892,37.3666666670001,5.65,1,10,2020-04-21,2020-04-21,fao_swarm,0.0295489251446952,0.000404768335521,297.3488864050971,298.4055963304308,299.2474106682672,-7.438367666673506,-6.28553692318752,0.6613739781962031,0.6112307931650937,0.8155285234662897,-0.05014318503110948
1893,37.083333333,5.33333333300004,1,10,2020-04-21,2020-04-21,fao_swarm,0.0625197708440055,0.0003340325233338,303.0818019866944,302.26176495022247,302.4693941752116,-5.351238211056178,-5.479268940614275,1.00698950304457,0.9032087079135264,1.1327608189107057,-0.10378079513104355
1894,37.35,5.73333333300008,1,10,2020-04-21,2020-04-21,fao_swarm,0.0324761986565818,0.0004075250503419,296.98582759433333,297.4980442470975,298.20218497382274,-5.636959245321771,-7.039996520924122,0.8781811842928349,0.8580356438831804,0.8641151046115345,-0.02014554040965444
1895,37.216666667,5.7,1,10,2020-04-21,2020-04-21,fao_swarm,0.0246375769210089,0.0001993558284638,298.7428208669026,298.76416837904185,299.1903251647949,-4.773496199988607,-5.92994595183344,0.8824096067562999,0.9996056789798596,0.8775699855855899,0.11719607222355977
1896,36.95,5.76666666700004,1,10,2020-04-21,2020-04-23,fao_swarm,0.0124289065432776,0.0003857693549988,298.148761622111,300.24910761515304,300.1410792880588,-7.404656402273122,-5.899959952648105,0.7368508297701067,0.6152611897234667,0.71704230815313,-0.12158964004664008
1897,37.35,5.73333333300008,1,10,2020-04-21,2020-04-23,fao_swarm,0.0324761986565818,0.0004075250503419,296.98582759433333,297.4980442470975,298.20218497382274,-5.636959245321771,-7.039996520924122,0.8781811842928349,0.8580356438831804,0.8641151046115345,-0.02014554040965444
1898,37.35,5.75,1,10,2020-04-21,2020-04-23,fao_swarm,0.0324761986565818,0.0004075250503419,296.98582759433333,297.4980442470975,298.20218497382274,-7.178002929532276,-6.312229255105605,0.5498610424821978,0.6429255434277071,0.4855190997138797,0.09306450094550933
1899,37.016666667,5.75,1,10,2020-04-21,2020-04-23,fao_swarm,0.0152455389332999,0.0001198283311723,302.46086014641656,302.3050266689724,302.0375148349338,-5.105623736541245,-4.918839654774548,0.993969744868239,0.9433674046649468,0.9830180085876764,-0.05060234020329213
1900,37.016666667,5.78333333300003,1,10,2020-04-21,2020-04-23,fao_swarm,0.0178766965699423,0.0003218880769608,300.0847642262777,301.2838949415418,300.9250094095866,-6.482001582442447,-4.555120747202789,0.746070440939634,0.7341655581147687,0.7505406832349455,-0.011904882824865348
1901,37.066666667,5.16666666700007,1,10,2020-04-21,2020-04-23,fao_swarm,0.0748887479138602,0.0003846666690705,301.77550315856934,300.46982159084746,300.84991717868377,-6.506555307717088,-6.193198893208644,0.8929891945234252,0.7307827000461307,0.8327114559893842,-0.16220649447729452
1902,37.0580555560001,5.3425,1,10,2020-04-21,2020-04-23,fao_swarm,0.0625197708440055,0.0003340325233338,303.0818019866944,302.26176495022247,302.4693941752116,-5.312915987169241,-5.681876571058119,0.952264290164025,0.9093939355796944,0.7437560445300744,-0.04287035458433064
1903,36.8158333330001,5.5525,1,10,2020-04-21,2020-04-23,fao_swarm,0.0280644565654029,0.0054017535325883,301.1061238182916,301.112242380778,300.9623520745172,-5.674100231054304,-5.834215667179705,0.8557453125984367,0.8522858269662266,0.6687064721599312,-0.003459485632210102
1904,36.9333333330001,5.75,1,10,2020-04-21,2020-04-25,fao_swarm,0.0092337250542868,7.390295237286182e-05,300.23595237731934,301.7298639085558,301.65892868041993,-5.006007332449133,-5.844942093105337,0.7594054095822916,0.9600027170525542,0.8996302198567294,0.2005973074702626
1905,37.4,5.88333333300005,1,10,2020-04-21,2020-04-24,fao_swarm,0.1302050918174018,0.0045246860858796,296.2565795474582,295.28075909084754,295.75154478285043,-5.404903757291871,-6.002169534936369,0.8383040726933884,0.8945972479481249,0.7054698019138432,0.05629317525473654
1906,36.9166666670001,5.3,1,10,2020-04-21,2020-04-25,fao_swarm,0.0205123543572653,0.0001418075439332,302.12473275926374,304.6255073547363,304.28505172729496,-5.1924458281583785,-5.693297066347222,0.977451452410221,0.9290320573866424,0.8442094882909862,-0.048419395023578615
1907,37.066666667,5.58333333300004,1,10,2020-04-21,2020-04-25,fao_swarm,0.0272479772401084,0.0001629522916672,300.040167872111,298.34541837904186,298.7534219529894,-5.795629577255841,-5.034031748200246,1.01808902229229,0.8336685481579426,0.8135721641569243,-0.18442047413434748
1908,36.9166666670001,5.68333333300006,1,10,2020-04-21,2020-04-25,fao_swarm,0.0092337250542868,7.390295237286182e-05,300.23595237731934,301.7298639085558,301.65892868041993,-5.355363529232443,-5.869415779810813,0.8719192556237326,0.9025446590044558,0.992044031734193,0.03062540338072317
1909,37.1333333330001,5.66666666700007,1,10,2020-04-21,2020-04-25,fao_swarm,0.0230402618479956,0.0001527151939271,302.2562648773193,300.7091011047363,301.02137985229496,-6.04883146219895,-5.000402747753037,0.9499811794488005,0.7958477573890903,0.9196712818729852,-0.15413342205971015
1910,37.033333333,5.81666666700005,1,10,2020-04-21,2020-04-25,fao_swarm,0.0178766965699423,0.0003218880769608,300.0847642262777,301.2838949415418,300.9250094095866,-4.655278985623697,-5.37166962933642,1.1320653586252911,1.0201543233202794,1.016906983288296,-0.11191103530501167
1911,36.9166666670001,5.26666666700004,1,10,2020-04-21,2020-04-25,fao_swarm,0.0205123543572653,0.0001418075439332,302.12473275926374,304.6255073547363,304.28505172729496,-4.814008643279292,-6.818375921961423,1.0900105686354022,0.9926275979090546,0.7705274231691748,-0.0973829707263476
1912,37.1666666670001,5.63333333300005,1,10,2020-04-21,2020-04-25,fao_swarm,0.0266406059098471,0.0001799843189118,295.7791706932916,297.0830648634169,297.6306897481282,-6.8503257202251895,-5.861623257901033,0.7794655128823917,0.6846868464293467,0.987028329133177,-0.094778666453045
1913,36.833333333,5.58333333300004,1,10,2020-04-21,2020-04-25,fao_swarm,0.0280644565654029,0.0054017535325883,301.1061238182916,301.112242380778,300.9623520745172,-4.760827810649211,-4.986003751677137,0.9627374094096036,1.0017944523245588,0.8883364837233396,0.03905704291495515
1914,36.8833333330001,5.63333333300005,1,10,2020-04-21,2020-04-25,fao_swarm,0.0072725981307257,0.0001151493665574,303.2287854936388,303.98214797973634,303.8197848002116,-4.909238566898004,-5.639543515399343,0.832927920916515,0.9763536215170128,0.7419399536342317,0.14342570060049775
1915,37.1166666670001,5.21666666700003,1,10,2020-04-21,2020-04-26,fao_swarm,0.0748887479138602,0.0003846666690705,301.77550315856934,300.46982159084746,300.84991717868377,-4.938394667076823,-5.144634388073065,0.8445201695091009,0.9714073705943064,0.8040286330879532,0.12688720108520546
1916,37.266666667,5.1,1,10,2020-04-21,2020-04-26,fao_swarm,0.0372823595834006,0.0005830905315278,299.94686275058325,301.08789342244467,301.15595016479494,-7.065882487562119,-4.9233428298092,0.7051820080188548,0.6569782012129486,0.8249085303885686,-0.04820380680590619
1917,36.816666667,5.36666666700006,1,10,2020-04-21,2020-04-26,fao_swarm,0.0166614770722617,0.0009868672963975,302.29755176968047,304.9990208095975,304.6980128818088,-4.868849175453459,-5.370044269366504,0.9330926247784016,0.9832336914446214,0.9177432936049492,0.05014106666621976
1918,37.033333333,5.81666666700005,1,10,2020-04-21,2020-04-27,fao_swarm,0.0178766965699423,0.0003218880769608,300.0847642262777,301.2838949415418,300.9250094095866,-4.655278985623697,-5.37166962933642,1.1320653586252911,1.0201543233202794,1.016906983288296,-0.11191103530501167
1919,37.266666667,5.1,1,10,2020-04-21,2020-04-27,fao_swarm,0.0372823595834006,0.0005830905315278,299.94686275058325,301.08789342244467,301.15595016479494,-7.065882487562119,-4.9233428298092,0.7051820080188548,0.6569782012129486,0.8249085303885686,-0.04820380680590619
1920,36.9166666670001,5.3,1,10,2020-04-21,2020-04-27,fao_swarm,0.0205123543572653,0.0001418075439332,302.12473275926374,304.6255073547363,304.28505172729496,-5.1924458281583785,-5.693297066347222,0.977451452410221,0.9290320573866424,0.8442094882909862,-0.048419395023578615
1921,36.833333333,5.35,1,10,2020-04-21,2020-04-27,fao_swarm,0.0208101689648856,0.0006056210872529,300.47217742072206,303.97412931654185,303.83000072903104,-5.424546486924065,-6.161296931649456,0.8909694909640326,0.8914599208617837,0.8916073043696868,0.0004904298977511656
1922,36.75,5.46666666700003,1,10,2020-04-21,2020-04-27,fao_swarm,0.0425050377679099,0.0088242075321076,299.3902004241943,298.04131681654184,298.32786314222545,-4.03310709553759,-6.118668091624032,0.8651571221010781,1.132788853164566,0.8947396479795733,0.2676317310634879
1923,37.316666667,5.68333333300006,1,10,2020-04-21,2020-04-27,fao_swarm,0.0324761986565818,0.0004075250503419,296.98582759433333,297.4980442470975,298.20218497382274,-7.23023209414664,-4.745827091361061,0.6939107887144544,0.6364628009392178,0.7396296493521266,-0.05744798777523663
1924,36.95,5.76666666700004,1,10,2020-04-21,2020-04-27,fao_swarm,0.0124289065432776,0.0003857693549988,298.148761622111,300.24910761515304,300.1410792880588,-7.404656402273122,-5.899959952648105,0.7368508297701067,0.6152611897234667,0.71704230815313,-0.12158964004664008
1925,37.0580555560001,5.3425,1,10,2020-04-21,2020-04-24,fao_swarm,0.0625197708440055,0.0003340325233338,303.0818019866944,302.26176495022247,302.4693941752116,-5.312915987169241,-5.681876571058119,0.952264290164025,0.9093939355796944,0.7437560445300744,-0.04287035458433064
1926,36.9272222220001,5.30388888900006,1,10,2020-04-21,2020-04-24,fao_swarm,0.0205123543572653,0.0001418075439332,302.12473275926374,304.6255073547363,304.28505172729496,-5.754172051549448,-6.579095121001271,0.9562619028627022,0.8399856237945733,0.7453248641858763,-0.11627627906812887
1927,37.1211111110001,5.22444444400003,1,10,2020-04-21,2020-04-26,fao_swarm,0.0748887479138602,0.0003846666690705,301.77550315856934,300.46982159084746,300.84991717868377,-5.728187303378277,-6.507391020558584,0.8187772545126388,0.8439629209994809,0.8544858855673273,0.025185666486842062
1928,37.071666667,0.661388889000023,1,10,2020-04-21,2020-04-21,fao_swarm,0.0224755525422324,0.0146382084962723,296.8303968217638,298.8980279710558,300.3092270745172,-6.069402821176059,-4.384995015907489,0.7927004430983865,0.7928323765271273,0.8987959669837533,0.00013193342874084912
1929,36.641944444,1.07,1,10,2020-04-21,2020-04-21,fao_swarm,0.0539114147258033,0.0172059467908738,291.7796969519721,293.3934869554307,293.9258286370171,-6.769856955099739,-6.454841056470666,0.817774203443042,0.6952657634127568,0.6184542999129068,-0.12250844003028516
1930,36.350833333,1.155,1,10,2020-04-21,2020-04-22,fao_swarm,0.0372598290276755,0.0060000351545212,298.89901661343043,300.8956462436252,301.86454934014216,-6.512416619693955,-6.078303057765838,0.9021967824032444,0.7301282134433368,0.7352001861524146,-0.17206856895990763
1931,37.4813888890001,0.580277778000038,1,10,2020-04-21,2020-04-21,fao_swarm,0.0138853013348807,0.0065807036039231,298.30843501620825,301.8784695943197,303.37815611097545,-5.914414440711299,-6.476854937004011,0.9702612745056606,0.8157629056876411,0.8925643902530936,-0.15449836881801948
1932,36.826666667,2.535,1,10,2020-04-21,2020-04-22,fao_swarm,0.0248164057564963,0.0025168142196534,302.9651353200276,308.9967096116808,310.8112724304199,-9.379155608473852,-9.49119003812261,0.597052607551831,0.4137388907318592,0.4279449533744504,-0.18331371681997177
1933,37.1713888890001,0.603611111000021,1,10,2020-04-21,2020-04-22,fao_swarm,0.0199101537299384,0.0123867622491715,297.06056175231936,298.7918105231391,300.2337930467393,-5.434156982150446,-5.8635895398714775,0.8492712353824371,0.8899277989544818,0.8915667781682662,0.040656563572044724
1934,36.9377777780001,2.35222222200002,1,10,2020-04-21,2020-04-23,fao_swarm,0.0187938332391013,0.002628707039058,302.72846539815265,307.8046685960558,309.37165111965606,-6.405819704995576,-7.0449453791120185,0.63500690425142,0.7447386473946224,0.7944631690742021,0.10973174314320233
1935,36.9375,2.35222222200002,1,10,2020-04-21,2020-04-23,fao_swarm,0.0187938332391013,0.002628707039058,302.72846539815265,307.8046685960558,309.37165111965606,-6.405819704995576,-7.0449453791120185,0.63500690425142,0.7447386473946224,0.7944631690742021,0.10973174314320233
1936,36.899722222,2.31944444400006,1,10,2020-04-21,2020-04-23,fao_swarm,0.0233732729983557,0.0033908567306397,300.43234994676374,306.1119114345974,307.5188082377116,-5.420813773448948,-6.211955130187931,0.7029390162413139,0.8920555035666444,0.8179802457129945,0.18911648732533048
1937,36.956111111,0.686111111000059,1,10,2020-04-21,2020-04-23,fao_swarm,0.0201573341918219,0.0133459499952195,295.5046589745416,297.15931811862527,298.5328381856283,-5.088465112958571,-4.688737787495059,0.7968016028756073,0.9468424566024816,1.0163681105354565,0.15004085372687426
1938,36.55,0.733333333000076,1,10,2020-04-21,2020-04-21,fao_swarm,0.0317392021250952,0.0144532552835343,293.0432277679444,294.5948541429308,294.95246166653106,-7.965998742260719,-8.373241063047121,0.6205984964221626,0.5512952474217829,0.5645347585905203,-0.06930324900037965
1939,36.6833333330001,1.63333333300005,1,10,2020-04-21,2020-04-22,fao_swarm,0.0354381471705664,0.003495880114734,297.9805704328749,303.12676603529184,303.70678024291993,-7.824516757954665,-6.802748364734555,0.68812060295943,0.566595696267148,0.7399488146456659,-0.121524906692282
1940,36.3669444440001,1.16666666700007,1,10,2020-04-21,2020-04-22,fao_swarm,0.0372598290276755,0.0060000351545212,298.89901661343043,300.8956462436252,301.86454934014216,-6.308275546037769,-7.2138596687114225,0.8139827018641829,0.7589969386303624,0.8808179168097008,-0.05498576323382043
1941,37.4833333330001,0.416666667000072,1,10,2020-04-21,2020-04-22,fao_swarm,0.0136253058743704,0.0104342481967805,296.9686726464166,300.09502232869465,301.682100338406,-5.029203385723765,-3.9864995166501034,0.9132844398797104,0.95611126445942,0.964374309844662,0.042826824579709544
1942,37.066666667,0.666666667000072,1,10,2020-04-21,2020-04-22,fao_swarm,0.0224755525422324,0.0146382084962723,296.8303968217638,298.8980279710558,300.3092270745172,-5.357409081485946,-4.690175604575894,0.8639183579421453,0.9022155165507656,0.9250759510873328,0.03829715860862026
1943,37.1666666670001,0.6,1,10,2020-04-21,2020-04-22,fao_swarm,0.0199101537299384,0.0123867622491715,297.06056175231936,298.7918105231391,300.2337930467393,-5.211185910859761,-5.6458508209617495,0.8562766422555635,0.925957864952627,1.0535531327367078,0.06968122269706345
1944,37.2,0.28333333300003,1,10,2020-04-21,2020-04-23,fao_swarm,0.0468461632561911,0.0187759033319352,291.3482407887777,293.0069418165419,294.7975463019477,-5.583237056121451,-6.364918539525926,0.75379788461204,0.8664022025448259,0.9403005325777032,0.11260431793278591
1945,36.592222222,1.49611111100006,1,10,2020-04-21,2020-04-22,fao_swarm,0.0479675203395117,0.0051236531612275,297.9771144866943,302.039879099528,302.38676613701705,-9.149164352921252,-5.883207822674411,0.6620179289990373,0.4337997441497666,0.7982339943017446,-0.22821818484927076
1946,36.8275,2.53444444400003,1,10,2020-04-21,2020-04-22,fao_swarm,0.0248164057564963,0.0025168142196534,302.9651353200276,308.9967096116808,310.8112724304199,-8.877103631891123,-7.781550214009547,0.3367444859056003,0.4586285800497877,0.4360402653000457,0.12188409414418738
1947,36.95,0.666666667000072,1,10,2020-04-21,2020-04-23,fao_swarm,0.0160048425030936,0.0114281705495713,294.09794782002774,295.7589654710557,297.09956995646155,-4.766840516605047,-6.126779457671022,0.8389848514180447,1.001011029626886,0.8426586205736608,0.16202617820884124
1948,36.716666667,0.683333333000064,1,10,2020-04-21,2020-04-23,fao_swarm,0.0247697055173148,0.0129696062681077,293.1460977766249,294.51681594848634,295.24683558146154,-6.910612982297238,-7.942892078697199,0.5976812746665081,0.6768450971527528,0.5429283350828809,0.07916382248624465
1949,36.7,1.08333333300004,1,10,2020-04-21,2020-04-23,fao_swarm,0.0329991400075186,0.0137145302173493,292.377228418986,293.548961130778,294.4371187845865,-6.61208720621263,-5.943227437943811,0.680166581153526,0.71638097353095,0.8413636383938696,0.036214392377423965
1950,37.2933333330001,0.5325,1,10,2020-04-21,2020-04-21,fao_swarm,0.014863041026615,0.0100582769986985,296.86596539815275,299.48437779744467,300.96152742173933,-5.630912098524887,-4.782370566911734,0.954289557938468,0.85897447050641,0.9541002936077418,-0.09531508743205808
1951,37.3455555560001,0.557222222000064,1,10,2020-04-21,2020-04-21,fao_swarm,0.0184081613850821,0.0105155489322541,298.08916418287487,300.889830271403,302.526631588406,-6.025832052634751,-6.070649895165736,0.8890278481642097,0.7992292421137971,0.9054069863332208,-0.08979860605041257
1952,38.455558053309,4.011411624429941,0,10,2020-04-21,,synthetic_background,0.0070269673896063,0.0022657147523759,298.1810424380832,301.1918159484863,301.62926830715605,-5.098909822125546,-5.253013164905692,1.0221911822182232,0.9450919032873673,1.3727066634777016,-0.077099278930856
1953,38.92426729406025,3.6627014407778855,0,10,2020-04-21,,synthetic_background,0.0048602491450537,0.0037426582452653,298.1308199988472,301.2655843946669,301.88127026028104,-5.850638390471795,-5.2175078938487705,0.9650073477562778,0.8253407350182023,0.9065896403135666,-0.13966661273807557
1954,38.34808301420854,1.87716860849924,0,10,2020-04-21,,synthetic_background,0.0057868778538932,0.0025931379672883,303.2919690873888,306.770299021403,308.04416088528103,-5.936146506614264,-4.592011978861059,0.7331727901473195,0.8127900823255494,1.0228916872073142,0.07961729217822988
1955,37.697431448842046,1.849734242074912,0,10,2020-04-21,,synthetic_background,0.0146921843123664,0.0025478086349366,302.3021361880832,305.81805835300025,307.07433124118387,-6.7667693160775855,-5.190571433856423,0.8067944279571977,0.6956742429536487,0.905415882000568,-0.11112018500354903
1956,38.22174454791615,0.7000075012417013,0,10,2020-04-21,,synthetic_background,0.011079785211109,0.0101252130147813,301.254083887736,304.01387541029186,304.98119430541993,-4.748618022636251,-4.471518562538794,0.7564317287934764,1.0039070089783677,1.061830069566597,0.2474752801848913
1957,38.920406582364286,2.5814848774868318,0,10,2020-04-21,,synthetic_background,0.0047078996730078,0.0022032341834901,303.26395801968044,307.3024930318197,307.99937464396163,-8.225924807077634,-7.580511149014681,0.758406279131566,0.5233420380556462,0.5895308947492897,-0.23506424107591983
1958,38.12822822933919,3.597854290483186,0,10,2020-04-21,,synthetic_background,0.0053538948130835,0.0021495452997086,300.89015159606936,304.530211130778,305.15189200507274,-4.433431607449835,-4.640030733310256,1.0600977249001051,1.0594588633411877,1.1970620620529866,-0.0006388615589174584
1959,38.935431612689655,1.3643486177672115,0,10,2020-04-21,,synthetic_background,0.002463367564701,0.0021921775218842,304.37407629224987,308.2069635179307,308.8599377950032,-8.188484068044875,-8.418996707987795,0.507614636852262,0.5527580375800898,0.4295807771468889,0.04514340072782774
1960,36.271168676747386,4.379226458583736,0,10,2020-04-21,,synthetic_background,0.0430333435368766,0.0005286714908478,305.1106973859999,307.74686694675023,307.0355345831977,-4.796214926856695,-5.549201379959046,0.7139684029415951,1.0034467141571155,0.949399545243706,0.28947831121552037
1961,37.62891598834175,3.816808586879815,0,10,2020-04-21,,synthetic_background,0.0163527250123252,0.0013703635808823,303.64072668287486,308.194957224528,308.72391348944774,-8.957798263306424,-9.507674945780009,0.5204371674672245,0.4511378853623109,0.3824659830433146,-0.06929928210491354
1962,36.081625912847535,2.4199365706436184,0,10,2020-04-21,,synthetic_background,0.0192165493798484,0.0012517801401017,305.88229026794426,310.8548856099447,311.2276949564616,-4.658038678969247,-5.2480405857839845,0.6742385040185628,1.025325917737182,0.958662181696429,0.3510874137186193
1963,38.12660488544172,4.278126185450861,0,10,2020-04-21,,synthetic_background,0.0169095218014945,0.0017062804576752,297.4514363182916,301.49660110473627,301.3995699564616,-1.9671886642480505,-5.0256187304064674,1.1308927100634112,1.554627088115689,0.9846373592669174,0.42373437805227776
1964,36.63675492237811,2.247985563577295,0,10,2020-04-21,,synthetic_background,0.0347152620387305,0.0013777843591569,305.3457017262777,311.63177905612525,312.178291744656,-8.101371899355433,-8.728491831774926,0.5001625042805159,0.5362949557722417,0.6294310951050316,0.03613245149172584
1965,36.28529095034613,5.284203861708526,0,10,2020-04-21,,synthetic_background,0.0476388603282202,0.0018329850313065,301.9676689571804,302.8672554016113,303.06636683146166,-4.1900577452751335,-5.27027419410122,0.8513302198290914,1.103675576364001,0.9766363652403478,0.2523453565349095
1966,38.83389025285236,2.57999008181104,0,10,2020-04-21,,synthetic_background,0.0052801191640128,0.0025170079347489,303.461701075236,307.7525744120281,308.46956236097543,-7.315773087692159,-8.224672566011185,0.6755845396641824,0.626493258661424,0.5831577104897769,-0.04909128100275839
1967,38.50811179175224,2.831204254979538,0,10,2020-04-21,,synthetic_background,0.0070499747824896,0.0024533054706452,303.0117553287082,306.94734437730574,307.65397533840604,-6.444752178900635,-6.207449991189241,0.7698149453550324,0.7566168361761815,0.8165157677192766,-0.013198109178850892
1968,38.19523120058631,0.601384949533857,0,10,2020-04-21,,synthetic_background,0.0187574744057883,0.0172473124143479,300.36803245544434,302.7086616516113,303.6151244269477,-5.741392475111365,-5.200281822356959,0.7961817229372857,0.841939979116957,0.8462358373275001,0.04575825617967122
1969,38.31325234584347,4.944344713597989,0,10,2020-04-21,,synthetic_background,0.0094416409564246,0.0013975880023835,296.9687811533611,300.69700800577806,301.7750311109755,-5.684406495652485,-6.754886596544157,0.6036554752377632,0.8506952974889949,1.0382141325021996,0.24703982225123167
1970,37.51147762259144,2.4777345936978614,0,10,2020-04-21,,synthetic_background,0.0128412067723502,0.0059952816841004,303.70558670891654,307.0063450283475,308.43596861097546,-4.817998092259986,-5.840741298376599,1.0356052959280873,0.9919422017314996,0.8494292326412776,-0.04366309419658765
1971,38.30207696742564,5.1848094451992,0,10,2020-04-21,,synthetic_background,0.0069645315242041,0.0005002847787736,296.62153180440265,298.57296286688904,299.52502026028105,-6.325971509349426,-6.942253367676786,0.6501012808223158,0.7559462124590726,0.8454503752295061,0.10584493163675679
1972,37.30429483925264,2.9069357435430376,0,10,2020-04-21,,synthetic_background,0.0091575652194251,0.0006573132154343,305.0438191307915,309.18464363945856,310.5350028991699,-6.053520153927285,-5.917632983050289,1.035654519650281,0.7956999438020183,0.6682375699317094,-0.23995457584826285
1973,37.05615864499367,2.911354302489674,0,10,2020-04-21,,synthetic_background,0.015108790977024,0.0009266070005296,303.44742156134714,308.4789307488336,309.7512789408366,-6.265860765360959,-10.093477037241469,0.6718874779875106,0.7644684442018294,0.5614745460946914,0.09258096621431877
1974,37.21139358973858,1.9051434769997175,0,10,2020-04-21,,synthetic_background,0.0112234473061789,0.0047416320917008,299.72849252488874,304.1379096984863,305.0266098870172,-3.903488255806193,-4.849974238379937,0.8106518219209808,1.157769253266243,0.9059975023425574,0.3471174313452621
1975,36.70816534616296,0.1754252145206281,0,10,2020-04-21,,synthetic_background,0.0334684371781577,0.010841705548465,291.43520910475,293.08075366550025,294.7362453036838,-5.397036301378866,-6.211178537180903,0.9255463436061988,0.8964457709649565,0.8777221805939767,-0.029100572641242328
1976,38.99877580055573,0.4170410271550047,0,10,2020-04-21,,synthetic_background,0.0089458644223441,0.0068031481382249,303.2233764224582,306.73929858737534,307.00380715264214,-5.277733960400923,-5.403790788237718,0.9364058561616648,0.9150986010537772,0.7597732406115181,-0.021307255107887668
1977,37.68369586324236,3.071855678022062,0,10,2020-04-21,,synthetic_background,0.0182368129325141,0.0019560686227677,303.8987019432916,308.18768725925025,309.23323423597554,-9.318958470803429,-9.704590076500214,0.4747001009295684,0.4189088437210096,0.3810170247607914,-0.055791257208558764
1978,36.60435185269155,3.4490495346237906,0,10,2020-04-21,,synthetic_background,0.023330551369213,0.0018617144700883,304.327960840861,308.8541152106391,309.6925441318088,-7.688702461491232,-7.948446786941812,0.5149507274632129,0.5819757554784355,0.4437915694824214,0.06702502801522259
1979,37.62966259321388,4.522348123854359,0,10,2020-04-21,,synthetic_background,0.0077876567673911,0.0001995495435593,301.82560081481927,305.34428990681965,305.33074942694765,-5.118228109794707,-4.800821571009061,0.9844136024147244,0.941686188834838,0.8819925224231795,-0.04272741357988641
1980,38.94262124121912,1.5856081876055288,0,10,2020-04-21,,synthetic_background,0.0023807257247199,0.0014215192672608,304.0871351030138,308.2565132141113,308.9925224304199,-6.301541676340291,-6.461541678059692,0.7171371019166859,0.7668887976524372,0.8807428244397097,0.04975169573575133
1981,36.62345676039281,5.493436991450983,0,10,2020-04-21,,synthetic_background,0.0628351837229956,0.0136440626260636,297.0576429155137,297.08701994154194,297.1169473436144,-5.70983109373482,-5.364273144433205,0.953845281771915,0.8467808779771037,0.8670226930176279,-0.1070644037948113
1982,36.95034892030895,0.5932791284436187,0,10,2020-04-21,,synthetic_background,0.0273222446274985,0.0126485160467026,294.0053913964165,295.3836887783475,296.74860967000325,-4.703884378482719,-5.532129619753844,0.9375298583704728,1.01471026535961,0.8929570340678316,0.0771804069891373
1983,38.20037199918869,1.751207560740145,0,10,2020-04-21,,synthetic_background,0.0067110329699744,0.0027850351211426,303.29788814120826,307.135875193278,308.3784165276422,-6.677319486015327,-6.973909882812901,0.8471898870711575,0.7082964867913777,0.6740093293329389,-0.1388934002797798
1984,38.36057350400738,5.161818816083855,0,10,2020-04-21,,synthetic_background,0.007993203384899,0.0003398588773606,297.5208699120415,299.6385607401529,300.8279282463921,-7.657703717692801,-5.091974614883542,0.6894427087276075,0.5855343482495432,0.94191216044304,-0.10390836047806429
1985,36.60783409963081,1.4316085697770282,0,10,2020-04-21,,synthetic_background,0.0432443439793814,0.0068211189386246,295.84052051968047,299.03214255438905,299.53816587660043,-6.664577959488058,-5.399323155152615,0.7266380562342838,0.7093007193772244,0.6245864046452094,-0.017337336857059404
1986,38.55027619281877,0.5322634892219611,0,10,2020-04-21,,synthetic_background,0.0235885202718009,0.0166389427062867,301.2182386186388,303.02727059258353,303.6316663106282,-4.911865189654792,-5.043493290143827,0.9715295306168564,0.9761590118922226,1.0154282366490002,0.004629481275366221
1987,37.27888628403947,3.938997077948746,0,10,2020-04-21,,synthetic_background,0.0219624757600058,0.0005770406600831,304.019855372111,308.55343161688904,308.65066045125326,-9.831080331951366,-10.186476276513842,0.4140065528808074,0.3767005033187364,0.4773307986692537,-0.03730604956207101
1988,36.59203389569413,3.8048693226017503,0,10,2020-04-21,,synthetic_background,0.0175101131034125,0.0004080912944672,303.7779228634305,307.8760173373752,308.18985315958656,-10.795505062242697,-9.892354882563012,0.3248623210289542,0.3074509025755486,0.321530309660451,-0.017411418453405603
1989,36.9013380472548,2.2062289789607554,0,10,2020-04-21,,synthetic_background,0.0308054655623664,0.0044191560623048,297.67469478183324,301.8058350457086,302.912080807156,-4.889148983075549,-3.751045115857529,1.0030759203933524,0.9797716716002688,1.0508697580111588,-0.02330424879308357
1990,37.23238649174488,2.291102437901693,0,10,2020-04-21,,synthetic_background,0.0065323233437766,0.0017154297706483,302.2020168304444,306.8650038825141,308.14651548597544,-5.662023251154413,-4.899987963778793,0.7898025302674256,0.8567801645293313,0.993749909745444,0.06697763426190562
1991,37.69647513386574,0.7292354281164248,0,10,2020-04-21,,synthetic_background,0.0109598904681433,0.0061101398345826,299.5250420040554,303.4647054884168,304.52904586791993,-6.469851627551773,-4.901279205337138,1.165475712812761,0.7358439868915578,0.9340205727257253,-0.42963172592120324
1992,37.56564024117748,0.7533424296388627,0,10,2020-04-21,,synthetic_background,0.0138061612677802,0.0079064152118562,298.8953219519721,302.1301460266113,303.15823966132274,-5.411346624293801,-4.836589064003031,0.944406126179588,0.8935673308622366,1.001118193353127,-0.05083879531735136
1993,37.70142376423061,1.303170807272762,0,10,2020-04-21,,synthetic_background,0.0105832487178076,0.009277620064914,301.04049881829155,305.10841208563915,306.5424953036838,-4.984926246720303,-4.789769265732133,0.8084370699021824,0.9635487431582692,0.9237752754027906,0.15511167325608677
1994,37.815092932858136,1.5682470620198337,0,10,2020-04-21,,synthetic_background,0.0112141191792716,0.0048038593408463,302.1336303287082,306.416246287028,307.8754922654894,-6.99753143946336,-6.564872130260575,0.6751110057036196,0.6656654656348329,0.6807457209040231,-0.009445540068786729
1995,37.303194547041365,3.758687239331773,0,10,2020-04-21,,synthetic_background,0.020644542558216,0.0004697075960038,304.67038163079155,309.1890924241808,309.58530671861433,-9.183110393364064,-10.446548963095475,0.5509902384409354,0.4307859713561182,0.5502520350575146,-0.12020426708481724
1996,36.50459540409193,3.77230232004009,0,10,2020-04-21,,synthetic_background,0.0207585215401877,0.0007087520238755,304.5723781585693,308.8932753668891,309.2208318922255,-7.150572331705572,-7.227262682521816,0.5138044483996524,0.6463409531480119,0.4921743317993299,0.13253650474835943
1997,36.72448572966319,4.332324812453083,0,10,2020-04-21,,synthetic_background,0.0248678296637763,0.0004389963027833,304.9946926116944,309.7816705491808,308.6295504252116,-5.257264368422317,-5.0738098762748844,0.8660639852495818,0.922502003058185,0.8997704854413259,0.056438017808603136
1998,37.68129897404169,3.901879674514279,0,10,2020-04-21,,synthetic_background,0.0091643154454459,0.0013398609039185,302.7481648339166,307.5318333095974,307.8383828904894,-7.472839853327544,-9.42934622799105,0.5837952815103448,0.6071356556076499,0.4703975458977276,0.02334037409730516
1999,37.31875821645851,0.7140100985916342,0,10,2020-04-21,,synthetic_background,0.0231698870492209,0.0107445499774812,298.4985012054443,301.36255705091685,303.1210977342394,-5.182460299797841,-5.060747661846063,0.7753533927601421,0.9306730248697368,0.8957252165096837,0.15531963210959465
2000,37.303976095168935,0.8820431645539619,0,10,2020-04-21,,synthetic_background,0.0234744965863455,0.0156245014545319,296.5376233842638,299.2783882141113,300.68584382798934,-7.018804710529324,-7.774076672469552,0.7929408749540929,0.6629518693305012,0.67010699420688,-0.12998900562359172
2001,37.97439077127767,2.4898615524398995,0,10,2020-04-21,,synthetic_background,0.0118910491299857,0.0051743916150925,301.2842867957221,306.1803738911947,307.31028501722545,-9.262873017644536,-8.904026864694028,0.5564211556047542,0.423776919744287,0.3641274770122047,-0.13264423586046725
2002,37.59881641014117,2.5074417290992304,0,10,2020-04-21,,synthetic_background,0.0151402771306266,0.0079077414152024,303.58753657870824,307.0431180318197,308.59641782972545,-7.863680966793764,-6.6399879640902615,0.5812871171614064,0.5622241090317379,0.5253136448717874,-0.019063008129668435
2003,38.55388002345848,3.043392590237197,0,10,2020-04-21,,synthetic_background,0.0073272406888236,0.0027938864108918,302.904572168986,306.8080051845974,307.5115871005588,-7.002789038450495,-5.938481166026522,0.7558828211847193,0.6907619434666403,0.6823478774021645,-0.06512087771807895
2004,37.28005926389641,4.37099808554175,0,10,2020-04-21,,synthetic_background,0.0308336436581839,0.0002980611202119,302.7521850162083,305.1527860005697,304.5292845831977,-5.7559781987884335,-5.421089855580124,0.8638706147420755,0.8431085357331334,0.903103638603435,-0.020762079008942114
2005,36.71238732785633,3.672335016432428,0,10,2020-04-21,,synthetic_background,0.0184950202536811,0.001318373429477,304.00859235127774,308.0578749762641,308.4990653991699,-9.616217474115968,-9.34794278330326,0.5805528043527957,0.3939245616548175,0.3536406468848104,-0.18662824269797818
2006,38.74137482856252,2.2165385711504357,0,10,2020-04-21,,synthetic_background,0.0040945678782691,0.0020454755899308,303.6513332366943,307.539781443278,308.4286281161838,-8.869800782184138,-8.542970914936674,0.5005623552726466,0.4641652427595996,0.7722739338904847,-0.036397112513047
2007,36.9011086001122,5.597145155987695,0,10,2020-04-21,,synthetic_background,0.0072725981307257,0.0001151493665574,303.2287854936388,303.98214797973634,303.8197848002116,-5.680748257187162,-5.5700985699903605,0.6934297103558305,0.8512596123934755,0.7527111318886417,0.15782990203764502
2008,38.577109809277154,4.08308328783262,0,10,2020-04-21,,synthetic_background,0.0034188598227729,0.002365194904506,297.3972642262777,300.8212701585558,301.51531973944765,-4.544447063005404,-5.1948828479388025,0.9476270535205834,1.0413201410318007,0.8441101010236981,0.0936930875112173
2009,36.50393024690908,4.197753657507478,0,10,2020-04-21,,synthetic_background,0.0307677060199011,0.0007082751867173,305.04582650926375,308.98514819675023,308.7124117533366,-6.174934573369392,-6.726562116209266,0.735227382106453,0.7795019421620337,0.6014228797789171,0.044274560055580725
2010,37.00096872247074,5.36796083692035,0,10,2020-04-21,,synthetic_background,0.0341602086854209,0.0002330771562455,303.10083410474994,302.44234220716686,302.3934176127115,-4.596823685576272,-4.8339460057966654,1.0169946707933053,1.0304171490822738,0.8315213234211671,0.013422478288968476
2011,37.232279904915934,4.132656674755363,0,10,2020-04-21,,synthetic_background,0.0243703096938361,0.0007786831733582,303.6333482106527,307.85951343112527,307.4451537238227,-7.511836248552422,-7.250933718456037,0.5589211757119601,0.6052875861485755,0.6517629181987485,0.04636641043661538
2012,38.99179123752892,3.213309571029225,0,10,2020-04-21,,synthetic_background,0.0048841804099311,0.0023941627618668,302.72460255093046,306.4912679884169,307.26540654500326,-4.899140932545501,-5.92341789141623,0.8219824906938671,0.9780706273426772,0.9536166567599358,0.15608813664881016
2013,36.561227590757056,2.933597561322574,0,10,2020-04-21,,synthetic_background,0.0272725343537558,0.0004431984302399,305.5465752071804,309.0097412957086,310.0374985588922,-5.877249277507309,-4.969981190305072,0.7785314374881289,0.8213342518145772,0.7676022889345702,0.04280281432644828
2014,38.45688052366896,0.7691148383001905,0,10,2020-04-21,,synthetic_background,0.0109905421567191,0.0117207548496125,302.6431897905138,305.695103708903,306.30139287312824,-6.129563983974177,-6.2297498980616695,0.7348415274548543,0.7891227106754704,0.7397457580371329,0.054281183220616036
2015,37.08359945857424,2.3616506997647235,0,10,2020-04-21,,synthetic_background,0.0102138042283286,0.0018725476142762,302.786749903361,307.5003337436252,308.8132147047254,-5.848297964361068,-6.198158190729593,0.8198067087560008,0.8256937960262701,0.8803565690820376,0.00588708727026932
2016,37.90130419806627,2.034202457343964,0,10,2020-04-21,,synthetic_background,0.0121320158076514,0.0051321170207856,302.0824747297499,304.7859945509169,306.0283676995172,-5.293623478321226,-5.956218299569942,0.9841687248947651,0.9125190486019276,0.7380513995506137,-0.07164967629283758
2017,36.828631448556735,1.5916251065785494,0,10,2020-04-21,,synthetic_background,0.0214318305087317,0.0034556469795106,297.6513115353054,303.06092402140297,303.62653393215606,-6.863928337394388,-7.3972801764654275,0.6776815887977536,0.6829112375946806,0.7096683627795968,0.005229648796927
2018,38.9286849179993,2.5176885423629867,0,10,2020-04-21,,synthetic_background,0.0046005070042838,0.0017326704141495,303.3045884450276,306.5295709398058,307.1678045484756,-7.761880619580147,-7.928280465801139,0.5161017165371462,0.5793991364110981,0.4872743539943106,0.06329741987395188
2019,36.07634548511493,5.272669787973464,0,10,2020-04-21,,synthetic_background,0.0193134665322531,0.0002670816060899,304.78505176968054,309.50041512383353,308.2824855380588,-5.402494617957942,-5.71540727000184,0.7780729227066487,0.8949825751580253,0.938271315046278,0.11690965245137652
2020,37.19928979593475,2.6957691634344902,0,10,2020-04-21,,synthetic_background,0.0168601542544593,0.0018616250631211,304.77051183912494,309.62723804050023,310.88295211791984,-7.035531526484558,-9.932729866071002,0.554557401369066,0.6608244448355207,0.3526879816877,0.10626704346645477
2021,37.376390620595686,2.516204750193135,0,10,2020-04-21,,synthetic_background,0.0090549111199607,0.0033952525731919,303.87934430440265,307.79027514987524,309.10084491305884,-6.011007901725665,-5.266512627383387,0.8480339563456246,0.8015946920763558,0.7759711464973362,-0.04643926426926881
2022,38.08191738173439,3.6792962645507994,0,10,2020-04-21,,synthetic_background,0.0060054778886069,0.0017269483682511,300.9558851030138,305.0328912523058,305.516475338406,-4.857984463637793,-3.798724465180523,0.9982050678512042,0.9850899922900936,1.0256574447888511,-0.013115075561110578
2023,37.22455756598742,5.200599635674008,0,10,2020-04-21,,synthetic_background,0.0647934645247687,0.0005150220271943,299.9508449554443,299.5250787523058,299.93884404500324,-5.760878695217865,-7.441018334313874,0.8022400921598103,0.8389613234858342,0.6163552229437083,0.036721231326023895
2024,38.83753437280262,0.6650228201090291,0,10,2020-04-21,,synthetic_background,0.0043727129531134,0.0068093023177979,303.2275051116943,307.64407289293075,308.08677698771163,-5.42882157495322,-4.238061835046016,0.8972446114493121,0.8907781466713982,0.7654368440504979,-0.006466464777913905
2025,37.48058716118788,4.289869145019576,0,10,2020-04-21,,synthetic_background,0.0112542480063666,0.0004001042720673,302.28539899190275,306.52723804050027,306.1515936109755,-4.911754810610887,-5.756255032663843,0.9323765452761577,0.9762008890510284,1.0536583699071211,0.043824343774870766
2026,37.529937493499865,2.0394713844163626,0,10,2020-04-21,,synthetic_background,0.0071089684796561,0.0015755674716828,302.6953436533611,306.6156766255697,307.81086010403106,-5.623701690237009,-6.844931318984157,0.5093814929014333,0.8600948700098904,0.814274552586062,0.35071337710845707
2027,36.38508957439116,4.629131742206396,0,10,2020-04-21,,synthetic_background,0.0515973836016883,0.0002522847530244,304.18520367940266,306.9965305752224,306.4505248175727,-5.9809631234449645,-5.778796949252152,0.7449683785265913,0.8058570893372117,0.8006955839411309,0.06088871081062042
2028,36.08604945547991,0.3904862492732444,0,10,2020-04-21,,synthetic_background,0.0750900327992667,0.0145665786144135,296.92755936516653,297.74317228529185,298.79249530368384,-6.742784683226536,-7.003111272273246,0.6047388561200253,0.7033328094573315,0.6673957871307513,0.09859395333730614
2029,37.04418083122547,2.24992030133333,0,10,2020-04-21,,synthetic_background,0.0211933076215018,0.0037463686344025,301.0090155283611,304.6793485005697,305.6704575432671,-6.304324246002816,-5.561980394466772,0.707216702211668,0.7590068402719173,0.7319781605283862,0.05179013806024935
2030,38.04488296434434,1.8844667610843544,0,10,2020-04-21,,synthetic_background,0.0089858144355048,0.0040614089843629,302.6341674380832,305.9766521030002,307.31297598944764,-6.639513253730282,-6.524322683870753,0.5634445404007044,0.7126747205238344,0.5969033127932808,0.14923018012313005
2031,37.89598632765762,5.47366127803496,0,10,2020-04-21,,synthetic_background,0.0496649116111029,0.0019981644031403,293.22206891377766,294.7299778408475,296.07422815958654,-6.511726554602075,-6.792515398290119,0.7081935489469472,0.7331840344339846,0.5111169906679119,0.024990485487037417
2032,37.19148586903762,4.435291897889544,0,10,2020-04-21,,synthetic_background,0.0460962921214331,0.0002847841855881,301.738654200236,303.1788547939724,302.898653072781,-4.053379025832131,-4.784815552753656,1.1233654874375865,1.1349168243653132,1.1746310052963254,0.011551336927726696
2033,38.72151972024184,3.331855964319626,0,10,2020-04-21,,synthetic_background,0.0056077211928595,0.0029915503141282,301.6964938269721,305.42137324015306,306.13343497382266,-4.819528788879644,-4.642730663947276,1.0178382809101192,0.9916793088744706,0.7178577532312055,-0.026158972035648542
2034,37.56180246686419,1.7505371740621656,0,10,2020-04-21,,synthetic_background,0.0121444582772483,0.0029073885557053,301.569367090861,305.1939969380697,306.4634371439615,-5.449840037310993,-4.704320367675393,0.8661519478064966,0.8874316176550392,0.9635481646723392,0.02127966984854257
2035,38.28122599706316,4.44625745451941,0,10,2020-04-21,,synthetic_background,0.0086311220956076,0.0016607872125504,297.2923108842637,300.94269485473626,301.74732928805884,-6.2479597135038585,-4.612267759671855,0.8453957629535485,0.7670205114883961,0.7587073321700607,-0.07837525146515234
2036,38.02867359137326,1.614212934838008,0,10,2020-04-21,,synthetic_background,0.0110906928611029,0.0051899037238953,302.5775539398193,306.49321026272247,307.82155888875326,-7.219716892994175,-8.65820755730763,0.7383134265164126,0.6377596843220144,0.4758473943659456,-0.10055374219439828
2037,38.81413955264132,0.998791773182917,0,10,2020-04-21,,synthetic_background,0.0028442114424933,0.0046276382085679,304.1176743825277,307.86664776272244,308.3644408331977,-9.620142759592078,-9.248425902977342,0.5262620943439026,0.3990531496344813,0.4271515368127234,-0.1272089447094213
2038,38.94972819669285,0.0489760653608699,0,10,2020-04-21,,synthetic_background,0.0149909823966254,0.0102650902149079,303.36538488599984,307.2819038391113,307.08397750854493,-7.246443980212494,-6.557272691149144,0.699241921978929,0.6344675123860123,0.763089758310969,-0.06477440959291669
2039,38.66069310729897,4.647814457661114,0,10,2020-04-21,,synthetic_background,0.0021498471331824,0.0005564174529908,298.4532104068332,302.155552927653,303.1340317620172,-5.782284324093213,-3.977228427480693,0.8112591233039607,0.8356981986734195,0.7775909871445962,0.024439075369458885
2040,38.5412186344796,4.441789147063057,0,10,2020-04-21,,synthetic_background,0.0021754026246298,0.0005265555259583,297.667658106486,301.67017423841685,302.39482820298934,-5.758310107751804,-5.087887936630393,1.0266076092750696,0.8393535133410578,1.142462179262684,-0.18725409593401177
2041,37.77110701728421,4.646849686172206,0,10,2020-04-21,,synthetic_background,0.0056883364749182,0.0004314265128968,300.2843030717638,303.5016900804307,303.65969907972544,-4.229848535659584,-4.726826699056753,0.8798776050793332,1.0964676814127914,0.9104135188970426,0.21659007633345817
2042,37.956601383244895,0.5602596612224839,0,10,2020-04-21,,synthetic_background,0.0320000618529547,0.0291607162830231,298.5528306325277,300.238511912028,301.36082755194764,-6.116211185323349,-6.833957669050941,0.7455368692492929,0.7860032106683614,0.6635686096954523,0.040466341419068574
2043,36.19577594222681,1.254166575432089,0,10,2020-04-21,,synthetic_background,0.0269288837743033,0.0034190348264573,302.77782520718046,307.4254585266113,307.94170862833664,-7.023384045260967,-6.167395366010325,0.8631523979229706,0.6627500664059098,0.6800696773571506,-0.20040233151706077
2044,37.51618680357911,3.322745456389719,0,10,2020-04-21,,synthetic_background,0.0261047750544776,0.0019537887451051,304.1687160491944,308.58809416029186,309.6175821092394,-11.10616124277255,-9.533390233889005,0.340878023021617,0.2887062751057422,0.375283021589059,-0.05217174791587481
2045,38.55322905219331,0.8130954969173823,0,10,2020-04-21,,synthetic_background,0.0092926889491309,0.0106804004785416,302.9116685231526,307.03106291029184,307.59706887139214,-5.60819601403549,-5.735990098733701,0.8493805590291843,0.8631499796635117,0.7342884269161084,0.0137694206343274
2046,36.57456690835812,0.3669043170666251,0,10,2020-04-21,,synthetic_background,0.0339659273457755,0.0073363861915467,292.6784382714166,294.7414687262641,295.4081420050727,-7.594395265412804,-8.954335863566063,0.521180341018958,0.6071021329086772,0.5939347557858587,0.08592179188971916
2047,37.02234933987137,0.4533470801128296,0,10,2020-04-21,,synthetic_background,0.0360519409013022,0.0130198082801697,293.81816266377774,295.0247749328613,296.47224790785043,-4.453685421347551,-5.621990327793715,0.809952880099824,1.0558306141554104,1.0702225734013933,0.24587773405558633
2048,37.6970746638068,1.2095899034625206,0,10,2020-04-21,,synthetic_background,0.0113370239567984,0.0093961289998887,300.73618566724986,304.77823087904187,306.11384947035043,-4.546979787180296,-4.590654928951826,0.8519877836085464,1.0392211751943468,0.9388097563130208,0.18723339158580032
2049,38.84253027809147,3.499956827606648,0,10,2020-04-21,,synthetic_background,0.0052356391978491,0.0039876631376145,301.603742090861,304.0420166863336,304.68645146687817,-3.737062312577177,-6.487427122025228,0.9007678623057226,1.188947591193946,1.0251281473540783,0.2881797288882234
2050,38.01894705126556,3.675317901149689,0,10,2020-04-21,,synthetic_background,0.0050120770764578,0.0014969787475465,300.7050441741943,304.86929533216687,305.3579466925727,-5.274056835928397,-5.698184982726877,0.900530810221626,0.9156962868373424,1.0012664786806325,0.015165476615716433
2051,38.57719439925845,2.9656240069816078,0,10,2020-04-21,,synthetic_background,0.0073272406888236,0.0027938864108918,302.904572168986,306.8080051845974,307.5115871005588,-6.22603335137442,-6.388206379677224,0.6149946494647671,0.7708192292345023,0.8755101619517149,0.15582457976973518
2052,37.500168692612434,1.0523591551309297,0,10,2020-04-21,,synthetic_background,0.0207253664565314,0.0144389650699494,299.7604857974583,301.7408827887641,303.0252481248644,-5.338617437173379,-5.128837260319852,1.0342625193955892,0.9052424113725602,0.9422453675976002,-0.129020108023029
2053,37.27715121675868,3.6128065667511207,0,10,2020-04-21,,synthetic_background,0.0272368311715354,0.0006829134103654,305.059992090861,309.3159261915419,309.9934176127116,-9.438261546690246,-9.639363970965205,0.5380975348617947,0.408717653225962,0.3623733276224309,-0.1293798816358327
2054,37.38317008004459,2.66784245368919,0,10,2020-04-21,,synthetic_background,0.0087290376258124,0.0016614279624818,304.3486585405138,308.7205485873752,310.0456908331977,-6.8487008819251605,-6.358599448276897,0.7374536184848038,0.6967145357841148,0.8298611251134064,-0.040739082700689044
2055,37.79566097749955,0.4951086218953584,0,10,2020-04-21,,synthetic_background,0.0413675278258551,0.033689685809314,297.80531001620824,299.3637126498752,300.47589916653106,-4.669816385272485,-4.321031526157759,0.8902094677017678,1.0176124979794323,0.9819060991684864,0.12740303027766453
2056,37.31137885701273,1.038554319079302,0,10,2020-04-21,,synthetic_background,0.022315558774494,0.0148050120946763,296.07089161343043,297.8332330491808,298.99430736965604,-4.941467171366558,-5.17590659756592,0.8867136048475767,0.9708871213824763,0.8234002393885134,0.08417351653489968
2057,36.752994766305584,2.8720205468554427,0,10,2020-04-21,,synthetic_background,0.0315357118678321,0.0019709548828004,304.6197956932916,309.75788040161126,311.54832212660045,-10.633887649103038,-9.704256890204526,0.4087096045197907,0.3181806137415634,0.3407549796722336,-0.09052899077822729
2058,36.241540561980194,5.145580767401995,0,10,2020-04-21,,synthetic_background,0.0424420058560599,0.0011288306590913,303.537482325236,306.1036703321669,305.41138636271154,-4.829574353169596,-4.863226037520823,0.8790503759620545,0.9899551706951876,1.0724214448155052,0.11090479473313308
2059,37.68970577490576,1.0819821812687476,0,10,2020-04-21,,synthetic_background,0.0121362477374304,0.0086408338424561,300.61162512037487,304.93355857001404,306.1349703470866,-5.066012794178047,-3.729711438337652,0.9655816065125212,0.9499582265981515,0.8877559990172871,-0.015623379914369684
2060,38.23163477810357,4.397806370976873,0,10,2020-04-21,,synthetic_background,0.0115404099059333,0.0018107524988053,297.8520493825277,301.32652732001407,301.83977177937817,-2.557085016036881,-4.974624739018152,0.9007277683474344,1.4276495943880605,1.0860211332891392,0.5269218260406261
2061,37.55920661313916,1.7370657353906926,0,10,2020-04-21,,synthetic_background,0.0123764395547141,0.0038624337789414,301.1139959971109,304.9532851325141,306.31924769083656,-4.060212517824922,-3.49777613722572,0.8613382858607523,1.1277279054031497,0.9766600514717336,0.26638961954239737
2062,38.00460642408579,2.398656375280684,0,10,2020-04-21,,synthetic_background,0.0154000043702353,0.0067173621532319,298.99820281134714,301.326207224528,302.25096969604493,-5.908282706590716,-5.434645247854756,0.6863078184943162,0.8166801602158114,0.8885740241669302,0.13037234172149514
2063,38.13261233862207,2.1789883310528677,0,10,2020-04-21,,synthetic_background,0.0104924857449759,0.0058822414752839,301.4517347123888,303.12144919501407,304.1653848436144,-4.997725052740653,-5.200785992694037,0.9140681941856278,0.9626407098187176,0.805934975263588,0.04857251563308984
2064,38.782368085222615,0.0479621933872922,0,10,2020-04-21,,synthetic_background,0.0169107734990348,0.010906659710109,303.0632852766248,306.8131158616808,306.4526190016005,-5.728094237649904,-5.049150394972701,0.8914640968669556,0.8439771906596722,0.9767592756540492,-0.04748690620728335
2065,38.19086238090703,5.3933331193351846,0,10,2020-04-21,,synthetic_background,0.0170336633754004,0.0009056112644074,296.08029916551374,297.7466879102919,298.73089048597546,-4.051797387206873,-6.224207960601278,0.6666563515365834,1.1292976531728387,0.9097250512265932,0.4626413016362553
2066,38.81871416322642,0.9032160353608776,0,10,2020-04-21,,synthetic_background,0.0030585497451056,0.0052998444911835,303.7540893130833,307.6608372158474,308.1490219963921,-5.603034032949905,-5.074651715879653,0.6814262287867326,0.8686811781795793,0.7631771562574773,0.1872549493928467
2067,38.21200504966668,1.2881820306681029,0,10,2020-04-21,,synthetic_background,0.0073710501027335,0.0064774832603333,303.12824295891653,306.970884958903,307.97941479153104,-6.105153689752905,-5.361162986471815,0.7766023460910602,0.7876124391818371,0.8971819092129298,0.01101009309077694
2068,37.425258245561,0.4745007489435509,0,10,2020-04-21,,synthetic_background,0.0131931721997489,0.0081910869953034,297.8296752505832,302.50762541029184,304.2698499043783,-6.620144011061759,-5.862025802894776,0.9263589150305184,0.715290646563538,0.546513179887433,-0.21106826846698035
2069,38.35460372430234,0.4129051483444699,0,10,2020-04-21,,synthetic_background,0.020666760189556,0.014295034753978,300.3656778547499,302.0935249328613,302.73721644083656,-5.696649621957354,-5.883658011487011,0.907278790557052,0.8488086758170678,0.9866451886106572,-0.0584701147399842
2070,36.18908198006951,1.3964669844505484,0,10,2020-04-21,,synthetic_background,0.0222121894192923,0.002617560970485,303.83200272454155,308.7321859571669,308.9953653123644,-5.837418660669696,-7.6512168486461505,0.7611339702725671,0.8276878503135596,0.7198715988462341,0.0665538800409925
2071,37.81670674178104,3.170621385371933,0,10,2020-04-21,,synthetic_background,0.0197999298405875,0.0024295828220246,302.89283171759706,306.2176840040419,306.9638169182672,-7.368747309038078,-8.545796347517296,0.4895619585182199,0.6195782412987685,0.5111344966946524,0.1300162827805486
2072,37.61109618514144,2.329528821608455,0,10,2020-04-21,,synthetic_background,0.0154069185090293,0.0084696791049836,303.0216565873888,306.0928847418891,307.3739731682671,-9.501481196124397,-10.37726761271366,0.4089523186227926,0.4034067871606814,0.3374436307237615,-0.005545531462111175
2073,37.743557560131535,0.3497447303185739,0,10,2020-04-21,,synthetic_background,0.024105486257099,0.0189890346404908,295.9902004241943,298.1751818339029,299.44101960923933,-4.937697420252416,-4.840257282606655,0.9725440885351616,0.9715254576860228,0.7694339651650557,-0.0010186308491387797
2074,38.20193946533416,4.846242965831014,0,10,2020-04-21,,synthetic_background,0.0098750561309088,0.0010836354371903,296.2308091481527,300.4037028842502,301.2173759460449,-6.16326831446823,-7.384935769596293,0.6226921703954287,0.7791826384410085,0.9369912285197896,0.15649046804557987
2075,37.000471588062055,2.944900781703426,0,10,2020-04-21,,synthetic_background,0.0213806003165473,0.0014078698036072,302.93593610127766,308.24878751966685,309.71097403632274,-8.945799833915526,-9.264445942597636,0.3881054936107518,0.452244873820509,0.3645430419529587,0.06413938020975718
2076,36.491907140631845,0.6420594539337994,0,10,2020-04-21,,synthetic_background,0.0497265279126395,0.016056903350055,292.1312648773193,293.76148283216685,294.3039536370171,-6.570929892902751,-5.873681288808939,0.7942588188096396,0.7219735846965716,0.746859996950641,-0.07228523411306798
2077,37.219656400213694,5.189800495369827,0,10,2020-04-21,,synthetic_background,0.0647934645247687,0.0005150220271943,299.9508449554443,299.5250787523058,299.93884404500324,-6.657585978620068,-7.125464346954222,0.6998075386453979,0.7102406593162276,0.693162770232387,0.010433120670829688
2078,36.03527706933392,2.7027753946520843,0,10,2020-04-21,,synthetic_background,0.0179842829537619,0.0004107735034821,305.0627373165554,310.58927146063905,311.09862052069764,-8.854279247683868,-10.373447988901267,0.4642809700052971,0.4611617781475521,0.3907750265061458,-0.0031191918577450073
2079,37.30950159271241,1.6151539512617614,0,10,2020-04-21,,synthetic_background,0.0119346350264777,0.0062509856101868,298.92284473843046,301.3022434658474,302.40951461791985,-5.251390596914332,-5.785221793713275,0.9068544212426148,0.9193865524497976,0.8028198909917696,0.012532131207182773
2080,36.17252530875933,5.970908367040222,0,10,2020-04-21,,synthetic_background,0.0360814153981436,0.0044507018205521,300.13671192593046,301.23041186862525,301.68361943562826,-5.016858314024027,-7.586245225827216,0.6429364378267156,0.958180969804696,0.7391365907486503,0.3152445319779804
2081,38.37864215366053,1.8074112151092812,0,10,2020-04-21,,synthetic_background,0.0056297302079428,0.0025027475234864,303.3810966915554,306.61405987209747,307.82478154500325,-5.956962015763498,-5.065952811905607,0.7625246789179264,0.8124068735754932,0.7952178383400087,0.049882194657566825
2082,36.84681355348673,3.650852454891041,0,10,2020-04-21,,synthetic_background,0.0171284645629157,0.000980757820308,304.30115420023594,308.64780553181964,309.2396090189616,-9.810783815412872,-10.359788525343594,0.4094566904289992,0.3782982256735963,0.3204176187118053,-0.031158464755402904
2083,37.568774222202016,2.1588697620609336,0,10,2020-04-21,,synthetic_background,0.0153173178267707,0.0054980746385453,302.5854586707221,306.3323487175836,307.52556822035046,-8.383568262568678,-8.222106027961935,0.4731285863671506,0.506830593097074,0.4472816867684407,0.033702006729923406
2084,38.55073303464104,0.5093659255519167,0,10,2020-04-21,,synthetic_background,0.0219463527035941,0.0156413546678422,301.9927774641249,304.6834229363336,305.0179673088922,-4.731153294164403,-4.8474629929856565,0.8853248578607625,1.007934490980736,1.082112509179902,0.12260963311997342
2085,36.74826962754987,5.856823906087327,0,10,2020-04-21,,synthetic_background,0.1017883390021552,0.0394991568204758,294.47201466030543,293.40133200751404,293.7674410502116,-5.211581482544167,-4.329381501927063,0.6266336900874108,0.9258930505812674,0.7114217255495691,0.2992593604938566
2086,36.096619134501495,2.6086930109552635,0,10,2020-04-21,,synthetic_background,0.0142195045781363,0.000487708198726,305.74385710822213,310.42368986341694,310.96132125854496,-6.031184743896166,-4.9655010917676,1.004645190624628,0.7992566451733811,0.988128537756876,-0.20538854545124696
2087,36.70031531326418,4.865213866559381,0,10,2020-04-21,,synthetic_background,0.0231007009577979,0.0002703300592301,302.1482624901666,305.19121373494465,304.6127426995172,-7.38542707024178,-6.897446409834023,0.6906355670929498,0.6175699033596396,0.7419983241349365,-0.07306566373331025
2088,36.22383723155798,4.861608089339288,0,10,2020-04-21,,synthetic_background,0.036218655092739,0.0001450857993958,303.97730437384706,307.27557245890307,305.9282808939615,-5.53315363701836,-4.992682458133957,0.7954681042564975,0.874255089125797,0.9811465530016202,0.07878698486929947
2089,36.36218893818044,2.10403857014614,0,10,2020-04-21,,synthetic_background,0.0355833440852393,0.0008145204660294,304.45498992072214,311.7488851759169,311.9779824998644,-8.423144229802379,-7.524022035381776,0.5082134092604699,0.5028109094399315,0.5053962500004301,-0.00540249982053842
2090,38.147807187103325,1.6319500841432608,0,10,2020-04-21,,synthetic_background,0.0089076727462042,0.0044970742341874,303.02543262905544,306.9623020595975,308.2373140970866,-5.618009536825195,-7.978375573458338,0.8965611588236515,0.8609801025271773,0.6464297119460695,-0.035581056296474234
2091,38.47510930250639,0.3880057736512117,0,10,2020-04-21,,synthetic_background,0.0267461657357443,0.0180560878393052,300.897443262736,302.5020427280002,303.0772989061143,-4.21614479535862,-5.531363469811117,0.9724089828916004,1.0989038029059257,0.9076035112497788,0.12649482001432533
2092,36.91333999357006,2.8870688142983,0,10,2020-04-21,,synthetic_background,0.0285456448626746,0.0019783011552689,303.2630248599582,308.4186551411947,310.0947034200033,-7.468129134206856,-7.664242589746479,0.5697848741580139,0.6076906282492444,0.5000597104670309,0.037905754091230426
2093,36.8906847341447,5.605087538156342,0,10,2020-04-21,,synthetic_background,0.0072725981307257,0.0001151493665574,303.2287854936388,303.98214797973634,303.8197848002116,-5.9178620705921485,-6.937382404457765,0.5848683928577568,0.8152475066504523,0.6139187244140638,0.2303791137926955
2094,36.32818949969331,1.7052818969157575,0,10,2020-04-21,,synthetic_background,0.0233614712786902,0.000889205085933,305.3693616655138,311.3923096550835,311.6209566752116,-6.881529725591031,-8.027285319354148,0.852225948846691,0.6807842140866871,0.7083539934832367,-0.1714417347600039
2095,36.26600237316414,3.8140768926615176,0,10,2020-04-21,,synthetic_background,0.0289910554719199,0.001791053163707,306.08809538947213,309.2006918165419,309.4612290276421,-8.301286035698988,-7.193001758832512,0.4876625080363227,0.5152758636313258,0.5769574950239205,0.02761335559500311
2096,38.24934734486799,3.216726305827949,0,10,2020-04-21,,synthetic_background,0.0110061287713278,0.002969243275821,302.50600988599984,306.7380995856391,307.5528251647949,-9.03235302959445,-9.813115975708907,0.3144859503814817,0.4518634495742358,0.4302977265556416,0.1373774991927541
2097,38.81097071541235,0.7348933046563935,0,10,2020-04-21,,synthetic_background,0.0043727129531134,0.0068093023177979,303.2275051116943,307.64407289293075,308.08677698771163,-5.870277814019432,-4.724309257773081,0.9766466312080272,0.823424667607775,0.9480139968706112,-0.1532219636002522
2098,38.89681808456173,5.379039650596409,0,10,2020-04-21,,synthetic_background,0.0014662116599311,0.001028650152385,296.2217488182916,298.007017771403,299.2189058939617,-4.615324158206782,-4.312011337721323,0.7106665620814347,1.0271617954216106,0.8612045868165349,0.3164952333401758
2099,37.11624868594997,4.078154455625679,0,10,2020-04-21,,synthetic_background,0.0256921469998587,0.0008279762145875,303.6804185231527,307.73309199015296,307.2544798956977,-5.603996441364653,-6.700562409667503,0.6796881141911588,0.8638332078297637,0.6970356390648118,0.18414509363860487
2100,36.34319208311494,2.064158575485748,0,10,2020-04-21,,synthetic_background,0.0296839594674338,0.0005716911432145,304.1250691307916,311.2862495422363,311.49558232625327,-8.332050597231401,-7.07695138181087,0.631162458866544,0.5121043075476144,0.5923256104444146,-0.1190581513189296
2101,38.51727538473927,1.363465940661437,0,10,2020-04-21,,synthetic_background,0.0051553666424979,0.0027180693027375,303.60947668287486,307.5329400804308,308.5019082811144,-7.344204106253778,-7.468623881593526,0.4748924759309789,0.6266274352503887,0.6091632920133314,0.15173495931940978
2102,37.78761384164264,4.269795540899415,0,10,2020-04-21,,synthetic_background,0.0150409608912696,0.0008219263431428,301.1546535491943,304.9376764085557,304.2993312411838,-5.183859858414736,-3.817806752896304,1.0967743708284687,0.9304429073652932,1.1523095131096064,-0.1663314634631755
2103,37.622762755131866,3.036407368111236,0,10,2020-04-21,,synthetic_background,0.0093936741185416,0.0011420032855866,305.1175278981527,309.6994168599446,311.04555519951714,-8.215868350877273,-8.003413670199535,0.4455091842764896,0.5241695081439911,0.4569658516382733,0.07866032386750149
2104,38.44564025323126,0.5388193389172182,0,10,2020-04-21,,synthetic_background,0.0188613205981482,0.0130431583997605,300.7011976030137,302.46821026272244,303.20023727416987,-4.832470971842191,-4.626662027393941,1.032358760112355,0.9895131173117564,0.9627832214728648,-0.04284564280059855
2105,37.41191942812309,4.191324209329893,0,10,2020-04-21,,synthetic_background,0.0165814876389731,0.0003534636375306,302.88616939120817,306.7705594380697,306.41339916653106,-5.680435576131689,-4.889538022388499,0.9401612760554452,0.8536664492429329,0.9611153692886378,-0.0864948268125123
2106,37.08818009894562,2.398768118740974,0,10,2020-04-21,,synthetic_background,0.0102138042283286,0.0018725476142762,302.786749903361,307.5003337436252,308.8132147047254,-4.901525467045451,-5.283596673357685,0.9073705271091314,0.9776649760100524,0.8977980882340882,0.07029444890092107
2107,36.724909228511365,4.110125646250493,0,10,2020-04-21,,synthetic_background,0.021089699847721,0.0004380724307893,304.1547891828749,308.08623869154195,308.13830151028105,-9.315504224730924,-9.543580204143778,0.3622085922723184,0.419432005496946,0.4357278411105431,0.057223413224627595
