row_id,RVI_T45,RVI_T30,RVI_T0
0,0.6270926506258451,0.24048634582729603,0.7940410633601446
1,1.020510807978647,0.7566252885895568,0.8172349422008203
2,0.8047676221021431,0.8966600537103387,0.9458877418104286
3,0.7380312045807716,0.7164822447615721,0.7932494124299773
4,0.8015711981819295,0.7382082402165424,0.8761205798750336
5,1.0185255349362055,1.0949196344216268,0.9828959468807117
6,0.908550446952573,0.8563333940608125,1.0792605953367005
7,0.9165177982943005,0.7329112472234817,0.5070627816048365
8,1.0185255349362055,1.0949196344216268,0.9828959468807117
9,0.7565353739158951,0.8795060369892718,1.0596491535821013
10,0.9165177982943005,0.7329112472234817,0.5070627816048365
11,0.7605637068559271,0.7181574677306347,0.9349852206790064
12,0.9551384076606472,1.0337884149558192,0.9221020334101357
13,0.6601619265919658,0.7520457259720194,0.6845939252162048
14,0.8438733584331759,0.7285740559988099,0.79138845466616
15,0.7423276923330623,0.779858842634463,0.8761443897652752
16,0.4733622112752111,0.30235686104065734,0.332090091687412
17,0.8977929421618627,0.7926255017936722,0.8010291842696258
18,0.9872088806479556,0.9320840073890708,0.8283033321886021
19,0.8399349398723895,0.7126111758863727,0.7499661860680026
20,0.6510965926521344,0.7689632307788788,0.5279636483411508
21,0.818096940777504,0.8606358184881188,0.7918986368822586
22,0.7803848163352014,0.8127813010471046,0.8406902829930613
23,0.8278843947019919,0.6729368346630201,0.7469359792143366
24,0.8422179350968727,0.8313698366795782,0.803785401129229
25,0.7680557501096633,0.8115142224395869,0.6938292797680954
26,0.8698398884763054,0.9987559585424252,0.6976305021633311
27,0.8719044726835665,1.0515833043257024,1.0322710761814269
28,0.9120065500464825,0.8702646396212682,0.8266574096004959
29,1.090206548539882,0.894632312274051,0.8778689734258293
30,0.9187417540800746,0.9946006201991833,0.6904307662821746
31,0.9241687491005064,0.7954719099215609,0.9990814018020436
32,0.7605637068559271,0.7181574677306347,0.9349852206790064
33,0.839792371908491,0.8714303211663017,0.8656901244179436
34,0.5930834232594735,0.6970714187290874,0.5832459343740769
35,0.8329461252896523,0.7522528262845315,0.6991706283239059
36,0.7485567393600154,0.7839325357148155,0.7151463570347054
37,0.6147370674962227,0.9067749298717335,0.7739459533159982
38,0.7533961740557147,0.8870016309706296,0.8524686546443426
39,0.2612444675060092,0.3751272145145952,0.25387229426014585
40,0.78252165215997,0.7721480818541275,0.884510706076357
41,0.9637478506400956,0.7744662317127382,0.807280370354275
42,0.8116526430963544,0.6803617352612935,0.8068308836330875
43,0.5498713393972909,0.5561636158714715,0.7040242102947007
44,0.4910027746338164,0.4737145748258075,0.5603628076382837
45,0.48636648537030613,0.520503981139931,0.4598614989158895
46,0.9572144993811355,1.2813973767819304,0.7896236566512315
47,0.7010084757489634,0.7173093708369993,0.7855561741335544
48,0.8038154845805673,0.8233075911132969,0.7294572816953313
49,0.7895882426119314,0.8270595887205114,0.949530685193383
50,0.5974497213476675,0.5363476993999734,0.5313614395474521
51,0.2091138514934854,0.21337728964862807,0.3772120406774155
52,0.7885334349225088,0.9130598034298892,0.7865556559048383
53,0.8256649142214183,0.7112783287094941,0.6524590958659247
54,0.7061702243693526,0.6601152572654888,1.0587915704686246
55,0.5311414270560714,0.563128438028355,0.44517217137559656
56,1.0331773509370683,1.1108440662412287,0.8858532451312873
57,0.8473048065564461,0.6100296555118283,0.8657335551752449
58,0.709962647719216,0.6756563383859439,0.5781104599097707
59,0.878535855243202,0.781962095713488,0.9497188212107678
60,0.9019712745511936,0.8504537779806768,0.8481633231286264
61,0.44181650809449263,0.41341013285251693,0.4526779908166523
62,0.8899269095048872,0.9036547089048825,1.0086019614816808
63,0.8854238664391304,0.7168753639864915,0.6872613553375677
64,0.41826831741823023,0.49233919064545706,0.368843620900838
65,0.3818456498176327,0.41214756464053587,0.35292616100352636
66,0.7446258694294849,0.810847914629446,0.5873163508923703
67,0.6656652060175807,0.8270413344704264,0.8903701513278106
68,0.9031401291569416,0.7498520744985921,0.8423424034003033
69,0.626654526084556,0.5579637802576765,0.5545898588773055
70,1.0232018976740345,0.8688219344855898,0.8758880132485829
71,0.3561926216469875,0.3593045653412538,0.30010373897745635
72,0.799256875585404,0.6553709552660594,0.7590413439119801
73,1.0696476618910122,1.041980653453291,0.9527021153814601
74,0.7579165883052731,0.8095902494366081,0.7169848009372969
75,0.33928209963984723,0.3268292803991177,0.3274101906338839
76,0.8089642700013207,0.7057038535716741,0.852037051628208
77,0.8490152896141501,0.954373412114737,0.9167532555797699
78,0.5916873447858985,0.5930767275224199,0.44827603300609054
79,0.8673233899772581,0.9093529305137421,1.098386297388448
80,0.34741655821916956,0.3377417154377041,0.5042271561191352
81,0.34024937310253445,0.3410559301880638,0.42629329184463266
82,0.48920653293974287,0.48706238816037634,0.501326652161296
83,0.9554822574854527,0.8799940718614012,0.6594741520211636
84,0.7655775576061015,0.7750490113369946,0.7734941209337801
85,0.9407710147460577,0.7512629995245559,0.7784663588767047
86,0.19963048526661498,0.13755284286671046,0.14383183224863735
87,0.8080409772522594,0.8061287833456269,0.8137941152993858
88,0.8933332475483116,1.1124436682090517,1.0566622655403513
89,0.8334649586589887,1.0339001614376002,0.7641621520018351
90,0.9099221227593357,0.9613083950856977,0.8643468786560082
91,0.7901219315043048,0.864215059129467,0.8039954054521719
92,0.977215441506807,0.7230002891546549,0.6803183411327219
93,0.8644564085364775,1.110401468337458,0.6323209977933005
94,0.7466861612084856,0.8281397082311323,0.6426185846573136
95,0.8866284047104074,0.9065436800960225,0.8508626506599137
96,0.8244587825965727,0.7973744644398194,0.742443224480861
97,0.9293611284587548,0.9368181878932181,0.7349522484080969
98,1.0020305357143608,1.128118663190107,0.9743775775381536
99,0.9165177982943005,0.7329112472234817,0.5070627816048365
100,0.7959795750050273,0.7278849008890184,0.7262043899952688
101,0.908550446952573,0.8563333940608125,1.0792605953367005
102,0.8436994543697983,0.7831593500167908,0.912169559537343
103,1.2169535673681904,0.9260576051354825,0.9668448397365598
104,0.4709134804932279,0.4929801528955986,0.3357449337889842
105,0.7423276923330623,0.779858842634463,0.8761443897652752
106,0.9377225841194534,0.6232979714418775,0.5269352490862481
107,1.1801308464345557,0.9686941068270293,1.0147909280466392
108,0.9623068847245065,1.0604055894828537,1.0784300497466524
109,0.8507487124050166,0.7418565254492874,0.8429945838788117
110,0.906400451273041,1.0277877185535969,0.9394928981981433
111,0.7391151699374936,1.1946971983163266,0.8872227617202639
112,1.0722120089917264,1.0076477515146645,0.7726086866049443
113,1.0185255349362055,1.0949196344216268,0.9828959468807117
114,0.7639608493219411,0.9396219204855962,1.2951389446797668
115,0.8772474389562529,0.9961024540659195,0.9808994870633252
116,0.9061653535461425,0.46666622181677736,0.8469591331094528
117,1.0830049815672003,1.0086437330996298,1.1130197336930543
118,0.6635901845275461,0.7576127831573651,0.7357701455005808
119,0.9863132118393755,1.121263658785295,0.8275587768960694
120,0.8767162195816595,0.6902723640248208,0.653647438947927
121,0.8063403520718984,0.7325081691331518,1.004484951028671
122,1.0622590001545416,0.783263613841605,1.0941250964909564
123,0.9911888823962922,1.2791687221388954,1.071901420217508
124,1.488685732699927,1.3362856235661735,0.9053972701400861
125,0.49799776420708614,0.5030141055628047,0.8914515551380487
126,0.4803534325882535,0.4501372158290139,0.3884177259599251
127,0.8946872050704268,0.8517156132938061,0.7939566826629751
128,0.6554731419939501,0.7039369317729838,0.5955243456638704
129,1.1644009783197578,1.0402141428639904,0.8638138403649529
130,0.9600028242581121,0.8428069784897756,0.6188087011353957
131,0.7740209263796723,0.7533172148737945,0.8290713008110768
132,0.6016563502891424,0.5896302280778716,0.3672389973420531
133,0.807754315740189,0.7895153933082217,1.2117681694754903
134,0.2893376757226457,0.28194305190215596,0.2737985075845505
135,0.6896653281012882,0.375829960970213,0.7757159120585777
136,0.656425287012876,0.6775484988173152,0.5746298873904679
137,0.27329128319191653,0.42878738423037455,0.4428581399722765
138,0.8043902155658722,0.7586566000741355,0.833767787395186
139,0.7219904474059485,0.7776222443989639,0.614511596139017
140,0.8438585790955992,0.7224430257131202,0.7732774413249074
141,0.8420199795094254,0.646387955372778,0.7726667597520965
142,0.8204477288199283,0.8359787754193181,0.9208205417319527
143,0.5360099096565125,0.7248511718728801,0.6866297464013679
144,0.7077514088725488,0.5815163946254711,0.5044744307918357
145,0.8091846901105108,0.6518510856124827,0.884324224474146
146,1.0069138294194042,0.9121250929948717,1.0226158578742193
147,0.413869739919956,0.4275632989111111,0.32158836457040524
148,0.46720308866832294,0.37547945946942574,0.457006859819895
149,0.8240633135370922,0.8591754147169819,0.7123354724986768
150,0.7535571433883514,0.8864511085211844,0.6857501215356733
151,0.9254743356294931,0.9139740482223677,1.0853084186849362
152,0.8545079639394294,0.9733135344053,0.8167696782061029
153,0.4485640580033013,0.4441932082716412,0.42541403561546465
154,0.9448928320290231,1.139935462339901,1.1593093036253381
155,0.656684770795811,0.6319419924107581,0.5731107584072801
156,0.861506467943071,0.8749794518866845,0.9729331345419608
157,0.9675936576443254,0.7760084122178487,0.8215156832427815
158,0.7640341858762193,0.7875395542412285,0.8462087983369122
159,0.8763631245172179,0.9806916186555037,0.8836987536564587
160,0.7996918201209153,0.6967096455481868,0.8346161319568115
161,0.6238488516688276,0.4461144322134697,0.4475378477389277
162,1.8911199006196193,1.8934096012950234,1.36813850137393
163,0.7242793732050055,0.6645966440497533,0.7690864812347523
164,0.7270293141077782,1.118829386416604,1.0260244094761792
165,0.6825008788560085,0.8703502819914359,0.8883188958543662
166,0.7060731738600836,0.9739961451309056,0.9580227469135787
167,0.9092654912546222,0.8933111011919193,0.9788303498570943
168,0.9344514520528071,0.8399571659941174,0.9072162761389686
169,0.9606400234216534,0.8546423884752863,0.8623856757713121
170,0.8503584067187198,0.701772249526445,0.9019982376046543
171,0.6027728835744237,0.35489736661061916,0.5586144903456018
172,0.8677273309671087,0.8013680145220576,0.8368761361461315
173,0.4506600381309064,0.3673256780855998,0.4425148196048804
174,0.7746268762929553,1.2370024957762145,0.8661556886063634
175,0.8715509670427485,0.8319606816070336,0.9986771382037745
176,0.8315434845439122,0.8299744819433292,0.6496997494078288
177,0.6952644525739037,0.44128154143921666,0.5107319752807844
178,0.48898854836113675,0.5705159907987416,0.6555495609299213
179,0.6624449077364201,0.7779946121902789,0.9341894499932824
180,1.1401012944660485,1.5359687704303526,1.1858996020442167
181,1.1433900113221058,1.0485285306959482,1.1488222965181492
182,0.8884113536319782,1.101429960805219,1.2917417675107876
183,1.1169186984106803,0.9859240497720634,0.8519399574051045
184,1.3561740801672202,0.8565097756386395,1.1935070723462489
185,1.2211517697309886,0.9029173682481981,0.8438681741317425
186,1.0522798177979769,0.9384031590606892,1.2108458213436895
187,0.9777404708070496,0.9781306285062787,1.2187159703182162
188,1.0496352114995584,0.7499919903602338,0.9657359035459618
189,0.8289304286498786,0.8885407432386411,0.8136458741317597
190,1.0806838566934498,0.8201860642323737,0.999572257798167
191,0.9998944269008185,1.297254577090781,1.1937597693262354
192,0.8062602422424431,1.0873957529323668,0.9921621216867167
193,0.728927857128328,0.7803344483820225,1.1740058465366934
194,0.7257611887527118,0.9629841367724458,0.798653566659167
195,0.9144947969637685,0.7495232789618465,0.7164714015224227
196,0.9185511559844357,1.0106928151414885,0.9538568547751388
197,0.6027728835744237,0.35489736661061916,0.5586144903456018
198,1.0806838566934498,0.8201860642323737,0.999572257798167
199,0.8854421600528604,1.1463915575235735,0.8702305073315126
200,1.0430415872509295,1.1078805209783626,1.1796715838136895
201,0.7505971078017908,0.789740968965938,0.8134054960428225
202,1.2268991479276277,0.9960651668673335,1.0188137424275143
203,0.5395474492623955,0.5042508711824576,0.6286805422725117
204,0.8675239031928332,0.7843990497165457,0.7726747435926855
205,0.8330522820762354,0.9163010809708352,1.0418367638725194
206,0.5226915382025523,0.4848545831322495,0.6065637784647975
207,0.39838189816193836,0.32126247739639174,0.35151936582263743
208,0.7007785910827207,0.995637088732043,0.609958130461369
209,0.6623361027853127,0.6831161975934186,0.6337750794814085
210,1.0060259736044241,0.9339784989075869,0.7164504014270772
211,0.5715144174182607,0.5616856551746521,0.6688868382530964
212,0.7324027837093439,0.9491939631973656,0.8670998022909839
213,0.39115222425825386,0.5540376929559496,0.3755355636903676
214,0.414109170310109,0.40405571565849274,0.44429937327834657
215,0.8875476228777955,0.9185928024137209,0.8245135117919298
216,0.9162282242909237,0.7066038254858164,0.9180458811500423
217,0.4222409195293828,0.4125592399553984,0.3013565580768658
218,0.9445307212266785,0.7289986180049184,0.7110734683148107
219,1.0066299541225916,0.8949228487575257,0.8801992956575104
220,0.7008125005784109,0.627169001461339,0.7399525174719372
221,0.9522960662051206,0.8121604411638152,1.168563288405707
222,0.9628834838084112,0.8153649277516404,0.821515504755348
223,0.5978327926645234,0.9063746987750073,1.0600443649256177
224,0.9817550893132361,0.8490285982787237,0.7623770131691613
225,0.8579081078508325,0.9291961820681174,1.138027728022958
226,1.058537410241615,1.0173396754591197,1.2661913107256215
227,0.5966313070446403,0.7176751402710573,0.8097455499454531
228,0.6540203024267135,0.408321245798977,0.4604693745009928
229,1.0633600025630585,0.8098810632258479,0.9389361145930373
230,0.4425950090732503,0.3355762859346007,0.6800690544855512
231,0.5289723102107297,0.5854334601074374,0.6184660093349104
232,0.39920497983516307,0.37856116422363023,0.32662576806216476
233,0.857475816956941,1.028338319120632,0.9379226330219408
234,1.0270345677103074,1.2664479383508664,0.9618363926685114
235,0.7236392379072525,0.7817553847071732,0.9071726502869144
236,0.597607266034926,0.6197361544328663,0.6247947233344008
237,0.7309773031667263,0.5287041169074866,0.5902347400276258
238,0.7628639376392405,0.5989942399715328,0.8388505387758952
239,0.883894567783852,1.0119397106697006,0.9474132385481875
240,0.77452204538746,0.9596099178493162,0.8693645261648963
241,1.2796504454919162,2.1258551324115524,0.9421101777633383
242,0.6803078284419674,0.7792195069668812,0.8145529534593012
243,0.47999224436670584,0.3412061795392859,0.29897759548376834
244,0.7537935952031732,0.7865534210595633,0.7048570220977304
245,0.8506559847439404,1.0510042047054415,0.9376193810623576
246,0.7801248412729171,0.8217183182124156,0.9003402221142183
247,0.9170802739036092,0.9820175067704038,0.9549129742426894
248,0.917498198731786,0.7869858275950244,0.8362780453984717
249,0.7371912323784814,0.8127730871439499,1.0973927979706457
250,0.9016768306543383,0.7187716343328904,0.7677788283467659
251,0.9170802739036092,0.9820175067704038,0.9549129742426894
252,0.746904854238148,0.9258603825103248,0.8736198053956745
253,0.916330702637548,1.1227294243591301,0.8247970490438272
254,0.874898729641044,0.9484340729495295,0.823535248822351
255,0.9245424152249502,0.9624663549703741,0.8577865753160159
256,1.135446386579194,0.954765959302504,0.8782724996917967
257,0.6035446941518059,0.9024534920600017,0.9429387549262229
258,0.5707774966117345,0.5963268130901658,0.6436501354009383
259,0.7405456185395879,0.7808184921377598,0.7976827047769723
260,0.5707774966117345,0.5963268130901658,0.6436501354009383
261,0.7405456185395879,0.7808184921377598,0.7976827047769723
262,0.9908976139633823,0.9871203520107179,0.98005515253687
263,0.6805182230529087,0.6960974925650696,0.7499576869330882
264,1.0156279769026841,0.9844858851817858,0.8617082191670903
265,0.9851064728995943,1.0699180430979547,1.1710144275122418
266,1.0156279769026841,0.9844858851817858,0.8617082191670903
267,0.7289472799105663,0.9650716864227142,1.1120583795058105
268,0.6818432043498343,0.4487077693886561,0.5619457387329555
269,1.1271295616025074,1.1192075499950427,0.9624618498111336
270,0.4885626191662402,0.9268884095451145,0.5709349943538097
271,0.8198004621403998,0.9694393893790625,0.7451984729244984
272,0.49642761552489895,0.6115456333987921,0.6628175661673403
273,0.9136723905828427,0.9980357957643361,0.7365159425753631
274,1.1896894740249124,0.9597844932479654,0.8914386488697646
275,1.1445036113825038,1.0138605869609227,0.9010624080130701
276,1.0595539066145323,0.8142793883115973,0.8093490079796019
277,0.8926817915323497,0.8451083883175223,1.0501523421871433
278,1.0724196902060745,0.8652266126643657,0.9097888486125665
279,0.5762161399435644,1.0330918083873768,0.8233920286258507
280,0.9428196808655642,0.8850989943651076,0.8557506884212075
281,0.9095664033678278,1.0400026977736985,0.8355099348028803
282,0.7409759312005895,0.9201418481974926,1.0773316339152847
283,0.6426751047202002,0.6042242885457524,0.9968905925650025
284,0.6696368475089433,0.4776688256594602,0.6453015579461097
285,0.9070424121491734,1.0679547505015883,1.0378272872138392
286,0.8850664987676432,1.0141481168057296,0.8349424542289982
287,1.1691669893211962,0.994666701566175,1.0103222567243344
288,1.0699514454053471,0.9773679389660366,0.9265092295551868
289,0.6411373296506209,0.6000507572854693,0.6638999914744154
290,0.6915475854972107,1.0309473788328563,0.6545597836328465
291,1.0097036826784695,1.2593248687020149,0.9197701348812505
292,0.7516924425401461,1.141363242244294,0.8802188975343771
293,1.1877783676365428,0.8328950185251421,0.7647071376196104
294,0.5755872282460369,0.48883573722073026,0.6898706100625549
295,0.7222666062727521,0.6010109923234188,0.8571320605858787
296,0.8420875064063209,0.7888111520183098,0.6533012947404113
297,0.4690276492862402,0.3533224746425649,0.3549371601262843
298,0.9815905451715037,0.8240306188006545,0.8858382054620089
299,0.8882016705011042,0.7366342013792453,0.8575651582296704
300,0.6977464057843041,0.9433594268536323,0.6948912607418261
301,0.7354824918843951,0.8676390583558341,0.9455792470734241
302,0.906369462737022,0.9974867914773327,1.1930638441765609
303,0.9874263729711389,0.8337624184711866,1.3638500637675675
304,0.8857617110270113,0.7293804993958183,0.8409853857189156
305,1.0253821847122488,0.791743775397431,1.185351986417624
306,0.5419416155225674,0.8527886961842445,0.678512095426008
307,0.9179935989768824,0.9612186702514246,0.9002494439242356
308,0.9218661166736817,0.9585996530030202,0.9273375783804512
309,0.6964262178373211,0.5651781959066096,0.69229850765436
310,0.8105409721872725,0.8890875823249399,1.2728770594110572
311,0.777222331206757,0.9702322800557146,1.0720959621699417
312,0.6906283278798038,0.7328554790513131,0.6610993536519255
313,0.7931712490532303,0.7379998743835464,0.6627993962618668
314,0.7158138409520143,0.602007443694207,0.5089544048279363
315,0.8714229652733224,0.6503164416219466,0.7329620520519841
316,0.9452645024718112,0.7771194877346846,0.6850987914495063
317,0.8358409249792748,0.9832997803898489,0.756820816564031
318,0.8932991674910515,0.544943984384764,0.7791250874846458
319,0.712522960001429,0.6643527962563242,0.7869236190908179
320,0.8720022940198218,0.9476049817575318,0.8528599821423049
321,0.8269102192939168,0.9557269796238947,0.7765826188805135
322,0.828481852810423,0.9181635678813584,0.6745923079732323
323,0.7335524969005546,0.9534316566871144,0.8829067466800695
324,0.6430911458315652,0.7388966858064537,0.751400262021466
325,0.5026911015709222,0.724039645713087,0.6219946623222472
326,0.7771318130317413,0.8521762557996032,0.8088164103289675
327,0.7929721940362664,0.675616999096273,0.7753378747416659
328,0.7407960725456715,0.9878420049212515,0.9729696435027801
329,0.860829981085286,0.8624693213116942,0.8461875100247751
330,0.9410113885791896,1.0577817905550506,1.0076812709640226
331,0.8480161096155601,0.7666185514557775,0.9339371313349302
332,0.8973368925654475,0.9818279813284089,0.8841339272706181
333,0.5476574676901684,0.5940321182386004,0.7232007940460645
334,0.5330935438258572,0.5437159615660985,0.5787313510764027
335,0.675419282455634,0.7980206183633317,1.0468588848128073
336,1.003708237397604,0.9359603121095693,0.8960879448882686
337,0.8020437234657894,0.8319599921566285,0.9090180519773061
338,0.6918276409301042,0.6661688390446091,0.614066587766086
339,0.8584911955800125,0.7526238759792664,0.6215698389639817
340,0.8375595391273984,0.841253473718687,1.095583010463311
341,0.4075835640442323,0.4883642177177802,0.5137354918197731
342,0.7897079809110427,0.8102131541503068,0.8017747040257374
343,0.8973819593602149,0.9754999130467228,0.979304065671415
344,0.9357530257592355,1.0376428078406712,0.8874521395099619
345,0.8416377795614421,0.9089131508487268,0.9236039009360829
346,0.707462979832796,1.0265323938649091,1.1577113241240553
347,0.8514412190219734,0.7997972791437548,0.8224473987039126
348,0.6578873703445157,0.7472220180779879,0.698337615096957
349,0.6584557794411501,0.8913805231113925,0.6695112455364196
350,0.6547440153963688,0.7081680838867123,0.6952255749121787
351,0.34923892739151585,0.4238288140322186,0.4181519782386274
352,0.8251490133379227,0.5926266769339911,0.7738388379393946
353,0.8978260502790343,0.9294236867723277,0.8259474124758698
354,0.8833862518565023,0.9740584518979241,0.9243538873827295
355,0.7750445094492489,0.9340640389736463,0.9535589408401259
356,1.0649044983299765,0.8765557080617835,0.8872810287572541
357,0.9764723776898161,0.9585044777144678,0.8404075040590614
358,0.8956486398722676,0.9944692372581568,0.952928078555694
359,0.8584510360316798,1.1491219306235436,1.1776170177415235
360,0.9218530950989798,1.0083458681908573,0.9196193255415348
361,0.9824272168149352,0.9525134748639976,1.026516101483102
362,0.9185511559844357,1.0106928151414885,0.9538568547751388
363,0.7555428730202673,0.8413963297416146,0.9645823102372617
364,0.9865122380114202,0.4807288443594615,0.6044935294328769
365,0.805549594362625,0.8003283424269838,0.884248240347491
366,0.7620178171746607,0.7702664607341693,1.041149526397197
367,0.7459022519774396,0.8370837423442884,0.8035520407284583
368,0.9249759634362859,0.8750153412342438,0.9916517883088254
369,0.8078308858005945,0.46710829788871844,0.5393935990129513
370,0.8080675115631212,0.762324265326397,0.7898730795000573
371,0.7176655921418409,0.8547800060694272,0.7280520812182218
372,0.7656561824907655,0.8303297876159756,0.6275946529470235
373,0.9180543425195254,0.6322852962620632,1.1177941226231032
374,0.8185844698314843,0.7539026941033299,0.6591109275137804
375,0.9006421227606642,0.8060224327333073,0.866890091539271
376,0.7519695189450788,0.985568405825539,1.0136538207547479
377,0.8094330318655507,0.9022361561371093,0.777612124771341
378,1.0348743668438454,0.6831188014376893,0.7153409765576725
379,0.7940682639046666,0.7178015004664183,0.7548694075130222
380,0.9293611284587548,0.9368181878932181,0.7349522484080969
381,0.9404844961796951,0.9035643463212789,0.88206543558048
382,0.7646829213543964,0.7026007730844456,0.9392113835367859
383,0.908550446952573,0.8563333940608125,1.0792605953367005
384,0.8407264265165778,0.9125174872445032,0.88306760277419
385,0.6027728835744237,0.35489736661061916,0.5586144903456018
386,0.860993483533064,0.9662722673795426,0.8146789535111889
387,0.9509901879941777,0.9476955394497006,0.987255657337655
388,0.6296005777186352,0.851493459765245,0.8466798744660629
389,0.720806008511366,0.7595361650053093,0.882044382300672
390,0.9293611284587548,0.9368181878932181,0.7349522484080969
391,0.5707774966117345,0.5963268130901658,0.6436501354009383
392,0.7405456185395879,0.7808184921377598,0.7976827047769723
393,0.7699777790253572,0.8022808782212281,0.8383672307096106
394,0.8505755045613393,0.7209068689762603,0.7042150439042623
395,1.0801172184516528,0.8500438750377125,0.9636604830510438
396,0.8590012480591054,1.1157544776209067,0.9844588050268849
397,0.6271841425675728,0.5778810869199835,0.5002195940100882
398,0.8505755045613393,0.7209068689762603,0.7042150439042623
399,0.5866456741653903,0.47768847917278073,0.5876845933156446
400,0.8590012480591054,1.1157544776209067,0.9844588050268849
401,0.7389774966473514,0.8567371336406779,0.7208559838102083
402,0.848976435292458,0.9662986591314534,1.1623497364360302
403,0.8768401180105033,1.0217291887950197,0.898589304204903
404,1.0422865563785093,0.8236828148503607,0.7351443752417197
405,0.764533668910856,0.669364197900499,0.8267373352066706
406,0.7423169676579482,0.8060111540902859,0.8764022220519478
407,0.7547799491231906,0.7214570692583024,0.9004335858380628
408,0.8732636961275024,0.7107301318019359,0.95608076418679
409,1.0282012379042298,0.9222289649504418,0.7974244439225459
410,0.9592923876563735,1.0474540038360016,0.8736355474349083
411,1.002752982768697,1.1842327821171714,0.7464205008105907
412,0.5957139978860752,0.8285530407201285,0.9243723218866149
413,0.7475346708658759,0.868828715489055,0.5488954990713482
414,0.8758377334461904,0.9307903569920801,0.9023539302347263
415,0.9289464457952636,0.8263929459488633,1.0031376246519603
416,0.9815905451715037,0.8240306188006545,0.8858382054620089
417,0.8042008717833676,0.8810085122271194,0.9737975267954941
418,0.7555428730202673,0.8413963297416146,0.9645823102372617
419,0.841308020092394,0.7783084852207534,0.6527433148214135
420,0.9172885730614142,0.9997914780071739,0.999978368207306
421,0.9354032358959967,0.9610606448328816,0.9028071764002117
422,1.0918093703846738,0.9295191694607804,0.9217087133038135
423,0.9865884369149824,0.8726444314136016,1.1403037251926555
424,0.8584510360316798,1.1491219306235436,1.1776170177415235
425,0.8181740971981166,0.9067629722092307,1.1115816479996576
426,0.9218530950989798,1.0083458681908573,0.9196193255415348
427,0.6843231332683517,0.5348377265121951,0.4416741869889617
428,0.4841199220424866,0.6152408034836381,0.8230042310455992
429,0.8537950566049282,0.8198882481074099,0.9715362323402199
430,0.8598905617078778,0.7677761136835904,0.8900362657677835
431,0.7062693168305394,0.6885630634303201,0.7928376224021569
432,0.726111388941538,0.7372645943586039,0.8030171775979973
433,0.7369466783311369,0.6267549597887909,0.7406423631764368
434,0.7539823635455035,0.8150974789767584,0.7640112611676173
435,0.7202874951704769,0.8560833923510006,0.8450537057572141
436,1.1398322621383843,0.9219107925854528,1.223581795223332
437,1.1242762106911077,0.8427279038855889,0.8530795768814939
438,0.7592718101010687,0.970951851721802,0.860673723262154
439,0.9153182305412351,0.7869137768287029,0.6458466162742782
440,0.7588590011015697,0.8780859388939249,0.8801932562911206
441,0.9293611284587548,0.9368181878932181,0.7349522484080969
442,0.6189929312814484,0.6083177617713265,0.6433176492639143
443,0.8385029623960193,0.9135508918088114,0.9676169387777644
444,0.7860711735107383,0.9622409645219477,0.651156419877213
445,1.0256300604572741,0.6322499837770316,0.6863643294183083
446,1.131689259216028,0.8339515471386709,1.1107163382103915
447,1.2002444697655597,1.5624437934908912,1.022409273409249
448,0.716884508178958,0.6314008693861853,0.607523286925982
449,0.9948350948960549,1.1446662836143975,0.9338078126580514
450,0.31520396021482494,0.44891699982473354,0.33605597637900025
451,0.945882058663848,0.8993316117212526,0.6347801325956784
452,1.2087393039920395,0.9290705205087824,1.0021889847621501
453,0.8615305029841331,0.8650030618316475,0.670700184975033
454,0.8031417871594415,1.0064772442347227,0.6845663708732758
455,1.0305077559988363,0.686481137057486,0.8564172139038139
456,0.8080607411178378,0.746124544152964,0.6916465590805505
457,0.7187460071760866,0.8596740373885889,0.591241033155587
458,0.9122777251092713,0.8866221299761895,0.9008790932177437
459,0.5467377080184995,0.8041369552538348,0.6518199072677137
460,0.8693104038258921,0.7038329570714553,0.9786845712239353
461,0.7831842012012343,0.6905804376642682,0.8883127469142647
462,0.6863328572365419,0.48167907669288434,0.7076119725129087
463,1.2792662511296566,0.9759754763960538,0.8930378560473644
464,0.9756338060005627,0.6904458176930284,0.807664738224534
465,0.5712484501047499,0.6363153259045868,0.5477033630032931
466,1.126193895564063,1.063906912383168,1.0058286342443825
467,0.7603949745399581,0.8453071082412398,0.9023648288203936
468,0.4253293847826927,0.5610657337454136,0.4918426588175082
469,0.947509680572631,0.878624128556425,0.9942563161927376
470,1.0710608003425988,1.0064267520458985,0.827948780621733
471,1.0540551043567317,1.0277618917869595,0.7939430934786703
472,0.6943049458443734,0.6260763441681597,0.5789668909592969
473,0.8183849041886889,0.8846935387196451,0.8194376711056516
474,0.6327952294099792,0.6515075169822676,0.7043687508351069
475,0.4291107843907702,0.41073587383396937,0.47618828450576955
476,0.6706634282910766,0.5784748635721636,0.894104430474682
477,0.5350420544823754,0.6194232131122912,0.39177099320050845
478,0.8207519291772933,0.8531826693977324,0.8828915324155535
479,0.6480191092185928,0.7494259176703999,0.6976093008254959
480,0.771207302391605,0.706961534457182,0.8122547151031986
481,0.7406492556329041,0.5997238320481197,0.6755951484911387
482,1.0310700563044533,0.8526459510180558,0.8630646712626229
483,0.9138029017587795,0.8629997423110214,0.81794730566915
484,0.36429368111672566,0.36255649783784605,0.3114772308880908
485,0.507328488935257,0.4902202942826616,0.48440594174811935
486,0.8905938014788168,0.9519011603063148,0.7242537305394395
487,0.6101059255711079,0.6058138276213461,0.7188725616483426
488,0.8059378327110872,1.0406203356242387,0.8780432148599321
489,0.7085760780315663,0.853425990543646,0.9041681998003155
490,0.6541694009355664,0.45053246972495503,0.47250993845711553
491,0.8275474799439552,1.042976131963692,1.0445380530976134
492,0.35093373870373984,0.3493743310805233,0.34411885291379724
493,0.9677588350193622,0.8984872963848961,0.6998378579149545
494,0.8966872670528018,0.9320780442200036,1.0512874878896044
495,0.37175136320017527,0.3635173880075304,0.3765826945843397
496,0.6890703722016095,0.4396301874745946,0.7418093525189378
497,0.46692824047745307,0.4988150321187979,0.528321229660047
498,0.5015220986089625,0.45641448402767026,0.38472123208160874
499,0.8051854836925851,0.9140655110460372,0.8450931272939189
500,0.34236215761285493,0.3628416936880735,0.25191940394515233
501,0.5106578480200332,0.3905901915195227,0.44411073763007936
502,0.4086218911189795,0.38840556016918054,0.2975297772651819
503,0.5013608150686909,0.4986028245999479,0.3922855165344372
504,0.4128151442242591,0.4520555206005075,0.37914911854994215
505,0.6008224167644438,0.5392285414164343,0.47141232861000987
506,1.0751522570781993,0.9185578648731593,1.0137919875296446
507,0.8642643799761572,1.006830165676288,0.8288983012906164
508,0.7891583745769315,0.8227789195426788,0.8965928710945693
509,0.5876934903646923,0.6284671236614062,0.7103047027107526
510,0.746054913346083,0.7215017632924139,0.7609675575162522
511,0.842802687051528,0.7642940761478885,0.7543592005735341
512,0.34894404447041727,0.4263290667915836,0.26998773423816247
513,0.9245291143741913,0.661692279501695,0.7330965911295937
514,0.5923644315859806,0.6759199817257096,0.9324093739221988
515,0.48466225477215813,0.5185242669042591,0.4419023663067841
516,0.5545431518991102,0.43451041706574917,0.4600580315460642
517,0.6460130728604119,0.5812962719914894,0.6617180680236288
518,1.0137510257429319,0.8770341028323593,0.8731316611446864
519,1.0546312272167766,0.9464382193693255,0.8261329118949786
520,1.0359862171653678,1.2417374299450374,0.8224817229666899
521,0.8898322659848882,0.9612138155962703,1.1290759064812503
522,0.3846921802486166,0.508455029804118,0.3864789066953813
523,0.7156548502768231,0.6445417214082327,0.8386027951523706
524,1.0035018986301938,0.9327276316659735,0.7200875357867424
525,0.7200825643382501,0.7461607735410627,0.723087110683379
526,0.8220875328864408,0.8873830841125365,0.7117449720358215
527,0.970998178119844,0.8335622259131796,1.0008564178893908
528,0.8527073505359015,0.7724584113869919,0.6636882692454388
529,0.6247777052390355,0.6620644874345566,0.678536564369179
530,0.9581511569069294,0.9204312214797951,0.913135533518389
531,0.843284795558942,0.9875775618815479,1.0041506103207625
532,0.4309301501974943,0.43288934886447267,0.40681374194369424
533,0.7507675046549289,0.5800357643324936,0.5087904803287513
534,0.6658462975994328,0.7763044844765243,0.560839491044391
535,1.0609489928577474,0.8118119641308459,0.695781937334094
536,0.35504381782712036,0.46445721692551906,0.48085657574437074
537,0.8701575025322016,1.0244371395515341,1.0549252548835126
538,1.064466265937652,0.9145284150924344,0.873179941990802
539,0.69637405364338,0.7162968097125909,0.601470734960176
540,0.7796267502028564,0.8753145519628588,0.6832278727085958
541,0.8430693601195804,0.9855808478627834,0.8759469255959854
542,0.8587198886593148,0.7902224843119146,0.997258076238446
543,0.9730305674881673,0.8830440641486451,1.0131695132129628
544,0.7613002634114997,0.8446141151315338,1.0342027567235028
545,0.860231189768312,0.8892502064660709,1.0264343562331328
546,0.7227515731657145,0.8955786509317867,0.6908426703176779
547,1.042012335892065,0.9311158727713562,1.0619760537790215
548,0.4803645888156488,0.6513835403565476,0.33673405805663753
549,0.5571079300228662,0.6456459679426171,0.5919989899043192
550,0.9095905410576655,0.9785126123818796,0.8446315228833493
551,0.7550832959195175,0.8845740701093274,0.5383124276623552
552,0.6288699500798152,0.5774211853248802,0.6326240638374849
553,0.9846660303619252,0.8943841792189162,0.944192979511338
554,0.6803389653854027,0.6298228627229273,0.8115676179534608
555,0.7844786267715386,0.7806938567662726,0.9063532256695561
556,0.4851388043534254,0.5053522122677105,0.7097445566472209
557,0.8411673347648545,0.972205998140936,0.868190553001126
558,0.832927920916515,0.9763536215170128,0.7419399536342317
559,0.7735160755779884,0.9118296909300824,0.8016323004682446
560,1.0742021695635482,0.9163803932225281,0.9315594598249929
561,1.06572367660069,0.8706629711833965,1.0028282721985686
562,0.8898141142601435,0.9532456452846612,0.9585584597337495
563,0.7244086342799083,1.0049316403378235,0.8605537351577901
564,0.8298035195204784,0.9051300525756977,0.9013216566246636
565,0.8812856144014988,1.0018656958341698,1.0082514061119863
566,0.8979120246233867,0.943179878921457,0.9044055921642322
567,0.9753218646831403,0.9274894415611428,0.9988088859648147
568,0.8774071931891363,0.7413841791377902,0.8391934104871388
569,0.7844786267715386,0.7806938567662726,0.9063532256695561
570,0.7274150739084957,0.9691202744120468,0.9872771949974977
571,0.8359559720864054,0.8997529613104238,1.0189536876326963
572,0.7173400717362609,0.7623274888189483,0.6687397794129896
573,0.7164784762634598,0.8361074835923009,0.8668712577853005
574,0.9038965605109341,0.9563479850288892,0.9094987953997838
575,0.8111001759801657,0.8978586983603544,0.8494453057319071
576,0.8898141142601435,0.9532456452846612,0.9585584597337495
577,0.7851256817333018,1.0496330445957696,0.9220261680020627
578,0.6790763567871974,0.814265024818202,0.8088957890413078
579,0.9009622211618827,0.8521996828120155,0.8301432618922258
580,0.9585882953885559,0.7897945359505726,0.8677051905749139
581,0.8472837904885114,0.9873814983424773,0.8252653666190632
582,0.8298035195204784,0.9051300525756977,0.9013216566246636
583,0.8391294432107901,0.9480646289118235,0.9148994997351086
584,0.8440535575639949,0.9204605324819154,0.877459486137786
585,1.035838722843696,1.0724165330004827,0.8191906438008885
586,0.8375612578209781,0.9838844756487546,0.8019735286707056
587,0.8100854262366345,0.8038317627918342,0.9085671156002657
588,0.7569860723826616,0.7714070444543418,0.9284986521683516
589,0.7945082383152482,0.8280863783290876,0.9547265157609959
590,0.9330926247784017,0.9832336914446214,0.9177432936049491
591,0.9839871584451014,0.8599349108555201,0.861101870965958
592,0.4851388043534254,0.5053522122677105,0.7097445566472209
593,0.8651571221010781,1.132788853164566,0.8947396479795733
594,1.0099443234863397,0.9262166983523193,0.8095732329696601
595,0.9798945887892659,0.8828454417292202,0.9506976384587116
596,0.8555292153523251,0.8110358020804617,0.9996378692596557
597,0.6288063833779407,0.6986178891900768,0.6178768310355883
598,0.8010147167250319,0.9698103810881019,0.8741226543572473
599,0.5794987974676131,0.7295413475913837,0.912010534103435
600,0.8163400754114126,0.6986225178126021,0.9855639227677195
601,0.6841144926907714,0.7572507736334707,0.7574221832869596
602,1.1323972348073972,0.7952897506527498,0.6835458110782142
603,0.8520186847699283,0.8938913233675577,0.8087904148913586
604,0.869521646330811,0.7081115103393928,0.889535487432098
605,0.7461324899097204,0.6735804244257607,0.8593590885712821
606,0.8401627688422229,0.7412820513553192,0.8213763526779057
607,0.7149708092260765,0.7282688385354147,0.9702290148168771
608,0.7536370854726304,0.730907766180317,0.7288019069378312
609,0.7541103690002077,0.4500986484707558,0.6941935976536693
610,0.836748083357296,0.8210136002821417,0.7894709717281696
611,0.6701378217511686,0.6997132215348851,0.7781496553119238
612,0.9154898655527738,0.8838477072612335,0.9041407959442834
613,0.8911164106630125,0.944934244465901,1.1186327709236625
614,0.8695757942387105,0.790021173839706,0.9543907133525807
615,0.6985819253863533,0.863296094972997,0.7826996081482994
616,0.9028089514947372,0.9977970132542452,0.9459435138689172
617,0.9764723776898161,0.9585044777144678,0.8404075040590614
618,0.7552637825619583,0.8404263712863218,0.8329358905203408
619,0.764533668910856,0.669364197900499,0.8267373352066706
620,0.6613793328309261,0.7494078774207773,0.729742975604099
621,0.7885617500042446,0.80093619569051,0.7312844341618043
622,0.6749925394231631,0.7626211208451719,0.6762999967369916
623,0.8978260502790343,0.9294236867723277,0.8259474124758698
624,0.936260813513444,0.794748636586717,0.7988574416121245
625,0.8752672387517306,0.6790432177683685,0.8994164886413987
626,0.9547349230792002,1.128897285762824,1.0796710040382567
627,1.0740331051357297,1.0073268531661508,1.0081773546013482
628,0.7042219195588619,0.8071631687174144,0.9273382514149386
629,1.1407663933521728,0.9970413598555989,0.9189310617013813
630,0.849874855456124,1.0952578752725628,1.2531944638018464
631,0.6613793328309261,0.7494078774207773,0.729742975604099
632,0.8694885353664796,0.9042164960239168,0.8801259665040932
633,1.0029135951813006,0.9097680565616453,1.0197079527614425
634,0.6749925394231631,0.7626211208451719,0.6762999967369916
635,0.35599599232933327,0.7877913942925926,0.7287912877654924
636,0.6154006163930991,0.7059601106813547,0.7778746097273748
637,0.9206344347109725,0.6875369627912424,0.8350276422650662
638,0.7410702235342801,0.7554724410777213,0.835307801121195
639,0.7589956086402118,1.0202268737836042,0.7269849231327083
640,0.7736213817287836,0.9260725501780963,0.9151026780075705
641,0.6898260989209826,0.6019302842819481,0.5213808611295001
642,0.4506600381309064,0.3673256780855998,0.4425148196048804
643,1.0185255349362055,1.0949196344216268,0.9828959468807117
644,0.5596832574894139,0.5077995311136221,0.532961445704774
645,0.9082315746235661,0.9362687582097298,0.934619385377577
646,0.7978219202062471,0.8892664090876923,0.7666607051946908
647,0.8030170375909347,0.6600564244601209,0.9080865690714779
648,0.8095261965350213,0.8840670736951224,0.8736381497409644
649,0.7961282071830291,0.6973309166620737,0.797752834918364
650,1.040892064728266,1.1923798978915834,0.9947476234212329
651,0.7461324899097204,0.6735804244257607,0.8593590885712821
652,0.4242374885675102,0.5020816501157647,0.6593130308303953
653,0.7371760511206568,0.8420532853605761,0.7374660305218512
654,0.7409585321494757,0.6897643155094798,0.8715127222239811
655,1.057521941678646,0.9635277686937074,1.085999889982591
656,0.7566928592808724,0.7757016908748984,0.7301468469301113
657,0.8996794119521871,0.6498005690468962,0.9121219504413357
658,0.953996167234743,0.802023047483302,0.8340689583669303
659,0.9697108226219234,0.8170057561688668,0.8567517529623718
660,0.7370754312605543,0.8130934908045486,0.6836838293177
661,1.397686134163767,1.231177103961243,1.1095888787423942
662,0.9697108226219234,0.8170057561688668,0.8567517529623718
663,1.094451879933668,0.8970060652338565,0.9042531778517713
664,0.7089610999413838,0.9401076174977592,0.82320385458608
665,0.6131783176321441,0.6753025605088911,0.7203059523301943
666,0.6410826692897265,0.8046983985042659,0.6462550721062902
667,0.953996167234743,0.802023047483302,0.8340689583669303
668,0.8578847787473934,0.8562419232310123,0.8775392489805305
669,0.7476748359685306,0.7684448042405876,0.811997607385182
670,0.8680054319070452,0.7979811741353572,0.6931981782669461
671,0.5672166283629654,0.7285426637282917,0.8606180083672703
672,0.7539823635455035,0.8150974789767584,0.7640112611676173
673,1.1103658007792143,0.7311882981355253,1.0387501176196936
674,0.8289222281454767,1.0221444420240382,0.5745166777358036
675,0.850364293120532,0.8162618711199428,0.6749743074538476
676,0.602578526472553,0.7162306187294961,0.8014487708749863
677,0.9697108226219234,0.8170057561688668,0.8567517529623718
678,0.6941133660356232,0.6181798587171053,0.8668068890590882
679,0.46123193590826844,0.4805835635883853,0.5953601161448131
680,0.8655017532656871,1.133825224583158,0.9114397391064847
681,0.7927331720908581,0.6047342016912662,0.4933805158657357
682,0.8971515235481484,0.9385793516600525,1.0238975844752747
683,0.5326394467429494,0.5836903373166864,0.562736369121189
684,0.49465697883900334,0.3997984816920719,0.34207743127741885
685,0.7487247082364744,0.8264633219560711,0.7911210684109291
686,0.7833999191597163,0.7707790147067376,0.8070025895694369
687,0.8892783492606237,0.8427572159461914,0.7501044927704587
688,0.7949860139422174,0.7008556836738211,0.6799452507361103
689,0.7860071421329449,0.7246688490047144,0.8423796116053677
690,0.31397505237340095,0.4557022935366625,0.37886540312885136
691,0.36791948041204137,0.48845168189504656,0.412438830782098
692,0.7411687549549166,0.9549949083055296,0.9505876183615564
693,0.5495137854565836,0.6405596347212209,0.46153499903618
694,0.5832821367790518,0.7563810728427431,0.7905597307971175
695,1.0488915179969336,0.8555650985299095,0.8136430580698872
696,0.7412206301118544,0.9542523253234638,0.8334334370007273
697,0.9599340317666445,0.765280186330776,0.7811259107377053
698,0.7964387322732929,0.9041958784756722,0.7491177199487753
699,0.867054340586392,0.8910162593666882,0.8893797419414952
700,0.8779910389901973,0.8348090517776093,0.9001325263266717
701,0.4995007140839028,0.6851293077559283,0.5338618989187632
702,0.7497394311890551,0.6696181541421098,0.9032189693655235
703,0.8810703508165255,0.9112847256020806,1.0993542638395501
704,0.7491513615989571,0.812773435784998,0.6146179661977645
705,0.9976487409673838,0.9256008320144793,1.1020318197528665
706,0.6731559933009093,0.6407273187808011,0.5086531220539802
707,0.4362179352828245,0.4709436955101878,0.5194565213653217
708,0.5361302768516388,0.6546054612331413,0.7280250684566265
709,0.9028374185924151,0.8862303541579546,0.7840747268547286
710,0.8081412684233076,0.9069301540891872,0.793921936232533
711,0.8380301738736152,0.9423693377853137,0.7875274134357971
712,1.0831429728331674,0.9451335637205829,1.1194153396864037
713,0.5716534663312796,0.5863889745784517,0.5452372486793281
714,0.8057957075462641,0.8445731443061477,0.8914308574557044
715,0.34557738388765474,0.3022262789492199,0.3442210599827381
716,1.0138698760476554,1.0004283309655593,1.0644376571146863
717,0.6167648134688943,0.42378106807168414,0.4921797328387249
718,0.8046705127760546,0.9292952411812193,0.798331370756323
719,0.7286873942278145,0.6903356100817459,0.7771431468160399
720,0.48080579576916016,0.5821196171585189,0.7191939262275375
721,1.023786061193506,0.933223259765333,0.932210174082339
722,0.8989217004106604,0.8877685831774806,0.6495769761971522
723,0.35175693861904866,0.4335006094541515,0.3561669276454885
724,0.6826425604748072,0.8087066213780744,0.8839566784764396
725,0.6819271888596397,0.5909516525802779,0.7443006530239606
726,0.5895219580508028,0.5643051404540109,0.5283780483553163
727,0.8122650766925457,0.8393167511880972,0.583684209401406
728,0.3578304236242994,0.4140421596004532,0.36138533288030183
729,0.5917879192545158,0.6781545117598697,0.5556006389799953
730,0.6750545409715444,0.8946416620948683,0.7022342868765388
731,0.938608333341856,0.9163479354380933,0.8771729757801403
732,0.9416965410186887,0.9033315447236758,0.7806564484195826
733,0.6136682657397845,0.563756144917602,0.4943676593108194
734,0.5757782498201416,0.6070428590867933,0.7314150333969822
735,1.0387880452959404,1.031025817760946,0.94121542583227
736,0.9163530093813964,0.9473589410047165,0.9276615864810643
737,0.5888466011471043,0.36310145135521926,0.5434369575725356
738,0.8247991587747641,0.7084063183812825,0.7964089784946511
739,0.5642358246525474,0.7443242777589353,0.7437183189093208
740,0.4152206881630067,0.47669965762546246,0.4732925051352118
741,0.7423108194205863,0.9520606495234735,0.6489710338001835
742,0.931973613967016,0.8493874023304924,0.8532901536777404
743,0.6499348314281134,0.8251764982695257,0.7344927493964262
744,1.0547462705564907,0.9021895517319236,1.0340679137142148
745,1.0283698264204384,0.8935887584955968,0.9449822402084513
746,0.5677987717144304,0.44882910194467357,0.6109750900904166
747,0.5457480336561494,0.7476003834423205,0.6773582123056425
748,0.6267449933967565,1.0038517009127652,0.9141785440218699
749,0.5010231810981836,0.3337949716414118,0.49728092923987816
750,0.7500555076754133,0.7767756214954382,0.6384748708421919
751,0.7929842410348,0.8772303914524702,0.7756386074522655
752,0.47348724414417925,0.4898984848491329,0.5595479731688078
753,0.4764097436355351,0.5957128306368088,0.7506167446353038
754,0.9997162342469889,0.9622572934202278,1.0142285697908429
755,0.8848317475863817,0.8879967129778785,0.8997076131311154
756,0.8224532394990518,0.8509572866404675,0.9171133260401538
757,0.911968227172258,0.7232268662481518,0.693833342362595
758,0.9082813916245298,1.2874701549084695,0.984536604804352
759,0.9545493342501105,0.8407170766529753,0.9123746677359353
760,0.6848167597557304,0.6208945795914704,0.6110110755468894
761,1.5448496245221885,1.9088806480916327,0.9491478846319612
762,0.6747623533716373,0.6720006384530482,0.6342954326510724
763,1.183254252177402,1.11314999447179,0.9240896055768094
764,0.7871517317291329,0.7787146699559617,0.7161981617358623
765,1.0110293714796807,1.0459246215574372,1.1130363986942031
766,0.8159731661695544,0.7051493072679198,0.8649680930917545
767,0.6523781296502745,0.7438745747557984,0.7930492106152056
768,0.3978639393846792,0.4036507013561798,0.3538422406120757
769,0.4707105813646577,0.7019804700557524,0.6196827163108248
770,0.8638839412247765,0.8811391452384019,0.8028325081198104
771,0.851154285868082,0.8330282892801533,0.8445572093809499
772,0.8844195858759489,0.8429080966375314,0.8036007461688919
773,0.7515658479681058,0.7219620435496188,0.6784716218566025
774,0.6117963307075504,0.6434826599048554,0.45981659327824276
775,0.39862446042766253,0.40322911648660553,0.39578850454082465
776,0.6003472196602414,0.5679237341579313,0.6492723103727255
777,0.8779546115125849,1.0380428773119503,0.7628759842621775
778,0.9445362994137982,0.753556309554676,0.898993431408483
779,0.4493415330882398,0.3738327710158037,0.38726311401936225
780,0.898330281380239,0.8752392243236655,1.0489516396627425
781,0.7846538792536267,0.8362752725624064,1.0446383776315624
782,0.7141939661494003,0.5324429468538953,0.49401585387576274
783,0.8599286117801319,1.0017981155838767,1.008949787970908
784,0.5279610543072475,0.6470837795901657,0.53547246900742
785,0.51808221097466,0.44353213608973213,0.5287241673330149
786,1.0030525025764736,0.8433267286646708,0.7583563465759794
787,0.6991913783901862,0.6813546371474629,0.6096434291234214
788,0.8122019317010956,0.7432249993217583,0.6512301504900886
789,0.7986830204325083,0.9302292586756833,0.8467747860038363
790,0.7471676128554366,0.7890165494768261,0.8404887183687892
791,0.9584020854472154,0.8646646678213744,0.8852305047629759
792,0.967497264627121,0.9761765448384302,0.9546235650946233
793,0.7813805484973131,0.5236078015535756,0.5944230479533847
794,0.994910460327665,0.728324185462912,0.7613633310570096
795,0.8979175304925928,0.7280288503404151,0.8033551157989399
796,0.7069918276424837,0.5892843875244597,0.6295975930241837
797,0.8558092818321485,0.9608830512423642,1.004265487002933
798,0.786594985614065,1.0225281324859028,0.7689451925973847
799,0.6771672240798972,0.6339028546808019,0.5870662142376499
800,0.44898770212764494,0.4357271629613306,0.6288465620760607
801,0.6061903369467225,0.548425290479537,0.5196584751632136
802,0.9936720330518088,0.7577914758800011,0.7775736759449011
803,0.9080815863550671,0.9789991070383278,0.8476400259842654
804,0.42402219516066675,0.6420503443188715,0.5469601317771562
805,0.8718727535120416,0.8547097249535068,0.9271582737328847
806,0.6299447968648889,0.5962331114925246,0.5982682408372899
807,1.0753049790343303,0.8520877856193955,0.702518059212818
808,0.6983625135415352,0.5980012549755169,0.7453593626801556
809,0.9198436789161831,0.668240101530394,0.700102749486071
810,0.8614278204005512,0.6934930125677986,0.5746951081018454
811,0.6071956190543769,0.4517532940135616,0.6559925239486165
812,0.8271138690447604,0.588759953110377,0.5592793030538757
813,0.9686859128816387,1.0807766087292543,0.8427861653636056
814,0.8537620999286949,0.8653495985215657,0.6998536565191138
815,0.820752443880344,0.9321735047638581,0.816396109726216
816,1.0681136584434454,0.9617832795686111,1.0623045943028313
817,0.9176302350881935,0.8375859826495289,0.9962832185331076
818,0.8400137901274576,0.8197748566678136,0.6860417470993211
819,0.5218127982564045,0.5113078154191395,0.5513347838430054
820,0.9124836541398548,0.9119417778525276,0.7978037317378394
821,0.8214057750177857,0.7459907279166128,0.4581313848776296
822,0.902344229930675,0.9716309726013023,0.8634918661374693
823,0.8208102481290143,0.6946652777371833,0.9357204433292896
824,0.9839871584451014,0.8599349108555201,0.861101870965958
825,0.4851388043534254,0.5053522122677105,0.7097445566472209
826,0.7961282071830291,0.6973309166620737,0.797752834918364
827,0.6413703242036599,0.9425662424409702,0.9563097198164006
828,0.7387490362909515,1.101244552419459,0.5339362099101432
829,0.8100854262366345,0.8038317627918342,0.9085671156002657
830,0.7945082383152482,0.8280863783290876,0.9547265157609959
831,0.9846660303619252,0.8943841792189162,0.944192979511338
832,0.9330926247784017,0.9832336914446214,0.9177432936049491
833,0.9743465399700766,1.0629759603595597,0.9315257643309773
834,0.8359559720864054,0.8997529613104238,1.0189536876326963
835,0.8148283687845908,0.817156278544585,1.0231909876488492
836,0.7844786267715386,0.7806938567662726,0.9063532256695561
837,0.8774071931891363,0.7413841791377902,0.8391934104871388
838,0.8111001759801657,0.8978586983603544,0.8494453057319071
839,0.9753218646831403,0.9274894415611428,0.9988088859648147
840,0.8812856144014988,1.0018656958341698,1.0082514061119863
841,0.9158155581820823,0.8379608582158761,0.832595746281434
842,1.035838722843696,1.0724165330004827,0.8191906438008885
843,0.6553523992854541,0.7821686199436361,0.8793568750406537
844,0.7557218856967556,1.021497483862495,0.7357880684424017
845,0.8161222542958968,0.8511174937848328,0.6781377027852816
846,1.1636348357702473,0.9239723783331896,0.7853614505078899
847,1.035838722843696,1.0724165330004827,0.8191906438008885
848,0.9585882953885559,0.7897945359505726,0.8677051905749139
849,0.7773711276372253,0.8543475478117161,0.8217523169724479
850,0.9576595642135564,0.9979040568057982,0.8842016875052068
851,0.7126577365776579,0.4202116439136701,0.3937727407346522
852,1.035838722843696,1.0724165330004827,0.8191906438008885
853,0.7557218856967556,1.021497483862495,0.7357880684424017
854,0.7700862752055191,0.7517915113413968,0.8072508763879365
855,0.973021688107665,1.083744453440862,0.7950813125519993
856,0.8524272158398192,0.7438824830584512,0.9277180067111632
857,0.8651571221010781,1.132788853164566,0.8947396479795733
858,0.8100854262366345,0.8038317627918342,0.9085671156002657
859,0.9576595642135564,0.9979040568057982,0.8842016875052068
860,0.9330926247784017,0.9832336914446214,0.9177432936049491
861,0.5618278356548264,0.7760303072868301,0.5408056694591512
862,0.9719525644431788,0.9417917467110689,1.0974118562919393
863,1.035838722843696,1.0724165330004827,0.8191906438008885
864,0.728855290116543,0.925381275733653,0.8069542784289521
865,0.9158155581820823,0.8379608582158761,0.832595746281434
866,0.7844786267715386,0.7806938567662726,0.9063532256695561
867,0.8774071931891363,0.7413841791377902,0.8391934104871388
868,0.7251895193436636,1.0970099266238194,0.8282234149431191
869,0.8044874799276294,0.9596254308423554,0.892951024158879
870,0.9158155581820823,0.8379608582158761,0.832595746281434
871,0.7700862752055191,0.7517915113413968,0.8072508763879365
872,0.7905549345317617,0.6848211994795266,0.7476186767261443
873,0.4851388043534254,0.5053522122677105,0.7097445566472209
874,0.8388287380756312,0.876200775039873,0.8659368444615488
875,0.8100854262366345,0.8038317627918342,0.9085671156002657
876,0.7867693088765864,0.8318040375358677,0.9766465753584511
877,0.8600559252896951,0.9297476877280965,0.979173996907923
878,0.8410632424713138,0.9846133061959553,0.885004396930937
879,0.9743465399700766,1.0629759603595597,0.9315257643309773
880,0.6110577387744427,0.5598391362329787,0.585692368794213
881,0.8523736941941321,0.9428454720814823,0.9183162783689132
882,0.7918355642183408,1.1554550612287433,0.8623039997398207
883,0.6995726023674418,0.733305193427424,0.6712972659729086
884,0.7583439041953703,0.6962870083702402,0.4903770334244276
885,1.0026221539481763,0.887928031018387,1.1577098359642513
886,0.8314215007140963,0.898793584466493,0.7706224385771782
887,0.8929891945234252,0.7307827000461307,0.8327114559893842
888,1.3306379380233584,1.0252033465043555,0.8646852668554399
889,0.48981430972557394,0.5459370548730053,0.4788800948606047
890,0.9764203324963135,0.8505232831782765,1.0521918688351397
891,1.035838722843696,1.0724165330004827,0.8191906438008885
892,0.4053596854194316,0.42067984735955133,0.5406417758360573
893,0.728855290116543,0.925381275733653,0.8069542784289521
894,0.9482564167872349,0.8733646021669819,0.7802908743765105
895,0.68871614329854,0.8065829933401172,0.9150313841816824
896,0.8855214021426093,1.034276930813653,0.9324654365052208
897,1.0028812777556937,0.9253178092281498,0.8038350505658418
898,0.833113970674899,0.689693250610694,0.6756866360694433
899,1.0180996858734366,1.056673865824642,0.9361173902596688
900,0.7585160002503494,0.5624233770736008,0.8559489943434374
901,0.908550446952573,0.8563333940608125,1.0792605953367005
902,0.8956954603070416,0.7443639934223341,0.9667604236254657
903,0.8097736434235234,0.7565238816690899,0.8826077574155575
904,1.0072117410873398,0.9534036408623258,1.0480621264960406
905,0.3395374803834397,0.8139598674555572,0.4739517601639832
906,0.957169616349502,0.8579377421143545,0.8706227710819743
907,0.9092230375722684,0.9905049766934232,0.8185348056024292
908,0.9130257362640847,0.7729001553102777,0.7634289639267912
909,0.9697108226219234,0.8170057561688668,0.8567517529623718
910,0.858437698609062,1.0264844739104013,0.9612730124002145
911,0.810456780453393,0.7115203343072464,0.6876190016492034
912,1.0632025238328933,0.8586980595118677,1.035152805315365
913,0.953996167234743,0.802023047483302,0.8340689583669303
914,0.45751193140209734,0.5346845438676247,0.535471393508901
915,0.8286889244008284,0.7852800826416448,0.5716332786723018
916,0.3695632693421782,0.3421487403754623,0.26076891933016616
917,0.8367566330567364,0.7480593895940966,0.8169907655552009
918,0.4733864681267869,0.5816640211892142,0.4837780173261738
919,0.6985740243789935,0.8784246252631556,0.739611518879381
920,0.48093017827506845,0.47655851514089276,0.3813590876393627
921,0.36814004596151395,0.3634337831671284,0.42987486562845784
922,0.30366307794049147,0.32604686345221573,0.3493913413919778
923,0.9201601768963482,0.7802629193250961,0.9941534881398408
924,1.1229371749229478,0.9605832210240157,0.9655797879579814
925,0.4733864681267869,0.5816640211892142,0.4837780173261738
926,0.7054208138113363,0.9101816332944936,0.525050848618904
927,0.7625422347511841,0.8152281437760902,0.7991230398307934
928,0.8788455778516682,0.8900631441665776,0.7683157344384564
929,0.8171524027989652,0.8369460151387181,1.0977077623434397
930,0.9068690146426054,0.898997870372099,0.8096232474007845
931,0.9730264214598431,0.9697129842868751,0.9914541365000985
932,0.47716105658484076,0.6927827324341549,0.5537430219740311
933,0.8600559252896951,0.9297476877280965,0.979173996907923
934,0.7213135746946999,0.8765391612277067,0.8328423763626642
935,0.5750748017418095,0.4777488684302303,0.6098323153666931
936,0.4425455148425861,0.4677955863989379,0.37623170134332756
937,0.8327064126366491,0.7436287066447653,0.8577692987984694
938,1.0611434203234313,1.0528528016787486,0.8118554828904889
939,0.8286889244008284,0.7852800826416448,0.5716332786723018
940,1.1453563250898005,0.7111721520485095,0.6061018915659085
941,0.6162678617846493,0.7774930992158944,0.6012967515169023
942,0.33074684655385944,0.38378787541793385,0.45218418542036176
943,0.985395680646002,0.9430228396139964,1.0776907067042276
944,0.8741694922559371,1.0769593543040783,1.0116229904647698
945,1.0002978568693046,0.8896891933213065,0.9623600204842049
946,0.9416569333677465,1.1746060986220428,0.9135282016249012
947,0.8924567742371703,1.0260710419956118,0.8697772218625416
948,0.926638729153221,0.8243972570754784,0.9360526793473795
949,0.5324489686665204,0.5779734749113324,0.5055796139408709
950,0.8030990724865067,0.8834470664408494,0.8914741790685473
951,0.823949807702453,0.8938314063711305,0.7276635422436857
952,0.9328047217910571,0.8430706345353021,0.8020644472527293
953,0.9537866605449853,0.9202412753983481,0.9175419790367864
954,0.9223631913727787,0.7677373551060672,0.8687615563196109
955,0.837398568310661,0.8975739272318097,1.074646925380897
956,0.9968652527159249,0.8840291211172087,0.6993914500433058
957,0.6877508112326908,0.6102215373959121,1.0054461053259913
958,0.9058517016366288,0.7310868568098052,0.8942240954327567
959,1.0161716068526154,0.9381241655425544,0.9494925961237144
960,0.6315799881519768,0.8182803157317562,0.6837684388273839
961,0.39786350094543366,0.4776549705058073,0.3245962512000427
962,0.745265421912809,0.8646221782698207,0.9226948492407221
963,0.8389487379611661,0.692803169436209,0.7733161212540003
964,0.8389684803716904,0.7451811612895016,0.8314347920547068
965,0.5694052928290366,0.612840250367304,0.6507359657981235
966,0.9707984804533494,1.1371307977847214,0.8680237291303051
967,0.7628511295641371,0.7531477237082094,0.7590187328643987
968,0.7814779196677372,0.8673563894370077,0.9451801706669853
969,0.5826027300603986,0.42617001151282835,0.47434562449490647
970,0.7462435297559465,0.9731298342221184,0.9152046208925828
971,0.5565097084622423,0.49198123458922133,0.5852779804630814
972,0.9347217878119249,0.9352365591827941,0.8672966884577695
973,0.9020400916686332,0.9428557212090514,0.7188639400894152
974,0.7591917222338995,0.8035148328844602,0.7028027050688748
975,0.6188088150779745,0.682110595569481,0.5795187702202926
976,0.9613141628277153,0.8783541162975477,0.7274838441388074
977,0.7264178440491742,0.6574692849543455,0.7314661981301432
978,0.7766304770760715,0.9790718870018285,0.7385243192095425
979,0.8474842522336805,0.831402402432411,0.9539378048234662
980,0.7786367210765335,0.6390679716062008,0.6682774706252012
981,0.8398839812097084,0.7380435958347793,0.5627014316282042
982,1.0961784844020048,0.9132069624117872,0.7996930019218156
983,1.0519951161088605,1.143528025632814,0.8278428289195833
984,0.2898794721059774,0.30407620986219713,0.32234362568637387
985,0.48155490843696447,0.5159383880530126,0.50619750370634
986,0.8199767572543896,0.9693268173146404,1.024641146690704
987,0.7459490557072943,0.9127187195134774,0.803338623131755
988,0.9690553002430471,1.0918462735410561,0.9565542579025988
989,0.5176749321631343,0.6877234774475398,0.4985642850292747
990,0.6699047998438044,0.6499550069032897,0.7139952750413285
991,0.8025846343848414,0.8217778664612767,0.91951108470904
992,1.0642242305008887,1.0527998404592889,0.9163124031158447
993,1.0705698930618934,0.7356732383400362,0.8039113262729328
994,0.49932348597825243,0.5015917107581603,0.7652524374001185
995,1.0530200587616696,1.0162842152770222,1.1397614414267898
996,0.8313730262031254,0.7733794416365427,0.8354839108913956
997,0.8988371810998368,0.9676193179657409,0.9133831623030588
998,0.7721268255391911,0.6237751495113284,0.38887766769368265
999,0.696184834113919,0.6012764091637218,0.64613487390861
1000,0.44857768848640023,0.40992095783515664,0.4043796689254818
1001,0.6438221970793578,0.4059193297247476,0.8505622866744982
1002,0.9213721456711944,1.077664740490661,1.0694799340053316
1003,1.1932959222875417,1.1490608687194739,1.0932014691809904
1004,1.078034951943337,0.9063587959176672,1.0885276888020141
1005,0.9813198039950928,0.7642546374468427,0.9913480358590303
1006,1.0368008612789426,0.9413248957503122,0.8563787809815295
1007,0.5808276487738634,0.6351959381002578,0.5456845338790564
1008,0.9758224321231102,0.9210809506475737,0.6123533171845138
1009,0.5503096205836417,0.5875946011766454,0.5797949742478729
1010,1.030156032650007,1.2771035086139952,1.0078941646511563
1011,0.8830718153312072,0.6659154626870065,0.8026048787891709
1012,0.8210188610336882,0.9247627299854473,0.6801894350934761
1013,0.299243194894419,0.3854655550514729,0.3667325749407706
1014,0.8733726988194431,0.6278265163191322,0.8663247915816135
1015,0.9067153697241241,0.6658553737389383,0.7467078524020921
1016,0.48514060548652155,0.41931282264296366,0.28140920504493905
1017,0.6289741509787904,0.7424257654684148,0.6421971453232784
1018,0.3005410023547507,0.31269565351626566,0.3000357500136626
1019,0.6660097210839506,0.79201621276925,0.7130385924497998
1020,0.8574105135557457,0.9945130011484417,1.053747845271132
1021,0.8534038492082707,0.7334181175414413,0.9902667744799605
1022,0.9460877154682962,0.9699542424659128,0.849222341068286
1023,1.0425536989908686,0.9101449925535485,0.8399585372847019
1024,0.650284619821334,0.8720378686328537,1.0340541985509777
1025,0.8604645831388882,0.8192030364314627,0.8550725724729138
1026,0.790428514342259,0.7438792898812279,0.7445946814443386
1027,0.947159095293904,0.8502226811196288,0.7949996497092913
1028,0.8665467190160572,0.8395336832616209,0.8712047877456894
1029,0.32546056141539026,0.35966255223422317,0.3687748325281288
1030,0.35059823653215055,0.2930230324064951,0.41640903047256483
1031,0.6243735078722494,0.6458792285313614,0.5518790371115838
1032,0.7914517211870722,0.8750134551651354,0.8679708850523051
1033,0.7699597511769747,1.0616529511191037,0.6964825778404529
1034,1.0537489288746855,1.0157450969257156,0.9864595155051289
1035,1.1151026411530451,1.1223597536608152,0.943331030394178
1036,0.9069422552211123,0.6903905225766055,0.6925053325667567
1037,1.0168074373515037,0.8610144526757415,1.139775088732898
1038,1.0321842529032055,0.8470810327616485,0.7730628573358196
1039,0.5521704792231039,0.4852274825841046,0.644225063417814
1040,0.7556663320678049,0.7396245968777915,0.7145182412039504
1041,0.3041669643890672,0.3187510243819133,0.26451240966669937
1042,0.6304938815963916,0.8103723386368827,0.8373520353783999
1043,0.3688934838492619,0.5135125610406339,0.4143323012766513
1044,0.432842319843164,0.41548406350218176,0.42827991296816637
1045,0.5869548739985649,0.5911184076351432,0.613540845315812
1046,0.5944648579464564,0.569626059836249,0.6388887162314113
1047,0.716234603805296,0.8923408985566889,0.7787643807828208
1048,0.8248182919406835,0.7822874247099039,0.7716350003107877
1049,0.757883419322243,0.7758936612656929,0.883193611686072
1050,0.8195562293980199,0.8731636238516548,1.0484468850907966
1051,0.7754692394354292,0.6880205005657962,0.8186145799782673
1052,0.8597747355605998,1.036819834447834,0.7502337972927005
1053,0.9998873710925907,0.8906503907040979,0.9790009339605725
1054,0.35674065309705805,0.3831220562721729,0.4546085903554389
1055,0.7683534253473396,0.7672480370611212,0.9682071382025335
1056,0.9730429409732068,0.9933450115353235,0.9647319494425097
1057,0.804163284289616,0.46304502268122216,0.6985885433658143
1058,0.8112098407543228,0.7802599516083205,1.123560285448587
1059,0.9240477464846377,1.0049785802930704,0.7621270651766445
1060,0.6849287953585956,0.7792967883857771,0.7851851928003866
1061,1.226526439368318,0.943074417084295,1.1883627303463815
1062,0.5631674036172954,0.6262699547362868,0.4777182104666833
1063,0.6385617512056713,0.7936009346138434,0.7342963260526193
1064,0.8446854674237151,1.005047990818062,0.9713302461486037
1065,0.7980382365597677,0.8651419143798944,1.0407650808853564
1066,0.959566732989909,1.1258396398253079,1.0617419785843922
1067,0.49322827398986496,0.5861634334305346,0.5697901826439624
1068,0.721581833952722,0.7463816184932756,0.9654271362228329
1069,0.8715984034266775,0.863941436993506,0.7587616111058126
1070,1.0239102616801368,0.8530665145769938,1.0022575852922837
1071,0.9821343901656158,0.888118814134606,0.7031939796185329
1072,0.4078317722018051,0.43825626972802884,0.3624824414991738
1073,0.7773410685566455,0.9058229850812027,0.8759984622740402
1074,0.4943263939521898,0.44947912829292563,0.484884954600189
1075,0.9173293927069598,0.9143823542562789,0.7653739797206767
1076,0.3983001226250592,0.34116638291391516,0.3462771814790636
1077,0.48079261733011447,0.4183639019217209,0.5504478397172585
1078,0.8356974132061961,0.7709657975148629,0.8836802464742789
1079,1.0283391922408531,0.7801563954098407,0.8883510118252526
1080,0.7907116414247698,0.7883518492153919,0.6743237734325753
1081,0.7753337495691657,0.8344771473653391,0.9487954110633915
1082,0.8655832356147939,0.8577902193870939,0.8938141175131605
1083,0.9970381820595279,0.8868091814913337,1.1336606791797252
1084,1.008180467045863,1.0560712290547263,0.851889351916036
1085,0.8123648047483694,0.8040711458372904,0.7971073191817788
1086,0.9604432389820099,1.4175792081546172,1.4011052967884536
1087,0.48466792334950803,0.43626607905590387,0.5784118610415959
1088,0.7319510474872286,0.8325438671155416,0.8444664634832486
1089,0.5079409791427745,0.5128153441433689,0.5879561110261495
1090,0.443448471764225,0.5870052867761905,0.5722439169588812
1091,0.4933020331621316,0.5429104419661677,0.662213329801778
1092,0.7548697470991848,1.006018660099685,0.6742982753116975
1093,0.903124303790185,0.9807364782091038,0.7973867301846332
1094,0.8305095275806276,0.9511263183194218,0.7743714530597291
1095,1.0389958000665849,0.9505892591912557,0.8210580513568547
1096,0.7475735531135922,0.9052560718311193,0.7499433086257817
1097,0.7923984677171784,0.6416169809966048,0.7620440370407244
1098,0.888782915362148,0.7305780585787656,0.9837520332253317
1099,0.897172522971966,0.5963035506642638,0.7415205814164637
1100,0.8600559252896951,0.9297476877280965,0.979173996907923
1101,0.7251895193436636,1.0970099266238194,0.8282234149431191
1102,0.7594054095822916,0.9600027170525542,0.8996302198567294
1103,0.6820820323274683,0.8338215484120787,0.6488840948946479
1104,0.6635619785525071,0.6889334155631639,0.6800766776818642
1105,0.6790763567871974,0.814265024818202,0.8088957890413078
1106,0.9008442573596493,0.8743808183560989,0.9010445100073298
1107,0.740808123838367,0.825256368578488,0.7273751791601444
1108,0.7905549345317617,0.6848211994795266,0.7476186767261443
1109,0.9743465399700766,1.0629759603595597,0.9315257643309773
1110,0.924561005412291,1.0053107430545614,0.9842744253485145
1111,0.9211588759259965,1.095920489058736,0.9282411596598833
1112,0.9567903572819814,0.9023722150849677,0.8161543045549466
1113,0.7914363473685944,0.8194620906556327,0.8408932796739572
1114,0.769068537315251,0.9850592260841821,0.9094846825502367
1115,0.8514773014449748,0.9375736528474885,0.9312425834352753
1116,0.9158155581820823,0.8379608582158761,0.832595746281434
1117,0.5462138670645164,0.5759024885168583,0.4589235088123047
1118,0.4334551471018352,0.73720204903888,0.755165745333598
1119,0.8833447782060723,0.8522261619190576,0.7148163062683363
1120,0.9024374444160023,0.8249965189368628,0.5448811326541978
1121,0.8148283687845908,0.817156278544585,1.0231909876488492
1122,0.8100854262366345,0.8038317627918342,0.9085671156002657
1123,0.8846639116936531,1.0130764248393311,0.9612304775124156
1124,0.9576595642135564,0.9979040568057982,0.8842016875052068
1125,0.9330926247784017,0.9832336914446214,0.9177432936049491
1126,0.8410632424713138,0.9846133061959553,0.885004396930937
1127,0.8161222542958968,0.8511174937848328,0.6781377027852816
1128,0.9743465399700766,1.0629759603595597,0.9315257643309773
1129,0.8001856395228254,0.7737776948649494,0.7796245554373091
1130,0.7042558554090271,0.7624402352100683,0.6584980294748263
1131,0.9846660303619252,0.8943841792189162,0.944192979511338
1132,0.8410632424713138,0.9846133061959553,0.885004396930937
1133,0.7244086342799083,1.0049316403378235,0.8605537351577901
1134,0.7894322408337617,0.6373098926797082,0.6636974800620572
1135,0.9160969070882735,0.720195037582299,1.0204447323611197
1136,0.8651571221010781,1.132788853164566,0.8947396479795733
1137,1.0311227460869772,0.9582475871307212,0.979826146554206
1138,1.06572367660069,0.8706629711833965,1.0028282721985686
1139,0.7867693088765864,0.8318040375358677,0.9766465753584511
1140,0.5794987974676131,0.7295413475913837,0.912010534103435
1141,0.8100854262366345,0.8038317627918342,0.9085671156002657
1142,0.7851256817333018,1.0496330445957696,0.9220261680020627
1143,1.0587620857992652,0.9018518758280791,0.7874559477429999
1144,0.9330926247784017,0.9832336914446214,0.9177432936049491
1145,0.7440896532071405,0.7908635474152123,0.755639596849789
1146,0.657941325296701,0.8957441167277918,0.7753586967037271
1147,0.8693411713525245,0.9263931396035908,0.7383229238603239
1148,0.7440896532071405,0.7908635474152123,0.755639596849789
1149,0.780259637657706,0.698602521080914,0.7228285341963527
1150,1.035838722843696,1.0724165330004827,0.8191906438008885
1151,0.8030170375909347,0.6600564244601209,0.9080865690714779
1152,0.728855290116543,0.925381275733653,0.8069542784289521
1153,0.780259637657706,0.698602521080914,0.7228285341963527
1154,0.6658071568927577,0.9001387373838434,0.8320875791092351
1155,0.8555882532098847,0.9291148872601833,0.9269081308889923
1156,1.0006420704873327,0.8885836671802158,1.1272031480877347
1157,0.7851256817333018,1.0496330445957696,0.9220261680020627
1158,0.7836405189844768,1.0257651881452072,1.0046770048618416
1159,0.9040974580864692,0.92616784478437,0.9227575600709568
1160,0.8651571221010781,1.132788853164566,0.8947396479795733
1161,0.9716987229480516,0.7939775038998551,0.9610667632824039
1162,0.9846660303619252,0.8943841792189162,0.944192979511338
1163,0.6638403833058656,0.7593274407689067,0.6729096322654142
1164,1.1383951025647965,0.9696806421763131,1.006090195194597
1165,0.8384118449154214,0.7361040856722779,0.8207923823976796
1166,1.019177114408639,1.0136693796485168,1.0984917215559227
1167,0.8615305029841331,0.8650030618316475,0.670700184975033
1168,0.9899890386203976,0.8871529447921915,1.0245760447317678
1169,0.7195823952093314,0.8267304061890477,0.6116012084832192
1170,0.6729796418658252,0.8974509947318102,0.704370711888435
1171,0.7949521028400218,0.712564945372311,0.8477171051138994
1172,0.938217423541696,0.8239799166410721,1.031260507949897
1173,1.0696212594123207,0.9465839214865426,0.9023566458946526
1174,0.9116549958811873,0.9819492501268975,0.976130939741276
1175,0.896870833238202,0.7892949636281706,0.9075933513787572
1176,0.9682348063235945,0.5189747469143776,0.6586802326758849
1177,0.787252137182487,0.841831394643025,0.9452386115711864
1178,0.966956146537866,0.9396610633901836,0.9307038277978293
1179,1.0170235886701031,0.7846587966250351,0.8464698181602066
1180,0.8462366326366946,0.8174643588797994,0.70014799237221
1181,0.8448908053998644,1.033992630529899,1.1104626301046316
1182,0.9009622211618827,0.8521996828120155,0.8301432618922258
1183,1.037979122252919,0.9302392149208811,0.8994446172802784
1184,0.6803581605978827,0.8160932445943105,0.7299151591051949
1185,0.922760377218139,1.055759546753847,1.0084476603690036
1186,1.0361982068199036,0.6721110424566807,1.1687140534038933
1187,0.9578589184158445,0.9516802643315903,0.7276863883152458
1188,1.0364745003880802,0.8399238594286553,0.8233218068271374
1189,1.0513376107771255,1.004048183895214,0.941441335773968
1190,0.977451452410221,0.9290320573866425,0.8442094882909862
1191,0.7221725253174995,0.8945036892062881,0.8485632273616679
1192,0.8213604710550408,0.9918835053599107,0.8676884790453323
1193,0.8996979156908735,0.8927627174667905,0.9353012301875692
1194,0.9627445067380122,1.0664982305688453,0.8782162288093345
1195,0.8248890611260669,1.1512706181274115,0.8630389005379151
1196,0.8530587470030047,0.8400182576786444,1.0367712696311142
1197,0.6803581605978827,0.8160932445943105,0.7299151591051949
1198,0.8421839725212272,0.9035563571011999,0.9056767869976551
1199,1.0696212594123207,0.9465839214865426,0.9023566458946526
1200,0.9688520245906342,0.9289432636367043,0.9602043346910976
1201,0.9009622211618827,0.8521996828120155,0.8301432618922258
1202,0.7457563726538696,1.0030387383643227,0.8678702493798893
1203,0.9492585600486247,0.7770693847548873,0.9317829885555298
1204,0.9493112126973684,0.7780800679491684,1.0982850078333262
1205,0.8399580418804463,0.8995527703641563,0.7259354691183109
1206,1.0298801929959929,0.9996918706607786,1.0995878450627243
1207,0.9716987229480516,0.7939775038998551,0.9610667632824039
1208,0.8651571221010781,1.132788853164566,0.8947396479795733
1209,0.7119686168628374,0.6493032924570026,0.9096133041563319
1210,0.977451452410221,0.9290320573866425,0.8442094882909862
1211,1.0192674077639874,0.8976355228712647,0.9964723796994603
1212,0.8727640131366496,0.8871442374291978,0.8306897998747695
1213,0.6018163034070065,0.42194216859024203,0.3903068366349916
1214,0.7896664720742944,0.7532873576158086,0.8758746039531116
1215,0.7006757743406556,0.893743743785614,0.9646795130469279
1216,0.5849927976592213,0.5389366563217807,0.48567167917862364
1217,0.45040774825595015,0.5302833962584955,0.6034729934917895
1218,0.6459551531071361,0.594319399070448,0.4719475171561563
1219,0.982593557592332,0.982505467533337,0.9843300792882508
1220,0.4242374885675102,0.5020816501157647,0.6593130308303953
1221,0.6894184220329936,0.7147836395923267,0.558291812025054
1222,0.6763503931248782,0.7485104091902468,0.7064717006169561
1223,0.842821413361954,0.935185449675837,1.0149372753464874
1224,0.5761749570263106,0.5324636993308521,0.5805893098686861
1225,0.5742236658400469,0.5290087295759593,0.6299740072657971
1226,0.4754606250309251,0.539401302427139,0.33226481078332104
1227,0.902005262538188,0.8208682033066859,0.6770302369881618
1228,0.902005262538188,0.8208682033066859,0.6770302369881618
1229,0.8572805050814121,1.0256500732366214,0.7926978003867865
1230,0.9489635556877966,0.8472639912235412,0.7412397805956266
1231,0.8717719731890157,0.8624209359587498,0.9193353830927281
1232,0.7585009636573548,0.8367532512695686,0.6765287503244345
1233,0.7475735531135922,0.9052560718311193,0.7499433086257817
1234,0.43724768226230903,0.36202774500564616,0.32300476765061686
1235,1.0480469893330655,0.9210740761679492,0.841758244122637
1236,0.7901521997488524,0.9409106435209803,0.7705506437689458
1237,0.5445573964035002,0.9204094175211135,0.8525761994273391
1238,0.7187123506570224,0.7577580388283628,0.902777857210346
1239,0.727235829039612,0.507141685520541,0.8824380262278394
1240,0.7518350533008559,0.9191013146860083,0.8525534431027282
1241,1.0399671637144965,1.0956629012564982,0.9389683547522042
1242,0.8267338686169949,0.8926105107048754,0.8620630716820699
1243,1.0940402142674848,1.0476628406642634,0.5102226461578625
1244,0.8152116373177068,0.7101057464725008,0.7853234758653286
1245,0.8151124832016985,0.8227634325794684,0.8316798751054
1246,0.8395380941566225,0.7861449530786347,0.7388862180119281
1247,0.9769045218116258,0.741347127284189,0.7826703138248154
1248,0.8085344796127983,1.0138455989708852,0.8787853391451104
1249,0.7479560882578947,0.6656205819663827,0.7418283385271114
1250,0.9277950931372241,0.9815744991238393,0.9396128761745293
1251,0.6532664426754209,0.6347821234948106,0.8128085426527184
1252,0.33074684655385944,0.38378787541793385,0.45218418542036176
1253,0.9493500662698771,0.959744302691524,0.8959047533961149
1254,0.8972783335543818,0.9545724915878757,0.8822915003082502
1255,0.865161984303092,1.0458153774942716,0.7211227192495114
1256,0.6903573100300289,0.6610575237979216,0.6167828662893247
1257,0.9713418316794851,0.923599120957316,0.8043594422388813
1258,0.5871003506559374,0.5108823737440462,0.7706683247203007
1259,0.5883047224691873,0.5449686171868939,0.6207879430430243
1260,0.8963248622882874,0.9649490950010422,0.9618475965508393
1261,0.6071956190543769,0.4517532940135616,0.6559925239486165
1262,0.8572805050814121,1.0256500732366214,0.7926978003867865
1263,0.616367829462356,0.8852419041680444,0.8381987532044393
1264,0.6894184220329936,0.7147836395923267,0.558291812025054
1265,0.7690910641289146,0.7895095711871618,0.6662747296522108
1266,0.4505952002077841,0.4933976213267057,0.4848929731538898
1267,0.6071956190543769,0.4517532940135616,0.6559925239486165
1268,0.5023417130180737,0.4951302781183,0.5083341299451302
1269,1.1383951025647965,0.9696806421763131,1.006090195194597
1270,0.6229369555691839,0.6262158694452453,0.5363747203318177
1271,0.9689199734909171,0.3151923644650571,0.5045071113131936
1272,0.8450037888857749,0.8866334728900159,0.8871510716087702
1273,0.8361954144881201,0.8160238720310369,0.7788958153444655
1274,0.7687277687354604,0.8750625695186044,0.8887212495734902
1275,1.129798997932474,1.1108185503079329,0.7413847277250973
1276,0.8208504091097031,0.8207210874631221,0.9400568488422304
1277,0.8572805050814121,1.0256500732366214,0.7926978003867865
1278,1.0281488515389539,1.0126254722206933,1.0476469969051792
1279,0.6071956190543769,0.4517532940135616,0.6559925239486165
1280,0.8178185986402299,0.6058884314020446,0.8492669852582249
1281,0.8384118449154214,0.7361040856722779,0.8207923823976796
1282,0.9415821087751406,0.8941611260020548,1.0500131109833188
1283,0.6231514403504836,0.624038928719319,0.7084969982055416
1284,0.549011997116765,0.5933539758953518,0.6204572293826368
1285,0.9484542571492899,0.9753816630986641,1.0620370358518691
1286,0.5883047224691873,0.5449686171868939,0.6207879430430243
1287,0.9258802395969762,0.8257735954279228,0.7857961340859767
1288,0.9191338500735684,0.9950142830922823,0.8536490822588874
1289,0.6981994466732642,0.6426837931157783,0.642737132978056
1290,0.9132755095219887,0.8225974253605006,0.8544012740279503
1291,0.8996979156908735,0.8927627174667905,0.9353012301875692
1292,0.9399231751109984,0.7316853581793427,0.6995889885630352
1293,0.9160118024535515,0.8485178763490709,0.688478657402964
1294,1.0513376107771255,1.004048183895214,0.941441335773968
1295,0.977451452410221,0.9290320573866425,0.8442094882909862
1296,0.7119686168628374,0.6493032924570026,0.9096133041563319
1297,0.9009622211618827,0.8521996828120155,0.8301432618922258
1298,0.8411673347648545,0.972205998140936,0.868190553001126
1299,0.6935437253378666,0.6738280405534144,0.5926498034739629
1300,0.9578589184158445,0.9516802643315903,0.7276863883152458
1301,0.8095261965350213,0.8840670736951224,0.8736381497409644
1302,0.8651571221010781,1.132788853164566,0.8947396479795733
1303,0.85249000712483,0.7140159797082449,0.6490518633932264
1304,0.7119686168628374,0.6493032924570026,0.9096133041563319
1305,0.8294446377305466,0.895122822522431,0.7077550939657057
1306,0.9389419692388665,0.8238315913652445,0.972451768640053
1307,1.0298801929959929,0.9996918706607786,1.0995878450627243
1308,0.9846660303619252,0.8943841792189162,0.944192979511338
1309,0.8009106738235083,0.8026363629273395,0.8087322009277012
1310,0.7368508297701067,0.6152611897234667,0.71704230815313
1311,0.8682822226525202,0.8854992867475705,0.7995863243790832
1312,0.5623048548937344,0.9463672876075709,0.787882936175988
1313,0.5623048548937344,0.9463672876075709,0.787882936175988
1314,0.985117052621501,0.9071689524925858,0.9339496958620249
1315,0.7746126928289325,0.6974920303406454,0.9034994593413127
1316,0.9252219056586007,0.9471943962393095,1.0331651678791653
1317,0.8276928143398603,0.6957219994184589,0.7353572875253291
1318,0.3447524567351524,0.3188580960205222,0.4260181102051465
1319,0.4033364034798923,0.48840860579435624,0.4107087738888384
1320,0.7623588854241035,0.6457162774453663,0.8263260438989686
1321,0.45418045481474856,0.5210616039078431,0.500144022647319
1322,0.8626078607338237,1.0274683248391032,0.9059734776301879
1323,0.872208910128592,0.8779739503136508,0.7559810378298677
1324,0.7355617373429082,0.6795134589958554,0.713710289718059
1325,0.9658868448542859,0.9789668976718412,0.8960026955066758
1326,0.7304262568980422,0.6046321788700485,0.6151031811125829
1327,0.6691159509970748,0.760025608933573,0.7867814001864867
1328,0.6731958763236572,0.6639261047066387,0.6452895151745658
1329,0.9911708281805247,1.0954367438079091,0.9526687220930434
1330,0.6671269603720024,0.6394310720531231,0.6658239071570152
1331,0.48810792120331414,0.5120493391826288,0.6210694546558853
1332,0.6384644144833767,0.42094029639713504,0.37817735168102096
1333,0.8377867523816462,0.982929873779282,0.9521482229968068
1334,0.755397194454947,0.8624578389056328,1.1074233035981025
1335,0.8392154555745024,0.9302977110835582,0.9551311843466239
1336,0.9112855350768457,0.7976600437290366,0.8153567169981657
1337,0.3577020352558572,0.4640469290752198,0.36400234123969777
1338,0.6181340847556769,0.43916009804531314,0.649020912148201
1339,0.47816843125347175,0.4415297765369749,0.42899158086447087
1340,0.8791727442525307,0.9811043209970818,1.0192156365990526
1341,0.859058425796245,0.9725207391522983,0.8403411721147642
1342,0.6874903271421068,0.6727666085235087,0.38479704555987987
1343,0.5647491708326984,0.7367450228816677,0.5261918819787335
1344,1.0614161882866884,0.8326517100608641,1.0052482862681806
1345,0.6030544864890145,0.4067989501997842,0.49080619116725827
1346,1.0971338595902755,0.6973273380549129,0.7613322466747913
1347,0.7959441630576691,0.8427831737333893,0.734212480449673
1348,0.4673491202994426,0.5209172850861793,0.644219441067712
1349,0.4850027180933098,0.48789339467302767,0.5010882583682605
1350,0.9350146586051947,1.0354628863469468,1.0773036197832093
1351,0.8895786210970495,1.0563107426311642,0.8344987098483482
1352,1.1894375220967337,0.9662491492186387,0.7858824451100516
1353,0.7714474990462205,0.811745485729021,0.7936717533236959
1354,0.657648521030822,0.8371134949161037,0.9164322649409447
1355,0.5698863387212483,0.6017903286146769,0.6244134594173758
1356,0.6276376684803406,0.7120403919461912,0.5227715650612779
1357,0.972471751480026,1.0424006098174785,0.9004891776271486
1358,0.7917614215133377,0.6697911883462749,0.7622783734046183
1359,0.7594637664381052,0.932861823900757,0.9309049287161156
1360,1.0020390965921975,1.0982484032814683,0.771369322755125
1361,0.6318919552833688,0.7288211481284173,0.931000659929277
1362,1.0705581968251359,1.0173615706145367,1.0177919543617824
1363,0.9766963606062776,0.8336577343357592,0.808034401575774
1364,0.4494560234457348,0.5303250801853712,0.5757309406439579
1365,0.35513923671366365,0.326056338578494,0.26242707784455027
1366,0.7640868475137781,0.9290414039214653,0.8875477303732903
1367,0.7785483926660671,0.6970253726743274,0.6397828302376841
1368,0.8609259854729143,0.8073941367289372,0.7709322852713602
1369,0.4487098421428744,0.3515260904029784,0.3342894000235448
1370,0.7089140000954384,0.7122486916445048,0.837152259558081
1371,0.3845231860215844,0.5676770649923703,0.3917889492118962
1372,0.5865774622319107,0.5016025276912346,0.5595625491194682
1373,0.7887886961747916,0.8226679380893089,0.7855743128001523
1374,0.891524409232293,0.7012051553012013,0.7830546213161426
1375,0.47148917017253655,0.48970029715843694,0.48187363634574537
1376,0.5253394561872423,0.628874480431544,0.5931945900510437
1377,0.7896752680500141,0.6269281184540842,0.5984619058617647
1378,0.5797746581700369,0.5436571233345646,0.5539961239122423
1379,0.5693645254745746,0.6160120445704893,0.4788853863236634
1380,0.6307696464742186,0.8009392466096606,0.8892943464858598
1381,1.039980778491317,0.7983936544975418,1.3209728781124672
1382,0.8772746395903785,0.9393474749944632,1.0092245385395306
1383,0.707677558705414,0.6835641146681763,0.6114222535759968
1384,0.5147129746357975,0.8494316635073961,0.5462878378910223
1385,0.8892357001263939,0.9473346882843328,0.8503280599387298
1386,1.0238327650170842,0.998189710453936,1.0832269276230884
1387,0.6532138534966891,0.5356541137207789,0.7642644668327494
1388,0.7937007815242056,0.9277470462264763,0.7791249078318996
1389,0.8986700861542805,0.894633107181349,0.8715901919637368
1390,0.3699657608278558,0.39136966603058426,0.30737788091231133
1391,0.46851923439548165,0.6060278168950236,0.5099928950289931
1392,0.8668588250725596,0.8914870282145098,0.8453031539636411
1393,0.7528854000313376,0.7880483003900032,1.1520971006918375
1394,0.4457482403445048,0.5735551076163283,0.5874378594926228
1395,0.4691628191317925,0.3947738092624626,0.3301505977026116
1396,0.8468960376218274,0.8389747379375024,0.9761163014124805
1397,0.7722830024589689,0.7479074366022462,0.7186759364358707
1398,0.8837297423539863,0.9010484219022489,0.8082365849200269
1399,0.9988273133613038,1.0738800560690192,0.898014774347977
1400,0.8238569172559829,0.9363347821799857,0.8422139865609847
1401,0.8823135993227597,0.9375012609833314,1.052279690950356
1402,1.0280099160705598,1.0354998886570086,0.9455363845976412
1403,0.8715493253834601,1.0352413094543262,1.1278799272553655
1404,0.6776187839183345,0.7049506246407573,0.8549387864621586
1405,0.9881350407005485,0.7697395421290508,0.8586641949210951
1406,0.20591160767589411,0.1972641445635727,0.2628783054780805
1407,0.7218271272199025,1.0220973321736304,0.6912379805945484
1408,0.8980837223222242,0.9774118813413131,1.1979026374565303
1409,0.969927420558913,0.9911736204368076,1.0902499387920033
1410,0.2942378269300694,0.3513083499468723,0.3043498101973453
1411,0.6962701986002627,0.7445471581646937,0.6761415184589671
1412,0.7974365428804543,0.871514817396974,0.797722121620932
1413,0.9124460939473703,0.24828246492110928,1.3525708373072456
1414,0.7494474837017163,0.8436741472611204,0.8176611233945912
1415,0.5333333975403222,0.6471710129529852,0.5894846391967281
1416,0.9410697512014293,0.9574033260385084,1.0422984488713236
1417,0.22768663656643529,0.3122736276636455,0.22345678065343072
1418,1.0309665080348722,0.906157351704108,1.09192766990848
1419,0.4958648491886471,0.5245114536339048,0.38011708154272794
1420,0.4739604198261902,0.34385263436659863,0.3635214522342804
1421,1.1266976498724925,1.0949400796736464,1.0558857709111227
1422,0.934172914280184,0.8365335635493008,0.9156148200259003
1423,0.7765455165643342,0.8496512081688161,0.6468542752943081
1424,0.6329321813850953,0.5659390149878033,0.6200963147237897
1425,0.8618206427833246,0.7262000864881384,0.7965055498075613
1426,0.6660110262072028,0.7678112107940112,0.705412164929863
1427,0.7520869098941364,0.8347478346298207,0.8041082496578924
1428,0.7005454734319863,0.6532066485095654,0.7761248495758782
1429,0.6884378545579055,0.894839524290435,0.6969621190004635
1430,0.4223532524033117,0.5725909855245854,0.4531837647349044
1431,0.9056018766164977,0.8045214764688164,0.9450822332009812
1432,0.5204103270555961,0.529344315081492,0.6270105333984451
1433,0.8004397639982369,0.6569809826800352,0.5915371782740031
1434,0.9740035774249278,0.8917066687941003,0.8410818918518432
1435,0.7608026673571981,1.2426675853305778,0.8322996976479227
1436,0.8484647098875108,1.0686150867443374,0.8265446624453261
1437,0.7513818957178335,0.8297818081070978,0.7017928721380122
1438,0.9291174528050081,0.8273413406851636,1.113246982989181
1439,0.674806392801599,0.8508010490196398,0.754271725658108
1440,0.6062515858088319,0.6140096230432752,0.893458897454747
1441,0.8476744314156882,0.8276509867883116,0.873779862728548
1442,0.6886235035444547,0.6564323224423354,0.8185810912532268
1443,0.5909986364451182,0.6751021001839954,0.6047435330642378
1444,0.9071810317920446,0.9850601921314877,0.7701099890697815
1445,0.8254963813091761,0.7556981900934692,0.9359287747140063
1446,1.0286826664499573,1.0940160872739475,0.7968857911971736
1447,0.6793973351437663,0.8189328076834014,0.7952889015417611
1448,0.7312284343911764,0.9255228415674397,0.6053367769964335
1449,0.956847929902285,0.8898993929299869,0.9668003447550917
1450,0.7097925007318411,0.6815333939427372,0.6206346169727995
1451,0.9708703937948866,1.0474411249364168,0.9269606029692572
1452,0.5590065787536874,0.5032080908630726,0.394548585675245
1453,0.8903594122084157,1.1250202539748009,0.7831553230504198
1454,0.36569306290338566,0.3614172677299272,0.4431987505600628
1455,0.6172321797561691,0.7116129478898415,0.8815586267358644
1456,1.0288134419293615,1.1092233003905554,0.7941125061146997
1457,0.7028404922462302,0.7695997405722862,0.581597210799487
1458,1.09307675500479,0.963247138613641,0.8927388552879998
1459,0.7842439934349854,0.6775528758210114,0.6576912096192299
1460,0.6621281069382629,0.7505528328383234,0.46699737549993164
1461,0.8069444335728994,0.9537737095648715,0.9832565119017533
1462,0.7976254340349731,0.6587889011819026,0.755594633863891
1463,1.1041302261144061,1.0217011112178358,0.8963201461455864
1464,0.5008840152222215,0.4079852028780103,0.4496424496474606
1465,0.773857383768902,0.9875577152632306,0.678683482687047
1466,0.7877376926178797,0.7013104489703451,0.7183313429711345
1467,0.7947805229863285,0.8995856038415326,0.71034086430163
1468,0.5738757156390497,0.5066507034828756,0.88535705687664
1469,0.7767042044073427,0.8991232204104862,0.9249834018097502
1470,0.8496018403524577,0.8515111367487671,0.7721044967286137
1471,0.5163189517127501,0.43757594332656374,0.46632159554848956
1472,0.4443997290155529,0.40964686136892237,0.3605743700382484
1473,0.7090490346269567,0.7713639345599779,0.901440924497578
1474,0.5603862679572464,0.5243694860828569,0.3713954836371682
1475,0.6010740030595547,0.7166798510901878,0.6145665642262312
1476,0.8298563659536943,0.7277114208314078,0.7344381486485203
1477,0.899284969364577,0.7477312406095397,0.9443136357825037
1478,1.0383661052175615,1.0186092192093368,0.8964599255777982
1479,0.4231452105641255,0.4188045764289022,0.4473706356021701
1480,0.619438511787233,0.5292988268054776,0.5035512073308201
1481,0.8413177581073621,0.8691787240987663,0.8080635907258912
1482,0.7306030216984776,0.9078802770118208,0.6331600016657808
1483,0.6329363588302077,0.572557711836272,0.9665846691864384
1484,0.9555192194316925,0.8716218031601272,0.9340652774653635
1485,0.5243854012588411,0.494392973398404,0.49214686954371584
1486,0.28687740477824386,0.3339273649083535,0.300978072908668
1487,0.8142512865066829,0.8428887019156704,0.8470454451665287
1488,0.807390170995304,0.8556665195312322,0.7164489748030445
1489,0.9157985407662745,0.8436142208642725,1.1521732922099108
1490,0.8319477805935008,0.9747005747183453,1.0552742082363742
1491,0.7006630826324012,0.7294768116449664,0.7304580496833788
1492,0.5654110092928262,0.5215712908349643,0.5357778261550893
1493,0.42093885360153266,0.5686648642114521,0.5188007707106923
1494,0.27465942012355243,0.2560476594551381,0.21988816236661646
1495,0.49466372790821034,0.5026089780864432,0.47914114056727763
1496,0.4356228774118023,0.45374674174484186,0.5281118146222318
1497,0.8143870078656625,0.7890244442310429,0.7289654184760799
1498,0.5633311642242249,0.5730442682716776,0.4724178542695483
1499,0.936714313482079,0.9640620636713602,1.2567756840695552
1500,1.0293088772127024,0.9042644222169581,0.9300700667363044
1501,0.8159663645221729,0.8924333110919843,0.6802819161835536
1502,1.089837571838944,0.9808721274334677,0.9027865554444895
1503,0.6510344771481342,0.5779534814993057,0.4689327846686824
1504,0.6947227667225258,0.7583627150043984,0.7563387386207385
1505,0.7090644099320883,0.7830268344584014,0.7559891441421346
1506,0.9764759805930444,0.8715941790183102,0.7965075156018724
1507,0.7211554811005926,0.7610850615054802,0.6420076731093309
1508,0.34191572516974267,0.37616461940297335,0.49777427531431295
1509,0.9781798912577939,0.9272063255907608,0.8489449505225847
1510,0.9737785120642084,0.9919842463592755,0.9889766182080887
1511,0.4293126166478169,0.3892745699153594,0.328422915229292
1512,0.5782160867295677,0.38346391916210254,0.5696541014025006
1513,0.685495467547911,0.8391996449461132,0.7836335924970975
1514,0.41926139787951455,0.38505168666305156,0.36677046659010015
1515,0.7619980146448699,0.8650590234598879,0.9964361466287384
1516,1.0847564513563586,0.8922070042444404,0.9384225007081689
1517,0.6828427754202141,1.2963586104663307,0.8007548662818414
1518,0.8250395225544735,0.7446308058158762,0.7457753539394383
1519,0.7376873626341236,0.8595133178352933,0.8527141917413794
1520,0.9087259597234009,0.8483662670928173,1.0178732040898095
1521,0.46881203631264146,0.3875699170634962,0.3196085359861667
1522,0.3791375226314451,0.4090100858631513,0.3777774612790164
1523,0.7517016636102355,0.8083337889277228,0.7436927226242115
1524,0.5505043760535075,0.8275544411257687,0.648164232451953
1525,0.4854151728741206,0.5602733413694887,0.6416780247143558
1526,0.7204013363979392,0.8034586480266792,0.8106471840380609
1527,0.6967882590046227,0.8031588333378601,0.903759228056579
1528,0.40222601014159676,0.5266481369809801,0.486416777710647
1529,0.9294126754016376,0.8216715053315016,0.7979255781895368
1530,0.4970648852910019,0.35224274898996005,0.42538379969461776
1531,0.6900416914012559,0.7234013086677837,0.580889336184466
1532,0.7495919574208689,0.7920150722863554,0.8962912040931146
1533,0.9323110768399095,0.7812132848517678,0.7546878608069664
1534,0.43450408353716535,0.3569946793593568,0.39136215524498147
1535,0.5606618648574476,0.5325756206937488,0.5164239422584154
1536,0.9475060315348368,0.7737110302134835,0.8146146037097556
1537,0.8545793830235859,0.8305867493487499,0.7322165300184365
1538,0.643102085988511,0.7778764995299393,0.9832758223249158
1539,0.8959554459506315,0.9065255634628674,1.113252241704116
1540,1.0881239294529206,0.9462745292559631,0.9967592630419668
1541,0.791908339503724,0.9709351729812172,0.7416581571126302
1542,0.9267369231762077,0.9371374684531462,0.8768968679843087
1543,0.994088117834563,0.8181688823345796,0.8187913891344307
1544,0.7844786267715386,0.7806938567662726,0.9063532256695561
1545,0.8375612578209781,0.9838844756487546,0.8019735286707056
1546,0.8798855485168411,0.9228066577596263,0.7314595552333033
1547,0.9105610825859873,1.0269873403787038,1.0592144169584157
1548,0.6894184220329936,0.7147836395923267,0.558291812025054
1549,0.7951366151471884,0.7969092476069175,0.8959019074911165
1550,0.7525177528836094,0.6815605170794068,0.7785053791845407
1551,0.7920825018695938,0.869067226575674,0.7437222565465503
1552,0.9200252608073496,0.8241741458776496,0.7499467125045141
1553,0.6071956190543769,0.4517532940135616,0.6559925239486165
1554,0.737235578241038,0.7600533219497323,0.7709035791107687
1555,0.8450037888857749,0.8866334728900159,0.8871510716087702
1556,0.8664928918928846,0.8515932153749636,1.1890036227172929
1557,0.6877330034689887,0.8797370031738825,0.7578769096272728
1558,0.8571873635215861,0.8137409516168305,0.9314037467996966
1559,0.9299692180501541,1.1078911957765305,0.9578122100445718
1560,0.4046560001832535,0.40450002176603644,0.34471413374625637
1561,0.8371803936779671,0.7528818932428518,0.8681469005577871
1562,0.6894184220329936,0.7147836395923267,0.558291812025054
1563,0.8625776298938569,0.9082786593765257,0.9276794731826822
1564,0.969802087513222,0.9789144105564656,0.7060680262448116
1565,0.7896664720742944,0.7532873576158086,0.8758746039531116
1566,0.8895022652437139,0.9827532356333244,0.8620754969550783
1567,1.0724010904213088,0.9743513195411386,0.9252105721749153
1568,0.7330741518997914,0.768413438082523,0.6623821084492743
1569,0.8521747078809654,0.7834564679780188,1.144634922436377
1570,0.5740717736636802,0.6208706018362273,0.706946443900095
1571,0.9045757649006854,0.7385715661076924,0.9584639475204163
1572,0.5558675072414218,0.5668147941940868,0.7292966215893858
1573,0.8450037888857749,0.8866334728900159,0.8871510716087702
1574,0.9326802278955646,0.9117428726989562,0.9779991761219413
1575,0.8996794119521871,0.6498005690468962,0.9121219504413357
1576,0.8633122104259724,0.6601290867175871,0.4636670009922249
1577,1.08030099102218,0.9493319649632619,0.899071976694928
1578,0.6268579033982301,0.7012521169427453,0.650109266355932
1579,0.6509092846008508,0.6882499858201747,0.6270503369323144
1580,0.9741027451529719,0.9898877920163923,1.103543681452569
1581,0.7672186201523643,0.7345035448271175,0.8891865945481676
1582,1.0742021695635482,0.9163803932225281,0.9315594598249929
1583,0.9471732834428888,0.7500910838738044,0.915876009399911
1584,0.6018163034070065,0.42194216859024203,0.3903068366349916
1585,0.9493112126973684,0.7780800679491684,1.0982850078333262
1586,0.9329367859203294,0.7133352420586041,0.7944617692121216
1587,1.1031751802841816,0.9063257904741554,0.7574318385863725
1588,0.5837536009091104,0.8457063342974208,0.639664022120004
1589,0.8095261965350213,0.8840670736951224,0.8736381497409644
1590,0.9530610778260475,1.1539243949834417,1.0072751142763658
1591,1.0742021695635482,0.9163803932225281,0.9315594598249929
1592,0.7119686168628374,0.6493032924570026,0.9096133041563319
1593,0.8565428295786923,0.6271280216516072,0.7286135596994909
1594,0.5680441549540336,0.5872755561622893,0.4485416118214829
1595,0.8369610701144448,0.7918911697886724,0.8751036038467512
1596,0.974534489372196,0.881545040456438,0.9632628716981977
1597,0.9169914118392358,0.9143355549095314,0.8017931933532523
1598,0.8651571221010781,1.132788853164566,0.8947396479795733
1599,0.710385051478843,0.8989221560458135,0.7525670958623598
1600,0.9553596352053131,0.8466879243639539,0.8988387389313681
1601,0.9687207606784763,0.9176614321673133,1.1896823330120028
1602,0.5709396286963739,0.349699826826533,0.44562504220489135
1603,0.993969744868239,0.9433674046649467,0.9830180085876763
1604,0.6509092846008508,0.6882499858201747,0.6270503369323144
1605,0.9716987229480516,0.7939775038998551,0.9610667632824039
1606,0.8048192708997273,0.9832106243054772,0.7671074523528283
1607,0.748451389069792,0.7242601154241786,0.779404347255785
1608,0.8340461412862609,0.8525548453362793,0.7404612962998767
1609,0.8768957287267735,0.8923746914849154,0.7282924313972943
1610,0.7207621058955507,0.9163304760929177,0.8703988351504142
1611,0.7916290458647124,0.8093757626320238,0.8305821825213178
1612,1.057813297516829,0.8259531571435789,0.9137134308766296
1613,0.7811383732738546,0.8811775315747449,0.6310038862070507
1614,0.8751783606571936,0.9372137559841881,0.9149371289863149
1615,0.661613220584399,0.8986252936717459,0.8551280335328996
1616,0.7729272203250529,0.5936901884991682,0.6800998397572745
1617,0.9523251267814985,1.0550980096340867,1.0791643894027596
1618,0.7663763804900328,0.8107176647028315,1.0379412296237713
1619,0.7603587063595492,0.897698595112509,0.6341022043644035
1620,0.7933236587529682,0.6763619930597398,0.8048911026049906
1621,0.7126577365776579,0.4202116439136701,0.3937727407346522
1622,0.6887426979953988,0.6150738253218327,0.578647891338297
1623,0.7380975220026935,0.7362260807901838,0.7842390618804859
1624,0.7505758116239194,0.6178548474024412,0.9615876343558184
1625,0.882533179880245,0.7424418035263556,0.7780135481095167
1626,0.9451044913241644,0.7343935126838399,0.7676620857210458
1627,0.7886817206578947,0.8139149813841379,1.2381915207928402
1628,0.9226140201288369,0.8000012844880716,1.0622532122024342
1629,0.4886972951700644,0.509318157586824,0.44981877411584104
1630,0.7772257985751057,0.9435295745733715,1.0879418460762882
1631,0.8232997847335815,1.0387157872793074,0.6856694520996336
1632,0.8895022652437139,0.9827532356333244,0.8620754969550783
1633,0.8325501706551379,0.7602169706752585,0.6524602441745033
1634,0.6831467344698647,0.7102260677281916,0.7932861902366448
1635,0.7890056346185974,0.816206397179188,0.6236345144124825
1636,0.6071956190543769,0.4517532940135616,0.6559925239486165
1637,0.8968579327748507,0.7429963300125726,0.689272305229581
1638,0.42151141074528,0.4701698358407362,0.5411663001919749
1639,0.36949286714793494,0.35783964008704866,0.48324667037203084
1640,0.856917863334923,1.0256605390838904,0.8213117816085312
1641,0.4871609185444843,0.4611747179177579,0.5740856934927129
1642,0.8295107874558294,0.8231543681571176,0.8414955893401319
1643,0.9604649389719458,0.7211431245511974,1.1003036939517514
1644,0.8612485914168116,0.7963140168292211,0.7743319388290243
1645,0.620123690506837,0.6132316617691598,0.4885119138458037
1646,0.6732654474994118,0.8815406288985133,0.6505406368200275
1647,0.759382299214544,1.0586296228508831,0.9082055024204571
1648,0.766462031118284,0.86477174364685,0.9569269052743732
1649,0.8262910900025899,0.8667099934531984,0.771758619694972
1650,0.7975539519108374,0.8586082381946007,0.7965631405708171
1651,0.8092798492331377,0.84413612932677,0.791211423869412
1652,0.5823180966653959,0.8449864632846518,0.9883179610130584
1653,0.1087277998987391,0.11974108307418893,0.16188496851005998
1654,0.6038009111230095,0.5170241373306327,0.6293292929861838
1655,0.7199606828098588,0.7367802433455051,0.8036756558354581
1656,0.6151488879841671,0.48664828536780047,0.5976177860805988
1657,0.5756450933857673,0.5270062158282599,0.45393557335969514
1658,0.8801056075637413,0.9522143850052958,0.8718480589687145
1659,0.5343294429202069,0.637916313633453,0.566565287977266
1660,0.6205984964221626,0.5512952474217829,0.5645347585905203
1661,0.7272783718795057,0.8070771384531858,0.7712944061588599
1662,0.8924879231730891,0.6769857665889073,0.8692730399501439
1663,0.8853124514438407,0.7496284106307081,0.9045728212752218
1664,0.9937787031259099,0.9322532912493279,0.9621642003936451
1665,0.740329616065516,0.8664527929836516,0.716171536041941
1666,0.8434153774567985,0.9873945542254984,1.0018922384974693
1667,0.899394184171066,0.9498176734277488,0.7732167003059984
1668,0.5717230930582214,1.1175870562981176,1.063049669889795
1669,0.30687489112794264,0.31756136784724065,0.4305237577520439
1670,0.5784906354106012,0.732943386422253,0.678527215072572
1671,0.6365897088693828,0.7358135453198695,0.5173907434952904
1672,0.8603560005350421,0.9275617947160282,0.781372996153576
1673,0.5586740297677318,0.7135602235526023,0.6017671189505566
1674,0.7585031296859341,0.674881863332401,0.8125962769422536
1675,0.8932776493520471,0.8406391397461378,0.637349170069892
1676,0.8117340724932265,0.7803575748703137,1.0784652266196855
1677,0.9262637728120722,0.9941322614984116,1.3528051235093432
1678,0.8729039324335504,0.9114222783321102,0.8751009595815116
1679,0.9403504983859389,0.9982934762911391,1.057726787535496
1680,0.3586207815289564,0.38925372858769824,0.2854851158826527
1681,1.065797791105052,0.998698793005987,0.7888766670676812
1682,0.9874273914861335,0.8895451020392798,0.8603384209783282
1683,0.5923880823611153,0.5047310745022413,0.4645599773327319
1684,0.5879378353169972,0.6094931416247356,0.6761416070658534
1685,0.8917376558087352,0.9965223115380992,0.9737219954817358
1686,0.47332450831746875,0.4110298361549769,0.3220847354903832
1687,0.995532758504882,0.9490831092578635,0.795054118206262
1688,0.5697026133865895,0.5394040884702959,0.49560771910439055
1689,0.7018881941164522,0.7848068376336796,0.8125548084702237
1690,0.49484699658746345,0.41408856563222873,0.29511964816634056
1691,0.9176702613856282,0.8541997553152367,0.9355685393421099
1692,0.8924897921237064,0.6930269533347553,0.7175965782012558
1693,0.9717875665589235,0.9389933020088159,0.9614291359612482
1694,0.8226299567504238,0.9674854927580124,1.034877565685128
1695,0.9241277194563701,0.9176519542008457,0.8887679951355494
1696,0.5418127586136625,0.5453411074290737,0.5458377364262875
1697,0.8485563935453733,0.9284378579118763,0.8954962349439417
1698,0.28750059777523995,0.295361483436396,0.30963628006932087
1699,0.6838272403695964,0.6855261123604743,0.5968940781098807
1700,0.3291130356641392,0.35180661550961034,0.26279928834174104
1701,0.6715570615515827,0.6581541534822348,0.8819035001679901
1702,1.2049408439833422,1.0498469781046198,0.7451350398713831
1703,1.07444736769076,1.1130824134066806,1.0661632567168149
1704,0.8361916922524391,0.9813588306818155,0.9589857024720121
1705,0.3155314072820978,0.38994607698801703,0.33349767910166384
1706,0.5045676832273255,0.6694003020913257,0.8844894029098216
1707,1.1098053977987015,0.9806110072106434,0.7950037658755307
1708,0.4324465222277767,0.4089150352323675,0.40737153475084686
1709,0.6620228024284975,0.44725307354876526,0.49544040140458007
1710,0.779752309798425,0.6675960433928709,0.5768091815510633
1711,0.4715033733814995,0.46289191068836194,0.44010953596464925
1712,1.0273604999975292,0.9660287818740886,0.6888966871009665
1713,0.7510367219207229,0.8385992711067006,0.5758584030092291
1714,0.9123550359383787,0.8543400106762757,0.9387909371980625
1715,0.8387761590340802,0.7152994832919196,0.7835329163800332
1716,0.8056541057755255,0.8249799092953612,0.7105323473713825
1717,0.9428717180659664,0.8638698990255649,0.8762223304063014
1718,0.966547973323487,0.9128985972546042,0.9043665549894466
1719,0.6961433919271703,0.8285299834588443,0.8974668845783713
1720,0.5036159547987522,0.5519174274231442,0.5170974157758523
1721,0.9478912276544225,0.9440860829891428,0.9113497095751697
1722,1.0720025403022622,1.106856878552252,1.1878941224236494
1723,0.3963862986026628,0.5611788337842974,0.454776167965769
1724,0.7922807630980497,0.8487553511599415,0.8844434898956028
1725,0.8710084154608425,1.0278945818281269,0.9842846868622235
1726,0.9914998219588685,0.9880028387349313,0.9272083722126933
1727,0.5777252545945409,0.5048500080556889,0.4509785407442808
1728,0.8757418657763958,0.8598888458835372,0.6467523254231597
1729,0.7246201848400325,0.8640685457566422,0.9512721341177534
1730,0.8923482616477784,0.8663447594253917,0.8526693345990787
1731,0.7108371348801894,1.1881491374656348,0.9163670249128297
1732,0.7032618006598376,0.5369734070740563,0.530055312057826
1733,0.4869903464626866,0.4771811643146476,0.6072933153238708
1734,0.8326055970252759,0.789091560301648,0.9953855544940546
1735,0.4376077286278912,0.4017818654546336,0.39130652059436477
1736,0.9228790999115426,0.8680115463158277,0.9174783801491952
1737,0.9551951276619285,1.0159012514328705,0.8894788060864258
1738,0.558049085180084,0.7895255733211158,0.6990389149504171
1739,0.6154843032062315,0.8229130899111522,0.5322416134762753
1740,0.9200749033818504,1.3075870871800286,0.8925133486277163
1741,0.42668090170597517,0.42498187691386574,0.46202804037052575
1742,0.7325492277464825,0.5899338256208307,0.5175227757073748
1743,0.3963112299369841,0.4449063296964487,0.2884573430526074
1744,0.7417084216948865,0.6752129473542883,0.7538202718298287
1745,0.9218944467537294,0.6957690447755976,0.8102172606858655
1746,0.5603279253516562,0.7003065944899667,0.4108749765376105
1747,0.8666490102189377,0.8181966071087245,0.9396221307967323
1748,1.0378668580536123,1.0232736948906347,1.1026179753648329
1749,0.5811747770581355,0.8320634313496618,0.7218279548913821
1750,0.6263548507710842,0.7791903981466556,0.7077791982694036
1751,0.8216175340748793,0.7588329551198926,0.7877204592190822
1752,0.41100753570650095,0.4261261373065318,0.33192140585402763
1753,0.4090737246836509,0.42887574291700975,0.4058573184272608
1754,0.9231946416511816,0.9692691414791017,0.9959510984665702
1755,1.018416651589066,0.7690278654502536,1.0133456827823575
1756,0.9269967707168782,0.8692919657992306,0.8745030315856552
1757,0.9001317166554371,0.9683632676684432,0.8198766744944409
1758,0.9428792442363404,0.9739434725180168,1.01565568387278
1759,0.8481437783031152,1.0435995166342187,0.9688888958217972
1760,0.6967067609797708,0.7999765110803655,0.5830727304013499
1761,1.0341870022605009,0.9914233641302959,0.8860513641940956
1762,0.8394861188375575,0.9355746406827934,0.8076735797446015
1763,0.8206785057875394,0.8735517060690263,0.80775984641863
1764,0.4719688947428471,0.43610048148582997,0.48124270848377304
1765,0.9614666977662006,0.9950409289567499,0.8515312254762327
1766,1.0167782851618887,0.9635634920910001,0.8335489077568604
1767,0.5644752022862232,0.7727401599560434,0.6942407945290419
1768,0.979028576248296,0.7426288525051247,0.9465212381727679
1769,0.7573100507639857,0.9016667284951004,0.5523666288858826
1770,1.1716897679928802,0.8487410107112305,1.1543170056401362
1771,0.5363743943498345,0.5987781836331871,0.47553615141436845
1772,0.19513159085534015,0.3504092954975834,0.3382845048094311
1773,1.2609809053999292,0.9982929511235212,1.0156850651498528
1774,0.9158773876939105,0.4679179967253012,1.0106067741965288
1775,0.8022710404739681,1.0492947757635096,0.9893153122690903
1776,0.766846750268064,1.1600525678295022,0.8489525579791957
1777,0.379219738192149,0.4298188116411893,0.40068581553762656
1778,0.5521855137980409,0.5075318504764332,0.7006892278136823
1779,0.9252734671106543,0.9089177972290894,1.0503850625470228
1780,0.771242701176156,0.8625133825649041,0.8285385215020176
1781,0.5349078479351269,0.4150555666405625,0.4276421430194862
1782,0.4301579604718698,0.45120336285922746,0.39185927678230537
1783,1.0083120580265712,1.044849913162036,0.9846889205657673
1784,0.43087747823974176,0.3312148532265101,0.3750902146340891
1785,0.4585700530924872,0.4197151511478621,0.4627419626183352
1786,1.0056955061587642,1.0001329441407805,1.1848910335942113
1787,0.8717345806014853,0.9366789332388791,1.0007741749530705
1788,0.4538460122390438,0.3109607225015266,0.3742363200497332
1789,0.4497541278307201,0.5065931615538449,0.4242899801106038
1790,0.47439365134468825,0.42183947801529065,0.581348891647408
1791,0.8336548911160739,0.8874459783405204,0.7806167237028022
1792,1.152130592863904,0.8167616235976536,0.8660458348520407
1793,0.8446495519927959,0.6839099145103199,0.607973411297784
1794,0.9796168791177969,0.9260402395060078,0.8307258002317199
1795,0.8609570095874126,1.0115915579757335,0.8177923445052986
1796,0.7105391341126353,0.7165979789311048,0.5144730690170404
1797,0.9481212675445774,1.2614505120400157,1.0041164543434182
1798,0.1221341822315503,0.32381049370215664,0.2807966056628367
1799,0.8102989746733423,0.9037322247472322,0.78381859230672
1800,0.7244250264130037,0.6089185057829264,0.9496392623550761
1801,0.7759435501936025,0.7935022790672074,0.6927314985943857
1802,0.9366707336766468,1.0672277732130764,0.8515833376069999
1803,0.9105610825859873,1.0269873403787038,1.0592144169584157
1804,0.5923512138596392,0.7548288046946363,0.20302678965646306
1805,1.002895585668331,0.851242475525711,0.7870624390701761
1806,0.7666547977299707,0.8513609738349822,0.8705628680805452
1807,0.725942841176111,0.586155077741874,0.9205827393596575
1808,0.7144604544673631,0.9349129437451225,0.8025437772892373
1809,0.7824037333887792,0.773665362125652,0.8600775792660537
1810,0.962506144092784,0.9463122291111903,0.9902599624074405
1811,0.6682704055975427,0.7101321085695577,0.8122957050538515
1812,0.7084628615504591,0.7797234727058489,0.8079750642714838
1813,1.0204460159621076,1.175995714735133,0.96243646246891
1814,0.8051585794815616,0.8530039940016448,0.8382056709192015
1815,0.9238384847261066,0.8492976793703506,0.6363109913017635
1816,0.8206376926160592,0.7846995303167281,0.8094997108625276
1817,0.9514124475461044,0.8532334249014152,1.1049437887791675
1818,0.811592786127309,0.894188930845929,0.8496373071324779
1819,0.849343192109689,0.5731237689073625,0.8006672509426669
1820,0.884841919738833,0.7252710567814447,0.8279965718158833
1821,0.5734393602420196,0.5363074066350118,0.5664808988968089
1822,0.49281409977759094,0.4307773717866873,0.819085542358815
1823,0.8380459168888241,0.9255239409212018,0.659421307325549
1824,0.7746268762929553,1.2370024957762145,0.8661556886063634
1825,0.5452652839595254,0.568636060818159,0.48485555230985705
1826,0.6705788236430101,0.5824677353961,0.6381208282722184
1827,1.0036027728786334,0.7832378337916158,0.7452896137168212
1828,0.6415789445249324,0.619191324394863,0.7242933562968911
1829,0.9609689994871629,0.9014313941873638,0.9356779420946494
1830,1.1075179755065006,1.1149836343957071,1.2509626674805983
1831,0.8565259032122864,0.9249299074840541,0.9452279198997227
1832,0.5008818011811895,0.7426372375728871,0.622106093663349
1833,0.7722861900824353,0.9442256256575272,0.9121568003981779
1834,0.9551028423675966,0.8180790515428765,0.8114033014506445
1835,0.9239581224061384,1.0471863854182832,0.8088972461762054
1836,0.9570902246099654,0.8887254267403643,0.9762008699872053
1837,0.9589405688248019,1.0544081752569558,1.029706430882447
1838,0.859477162299821,0.7060306015240574,0.8385735777013927
1839,0.7037865892851621,1.4794484784697424,0.9396136792444467
1840,0.9882101708522943,0.8293028999737139,0.9216545075528222
1841,0.9234055147280039,0.7800928487548379,0.9254390478941975
1842,0.9293514710979754,0.8263153130357959,1.063735990366293
1843,0.9372277030319233,0.9309657973091663,0.904503887312786
1844,0.810070725195651,0.9949679067874175,0.9350972603427177
1845,0.725942841176111,0.586155077741874,0.9205827393596575
1846,1.1117452889418167,0.9125667587568471,0.8917828699163008
1847,0.8999688693585767,0.794007099507978,0.9382209987255405
1848,0.8178600445579179,0.7392901180269884,0.9387310885339823
1849,0.4592568730750181,0.46855583465973066,0.471471162629437
1850,0.38085391701487525,0.3603854733082531,0.5474464229749544
1851,1.036214212249463,0.9920974245186648,1.1196116366505664
1852,1.0929782926551095,0.910723161490326,1.1616781303528732
1853,0.8618371400360765,1.0184173405738899,1.0562242254188696
1854,0.933546789000884,0.864622004581565,0.9183994011769425
1855,0.933546789000884,0.864622004581565,0.9183994011769425
1856,0.5429919710472129,0.6112532899811524,0.7000906404323942
1857,0.9777491823622085,0.6886734981627428,0.6724811049680917
1858,0.8952117121719313,0.803612481661922,0.9809651608573368
1859,1.0551146279097265,1.0922445031862564,1.0142099566260971
1860,1.0547650285779515,0.6993549388733674,1.019295180207345
1861,0.7685162765813786,0.9726795412483986,1.0152611163445464
1862,0.8844746782396533,0.6837885811216313,0.58623292582128
1863,0.9234055147280039,0.7800928487548379,0.9254390478941975
1864,0.8032650495748089,0.7933569434016987,0.765523401455624
1865,0.995493884388281,0.9535355758402898,1.0550989683510694
1866,0.9433785646331376,0.735145595210405,0.8472307715728902
1867,0.9628875900754408,0.9700051579827847,0.7661369173544732
1868,0.8364977974876868,0.9082657446997076,0.8192402046653716
1869,0.8364977974876868,0.9082657446997076,0.8192402046653716
1870,0.8968579327748507,0.7429963300125726,0.689272305229581
1871,1.1500608654789433,0.9375906157491131,0.9263069259521701
1872,0.27815130706106617,0.33823761834031846,0.4108146559814558
1873,0.8262840464768415,1.1839538353055286,0.9768349847641513
1874,0.8479777173924659,0.8664788976638329,0.9428454959129714
1875,0.962506144092784,0.9463122291111903,0.9902599624074405
1876,0.8739105129265363,0.6692329190748008,0.8546965456021003
1877,0.9056673568002929,0.6407572368266934,0.6718025578798279
1878,0.8639183579421453,0.9022155165507656,0.9250759510873329
1879,0.8900838017115529,1.0351306358000358,1.0468331105741076
1880,0.815631459075663,0.8065508673518209,1.0250875162129365
1881,0.723196473825866,0.7249654009973523,0.7349547735597011
1882,1.0957428186094436,1.0302580431156279,0.9028101139619711
1883,0.8650366950375155,1.0025050823651174,0.7618013945778908
1884,0.993969744868239,0.9433674046649467,0.9830180085876763
1885,0.6936984099341847,0.8051269067871819,0.765880304864344
1886,0.8243632457650882,0.9004051787268883,0.8995090721247128
1887,0.6018163034070065,0.42194216859024203,0.3903068366349916
1888,0.8963443001033715,0.9858639817040308,0.9215885813319892
1889,0.7992284965290937,0.8247456696867264,0.7404152323121509
1890,0.7722638096000798,0.7492356790636496,0.7895137273247124
1891,0.9562993107751181,0.867294791982321,0.7093343021221608
1892,0.6613739781962031,0.6112307931650937,0.8155285234662897
1893,1.00698950304457,0.9032087079135264,1.1327608189107057
1894,0.8781811842928349,0.8580356438831804,0.8641151046115345
1895,0.8824096067562999,0.9996056789798597,0.8775699855855899
1896,0.7368508297701067,0.6152611897234667,0.71704230815313
1897,0.8781811842928349,0.8580356438831804,0.8641151046115345
1898,0.5498610424821978,0.6429255434277071,0.4855190997138797
1899,0.993969744868239,0.9433674046649467,0.9830180085876763
1900,0.746070440939634,0.7341655581147687,0.7505406832349455
1901,0.8929891945234252,0.7307827000461307,0.8327114559893842
1902,0.952264290164025,0.9093939355796945,0.7437560445300744
1903,0.8557453125984367,0.8522858269662266,0.6687064721599312
1904,0.7594054095822916,0.9600027170525542,0.8996302198567294
1905,0.8383040726933884,0.8945972479481249,0.7054698019138432
1906,0.977451452410221,0.9290320573866425,0.8442094882909862
1907,1.01808902229229,0.8336685481579426,0.8135721641569243
1908,0.8719192556237326,0.9025446590044558,0.992044031734193
1909,0.9499811794488003,0.7958477573890903,0.9196712818729851
1910,1.1320653586252911,1.0201543233202794,1.016906983288296
1911,1.0900105686354022,0.9926275979090546,0.7705274231691748
1912,0.7794655128823917,0.6846868464293467,0.987028329133177
1913,0.9627374094096036,1.0017944523245588,0.8883364837233396
1914,0.832927920916515,0.9763536215170128,0.7419399536342317
1915,0.8445201695091009,0.9714073705943064,0.8040286330879532
1916,0.7051820080188548,0.6569782012129486,0.8249085303885686
1917,0.9330926247784017,0.9832336914446214,0.9177432936049491
1918,1.1320653586252911,1.0201543233202794,1.016906983288296
1919,0.7051820080188548,0.6569782012129486,0.8249085303885686
1920,0.977451452410221,0.9290320573866425,0.8442094882909862
1921,0.8909694909640326,0.8914599208617837,0.8916073043696868
1922,0.8651571221010781,1.132788853164566,0.8947396479795733
1923,0.6939107887144544,0.6364628009392178,0.7396296493521266
1924,0.7368508297701067,0.6152611897234667,0.71704230815313
1925,0.952264290164025,0.9093939355796945,0.7437560445300744
1926,0.9562619028627022,0.8399856237945733,0.7453248641858763
1927,0.8187772545126388,0.8439629209994809,0.8544858855673273
1928,0.7927004430983865,0.7928323765271273,0.8987959669837533
1929,0.817774203443042,0.6952657634127568,0.6184542999129068
1930,0.9021967824032444,0.7301282134433368,0.7352001861524146
1931,0.9702612745056606,0.8157629056876411,0.8925643902530936
1932,0.597052607551831,0.4137388907318592,0.4279449533744504
1933,0.8492712353824371,0.8899277989544818,0.8915667781682662
1934,0.63500690425142,0.7447386473946224,0.7944631690742021
1935,0.63500690425142,0.7447386473946224,0.7944631690742021
1936,0.7029390162413139,0.8920555035666444,0.8179802457129945
1937,0.7968016028756073,0.9468424566024816,1.0163681105354563
1938,0.6205984964221626,0.5512952474217829,0.5645347585905203
1939,0.68812060295943,0.566595696267148,0.7399488146456659
1940,0.8139827018641829,0.7589969386303624,0.8808179168097008
1941,0.9132844398797105,0.9561112644594199,0.964374309844662
1942,0.8639183579421453,0.9022155165507656,0.9250759510873329
1943,0.8562766422555635,0.925957864952627,1.0535531327367078
1944,0.75379788461204,0.8664022025448259,0.9403005325777033
1945,0.6620179289990373,0.43379974414976663,0.7982339943017446
1946,0.33674448590560035,0.4586285800497877,0.4360402653000457
1947,0.8389848514180447,1.001011029626886,0.8426586205736608
1948,0.5976812746665081,0.6768450971527528,0.5429283350828809
1949,0.680166581153526,0.71638097353095,0.8413636383938696
1950,0.9542895579384679,0.85897447050641,0.9541002936077418
1951,0.8890278481642097,0.7992292421137971,0.9054069863332208
1952,1.0221911822182232,0.9450919032873673,1.3727066634777016
1953,0.9650073477562778,0.8253407350182023,0.9065896403135666
1954,0.7331727901473195,0.8127900823255494,1.0228916872073142
1955,0.8067944279571977,0.6956742429536487,0.905415882000568
1956,0.7564317287934764,1.0039070089783677,1.061830069566597
1957,0.758406279131566,0.5233420380556462,0.5895308947492897
1958,1.0600977249001053,1.0594588633411877,1.1970620620529866
1959,0.507614636852262,0.5527580375800898,0.4295807771468889
1960,0.7139684029415951,1.0034467141571155,0.9493995452437061
1961,0.5204371674672245,0.4511378853623109,0.3824659830433146
1962,0.6742385040185628,1.025325917737182,0.958662181696429
1963,1.1308927100634112,1.554627088115689,0.9846373592669174
1964,0.5001625042805159,0.5362949557722417,0.6294310951050316
1965,0.8513302198290914,1.103675576364001,0.9766363652403478
1966,0.6755845396641824,0.626493258661424,0.5831577104897769
1967,0.7698149453550324,0.7566168361761815,0.8165157677192766
1968,0.7961817229372857,0.841939979116957,0.8462358373275001
1969,0.6036554752377632,0.8506952974889949,1.0382141325021996
1970,1.0356052959280873,0.9919422017314996,0.8494292326412776
1971,0.6501012808223158,0.7559462124590726,0.8454503752295061
1972,1.035654519650281,0.7956999438020183,0.6682375699317094
1973,0.6718874779875106,0.7644684442018294,0.5614745460946914
1974,0.8106518219209808,1.157769253266243,0.9059975023425574
1975,0.9255463436061988,0.8964457709649565,0.8777221805939767
1976,0.9364058561616648,0.9150986010537772,0.7597732406115181
1977,0.47470010092956844,0.4189088437210096,0.38101702476079147
1978,0.5149507274632129,0.5819757554784355,0.4437915694824214
1979,0.9844136024147243,0.941686188834838,0.8819925224231795
1980,0.7171371019166859,0.7668887976524372,0.8807428244397097
1981,0.953845281771915,0.8467808779771037,0.8670226930176279
1982,0.9375298583704728,1.01471026535961,0.8929570340678316
1983,0.8471898870711575,0.7082964867913777,0.6740093293329389
1984,0.6894427087276075,0.5855343482495432,0.94191216044304
1985,0.7266380562342838,0.7093007193772244,0.6245864046452094
1986,0.9715295306168563,0.9761590118922226,1.0154282366490002
1987,0.4140065528808074,0.37670050331873645,0.47733079866925376
1988,0.32486232102895424,0.3074509025755486,0.321530309660451
1989,1.0030759203933524,0.9797716716002687,1.0508697580111588
1990,0.7898025302674256,0.8567801645293313,0.993749909745444
1991,1.165475712812761,0.7358439868915578,0.9340205727257251
1992,0.9444061261795881,0.8935673308622366,1.001118193353127
1993,0.8084370699021824,0.9635487431582692,0.9237752754027906
1994,0.6751110057036196,0.6656654656348329,0.6807457209040231
1995,0.5509902384409354,0.43078597135611824,0.5502520350575146
1996,0.5138044483996524,0.6463409531480119,0.4921743317993299
1997,0.8660639852495818,0.922502003058185,0.8997704854413259
1998,0.5837952815103448,0.6071356556076499,0.4703975458977276
1999,0.7753533927601421,0.9306730248697369,0.8957252165096837
2000,0.7929408749540929,0.6629518693305012,0.67010699420688
2001,0.5564211556047542,0.423776919744287,0.3641274770122047
2002,0.5812871171614064,0.5622241090317379,0.5253136448717874
2003,0.7558828211847193,0.6907619434666403,0.6823478774021645
2004,0.8638706147420755,0.8431085357331334,0.903103638603435
2005,0.5805528043527957,0.39392456165481754,0.35364064688481045
2006,0.5005623552726466,0.46416524275959964,0.7722739338904847
2007,0.6934297103558305,0.8512596123934755,0.7527111318886417
2008,0.9476270535205834,1.0413201410318007,0.8441101010236981
2009,0.735227382106453,0.7795019421620337,0.6014228797789171
2010,1.0169946707933053,1.0304171490822738,0.8315213234211671
2011,0.5589211757119601,0.6052875861485755,0.6517629181987485
2012,0.8219824906938671,0.9780706273426772,0.9536166567599358
2013,0.7785314374881289,0.8213342518145772,0.7676022889345702
2014,0.7348415274548543,0.7891227106754704,0.7397457580371329
2015,0.8198067087560008,0.8256937960262701,0.8803565690820376
2016,0.9841687248947651,0.9125190486019275,0.7380513995506137
2017,0.6776815887977536,0.6829112375946806,0.7096683627795968
2018,0.5161017165371462,0.5793991364110981,0.4872743539943106
2019,0.7780729227066487,0.8949825751580253,0.9382713150462779
2020,0.554557401369066,0.6608244448355207,0.3526879816877
2021,0.8480339563456246,0.8015946920763558,0.7759711464973362
2022,0.9982050678512042,0.9850899922900935,1.0256574447888513
2023,0.8022400921598103,0.8389613234858342,0.6163552229437083
2024,0.8972446114493121,0.8907781466713982,0.7654368440504979
2025,0.9323765452761575,0.9762008890510285,1.0536583699071211
2026,0.5093814929014333,0.8600948700098904,0.814274552586062
2027,0.7449683785265913,0.8058570893372117,0.8006955839411309
2028,0.6047388561200253,0.7033328094573315,0.6673957871307513
2029,0.707216702211668,0.7590068402719173,0.7319781605283862
2030,0.5634445404007044,0.7126747205238344,0.5969033127932808
2031,0.7081935489469472,0.7331840344339846,0.5111169906679119
2032,1.1233654874375865,1.1349168243653132,1.1746310052963254
2033,1.0178382809101192,0.9916793088744706,0.7178577532312055
2034,0.8661519478064966,0.8874316176550392,0.9635481646723392
2035,0.8453957629535485,0.7670205114883961,0.7587073321700607
2036,0.7383134265164126,0.6377596843220144,0.4758473943659456
2037,0.5262620943439026,0.3990531496344813,0.4271515368127234
2038,0.699241921978929,0.6344675123860123,0.763089758310969
2039,0.8112591233039607,0.8356981986734195,0.7775909871445962
2040,1.0266076092750696,0.8393535133410578,1.1424621792626841
2041,0.8798776050793332,1.0964676814127914,0.9104135188970426
2042,0.7455368692492929,0.7860032106683614,0.6635686096954523
2043,0.8631523979229706,0.6627500664059098,0.6800696773571506
2044,0.34087802302161707,0.2887062751057422,0.375283021589059
2045,0.8493805590291843,0.8631499796635117,0.7342884269161084
2046,0.521180341018958,0.6071021329086772,0.5939347557858587
2047,0.809952880099824,1.0558306141554104,1.0702225734013933
2048,0.8519877836085464,1.0392211751943468,0.9388097563130209
2049,0.9007678623057226,1.188947591193946,1.0251281473540785
2050,0.900530810221626,0.9156962868373423,1.0012664786806325
2051,0.6149946494647671,0.7708192292345023,0.8755101619517149
2052,1.0342625193955892,0.9052424113725602,0.9422453675976002
2053,0.5380975348617947,0.40871765322596204,0.3623733276224309
2054,0.7374536184848038,0.6967145357841148,0.8298611251134064
2055,0.8902094677017678,1.0176124979794325,0.9819060991684865
2056,0.8867136048475767,0.9708871213824763,0.8234002393885134
2057,0.4087096045197907,0.3181806137415634,0.3407549796722336
2058,0.8790503759620545,0.9899551706951876,1.0724214448155052
2059,0.9655816065125213,0.9499582265981517,0.8877559990172871
2060,0.9007277683474345,1.4276495943880605,1.0860211332891392
2061,0.8613382858607523,1.1277279054031495,0.9766600514717336
2062,0.6863078184943162,0.8166801602158114,0.8885740241669302
2063,0.9140681941856278,0.9626407098187177,0.805934975263588
2064,0.8914640968669556,0.8439771906596722,0.9767592756540492
2065,0.6666563515365834,1.1292976531728387,0.9097250512265933
2066,0.6814262287867326,0.8686811781795793,0.7631771562574773
2067,0.7766023460910602,0.7876124391818371,0.8971819092129298
2068,0.9263589150305183,0.715290646563538,0.546513179887433
2069,0.9072787905570519,0.8488086758170678,0.9866451886106571
2070,0.7611339702725671,0.8276878503135596,0.7198715988462341
2071,0.48956195851821993,0.6195782412987685,0.5111344966946524
2072,0.4089523186227926,0.40340678716068146,0.33744363072376155
2073,0.9725440885351616,0.9715254576860228,0.7694339651650557
2074,0.6226921703954287,0.7791826384410085,0.9369912285197897
2075,0.38810549361075186,0.452244873820509,0.3645430419529587
2076,0.7942588188096396,0.7219735846965716,0.746859996950641
2077,0.6998075386453979,0.7102406593162276,0.693162770232387
2078,0.46428097000529717,0.4611617781475521,0.3907750265061458
2079,0.9068544212426147,0.9193865524497975,0.8028198909917696
2080,0.6429364378267156,0.958180969804696,0.7391365907486503
2081,0.7625246789179264,0.8124068735754932,0.7952178383400087
2082,0.40945669042899924,0.37829822567359633,0.3204176187118053
2083,0.47312858636715066,0.506830593097074,0.4472816867684407
2084,0.8853248578607625,1.007934490980736,1.082112509179902
2085,0.6266336900874108,0.9258930505812674,0.7114217255495691
2086,1.004645190624628,0.7992566451733811,0.988128537756876
2087,0.6906355670929498,0.6175699033596396,0.7419983241349365
2088,0.7954681042564975,0.874255089125797,0.9811465530016202
2089,0.5082134092604699,0.5028109094399315,0.5053962500004301
2090,0.8965611588236515,0.8609801025271773,0.6464297119460695
2091,0.9724089828916005,1.0989038029059257,0.9076035112497787
2092,0.5697848741580139,0.6076906282492444,0.5000597104670309
2093,0.5848683928577568,0.8152475066504523,0.6139187244140638
2094,0.852225948846691,0.6807842140866871,0.7083539934832367
2095,0.4876625080363227,0.5152758636313258,0.5769574950239205
2096,0.31448595038148175,0.45186344957423585,0.4302977265556416
2097,0.9766466312080273,0.823424667607775,0.9480139968706112
2098,0.7106665620814347,1.0271617954216106,0.8612045868165349
2099,0.6796881141911588,0.8638332078297637,0.6970356390648118
2100,0.631162458866544,0.5121043075476144,0.5923256104444146
2101,0.47489247593097894,0.6266274352503887,0.6091632920133314
2102,1.0967743708284687,0.9304429073652933,1.1523095131096064
2103,0.44550918427648967,0.5241695081439911,0.4569658516382733
2104,1.032358760112355,0.9895131173117565,0.9627832214728647
2105,0.9401612760554451,0.8536664492429329,0.9611153692886378
2106,0.9073705271091314,0.9776649760100525,0.8977980882340882
2107,0.3622085922723184,0.419432005496946,0.4357278411105431
