Lon,Lat,FID,Observation Date,TmSTARTDAT,FINISHDATE,TmFINISHDA,EXACTDATE,PARTMONTH,Location Name,Impacted Area (ha),Location Reliability,Country ISO2 Code,Locust ID,Report ID,ACOMMENT,LOCPRESENT,SPECIESQRY,CONFIRMATN,BREEDING,REPRELIAB,SHPMINDSQM,SHPMAXDSQM,SHPMINDSIT,SHPMAXDSIT,SHPDENISOL,SHPDENSCAT,SHPDENGRP,SHPDENUNK,SHPSC,SHPSCCAT,SHPMATEGG,SHPMATHAT,SHPMATINS1,SHPMATINS2,SHPMATINS3,SHPMATINS4,SHPMATINS5,SHPMATINS6,SHPMATFLED,SHPMATUNK,SHPCOLGN,SHPCOLGNYL,SHPCOLGNBK,SHPCOLYLBK,SHPCOLBK,SHPAPPSOL,SHPAPPTRAN,SHPAPPGREG,SHPAPPUNK,GHPMINDSQM,GHPMAXDSQM,GHPMINDSIT,GHPMAXDSIT,GHPDENLOW,GHPDENMED,GHPDENHI,GHPDENUNK,GHPSC,GHPSCCAT,GHPMATEGG,GHPMATHAT,GHPMATINS1,GHPMATINS2,GHPMATINS3,GHPMATINS4,GHPMATINS5,GHPMATINS6,GHPMATFLED,GHPMATUNK,GHPCOLGN,GHPCOLYLBK,GHPCOLBK,GHPMINAHA,GHPMAXAHA,GHPARVSML,GHPARSML,GHPARMED,GHPARLGE,GHPARVLGE,GHPARUNK,SADMINDHA,SADMAXDHA,SADDENISOL,SADDENSCAT,SADDENGRP,SADDENUNK,SADSC,SADSCCAT,SADMATIMMA,SADMATMATG,SADMATMAT,SADMATCOP,SADMATLAY,SADMATUNK,SADCOLGN,SADCOLYLWG,SADCOLRD,SADCOLBN,SADCOLGY,SADAPPSOL,SADAPPTRAN,SADAPPGREG,SADAPPUNK,GADMINDHA,GADMAXDHA,GADDENLOW,GADDENMED,GADDENHI,GADDENUNK,GADSC,GADSCCAT,GADMATIMMA,GADMATMATG,GADMATMAT,GADMATCOP,GADMATLAY,GADMATUNK,GADCOLYL,GADCOLRD,GADMINASKM,GADMAXASKM,GADARVSML,GADARSML,GADARMED,GADARLGE,GADARVLGE,GADARUNK,GADFLYFROM,GADFLYTO,GADHTLOW,GADHTMED,GADHTHI,GADHTUNK,CTLSTDATE,CTLFNDATE,CTLEXACT,CTLPTMONTH,CTLPESTIC,CTLAPPRAT,CTLAPPRATU,CTLQTY,CTLQTYU,CTLARTREA,CTLARTREAU,CTLAPPHAND,CTLAPPVEHI,CTLAPPAIR,CTLAPPMECH,CTLAPPUNK,CTLESTKILL,Type
35.8875,22.597222222,24212,2020/01/29 00:00:00,08:48,2020/01/29 00:00:00,08:48,No,Late,Nadiat,400,Exact,EG,433334,RAMSES38_EGY20-02.XL,Gregarious appearing,1,0,1,2,1,0,0,0,0,0,0,1,0,0,-1,0,0,0,0,0,0,0,0,0,0,0,0,1,0,0,0,0,1,0,0,0,0,0,0,1,0,0,100,-1,0,0,0,0,1,1,3,0,1,0,0,1,0,0.015,0.015,0,1,0,0,0,0,0,0,0,0,1,0,0,2,1,0,0,0,0,0,0,0,1,0,0,0,0,1,0,0,0,0,0,0,0,0,0,0,0,0,0,0,0,0,0,0,0,0,0,0,0,0,0,0,0,0,0,0,0,2020/01/29 00:00:00,2020/01/29 00:00:00,2,3,Chlorpyrifos,1,ha,200,l,215,ha,0,1,0,0,0,0,Band
35.8686111110001,22.5644444440001,24213,2020/01/30 00:00:00,09:30,2020/01/30 00:00:00,09:30,No,Late,Nadiat,400,Exact,EG,433337,RAMSES38_EGY20-02.XL,Gregarious appearing,1,0,1,2,1,0,0,0,0,0,0,1,0,0,-1,0,0,0,0,0,0,0,0,0,0,0,0,0,1,0,0,0,1,0,0,0,0,0,1,0,0,0,5,-1,0,0,0,0,0,1,1,0,3,0,0,1,0,0.0049999999,0.0049999999,0,1,0,0,0,0,0,0,0,0,1,0,0,1,1,0,0,0,0,0,0,0,1,0,0,0,0,1,0,0,0,0,0,0,0,0,0,0,0,0,0,0,0,0,0,0,0,0,0,0,0,0,0,0,0,0,0,0,0,2020/01/30 00:00:00,2020/01/30 00:00:00,2,3,Chlorpyrifos,1,ha,55,l,55,ha,0,1,0,0,0,0,Band
38.4419444440001,17.91,24214,2020/01/20 00:00:00,11:37,2020/01/20 00:00:00,11:37,No,Middle,Halebai,200,Exact,SU,431963,RAMSES38_SUD20-06.XL, ,1,0,1,2,1,0,0,0,0,0,0,0,0,0,0,0,0,0,0,0,0,0,0,0,0,0,0,0,0,0,0,0,0,0,0,0,0,0,1,0,0,0,0,-1,0,0,3,1,0,0,0,0,0,0,0,0,1,0.00060000003,0.00060000003,1,0,0,0,0,0,0,0,0,0,0,0,0,0,0,0,0,0,0,0,0,0,0,0,0,0,0,0,0,0,0,0,0,0,0,0,0,0,0,0,0,0,0,0,0,0,0,0,0,0,0,0,0,0,0,0,0,0,0,1899/12/30 00:00:00,1899/12/30 00:00:00,0,0, ,0, ,0, ,0, ,0,0,0,0,0,0,Band
38.405555556,17.9938888890001,24215,2020/01/20 00:00:00,13:40,2020/01/20 00:00:00,13:40,No,Middle,West Balatat,200,Exact,SU,431966,RAMSES38_SUD20-06.XL,Gregarious appearing,1,0,1,2,1,0,0,0,0,0,0,0,0,0,0,0,0,0,0,0,0,0,0,0,0,0,0,0,0,0,0,0,0,0,0,0,0,0,1,0,0,0,0,-1,0,0,3,1,0,0,0,0,0,0,0,0,1,0.00030000001,0.00030000001,1,0,0,0,0,0,0,0,0,1,0,0,0,1,0,0,1,0,0,0,1,0,0,0,0,0,0,1,0,0,0,0,0,0,0,0,0,0,0,0,0,0,0,0,0,0,0,0,0,0,0,0,0,0,0,0,0,0,0,1899/12/30 00:00:00,1899/12/30 00:00:00,0,0, ,0, ,0, ,0, ,0,0,0,0,0,0,Band
35.888333333,22.6,24216,2020/01/23 00:00:00,13:54,2020/01/23 00:00:00,13:54,No,Late,Nadiat,100,Exact,EG,432353,RAMSES38_EGY20-01.XL, ,1,0,1,2,1,0,0,0,0,0,0,0,0,0,0,0,0,0,0,0,0,0,0,0,0,0,0,0,0,0,0,0,0,0,0,0,0,0,0,1,0,0,10,-1,0,0,0,0,0,1,3,0,1,0,0,1,0,0.0049999999,0.0049999999,0,1,0,0,0,0,0,0,0,0,0,0,0,0,0,0,0,0,0,0,0,0,0,0,0,0,0,0,0,0,0,0,0,0,0,0,0,0,0,0,0,0,0,0,0,0,0,0,0,0,0,0,0,0,0,0,0,0,0,1899/12/30 00:00:00,1899/12/30 00:00:00,0,0, ,0, ,0, ,0, ,0,0,0,0,0,0,Band
35.888611111,22.582777778,24217,2020/01/24 00:00:00,11:56,2020/01/24 00:00:00,11:56,No,Late,Nadiat,300,Exact,EG,432354,RAMSES38_EGY20-01.XL, ,1,0,1,2,1,0,0,0,0,0,0,0,0,0,0,0,0,0,0,0,0,0,0,0,0,0,0,0,0,0,0,0,0,0,0,0,0,0,0,1,0,0,100,-1,0,0,0,0,0,1,3,0,1,0,0,1,0,0.02,0.02,0,1,0,0,0,0,0,0,0,0,0,0,0,0,0,0,0,0,0,0,0,0,0,0,0,0,0,0,0,0,0,0,0,0,0,0,0,0,0,0,0,0,0,0,0,0,0,0,0,0,0,0,0,0,0,0,0,0,0,2020/01/24 00:00:00,2020/01/24 00:00:00,2,3,Chlorpyrifos,0.5,ha,100,l,200,ha,0,1,0,0,0,0,Band
35.8772222220001,22.571388889,24218,2020/01/25 00:00:00,14:03,2020/01/25 00:00:00,14:03,No,Late,Nadiat,400,Exact,EG,432357,RAMSES38_EGY20-01.XL, ,1,0,1,2,1,0,0,0,0,0,0,0,0,0,0,0,0,0,0,0,0,0,0,0,0,0,0,0,0,0,0,0,0,0,0,0,0,0,0,1,0,0,100,-1,0,0,0,0,0,1,3,0,1,0,0,1,0,0.02,0.02,0,1,0,0,0,0,0,0,0,0,0,0,0,0,0,0,0,0,0,0,0,0,0,0,0,0,0,0,0,0,0,0,0,0,0,0,0,0,0,0,0,0,0,0,0,0,0,0,0,0,0,0,0,0,0,0,0,0,0,2020/01/25 00:00:00,2020/01/25 00:00:00,2,3,Chlorpyrifos,0.5,ha,140,l,280,ha,0,1,0,0,0,0,Band
35.889444444,22.5775,24219,2020/01/26 00:00:00,01:21,2020/01/26 00:00:00,01:21,No,Late,Nadiat,400,Exact,EG,432359,RAMSES38_EGY20-01.XL, ,1,0,1,2,1,0,0,0,0,0,0,0,0,0,0,0,0,0,0,0,0,0,0,0,0,0,0,0,0,0,0,0,0,0,0,0,0,0,0,1,0,0,100,-1,0,0,0,0,0,1,1,0,3,0,0,1,0,0.029999999,0.029999999,0,1,0,0,0,0,0,0,0,0,0,0,0,0,0,0,0,0,0,0,0,0,0,0,0,0,0,0,0,0,0,0,0,0,0,0,0,0,0,0,0,0,0,0,0,0,0,0,0,0,0,0,0,0,0,0,0,0,0,2020/01/26 00:00:00,2020/01/26 00:00:00,2,3,Chlorpyrifos,0.5,ha,180,l,180,ha,0,1,0,0,0,75,Band
35.89,22.5613888890001,24220,2020/01/26 00:00:00,13:55,2020/01/26 00:00:00,13:55,No,Late,alnaduat,100,Exact,EG,432360,RAMSES38_EGY20-01.XL,Gregarious appearing,1,0,1,2,1,0,0,0,0,0,0,1,0,0,-1,0,0,0,0,0,0,0,0,0,0,0,0,0,1,0,0,0,0,0,0,0,0,0,0,1,0,0,100,-1,0,0,0,0,0,1,1,0,3,0,0,1,0,0.02,0.02,0,1,0,0,0,0,0,0,0,0,1,0,0,2,1,0,0,0,0,0,0,0,1,0,0,0,0,1,0,0,0,0,0,0,0,0,0,0,0,0,0,0,0,0,0,0,0,0,0,0,0,0,0,0,0,0,0,0,0,2020/01/26 00:00:00,2020/01/26 00:00:00,2,3,Chlorpyrifos,1,ha,100,l,100,ha,0,1,0,0,0,75,Band
35.888888889,22.576666667,24221,2020/01/21 00:00:00,08:54,2020/01/21 00:00:00,08:54,No,Late,Nadiat,200,Exact,EG,432361,RAMSES38_EGY20-01.XL, ,1,0,1,2,1,0,0,0,0,0,0,0,0,0,0,0,0,0,0,0,0,0,0,0,0,0,0,0,0,0,0,0,0,0,0,0,0,0,0,1,0,0,60,-1,0,0,0,0,0,0,3,0,1,0,0,1,0,0.001,0.001,1,0,0,0,0,0,0,0,0,0,0,0,0,0,0,0,0,0,0,0,0,0,0,0,0,0,0,0,0,0,0,0,0,0,0,0,0,0,0,0,0,0,0,0,0,0,0,0,0,0,0,0,0,0,0,0,0,0,0,2020/01/21 00:00:00,2020/01/21 00:00:00,2,3,Chlorpyrifos,0.5,ha,40,l,75,ha,0,1,0,0,0,75,Band
35.888333333,22.6055555560001,24222,2020/01/22 00:00:00,07:58,2020/01/22 00:00:00,07:58,No,Late,Nadiat,200,Exact,EG,432362,RAMSES38_EGY20-01.XL, ,1,0,1,2,1,0,0,0,0,0,0,0,0,0,0,0,0,0,0,0,0,0,0,0,0,0,0,0,0,0,0,0,0,0,0,0,0,0,0,1,0,0,80,-1,0,0,0,0,0,0,3,0,1,0,0,1,0,0.001,0.001,1,0,0,0,0,0,0,0,0,0,0,0,0,0,0,0,0,0,0,0,0,0,0,0,0,0,0,0,0,0,0,0,0,0,0,0,0,0,0,0,0,0,0,0,0,0,0,0,0,0,0,0,0,0,0,0,0,0,0,2020/01/22 00:00:00,2020/01/22 00:00:00,2,3,Chlorpyrifos,0.5,ha,70,l,120,ha,0,1,0,0,0,75,Band
35.888611111,22.6055555560001,24223,2020/01/23 00:00:00,12:19,2020/01/23 00:00:00,12:19,No,Late,nadiat,200,Exact,EG,432363,RAMSES38_EGY20-01.XL, ,1,0,1,2,1,0,0,0,0,0,0,0,0,0,-1,0,0,0,0,0,0,0,0,0,0,0,0,0,0,0,0,0,1,0,0,0,0,0,0,0,1,0,50,-1,0,0,0,0,0,1,3,0,1,0,0,1,0,0.02,0.02,0,1,0,0,0,0,0,0,0,0,0,0,0,0,0,0,0,0,0,0,0,0,0,0,0,0,0,0,0,0,0,0,0,0,0,0,0,0,0,0,0,0,0,0,0,0,0,0,0,0,0,0,0,0,0,0,0,0,0,2020/01/23 00:00:00,2020/01/23 00:00:00,2,3,Chlorpyrifos,0.5,ha,80,l,160,ha,0,1,0,0,0,75,Band
38.7988888890001,17.0019444440001,24224,2020/01/07 00:00:00,08:57,2020/01/07 00:00:00,08:57,No,Early,kafal{[1]} Tirhimt{[,300,Exact,ER,429274,RAMSES38_ERI20-01.XL, ,1,0,1,2,1,0,0,0,0,0,0,1,0,0,-1,0,0,0,0,0,0,0,0,0,0,0,0,0,1,0,0,0,1,0,0,0,0,0,0,1,0,0,30,-1,0,0,1,3,0,0,0,0,0,0,0,1,0,60,60,0,0,0,0,1,0,0,0,0,0,0,0,0,0,0,0,0,0,0,0,0,0,0,0,0,0,0,0,0,0,0,0,0,0,0,0,0,0,0,0,0,0,0,0,0,0,0,0,0,0,0,0,0,0,0,0,0,0,0,2020/01/07 00:00:00,2020/01/07 00:00:00,2,1,Fenitrothion,12.8,ha,1141.6,l,100,ha,0,1,0,0,0,95,Band
38.8022222220001,17.026111111,24225,2020/01/07 00:00:00,10:13,2020/01/07 00:00:00,10:13,No,Early,Galabsagla,300,Exact,ER,429277,RAMSES38_ERI20-01.XL, ,1,0,1,2,1,0,0,0,0,0,0,1,0,0,-1,0,0,0,0,0,0,0,0,0,0,0,0,0,1,0,0,0,1,0,0,0,0,0,0,1,0,0,5,-1,0,0,1,3,1,0,0,0,0,0,0,1,0,3,3,0,0,1,0,0,0,0,0,0,0,0,0,0,0,0,0,0,0,0,0,0,0,0,0,0,0,0,0,0,0,0,0,0,0,0,0,0,0,0,0,0,0,0,0,0,0,0,0,0,0,0,0,0,0,0,0,0,0,0,2020/01/07 00:00:00,2020/01/07 00:00:00,2,1,Malathion,12.8,ha,5135.2002,l,30,ha,1,0,0,0,0,95,Band
38.8080555560001,17.023611111,24226,2020/01/07 00:00:00,16:13,2020/01/07 00:00:00,16:13,No,Early,Kafal,400,Exact,ER,429280,RAMSES38_ERI20-01.XL, ,1,0,1,2,1,0,0,0,0,0,0,1,0,0,-1,0,0,0,0,0,0,0,0,0,0,0,0,0,1,0,0,0,1,0,0,0,0,0,0,1,0,0,10,-1,0,0,0,3,1,0,0,0,0,0,0,1,0,30,30,0,0,0,1,0,0,0,0,0,0,0,0,0,0,0,0,0,0,0,0,0,0,0,0,0,0,0,0,0,0,0,0,0,0,0,0,0,0,0,0,0,0,0,0,0,0,0,0,0,0,0,0,0,0,0,0,0,0,0,2020/01/07 00:00:00,2020/01/07 00:00:00,2,1,Malathion,12.8,ha,1141.6,l,60,ha,1,0,0,0,0,23,Band
36.832222222,21.524166667,24227,2020/01/05 00:00:00,13:52,2020/01/05 00:00:00,13:52,No,Early,Habikwan,500,Exact,SU,429292,RAMSES38_SUD20-02.XL,Gregarious appearing,1,0,1,2,1,0,0,0,0,0,0,0,0,0,0,0,0,0,0,0,0,0,0,0,0,0,0,0,0,0,0,0,0,0,0,0,0,0,0,1,0,0,100,-1,0,0,0,1,3,1,0,0,0,0,0,0,1,0.0040000002,0.0040000002,0,1,0,0,0,0,0,0,0,1,0,0,0,-1,0,0,1,0,0,0,1,0,0,0,0,0,0,1,0,0,0,0,0,0,0,0,0,0,0,0,0,0,0,0,0,0,0,0,0,0,0,0,0,0,0,0,0,0,0,2020/01/05 00:00:00,2020/01/05 00:00:00,2,1,Other,0.5,ha,190,l,380,ha,0,1,0,0,0,0,Band
36.823888889,21.525,24228,2020/01/06 00:00:00,13:57,2020/01/06 00:00:00,13:57,No,Early,Habikwan,500,Exact,SU,429297,RAMSES38_SUD20-02.XL,Gregarious appearing,1,0,1,2,1,0,0,0,0,0,0,0,0,0,0,0,0,0,0,0,0,0,0,0,0,0,0,0,0,0,0,0,0,0,0,0,0,0,0,1,0,0,100,-1,0,0,0,1,3,1,0,0,0,0,0,0,1,0.0060000001,0.0060000001,0,1,0,0,0,0,0,0,0,1,0,0,0,-1,0,0,1,0,0,0,1,0,0,0,0,0,0,1,0,0,0,0,0,0,0,0,0,0,0,0,0,0,0,0,0,0,0,0,0,0,0,0,0,0,0,0,0,0,0,2020/01/06 00:00:00,2020/01/06 00:00:00,2,1,Other,0.5,ha,195,l,390,ha,0,1,0,0,0,0,Band
36.8527777780001,21.7297222220001,24229,2020/01/07 00:00:00,14:42,2020/01/07 00:00:00,14:42,No,Early,Wasie,500,Exact,SU,429300,RAMSES38_SUD20-02.XL,Gregarious appearing,1,0,1,2,1,0,0,0,0,0,0,0,0,0,0,0,0,0,0,0,0,0,0,0,0,0,0,0,0,0,0,0,0,0,0,0,0,0,0,1,0,0,100,-1,0,0,0,1,3,1,0,0,0,0,0,0,1,0.0040000002,0.0040000002,0,1,0,0,0,0,0,0,0,1,0,0,0,-1,0,0,1,0,0,0,1,0,0,0,0,0,0,1,0,0,0,0,0,0,0,0,0,0,0,0,0,0,0,0,0,0,0,0,0,0,0,0,0,0,0,0,0,0,0,2020/01/07 00:00:00,2020/01/07 00:00:00,2,1,Other,0.5,ha,185,l,370,ha,0,1,0,0,0,0,Band
43.156944444,14.9875,24230,2020/01/12 00:00:00,08:34,2020/01/12 00:00:00,08:34,No,Middle,Der shil,100,Exact,YE,434894,RAMSES38_YEM20-06.XL, ,1,0,1,2,1,0,0,0,0,0,0,0,0,0,0,0,0,0,0,0,0,0,0,0,0,0,0,0,0,0,0,0,0,0,0,0,0,0,0,0,1,0,10,-1,0,0,1,3,1,1,0,0,0,0,0,1,0,10,10,0,0,0,1,0,0,0,0,0,0,0,0,0,0,0,0,0,0,0,0,0,0,0,0,0,0,0,0,0,0,0,0,0,0,0,0,0,0,0,0,0,0,0,0,0,0,0,0,0,0,0,0,0,0,0,0,0,0,0,2020/01/12 00:00:00,2020/01/12 00:00:00,2,2,Other,1,ha,5,l,50,ha,0,1,0,0,0,95,Band
43.151111111,14.9802777780001,24231,2020/01/12 00:00:00,08:54,2020/01/12 00:00:00,08:54,No,Middle,Dear Suhail,100,Exact,YE,434895,RAMSES38_YEM20-06.XL,Gregarious & transie,1,0,1,2,1,0,0,0,0,0,0,0,0,0,0,0,0,0,0,0,0,0,0,0,0,0,0,0,0,0,0,0,0,0,0,0,0,0,0,0,1,0,3,-1,0,0,0,0,0,1,3,0,1,0,0,1,0,0.0024999999,0.0024999999,0,1,0,0,0,0,0,0,0,0,1,0,0,-1,3,0,1,0,0,0,0,0,0,0,1,1,1,1,0,0,0,0,0,0,0,0,0,0,0,0,0,0,0,0,0,0,0,0,0,0,0,0,0,0,0,0,0,0,0,2020/01/12 00:00:00,2020/01/12 00:00:00,2,2,Malathion,0.5,ha,40,l,80,ha,0,1,0,0,0,95,Band
43.161111111,15.013055556,24232,2020/01/12 00:00:00,09:45,2020/01/12 00:00:00,09:45,No,Middle,Sulaip,200,Exact,YE,434896,RAMSES38_YEM20-06.XL,Transiens appearing,1,0,1,2,1,0,0,0,0,0,0,0,0,0,0,0,0,0,0,0,0,0,0,0,0,0,0,0,0,0,0,0,0,0,0,0,0,0,0,0,1,0,4,-1,0,0,0,0,1,1,3,0,1,0,0,1,0,1,1,0,0,1,0,0,0,0,0,0,1,0,0,0,-1,3,0,1,0,0,0,0,0,0,0,1,1,1,0,0,0,0,0,0,0,0,0,0,0,0,0,0,0,0,0,0,0,0,0,0,0,0,0,0,0,0,0,0,0,0,2020/01/12 00:00:00,2020/01/12 00:00:00,2,2,Malathion,0.5,ha,15,l,35,ha,1,0,0,0,0,95,Band
43.0533333330001,15.964166667,24233,2020/01/12 00:00:00,09:47,2020/01/12 00:00:00,09:47,No,Middle,areya,200,Exact,YE,434897,RAMSES38_YEM20-06.XL,Transiens appearing,1,0,1,2,1,0,0,0,0,0,0,0,0,0,0,0,0,0,0,0,0,0,0,0,0,0,0,0,0,0,0,0,0,0,0,0,0,0,0,0,1,0,3,-1,0,0,0,0,1,1,3,0,0,0,0,1,0,1,1,0,0,1,0,0,0,0,0,0,1,0,0,0,-1,0,0,1,0,0,0,0,0,0,0,1,1,1,0,0,0,0,0,0,0,0,0,0,0,0,0,0,0,0,0,0,0,0,0,0,0,0,0,0,0,0,0,0,0,0,2020/01/12 00:00:00,2020/01/12 00:00:00,2,2,Fenitrothion,0.5,ha,80,l,160,ha,0,1,0,0,0,80,Band
43.0577777780001,15.958055556,24234,2020/01/12 00:00:00,10:32,2020/01/12 00:00:00,10:32,No,Middle,shab althab,200,Exact,YE,434898,RAMSES38_YEM20-06.XL, ,1,0,1,2,1,0,0,0,0,0,0,0,0,0,0,0,0,0,0,0,0,0,0,0,0,0,0,0,0,0,0,0,0,0,0,0,0,0,0,0,1,0,3,-1,0,0,0,0,1,1,3,0,0,0,0,1,0,1,1,0,0,1,0,0,0,0,0,0,0,0,0,0,0,0,0,0,0,0,0,0,0,0,0,0,0,0,0,0,0,0,0,0,0,0,0,0,0,0,0,0,0,0,0,0,0,0,0,0,0,0,0,0,0,0,0,0,0,0,2020/01/12 00:00:00,2020/01/12 00:00:00,2,2,Fenitrothion,0.5,ha,80,l,160,ha,0,1,0,0,0,75,Band
43.069166667,15.966111111,24235,2020/01/12 00:00:00,11:09,2020/01/12 00:00:00,11:09,No,Middle,shab alma,100,Exact,YE,434899,RAMSES38_YEM20-06.XL,Transiens appearing,1,0,1,2,1,0,0,0,0,0,0,0,0,0,0,0,0,0,0,0,0,0,0,0,0,0,0,0,0,0,0,0,0,0,0,0,0,0,0,0,1,0,2,-1,0,0,0,0,1,1,3,0,0,0,0,1,0,1,1,0,0,1,0,0,0,0,0,0,1,0,0,0,-1,0,0,1,0,0,0,0,0,0,0,1,1,1,0,0,0,0,0,0,0,0,0,0,0,0,0,0,0,0,0,0,0,0,0,0,0,0,0,0,0,0,0,0,0,0,2020/01/12 00:00:00,2020/01/12 00:00:00,2,2,Fenitrothion,0.5,ha,60,l,120,ha,0,1,0,0,0,70,Band
43.153611111,14.9888888890001,24236,2020/01/12 00:00:00,11:45,2020/01/12 00:00:00,11:45,No,Middle,Suhail,100,Exact,YE,434900,RAMSES38_YEM20-06.XL,Gregarious & transie,1,0,1,2,1,0,0,0,0,0,0,0,0,0,0,0,0,0,0,0,0,0,0,0,0,0,0,0,0,0,0,0,0,0,0,0,0,0,0,1,0,0,5,-1,0,0,0,0,0,1,3,0,1,0,0,1,0,0.003,0.003,0,1,0,0,0,0,0,0,0,1,0,0,0,-1,3,0,1,0,0,0,0,0,0,0,1,1,1,1,0,0,0,0,0,0,0,0,0,0,0,0,0,0,0,0,0,0,0,0,0,0,0,0,0,0,0,0,0,0,0,2020/01/12 00:00:00,2020/01/12 00:00:00,2,2,Malathion,0.5,ha,10,l,20,ha,1,0,0,0,0,70,Band
43.088611111,15.971944444,24237,2020/01/12 00:00:00,11:56,2020/01/12 00:00:00,11:56,No,Middle,west aldakama,200,Exact,YE,434901,RAMSES38_YEM20-06.XL, ,1,0,1,2,1,0,0,0,0,0,0,0,0,0,0,0,0,0,0,0,0,0,0,0,0,0,0,0,0,0,0,0,0,0,0,0,0,0,0,0,1,0,3,-1,0,0,0,0,1,1,3,0,0,0,0,1,0,1,1,0,0,1,0,0,0,0,0,0,0,0,0,0,0,0,0,0,0,0,0,0,0,0,0,0,0,0,0,0,0,0,0,0,0,0,0,0,0,0,0,0,0,0,0,0,0,0,0,0,0,0,0,0,0,0,0,0,0,0,2020/01/12 00:00:00,2020/01/12 00:00:00,2,2,Fenitrothion,0.5,ha,60,l,120,ha,0,1,0,0,0,80,Band
43.147777778,14.976944444,24238,2020/01/12 00:00:00,12:03,2020/01/12 00:00:00,12:03,No,Middle,S. Humar,100,Exact,YE,434902,RAMSES38_YEM20-06.XL,Transiens appearing,1,0,1,2,1,0,0,0,0,0,0,0,0,0,0,0,0,0,0,0,0,0,0,0,0,0,0,0,0,0,0,0,0,0,0,0,0,0,0,1,0,0,8,-1,0,0,0,0,1,1,3,0,1,0,0,1,0,0.0020000001,0.0020000001,1,0,0,0,0,0,0,0,0,1,0,0,0,-1,3,0,1,0,0,0,0,0,0,0,1,1,1,0,0,0,0,0,0,0,0,0,0,0,0,0,0,0,0,0,0,0,0,0,0,0,0,0,0,0,0,0,0,0,0,2020/01/12 00:00:00,2020/01/12 00:00:00,2,2,Malathion,0.5,ha,20,l,40,ha,0,1,0,0,0,80,Band
43.115,15.976111111,24239,2020/01/12 00:00:00,12:19,2020/01/12 00:00:00,12:19,No,Middle,alawge,100,Exact,YE,434910,RAMSES38_YEM20-06.XL,Gregarious & transie,1,0,1,2,1,0,0,0,0,0,0,0,0,0,0,0,0,0,0,0,0,0,0,0,0,0,0,0,0,0,0,0,0,0,0,0,0,0,0,0,1,0,4,-1,0,0,0,0,1,1,3,0,0,0,0,1,0,1,1,0,0,1,0,0,0,0,0,0,1,0,0,0,1,0,0,1,0,0,0,1,0,0,0,0,0,1,1,0,0,0,0,0,0,0,0,0,0,0,0,0,0,0,0,0,0,0,0,0,0,0,0,0,0,0,0,0,0,0,2020/01/12 00:00:00,2020/01/12 00:00:00,2,2,Fenitrothion,0.5,ha,40,l,80,ha,0,1,0,0,0,80,Band
43.094166667,15.966666667,24240,2020/01/13 00:00:00,08:18,2020/01/13 00:00:00,08:18,No,Middle,labada,100,Exact,YE,434911,RAMSES38_YEM20-06.XL,Gregarious & transie,1,0,1,2,1,0,0,0,0,0,0,0,0,0,0,0,0,0,0,0,0,0,0,0,0,0,0,0,0,0,0,0,0,0,0,0,0,0,0,0,1,0,2,-1,0,0,0,0,1,1,3,0,0,0,0,1,0,1,1,0,0,1,0,0,0,0,0,0,1,0,0,0,1,0,0,1,0,0,0,0,0,0,0,1,1,1,1,0,0,0,0,0,0,0,0,0,0,0,0,0,0,0,0,0,0,0,0,0,0,0,0,0,0,0,0,0,0,0,2020/01/13 00:00:00,2020/01/13 00:00:00,2,2,Fenitrothion,0.5,ha,40,l,80,ha,0,1,0,0,0,80,Band
43.156944444,14.9875,24241,2020/01/13 00:00:00,08:32,2020/01/13 00:00:00,08:32,No,Middle,Aeria,500,Exact,YE,434912,RAMSES38_YEM20-06.XL, ,1,0,1,2,1,0,0,0,0,0,0,0,0,0,0,0,0,0,0,0,0,0,0,0,0,0,0,0,0,0,0,0,0,0,0,0,0,0,0,0,1,0,30,-1,0,0,1,1,3,1,1,0,0,0,0,1,0,10,10,0,0,0,1,0,0,0,0,0,0,0,0,0,0,0,0,0,0,0,0,0,0,0,0,0,0,0,0,0,0,0,0,0,0,0,0,0,0,0,0,0,0,0,0,0,0,0,0,0,0,0,0,0,0,0,0,0,0,0,2020/01/13 00:00:00,2020/01/13 00:00:00,2,2,Other,1,ha,4,l,60,ha,0,1,0,0,0,95,Band
43.029722222,15.905555556,24242,2020/01/13 00:00:00,08:59,2020/01/13 00:00:00,08:59,No,Middle,almbahseh,200,Exact,YE,434913,RAMSES38_YEM20-06.XL,Transiens appearing,1,0,1,2,1,0,0,0,0,0,0,0,0,0,0,0,0,0,0,0,0,0,0,0,0,0,0,0,0,0,0,0,0,0,0,0,0,0,0,0,1,0,3,-1,0,0,0,0,1,1,3,0,0,0,0,1,0,1,1,0,0,1,0,0,0,0,0,0,1,0,0,0,-1,0,0,1,0,0,0,0,0,0,1,0,0,1,0,0,0,0,0,0,0,0,0,0,0,0,0,0,0,0,0,0,0,0,0,0,0,0,0,0,0,0,0,0,0,0,1899/12/30 00:00:00,1899/12/30 00:00:00,0,0, ,0, ,0, ,0, ,0,0,0,0,0,0,Band
43.077777778,15.897777778,24243,2020/01/13 00:00:00,09:42,2020/01/13 00:00:00,09:42,No,Middle,bani balwsh,100,Exact,YE,434914,RAMSES38_YEM20-06.XL, ,1,0,1,2,1,0,0,0,0,0,0,0,0,0,0,0,0,0,0,0,0,0,0,0,0,0,0,0,0,0,0,0,0,0,0,0,0,0,0,0,1,0,3,-1,0,0,0,0,1,1,3,0,0,0,0,1,0,1,1,0,0,1,0,0,0,0,0,0,0,0,0,0,0,0,0,0,0,0,0,0,0,0,0,0,0,0,0,0,0,0,0,0,0,0,0,0,0,0,0,0,0,0,0,0,0,0,0,0,0,0,0,0,0,0,0,0,0,0,1899/12/30 00:00:00,1899/12/30 00:00:00,0,0, ,0, ,0, ,0, ,0,0,0,0,0,0,Band
43.142777778,14.97,24244,2020/01/13 00:00:00,10:01,2020/01/13 00:00:00,10:01,No,Middle,Der Aldmh,100,Exact,YE,434915,RAMSES38_YEM20-06.XL, ,1,0,1,2,1,0,0,0,0,0,0,0,0,0,0,0,0,0,0,0,0,0,0,0,0,0,0,0,0,0,0,0,0,0,0,0,0,0,0,1,0,0,30,-1,0,0,1,3,1,1,1,0,0,0,0,1,0,10,10,0,0,0,1,0,0,0,0,0,1,0,0,0,1,3,0,1,0,0,0,0,0,0,0,1,1,0,0,0,0,0,0,0,0,0,0,0,0,0,0,0,0,0,0,0,0,0,0,0,0,0,0,0,0,0,0,0,0,0,2020/01/13 00:00:00,2020/01/13 00:00:00,2,2,Other,1,ha,4,l,50,ha,0,1,0,0,0,95,Band
43.1261111110001,15.003055556,24245,2020/01/13 00:00:00,10:12,2020/01/13 00:00:00,10:12,No,Middle,N. Shu{[1]}ala,200,Exact,YE,434916,RAMSES38_YEM20-06.XL,Transiens appearing,1,0,1,2,1,0,0,0,0,0,0,0,0,0,0,0,0,0,0,0,0,0,0,0,0,0,0,0,0,0,0,0,0,0,0,0,0,0,0,1,0,0,3,-1,0,0,0,0,0,1,3,0,1,0,0,1,0,0.0020000001,0.0020000001,1,0,0,0,0,0,0,0,0,1,0,0,0,-1,3,0,1,0,0,0,0,0,0,0,1,1,1,0,0,0,0,0,0,0,0,0,0,0,0,0,0,0,0,0,0,0,0,0,0,0,0,0,0,0,0,0,0,0,0,2020/01/13 00:00:00,2020/01/13 00:00:00,2,2,Malathion,0.5,ha,40,l,90,ha,0,1,0,0,0,95,Band
43.0708333330001,15.9380555560001,24246,2020/01/13 00:00:00,10:18,2020/01/13 00:00:00,10:18,No,Middle,khantwol,200,Exact,YE,434917,RAMSES38_YEM20-06.XL,Transiens appearing,1,0,1,2,1,0,0,0,0,0,0,0,0,0,0,0,0,0,0,0,0,0,0,0,0,0,0,0,0,0,0,0,0,0,0,0,0,0,0,0,1,0,4,-1,0,0,0,0,1,1,3,0,0,0,0,1,0,1,1,0,0,1,0,0,0,0,0,0,1,0,0,0,-1,0,0,1,0,0,0,0,0,0,0,1,1,1,0,0,0,0,0,0,0,0,0,0,0,0,0,0,0,0,0,0,0,0,0,0,0,0,0,0,0,0,0,0,0,0,2020/01/13 00:00:00,2020/01/13 00:00:00,2,2,Fenitrothion,0.5,ha,40,l,80,ha,0,1,0,0,0,80,Band
43.142777778,14.97,24247,2020/01/13 00:00:00,10:32,2020/01/13 00:00:00,10:32,No,Middle,Aeira,100,Exact,YE,434918,RAMSES38_YEM20-06.XL, ,1,0,1,2,1,0,0,0,0,0,0,0,0,0,0,0,0,0,0,0,0,0,0,0,0,0,0,0,0,0,0,0,0,0,0,0,0,0,0,1,0,0,20,-1,0,0,1,1,3,1,1,0,1,0,0,1,0,10,10,0,0,0,1,0,0,0,0,0,0,0,0,0,0,0,0,0,0,0,0,0,0,0,0,0,0,0,0,0,0,0,0,0,0,0,0,0,0,0,0,0,0,0,0,0,0,0,0,0,0,0,0,0,0,0,0,0,0,0,2020/01/13 00:00:00,2020/01/13 00:00:00,2,2,Other,1,ha,4,l,50,ha,0,1,0,0,0,95,Band
43.140555556,15.027777778,24248,2020/01/22 00:00:00,08:26,2020/01/22 00:00:00,08:26,No,Late,Algzah,100,Exact,YE,434921,RAMSES38_YEM20-06.XL,Gregarious appearing,1,0,1,2,1,0,0,0,0,0,0,0,0,0,0,0,0,0,0,0,0,0,0,0,0,0,0,0,0,0,0,0,0,0,0,0,0,0,0,0,1,0,20,-1,0,0,0,0,1,1,1,0,3,0,0,1,0,20,20,0,0,0,1,0,0,0,0,0,1,0,0,0,2,1,0,0,0,0,0,0,0,1,0,0,0,0,1,0,0,0,0,0,0,0,0,0,0,0,0,0,0,0,0,0,0,0,0,0,0,0,0,0,0,0,0,0,0,0,2020/01/22 00:00:00,2020/01/22 00:00:00,2,3,Other,0.2,ha,2,l,50,ha,0,1,0,0,0,95,Band
43.069166667,15.9752777780001,24249,2020/01/22 00:00:00,08:31,2020/01/22 00:00:00,08:31,No,Late,almgdwlia,200,Exact,YE,434922,RAMSES38_YEM20-06.XL, ,1,0,1,2,1,0,0,0,0,0,0,0,0,0,0,0,0,0,0,0,0,0,0,0,0,0,0,0,0,0,0,0,0,0,0,0,0,0,0,0,1,0,2,-1,0,0,0,0,0,1,1,0,3,0,0,1,0,1,1,0,0,1,0,0,0,0,0,0,0,0,0,0,0,0,0,0,0,0,0,0,0,0,0,0,0,0,0,0,0,0,0,0,0,0,0,0,0,0,0,0,0,0,0,0,0,0,0,0,0,0,0,0,0,0,0,0,0,0,2020/01/22 00:00:00,2020/01/22 00:00:00,2,3,Fenitrothion,0.5,ha,80,l,160,ha,0,1,0,0,0,80,Band
43.033888889,15.953333333,24250,2020/01/22 00:00:00,08:46,2020/01/22 00:00:00,08:46,No,Late,ganwb mkasera,200,Exact,YE,434925,RAMSES38_YEM20-06.XL, ,1,0,1,2,1,0,0,0,0,0,0,0,0,0,0,0,0,0,0,0,0,0,0,0,0,0,0,0,0,0,0,0,0,0,0,0,0,0,0,0,1,0,1,-1,0,0,0,0,0,3,1,0,3,0,0,1,0,1,1,0,0,1,0,0,0,0,0,0,0,0,0,0,0,0,0,0,0,0,0,0,0,0,0,0,0,0,0,0,0,0,0,0,0,0,0,0,0,0,0,0,0,0,0,0,0,0,0,0,0,0,0,0,0,0,0,0,0,0,2020/01/22 00:00:00,2020/01/22 00:00:00,2,3,Fenitrothion,0.5,ha,60,l,120,ha,0,1,0,0,0,80,Band
43.026388889,15.9183333330001,24251,2020/01/22 00:00:00,09:16,2020/01/22 00:00:00,09:16,No,Late,bani agili,200,Exact,YE,434926,RAMSES38_YEM20-06.XL, ,1,0,1,2,1,0,0,0,0,0,0,0,0,0,0,0,0,0,0,0,0,0,0,0,0,0,0,0,0,0,0,0,0,0,0,0,0,0,0,0,1,0,2,-1,0,0,0,0,0,1,1,0,3,0,0,1,0,1,1,0,0,1,0,0,0,0,0,0,0,0,0,0,0,0,0,0,0,0,0,0,0,0,0,0,0,0,0,0,0,0,0,0,0,0,0,0,0,0,0,0,0,0,0,0,0,0,0,0,0,0,0,0,0,0,0,0,0,0,2020/01/22 00:00:00,2020/01/22 00:00:00,2,3,Fenitrothion,0.5,ha,60,l,120,ha,0,1,0,0,0,80,Band
43.0002777780001,15.886666667,24252,2020/01/22 00:00:00,09:39,2020/01/22 00:00:00,09:39,No,Late,bani ahmed,200,Exact,YE,434927,RAMSES38_YEM20-06.XL, ,1,0,1,2,1,0,0,0,0,0,0,0,0,0,0,0,0,0,0,0,0,0,0,0,0,0,0,0,0,0,0,0,0,0,0,0,0,0,0,0,1,0,1,-1,0,0,0,0,0,1,1,0,3,0,0,1,0,1,1,0,0,1,0,0,0,0,0,0,0,0,0,0,0,0,0,0,0,0,0,0,0,0,0,0,0,0,0,0,0,0,0,0,0,0,0,0,0,0,0,0,0,0,0,0,0,0,0,0,0,0,0,0,0,0,0,0,0,0,1899/12/30 00:00:00,1899/12/30 00:00:00,0,0, ,0, ,0, ,0, ,0,0,0,0,0,0,Band
43.011666667,15.8744444440001,24253,2020/01/22 00:00:00,09:44,2020/01/22 00:00:00,09:44,No,Late,alhaglah,100,Exact,YE,434928,RAMSES38_YEM20-06.XL,Gregarious & transie,1,0,1,2,1,0,0,0,0,0,0,0,0,0,0,0,0,0,0,0,0,0,0,0,0,0,0,0,0,0,0,0,0,0,0,0,0,0,0,1,0,0,1,-1,0,0,0,0,0,1,1,0,3,0,0,1,0,1,1,0,0,1,0,0,0,0,0,0,1,0,0,0,1,3,0,1,0,0,0,0,0,0,0,1,1,1,1,0,0,0,0,0,0,0,0,0,0,0,0,0,0,0,0,0,0,0,0,0,0,0,0,0,0,0,0,0,0,0,1899/12/30 00:00:00,1899/12/30 00:00:00,0,0, ,0, ,0, ,0, ,0,0,0,0,0,0,Band
43.016388889,15.8566666670001,24254,2020/01/22 00:00:00,09:51,2020/01/22 00:00:00,09:51,No,Late,bani ahmed,200,Exact,YE,434929,RAMSES38_YEM20-06.XL,Transiens appearing,1,0,1,2,1,0,0,0,0,0,0,0,0,0,0,0,0,0,0,0,0,0,0,0,0,0,0,0,0,0,0,0,0,0,0,0,0,0,0,1,0,0,2,-1,0,0,0,0,0,1,1,0,3,0,0,1,0,1,1,0,0,1,0,0,0,0,0,0,1,0,0,0,-1,0,0,1,0,0,0,0,0,0,0,1,1,1,0,0,0,0,0,0,0,0,0,0,0,0,0,0,0,0,0,0,0,0,0,0,0,0,0,0,0,0,0,0,0,0,1899/12/30 00:00:00,1899/12/30 00:00:00,0,0, ,0, ,0, ,0, ,0,0,0,0,0,0,Band
43.129166667,15.0061111110001,24255,2020/01/13 00:00:00,10:36,2020/01/13 00:00:00,10:36,No,Middle,N. Shu{[1]}ala,100,Exact,YE,434930,RAMSES38_YEM20-06.XL,Transiens appearing,1,0,1,2,1,0,0,0,0,0,0,0,0,0,0,0,0,0,0,0,0,0,0,0,0,0,0,0,0,0,0,0,0,0,0,0,0,0,0,1,0,0,3,-1,0,0,0,0,0,1,3,0,1,0,0,1,0,0.003,0.003,0,1,0,0,0,0,0,0,0,1,0,0,0,-1,3,0,1,0,0,0,0,0,0,0,1,1,1,0,0,0,0,0,0,0,0,0,0,0,0,0,0,0,0,0,0,0,0,0,0,0,0,0,0,0,0,0,0,0,0,2020/01/13 00:00:00,2020/01/13 00:00:00,2,2,Malathion,0.5,ha,15,l,35,ha,1,0,0,0,0,95,Band
43.0036111110001,15.949166667,24256,2020/01/13 00:00:00,10:58,2020/01/13 00:00:00,10:58,No,Middle,west almkaserea,200,Exact,YE,434931,RAMSES38_YEM20-06.XL, ,1,0,1,2,1,0,0,0,0,0,0,0,0,0,0,0,0,0,0,0,0,0,0,0,0,0,0,0,0,0,0,0,0,0,0,0,0,0,0,1,0,0,3,-1,0,0,0,0,1,3,1,0,3,0,0,1,0,1,1,0,0,1,0,0,0,0,0,0,0,0,0,0,0,0,0,0,0,0,0,0,0,0,0,0,0,0,0,0,0,0,0,0,0,0,0,0,0,0,0,0,0,0,0,0,0,0,0,0,0,0,0,0,0,0,0,0,0,0,1899/12/30 00:00:00,1899/12/30 00:00:00,0,0, ,0, ,0, ,0, ,0,0,0,0,0,0,Band
43.096388889,15.960555556,24257,2020/01/14 00:00:00,09:10,2020/01/14 00:00:00,09:10,No,Middle,souwth labadea,200,Exact,YE,434932,RAMSES38_YEM20-06.XL,Transiens appearing,1,0,1,2,1,0,0,0,0,0,0,0,0,0,0,0,0,0,0,0,0,0,0,0,0,0,0,0,0,0,0,0,0,0,0,0,0,0,0,0,1,0,3,-1,0,0,0,0,1,1,3,0,0,0,0,1,0,1,1,0,0,1,0,0,0,0,0,0,1,0,0,0,-1,0,0,1,0,0,0,0,0,0,1,0,0,1,0,0,0,0,0,0,0,0,0,0,0,0,0,0,0,0,0,0,0,0,0,0,0,0,0,0,0,0,0,0,0,0,2020/01/14 00:00:00,2020/01/14 00:00:00,2,2,Fenitrothion,0.5,ha,40,l,80,ha,0,1,0,0,0,80,Band
43.153055556,14.9902777780001,24258,2020/01/14 00:00:00,09:47,2020/01/14 00:00:00,09:47,No,Middle,Dear Suhail,100,Exact,YE,434933,RAMSES38_YEM20-06.XL,Gregarious & transie,1,0,1,2,1,0,0,0,0,0,0,0,0,0,0,0,0,0,0,0,0,0,0,0,0,0,0,0,0,0,0,0,0,0,0,0,0,0,0,1,0,0,3,-1,0,0,0,0,0,1,3,0,1,0,0,1,0,0.0024999999,0.0024999999,0,1,0,0,0,0,0,0,0,1,0,0,0,-1,3,0,1,0,0,0,0,0,0,0,1,1,1,1,0,0,0,0,0,0,0,0,0,0,0,0,0,0,0,0,0,0,0,0,0,0,0,0,0,0,0,0,0,0,0,2020/01/14 00:00:00,2020/01/14 00:00:00,2,2,Malathion,0.5,ha,40,l,50,ha,1,0,0,0,0,80,Band
43.083333333,15.960833333,24259,2020/01/14 00:00:00,09:53,2020/01/14 00:00:00,09:53,No,Middle,wadi alhagaria,200,Exact,YE,434934,RAMSES38_YEM20-06.XL,Transiens appearing,1,0,1,2,1,0,0,0,0,0,0,0,0,0,0,0,0,0,0,0,0,0,0,0,0,0,0,0,0,0,0,0,0,0,0,0,0,0,0,1,0,0,3,-1,0,0,0,0,1,1,3,0,0,0,0,1,0,1,1,0,0,1,0,0,0,0,0,0,1,0,0,0,-1,0,0,1,0,0,0,0,0,0,1,0,0,1,0,0,0,0,0,0,0,0,0,0,0,0,0,0,0,0,0,0,0,0,0,0,0,0,0,0,0,0,0,0,0,0,2020/01/14 00:00:00,2020/01/14 00:00:00,2,2,Fenitrothion,0.5,ha,60,l,120,ha,0,1,0,0,0,80,Band
43.156666667,14.9836111110001,24260,2020/01/14 00:00:00,10:24,2020/01/14 00:00:00,10:24,No,Middle,Suhail,100,Exact,YE,434935,RAMSES38_YEM20-06.XL,Gregarious & transie,1,0,1,2,1,0,0,0,0,0,0,0,0,0,0,0,0,0,0,0,0,0,0,0,0,0,0,0,0,0,0,0,0,0,0,0,0,0,0,1,0,0,4,-1,0,0,0,0,1,1,3,0,1,0,0,1,0,0.0015,0.0015,1,0,0,0,0,0,0,0,0,1,0,0,0,-1,3,0,1,0,0,0,0,0,0,0,1,1,1,1,0,0,0,0,0,0,0,0,0,0,0,0,0,0,0,0,0,0,0,0,0,0,0,0,0,0,0,0,0,0,0,2020/01/14 00:00:00,2020/01/14 00:00:00,2,2,Malathion,0.5,ha,30,l,60,ha,0,1,0,0,0,80,Band
43.1652777780001,14.972777778,24261,2020/01/14 00:00:00,10:32,2020/01/14 00:00:00,10:32,No,Middle,S.Suhail,100,Exact,YE,434936,RAMSES38_YEM20-06.XL,Gregarious & transie,1,0,1,2,1,0,0,0,0,0,0,0,0,0,0,0,0,0,0,0,0,0,0,0,0,0,0,0,0,0,0,0,0,0,0,0,0,0,0,1,0,0,3,-1,0,0,0,0,1,1,3,0,1,0,0,1,0,0.0020000001,0.0020000001,1,0,0,0,0,0,0,0,0,1,0,0,0,-1,3,0,1,0,0,0,0,0,0,0,1,1,1,1,0,0,0,0,0,0,0,0,0,0,0,0,0,0,0,0,0,0,0,0,0,0,0,0,0,0,0,0,0,0,0,2020/01/14 00:00:00,2020/01/14 00:00:00,2,2,Other,1,ha,10,l,40,ha,0,1,0,0,0,80,Band
43.045,15.9333333330001,24262,2020/01/14 00:00:00,10:43,2020/01/14 00:00:00,10:43,No,Middle,almrbad,200,Exact,YE,434937,RAMSES38_YEM20-06.XL,Transiens appearing,1,0,1,2,1,0,0,0,0,0,0,0,0,0,0,0,0,0,0,0,0,0,0,0,0,0,0,0,0,0,0,0,0,0,0,0,0,0,0,0,1,0,3,-1,0,0,0,0,1,1,3,0,0,0,0,1,0,1,1,0,0,1,0,0,0,0,0,0,1,0,0,0,-1,0,0,1,0,0,0,0,0,0,1,0,0,1,0,0,0,0,0,0,0,0,0,0,0,0,0,0,0,0,0,0,0,0,0,0,0,0,0,0,0,0,0,0,0,0,2020/01/14 00:00:00,2020/01/14 00:00:00,2,2,Fenitrothion,0.5,ha,80,l,160,ha,0,1,0,0,0,80,Band
43.16,14.976944444,24263,2020/01/14 00:00:00,11:01,2020/01/14 00:00:00,11:01,No,Middle,Aeria,100,Exact,YE,434938,RAMSES38_YEM20-06.XL, ,1,0,1,2,1,0,0,0,0,0,0,0,0,0,0,0,0,0,0,0,0,0,0,0,0,0,0,0,0,0,0,0,0,0,0,0,0,0,0,0,1,0,40,-1,0,0,1,1,1,1,3,0,1,0,0,1,0,20,20,0,0,0,1,0,0,0,0,0,0,0,0,0,0,0,0,0,0,0,0,0,0,0,0,0,0,0,0,0,0,0,0,0,0,0,0,0,0,0,0,0,0,0,0,0,0,0,0,0,0,0,0,0,0,0,0,0,0,0,2020/01/14 00:00:00,2020/01/14 00:00:00,2,2,Other,1,ha,4,l,60,ha,0,1,0,0,0,100,Band
43.078055556,15.895,24264,2020/01/22 00:00:00,10:26,2020/01/22 00:00:00,10:26,No,Late,bani balwsh,200,Exact,YE,434940,RAMSES38_YEM20-06.XL, ,1,0,1,2,1,0,0,0,0,0,0,0,0,0,0,0,0,0,0,0,0,0,0,0,0,0,0,0,0,0,0,0,0,0,0,0,0,0,0,0,1,0,3,-1,0,0,0,0,0,1,1,0,3,0,0,1,0,10,10,0,0,0,1,0,0,0,0,0,0,0,0,0,0,0,0,0,0,0,0,0,0,0,0,0,0,0,0,0,0,0,0,0,0,0,0,0,0,0,0,0,0,0,0,0,0,0,0,0,0,0,0,0,0,0,0,0,0,0,2020/01/22 00:00:00,2020/01/22 00:00:00,2,3,Fenitrothion,0.5,ha,60,l,120,ha,0,1,0,0,0,80,Band
43.1102777780001,15.9138888890001,24265,2020/01/22 00:00:00,10:44,2020/01/22 00:00:00,10:44,No,Late,qataba,200,Exact,YE,434941,RAMSES38_YEM20-06.XL,Gregarious & transie,1,0,1,2,1,0,0,0,0,0,0,0,0,0,0,0,0,0,0,0,0,0,0,0,0,0,0,0,0,0,0,0,0,0,0,0,0,0,0,0,1,0,4,-1,0,0,0,0,0,3,1,0,3,0,0,1,0,10,10,0,0,0,1,0,0,0,0,0,0,1,0,0,2,1,0,0,0,0,0,0,0,0,0,1,1,1,1,0,0,0,0,0,0,0,0,0,0,0,0,0,0,0,0,0,0,0,0,0,0,0,0,0,0,0,0,0,0,0,1899/12/30 00:00:00,1899/12/30 00:00:00,0,0, ,0, ,0, ,0, ,0,0,0,0,0,0,Band
43.1233333330001,15.900555556,24266,2020/01/22 00:00:00,10:58,2020/01/22 00:00:00,10:58,No,Late,albataria,200,Exact,YE,434942,RAMSES38_YEM20-06.XL, ,1,0,1,2,1,0,0,0,0,0,0,0,0,0,0,0,0,0,0,0,0,0,0,0,0,0,0,0,0,0,0,0,0,0,0,0,0,0,0,0,1,0,1,-1,0,0,0,0,0,3,1,0,3,0,0,1,0,1,1,0,0,1,0,0,0,0,0,0,0,0,0,0,0,0,0,0,0,0,0,0,0,0,0,0,0,0,0,0,0,0,0,0,0,0,0,0,0,0,0,0,0,0,0,0,0,0,0,0,0,0,0,0,0,0,0,0,0,0,1899/12/30 00:00:00,1899/12/30 00:00:00,0,0, ,0, ,0, ,0, ,0,0,0,0,0,0,Band
43.1247222220001,15.034722222,24267,2020/01/23 00:00:00,09:00,2020/01/23 00:00:00,09:00,No,Late,Der Alagl,100,Exact,YE,434943,RAMSES38_YEM20-06.XL,Gregarious appearing,1,0,1,2,1,0,0,0,0,0,0,0,0,0,0,0,0,0,0,0,0,0,0,0,0,0,0,0,0,0,0,0,0,0,0,0,0,0,1,0,0,0,15,-1,0,0,0,0,0,1,1,0,3,0,0,1,0,0.001,0.001,1,0,0,0,0,0,0,0,0,1,0,0,0,2,1,0,0,0,0,0,0,0,1,0,0,0,0,1,0,0,0,0,0,0,0,0,0,0,0,0,0,0,0,0,0,0,0,0,0,0,0,0,0,0,0,0,0,0,0,2020/01/23 00:00:00,2020/01/23 00:00:00,2,3,Other,0.2,ha,2,l,50,ha,0,1,0,0,0,95,Band
43.139722222,15.023611111,24268,2020/01/24 00:00:00,09:41,2020/01/24 00:00:00,09:41,No,Late,Algzah,100,Exact,YE,434946,RAMSES38_YEM20-06.XL,Gregarious appearing,1,0,1,2,1,0,0,0,0,0,0,0,0,0,0,0,0,0,0,0,0,0,0,0,0,0,0,0,0,0,0,0,0,0,0,0,0,0,0,1,0,0,20,-1,0,0,0,0,0,3,1,0,3,0,0,1,0,0.0099999998,0.0099999998,0,1,0,0,0,0,0,0,0,1,0,0,0,3,1,0,0,0,0,0,0,0,1,0,0,0,0,1,0,0,0,0,0,0,0,0,0,0,0,0,0,0,0,0,0,0,0,0,0,0,0,0,0,0,0,0,0,0,0,2020/01/24 00:00:00,2020/01/24 00:00:00,2,3,Other,0.2,ha,2,l,40,ha,0,1,0,0,0,95,Band
43.1755555560001,14.633888889,24269,2020/01/24 00:00:00,10:24,2020/01/24 00:00:00,10:24,No,Late,Gareha,200,Exact,YE,434947,RAMSES38_YEM20-06.XL,Gregarious & transie,1,0,1,2,1,0,0,0,0,0,0,0,0,0,0,0,0,0,0,0,0,0,0,0,0,0,0,0,0,0,0,0,0,0,0,0,0,0,0,1,0,0,5,-1,0,0,0,0,0,1,3,0,1,0,0,1,0,0.0020000001,0.0020000001,1,0,0,0,0,0,0,0,0,1,0,0,0,2,3,0,1,0,0,0,0,0,0,0,1,1,1,1,0,0,0,0,0,0,0,0,0,0,0,0,0,0,0,0,0,0,0,0,0,0,0,0,0,0,0,0,0,0,0,2020/01/24 00:00:00,2020/01/24 00:00:00,2,3,Fenitrothion,0.5,ha,40,l,80,ha,1,0,0,0,0,95,Band
43.0491666670001,15.9766666670001,24270,2020/01/14 00:00:00,11:03,2020/01/14 00:00:00,11:03,No,Middle,bani balal,200,Exact,YE,434948,RAMSES38_YEM20-06.XL, ,1,0,1,2,1,0,0,0,0,0,0,0,0,0,0,0,0,0,0,0,0,0,0,0,0,0,0,0,0,0,0,0,0,0,0,0,0,0,0,1,0,0,4,-1,0,0,0,0,1,1,3,0,0,0,0,1,0,1,1,0,0,1,0,0,0,0,0,0,0,0,0,0,0,0,0,0,0,0,0,0,0,0,0,0,0,0,0,0,0,0,0,0,0,0,0,0,0,0,0,0,0,0,0,0,0,0,0,0,0,0,0,0,0,0,0,0,0,0,2020/01/14 00:00:00,2020/01/14 00:00:00,2,2,Fenitrothion,0.5,ha,80,l,160,ha,0,1,0,0,0,80,Band
43.07,15.9791666670001,24271,2020/01/14 00:00:00,11:26,2020/01/14 00:00:00,11:26,No,Middle,almgdweih,200,Exact,YE,434949,RAMSES38_YEM20-06.XL,Transiens appearing,1,0,1,2,1,0,0,0,0,0,0,0,0,0,0,0,0,0,0,0,0,0,0,0,0,0,0,0,0,0,0,0,0,0,0,0,0,0,0,0,1,0,3,-1,0,0,0,0,1,1,3,0,0,0,0,1,0,1,1,0,0,1,0,0,0,0,0,0,1,0,0,0,-1,0,0,1,0,0,0,0,1,0,0,0,0,1,0,0,0,0,0,0,0,0,0,0,0,0,0,0,0,0,0,0,0,0,0,0,0,0,0,0,0,0,0,0,0,0,2020/01/14 00:00:00,2020/01/14 00:00:00,2,2,Fenitrothion,0.5,ha,80,l,160,ha,0,1,0,0,0,80,Band
43.1047222220001,15.018055556,24272,2020/01/19 00:00:00,08:54,2020/01/19 00:00:00,08:54,No,Middle,Bani Al Shadad,200,Exact,YE,434952,RAMSES38_YEM20-06.XL,Transiens appearing,1,0,1,2,1,0,0,0,0,0,0,0,0,0,0,0,0,0,0,0,0,0,0,0,0,0,0,0,0,0,0,0,0,0,0,0,0,0,0,0,1,0,4,-1,0,0,0,0,1,3,1,0,1,0,0,1,0,0.02,0.02,0,1,0,0,0,0,0,0,0,1,0,0,0,-1,3,0,1,0,0,0,0,0,0,0,1,1,1,0,0,0,0,0,0,0,0,0,0,0,0,0,0,0,0,0,0,0,0,0,0,0,0,0,0,0,0,0,0,0,0,1899/12/30 00:00:00,1899/12/30 00:00:00,0,0, ,0, ,0, ,0, ,0,0,0,0,0,0,Band
43.086388889,15.093611111,24273,2020/01/19 00:00:00,10:47,2020/01/19 00:00:00,10:47,No,Middle,Hasaneya,200,Exact,YE,434956,RAMSES38_YEM20-06.XL,Gregarious & transie,1,0,1,2,1,0,0,0,0,0,0,0,0,0,0,0,0,0,0,0,0,0,0,0,0,0,0,0,0,0,0,0,0,0,30,60,0,0,0,1,1,0,4,-1,0,0,0,0,1,3,1,0,3,0,0,1,0,0.0020000001,0.0020000001,1,0,0,0,0,0,0,0,0,0,1,0,0,-1,3,0,1,0,0,0,0,0,0,0,1,1,1,1,0,0,0,0,0,0,0,0,0,0,0,0,0,0,0,0,0,0,0,0,0,0,0,0,0,0,0,0,0,0,0,1899/12/30 00:00:00,1899/12/30 00:00:00,0,0, ,0, ,0, ,0, ,0,0,0,0,0,0,Band
43.203611111,14.6202777780001,24274,2020/01/24 00:00:00,11:09,2020/01/24 00:00:00,11:09,No,Late,Erg As Saikel,200,Exact,YE,434957,RAMSES38_YEM20-06.XL,Gregarious & transie,1,0,1,2,1,0,0,0,0,0,0,0,0,0,0,0,0,0,0,0,0,0,0,0,0,0,0,0,0,0,0,0,0,0,0,0,0,0,1,0,0,0,10,-1,0,0,0,0,0,1,3,0,1,0,0,1,0,0.0020000001,0.0020000001,1,0,0,0,0,0,0,0,0,1,0,0,0,3,3,0,1,0,0,0,0,0,0,0,1,1,1,1,0,0,0,0,0,0,0,0,0,0,0,0,0,0,0,0,0,0,0,0,0,0,0,0,0,0,0,0,0,0,0,2020/01/24 00:00:00,2020/01/24 00:00:00,2,3,Fenitrothion,0.5,ha,20,l,40,ha,1,0,0,0,0,95,Band
43.147222222,15.018333333,24275,2020/01/25 00:00:00,08:57,2020/01/25 00:00:00,08:57,No,Late,Algzah,100,Exact,YE,434961,RAMSES38_YEM20-06.XL, ,1,0,1,2,1,0,0,0,0,0,0,0,0,0,0,0,0,0,0,0,0,0,0,0,0,0,0,0,0,0,0,0,0,0,0,0,0,0,0,0,1,0,20,-1,0,0,0,0,0,3,1,0,3,0,0,1,0,0.0020000001,0.0020000001,1,0,0,0,0,0,0,0,0,1,0,0,0,-1,0,0,0,0,0,0,0,0,1,0,0,0,0,0,0,0,0,0,0,0,0,0,0,0,0,0,0,0,0,0,0,0,0,0,0,0,0,0,0,0,0,0,0,0,0,2020/01/25 00:00:00,2020/01/25 00:00:00,2,3,Other,0.5,ha,2,l,50,ha,0,1,0,0,0,95,Band
43.138611111,14.978333333,24276,2020/01/25 00:00:00,09:30,2020/01/25 00:00:00,09:30,No,Late,W. Humara,200,Exact,YE,434962,RAMSES38_YEM20-06.XL,Gregarious & transie,1,0,1,2,1,0,0,0,0,0,0,0,0,0,0,0,0,0,0,0,0,0,0,0,0,0,0,0,0,0,0,0,0,0,0,0,0,0,0,1,0,0,35,-1,0,0,0,0,0,3,1,0,3,0,0,1,0,0.00030000001,0.00030000001,1,0,0,0,0,0,0,0,0,1,0,0,0,3,3,0,1,0,0,0,0,0,0,0,1,0,1,1,0,0,0,0,0,0,0,0,0,0,0,0,0,0,0,0,0,0,0,0,0,0,0,0,0,0,0,0,0,0,0,2020/01/25 00:00:00,2020/01/25 00:00:00,2,3,Fenitrothion,0.5,ha,20,l,40,ha,0,1,0,0,0,95,Band
43.1613888890001,15.0086111110001,24277,2020/01/15 00:00:00,08:51,2020/01/15 00:00:00,08:51,No,Middle,Alslip,100,Exact,YE,434966,RAMSES38_YEM20-06.XL, ,1,0,1,2,1,0,0,0,0,0,0,0,0,0,0,0,0,0,0,0,0,0,0,0,0,0,0,0,0,0,0,0,0,0,0,0,0,0,0,0,1,0,40,-1,0,0,0,0,1,1,3,0,1,0,0,1,0,20,20,0,0,0,1,0,0,0,0,0,0,0,0,0,0,0,0,0,0,0,0,0,0,0,0,0,0,0,0,0,0,0,0,0,0,0,0,0,0,0,0,0,0,0,0,0,0,0,0,0,0,0,0,0,0,0,0,0,0,0,2020/01/15 00:00:00,2020/01/15 00:00:00,2,2,Other,1,ha,4,l,30,ha,0,1,0,0,0,95,Band
43.1605555560001,15.011666667,24278,2020/01/15 00:00:00,09:11,2020/01/15 00:00:00,09:11,No,Middle,E.Shu{[1]}ala,200,Exact,YE,434967,RAMSES38_YEM20-06.XL,Transiens appearing,1,0,1,2,1,0,0,0,0,0,0,0,0,0,0,0,0,0,0,0,0,0,0,0,0,0,0,0,0,0,0,0,0,0,0,0,0,0,0,0,1,0,0,-1,0,0,0,0,0,1,3,0,1,0,0,1,0,0.0049999999,0.0049999999,0,1,0,0,0,0,0,0,0,1,0,0,0,-1,3,0,1,0,0,0,0,0,0,0,1,1,1,0,0,0,0,0,0,0,0,0,0,0,0,0,0,0,0,0,0,0,0,0,0,0,0,0,0,0,0,0,0,0,0,2020/01/15 00:00:00,2020/01/15 00:00:00,2,2,Malathion,0.5,ha,40,l,80,ha,0,1,0,0,0,95,Band
43.150833333,15.018055556,24279,2020/01/15 00:00:00,09:30,2020/01/15 00:00:00,09:30,No,Middle,NE. Shu{[1]}ala,200,Exact,YE,434968,RAMSES38_YEM20-06.XL,Transiens appearing,1,0,1,2,1,0,0,0,0,0,0,0,0,0,0,0,0,0,0,0,0,0,0,0,0,0,0,0,0,0,0,0,0,0,0,0,0,0,0,0,1,0,2,-1,0,0,0,0,0,1,3,0,1,0,0,1,0,1,1,0,0,1,0,0,0,0,0,0,1,0,0,0,-1,3,0,1,0,0,0,0,0,0,0,1,1,1,0,0,0,0,0,0,0,0,0,0,0,0,0,0,0,0,0,0,0,0,0,0,0,0,0,0,0,0,0,0,0,0,1899/12/30 00:00:00,1899/12/30 00:00:00,0,0, ,0, ,0, ,0, ,0,0,0,0,0,0,Band
43.159722222,15.01,24280,2020/01/15 00:00:00,09:39,2020/01/15 00:00:00,09:39,No,Middle,e,100,Exact,YE,434969,RAMSES38_YEM20-06.XL, ,1,0,1,2,1,0,0,0,0,0,0,0,0,0,0,0,0,0,0,0,0,0,0,0,0,0,0,0,0,0,0,0,0,0,0,0,0,0,0,1,0,0,40,-1,0,0,0,1,1,3,1,0,1,0,0,1,0,20,20,0,0,0,1,0,0,0,0,0,0,0,0,0,0,0,0,0,0,0,0,0,0,0,0,0,0,0,0,0,0,0,0,0,0,0,0,0,0,0,0,0,0,0,0,0,0,0,0,0,0,0,0,0,0,0,0,0,0,0,2020/01/15 00:00:00,2020/01/15 00:00:00,2,2,Other,1,ha,4,l,30,ha,0,1,0,0,0,95,Band
43.1602777780001,15.011666667,24281,2020/01/15 00:00:00,09:45,2020/01/15 00:00:00,09:45,No,Middle,Aeria,100,Exact,YE,434970,RAMSES38_YEM20-06.XL, ,1,0,1,2,1,0,0,0,0,0,0,0,0,0,0,0,0,0,0,0,0,0,0,0,0,0,0,0,0,0,0,0,0,0,0,0,0,0,0,0,1,0,35,-1,0,0,0,1,1,1,3,0,1,0,0,1,0,20,20,0,0,0,1,0,0,0,0,0,0,0,0,0,0,0,0,0,0,0,0,0,0,0,0,0,0,0,0,0,0,0,0,0,0,0,0,0,0,0,0,0,0,0,0,0,0,0,0,0,0,0,0,0,0,0,0,0,0,0,2020/01/15 00:00:00,2020/01/15 00:00:00,2,2,Other,1,ha,5,l,60,ha,0,1,0,0,0,100,Band
43.142222222,15.0225,24282,2020/01/15 00:00:00,10:29,2020/01/15 00:00:00,10:29,No,Middle,Al Kaza{[1]}a,200,Exact,YE,434971,RAMSES38_YEM20-06.XL,Transiens appearing,1,0,1,2,1,0,0,0,0,0,0,0,0,0,0,0,0,0,0,0,0,0,0,0,0,0,0,0,0,0,0,0,0,0,0,0,0,0,0,0,1,0,3,-1,0,0,0,0,0,1,3,0,1,0,0,1,0,1,1,0,0,1,0,0,0,0,0,0,1,0,0,0,-1,3,0,1,0,0,0,0,0,0,0,1,1,1,0,0,0,0,0,0,0,0,0,0,0,0,0,0,0,0,0,0,0,0,0,0,0,0,0,0,0,0,0,0,0,0,2020/01/15 00:00:00,2020/01/15 00:00:00,2,2,Other,1,ha,10,l,50,ha,0,1,0,0,0,100,Band
43.0744444440001,15.95,24283,2020/01/15 00:00:00,10:46,2020/01/15 00:00:00,10:46,No,Middle,Alhagiriah,200,Exact,YE,434972,RAMSES38_YEM20-06.XL,Transiens appearing,1,0,1,2,1,0,0,0,0,0,0,0,0,0,0,0,0,0,0,0,0,0,0,0,0,0,0,0,0,0,0,0,0,0,0,0,0,0,0,0,1,0,4,-1,0,0,0,0,1,1,3,0,0,0,0,1,0,1,1,0,0,1,0,0,0,0,0,0,1,0,0,0,-1,0,0,1,0,0,0,0,0,0,0,1,1,1,0,0,0,0,0,0,0,0,0,0,0,0,0,0,0,0,0,0,0,0,0,0,0,0,0,0,0,0,0,0,0,0,2020/01/15 00:00:00,2020/01/15 00:00:00,2,2,Fenitrothion,0.5,ha,80,l,160,ha,0,1,0,0,0,80,Band
43.134166667,15.026111111,24284,2020/01/15 00:00:00,10:52,2020/01/15 00:00:00,10:52,No,Middle,Algzah,100,Exact,YE,434973,RAMSES38_YEM20-06.XL, ,1,0,1,2,1,0,0,0,0,0,0,0,0,0,0,0,0,0,0,0,0,0,0,0,0,0,0,0,0,0,0,0,0,0,0,0,0,0,0,1,0,0,30,-1,0,0,0,0,1,1,3,0,1,0,0,1,0,10,10,0,0,0,1,0,0,0,0,0,0,0,0,0,0,0,0,0,0,0,0,0,0,0,0,0,0,0,0,0,0,0,0,0,0,0,0,0,0,0,0,0,0,0,0,0,0,0,0,0,0,0,0,0,0,0,0,0,0,0,2020/01/15 00:00:00,2020/01/15 00:00:00,2,2,Other,1,ha,5,l,60,ha,0,1,0,0,0,95,Band
43.132777778,15.026111111,24285,2020/01/15 00:00:00,11:23,2020/01/15 00:00:00,11:23,No,Middle,Aeria,100,Exact,YE,434974,RAMSES38_YEM20-06.XL,Gregarious appearing,1,0,1,2,1,0,0,0,0,0,0,0,0,0,0,0,0,0,0,0,0,0,0,0,0,0,0,0,0,0,0,0,0,0,0,0,0,0,0,0,1,0,30,-1,0,0,0,0,1,1,3,0,1,0,0,1,0,20,20,0,0,0,1,0,0,0,0,0,1,0,0,0,2,1,0,0,0,0,0,0,0,1,0,0,0,0,1,0,0,0,0,0,0,0,0,0,0,0,0,0,0,0,0,0,0,0,0,0,0,0,0,0,0,0,0,0,0,0,2020/01/15 00:00:00,2020/01/15 00:00:00,2,2,Other,4,ha,4,l,30,ha,0,1,0,0,0,95,Band
43.1475,15.018611111,24286,2020/01/26 00:00:00,10:38,2020/01/26 00:00:00,10:38,No,Late,Algzah,100,Exact,YE,434980,RAMSES38_YEM20-06.XL,Gregarious appearing,1,0,1,2,1,0,0,0,0,0,0,0,0,0,0,0,0,0,0,0,0,0,0,0,0,0,0,0,0,0,0,0,0,0,0,0,0,0,0,0,1,0,25,-1,0,0,0,0,0,3,1,0,3,0,0,1,0,0.0020000001,0.0020000001,1,0,0,0,0,0,0,0,0,1,0,0,0,3,1,0,0,0,0,0,0,0,1,0,0,0,0,1,0,0,0,0,0,0,0,0,0,0,0,0,0,0,0,0,0,0,0,0,0,0,0,0,0,0,0,0,0,0,0,2020/01/26 00:00:00,2020/01/26 00:00:00,2,3,Other,0.5,ha,2,l,50,ha,0,1,0,0,0,95,Band
43.1052777780001,15.958333333,24287,2020/01/27 00:00:00,08:25,2020/01/27 00:00:00,08:25,No,Late,qataba,200,Exact,YE,434982,RAMSES38_YEM20-06.XL,Gregarious appearing,1,0,1,2,1,0,0,0,0,0,0,0,0,0,0,0,0,0,0,0,0,0,0,0,0,0,0,0,0,0,0,0,0,0,0,0,0,0,0,0,1,0,5,-1,0,0,0,0,0,3,1,0,3,0,0,1,0,0.001,0.001,1,0,0,0,0,0,0,0,0,0,1,0,0,2,1,0,0,0,0,0,0,0,0,0,1,0,0,1,0,0,0,0,0,0,0,0,0,0,0,0,0,0,0,0,0,0,0,0,0,0,0,0,0,0,0,0,0,0,0,2020/01/27 00:00:00,2020/01/27 00:00:00,2,3,Malathion,0.5,ha,80,l,160,ha,0,1,0,0,0,80,Band
43.0547222220001,15.9483333330001,24288,2020/01/27 00:00:00,09:00,2020/01/27 00:00:00,09:00,No,Late,shab alma,200,Exact,YE,434983,RAMSES38_YEM20-06.XL,Gregarious appearing,1,0,1,2,1,0,0,0,0,0,0,0,0,0,0,0,0,0,0,0,0,0,0,0,0,0,0,0,0,0,0,0,0,0,0,0,0,0,0,0,1,0,2,-1,0,0,0,0,0,3,1,0,3,0,0,1,0,0.001,0.001,1,0,0,0,0,0,0,0,0,0,1,0,0,2,1,0,0,0,0,0,0,0,0,0,1,0,0,1,0,0,0,0,0,0,0,0,0,0,0,0,0,0,0,0,0,0,0,0,0,0,0,0,0,0,0,0,0,0,0,2020/01/27 00:00:00,2020/01/27 00:00:00,2,3,Malathion,0.5,ha,80,l,160,ha,0,1,0,0,0,80,Band
43.1158333330001,15.974444444,24289,2020/01/17 00:00:00,08:35,2020/01/17 00:00:00,08:35,No,Middle,bani argan,200,Exact,YE,434985,RAMSES38_YEM20-06.XL, ,1,0,1,2,1,0,0,0,0,0,0,0,0,0,0,0,0,0,0,0,0,0,0,0,0,0,0,0,0,0,0,0,0,0,0,0,0,0,0,0,1,0,5,-1,0,0,0,0,0,1,3,0,0,0,0,1,0,10,10,0,0,0,1,0,0,0,0,0,0,0,0,0,0,0,0,0,0,0,0,0,0,0,0,0,0,0,0,0,0,0,0,0,0,0,0,0,0,0,0,0,0,0,0,0,0,0,0,0,0,0,0,0,0,0,0,0,0,0,2020/01/17 00:00:00,2020/01/17 00:00:00,2,2,Fenitrothion,0.5,ha,80,l,160,ha,0,1,0,0,0,80,Band
43.155,15.017777778,24290,2020/01/17 00:00:00,08:43,2020/01/17 00:00:00,08:43,No,Middle,Sulaip,100,Exact,YE,434986,RAMSES38_YEM20-06.XL,Gregarious & transie,1,0,1,2,1,0,0,0,0,0,0,0,0,0,0,0,0,0,0,0,0,0,0,0,0,0,0,0,0,0,0,0,0,0,0,0,0,0,0,0,1,0,2,-1,0,0,0,0,0,1,3,0,1,0,0,1,0,1,1,0,0,1,0,0,0,0,0,0,1,0,0,0,2,3,0,1,0,0,0,0,0,0,0,1,1,1,1,0,0,0,0,0,0,0,0,0,0,0,0,0,0,0,0,0,0,0,0,0,0,0,0,0,0,0,0,0,0,0,2020/01/17 00:00:00,2020/01/17 00:00:00,2,2,Malathion,0.5,ha,20,l,40,ha,1,0,0,0,0,80,Band
43.069166667,15.967222222,24291,2020/01/01 00:00:00,08:35,2020/01/01 00:00:00,08:35,No,Early,labada 1,200,Exact,YE,434987,RAMSES38_YEM20-06.XL, ,1,0,1,2,1,0,0,0,0,0,0,0,0,0,0,0,0,0,0,0,0,0,0,0,0,0,0,0,0,0,0,0,0,0,0,0,0,0,0,1,0,0,2,-1,0,0,0,3,1,0,0,0,0,0,0,0,1,0.003,0.003,0,1,0,0,0,0,0,0,0,0,0,0,0,0,0,0,0,0,0,0,0,0,0,0,0,0,0,0,0,0,0,0,0,0,0,0,0,0,0,0,0,0,0,0,0,0,0,0,0,0,0,0,0,0,0,0,0,0,0,1899/12/30 00:00:00,1899/12/30 00:00:00,0,0, ,0, ,0, ,0, ,0,0,0,0,0,0,Band
43.135277778,15.025555556,24292,2020/01/15 00:00:00,11:32,2020/01/15 00:00:00,11:32,No,Middle,Algzah,100,Exact,YE,434989,RAMSES38_YEM20-06.XL, ,1,0,1,2,1,0,0,0,0,0,0,0,0,0,0,0,0,0,0,0,0,0,0,0,0,0,0,0,0,0,0,0,0,0,0,0,0,0,0,1,0,0,40,-1,0,0,0,0,1,1,3,0,1,0,0,1,0,20,20,0,0,0,1,0,0,0,0,0,0,0,0,0,0,0,0,0,0,0,0,0,0,0,0,0,0,0,0,0,0,0,0,0,0,0,0,0,0,0,0,0,0,0,0,0,0,0,0,0,0,0,0,0,0,0,0,0,0,0,2020/01/15 00:00:00,2020/01/15 00:00:00,2,2,Other,4,ha,4,l,30,ha,0,1,0,0,0,95,Band
43.0525,15.9469444440001,24293,2020/01/15 00:00:00,11:53,2020/01/15 00:00:00,11:53,No,Middle,shab alma,200,Exact,YE,434990,RAMSES38_YEM20-06.XL,Transiens appearing,1,0,1,2,1,0,0,0,0,0,0,0,0,0,0,0,0,0,0,0,0,0,0,0,0,0,0,0,0,0,0,0,0,0,0,0,0,0,0,0,1,0,3,-1,0,0,0,0,1,1,3,0,0,0,0,1,0,10,10,0,0,0,1,0,0,0,0,0,1,0,0,0,-1,0,0,1,0,0,0,0,0,0,0,1,1,1,0,0,0,0,0,0,0,0,0,0,0,0,0,0,0,0,0,0,0,0,0,0,0,0,0,0,0,0,0,0,0,0,2020/01/15 00:00:00,2020/01/15 00:00:00,2,2,Fenitrothion,0.5,ha,80,l,160,ha,0,1,0,0,0,80,Band
43.1183333330001,14.9805555560001,24294,2020/01/15 00:00:00,11:54,2020/01/15 00:00:00,11:54,No,Middle,Deer Bubal,200,Exact,YE,434991,RAMSES38_YEM20-06.XL,Gregarious & transie,1,0,1,2,1,0,0,0,0,0,0,0,0,0,0,0,0,0,0,0,0,0,0,0,0,0,0,0,0,0,0,0,0,0,0,0,0,0,0,1,0,0,3,-1,0,0,0,0,0,1,3,0,1,0,0,1,0,0.003,0.003,0,1,0,0,0,0,0,0,0,0,1,0,0,-1,3,0,1,0,0,0,0,0,0,0,1,1,1,1,0,0,0,0,0,0,0,0,0,0,0,0,0,0,0,0,0,0,0,0,0,0,0,0,0,0,0,0,0,0,0,2020/01/15 00:00:00,2020/01/15 00:00:00,2,2,Malathion,0.5,ha,20,l,40,ha,1,0,0,0,0,80,Band
43.145277778,14.9788888890001,24295,2020/01/15 00:00:00,12:16,2020/01/15 00:00:00,12:16,No,Middle,SW. Humara,200,Exact,YE,434992,RAMSES38_YEM20-06.XL,Gregarious & transie,1,0,1,2,1,0,0,0,0,0,0,0,0,0,0,0,0,0,0,0,0,0,0,0,0,0,0,0,0,0,0,0,0,0,0,0,0,0,0,1,0,0,6,-1,0,0,0,0,0,1,1,0,3,0,0,1,0,0.0020000001,0.0020000001,1,0,0,0,0,0,0,0,0,0,1,0,0,-1,3,0,1,0,0,0,0,0,0,0,1,1,1,1,0,0,0,0,0,0,0,0,0,0,0,0,0,0,0,0,0,0,0,0,0,0,0,0,0,0,0,0,0,0,0,2020/01/15 00:00:00,2020/01/15 00:00:00,2,2,Malathion,0.5,ha,30,l,60,ha,0,1,0,0,0,80,Band
43.088611111,15.963888889,24296,2020/01/16 00:00:00,08:54,2020/01/16 00:00:00,08:54,No,Middle,alwadi,200,Exact,YE,434993,RAMSES38_YEM20-06.XL,Transiens appearing,1,0,1,2,1,0,0,0,0,0,0,0,0,0,0,0,0,0,0,0,0,0,0,0,0,0,0,0,0,0,0,0,0,0,0,0,0,0,0,0,1,0,3,-1,0,0,0,0,1,1,3,0,0,0,0,1,0,10,10,0,0,0,1,0,0,0,0,0,1,0,0,0,-1,0,0,1,0,0,0,0,0,0,0,1,1,1,0,0,0,0,0,0,0,0,0,0,0,0,0,0,0,0,0,0,0,0,0,0,0,0,0,0,0,0,0,0,0,0,2020/01/16 00:00:00,2020/01/16 00:00:00,2,2,Fenitrothion,0.5,ha,80,l,160,ha,0,1,0,0,0,85,Band
43.083333333,15.960833333,24297,2020/01/16 00:00:00,09:33,2020/01/16 00:00:00,09:33,No,Middle,katf alhagaria,100,Exact,YE,434994,RAMSES38_YEM20-06.XL, ,1,0,1,2,1,0,0,0,0,0,0,0,0,0,0,0,0,0,0,0,0,0,0,0,0,0,0,0,0,0,0,0,0,0,0,0,0,0,0,0,1,0,4,-1,0,0,0,0,0,1,3,0,0,0,0,1,0,10,10,0,0,0,1,0,0,0,0,0,0,0,0,0,0,0,0,0,0,0,0,0,0,0,0,0,0,0,0,0,0,0,0,0,0,0,0,0,0,0,0,0,0,0,0,0,0,0,0,0,0,0,0,0,0,0,0,0,0,0,2020/01/16 00:00:00,2020/01/16 00:00:00,2,2,Fenitrothion,0.5,ha,80,l,160,ha,0,1,0,0,0,80,Band
43.153611111,15.011388889,24298,2020/01/16 00:00:00,10:38,2020/01/16 00:00:00,10:38,No,Middle,Sulaip,200,Exact,YE,434995,RAMSES38_YEM20-06.XL,Gregarious & transie,1,0,1,2,1,0,0,0,0,0,0,0,0,0,0,0,0,0,0,0,0,0,0,0,0,0,0,0,0,0,0,0,0,0,0,0,0,0,0,0,1,0,3,-1,0,0,0,0,0,1,3,0,1,0,0,1,0,1,1,0,0,1,0,0,0,0,0,0,0,1,0,0,-1,3,0,1,0,0,0,0,0,0,0,1,1,1,1,0,0,0,0,0,0,0,0,0,0,0,0,0,0,0,0,0,0,0,0,0,0,0,0,0,0,0,0,0,0,0,2020/01/16 00:00:00,2020/01/16 00:00:00,2,2,Other,1,ha,10,l,40,ha,0,1,0,0,0,80,Band
43.138333333,14.9869444440001,24299,2020/01/16 00:00:00,10:58,2020/01/16 00:00:00,10:58,No,Middle,Humara,100,Exact,YE,434996,RAMSES38_YEM20-06.XL,Transiens appearing,1,0,1,2,1,0,0,0,0,0,0,0,0,0,0,0,0,0,0,0,0,0,0,0,0,0,0,0,0,0,0,0,0,0,0,0,0,0,0,1,0,0,5,-1,0,0,0,0,0,1,3,0,1,0,0,1,0,0.0049999999,0.0049999999,0,1,0,0,0,0,0,0,0,0,1,0,0,-1,3,0,1,0,0,0,0,0,0,0,1,1,1,0,0,0,0,0,0,0,0,0,0,0,0,0,0,0,0,0,0,0,0,0,0,0,0,0,0,0,0,0,0,0,0,2020/01/16 00:00:00,2020/01/16 00:00:00,2,2,Malathion,0.5,ha,20,l,40,ha,0,1,0,0,0,80,Band
43.04,16.0616666670001,24300,2020/01/16 00:00:00,11:23,2020/01/16 00:00:00,11:23,No,Middle,gazan baghta,200,Exact,YE,434997,RAMSES38_YEM20-06.XL,Transiens appearing,1,0,1,2,1,0,0,0,0,0,0,0,0,0,0,0,0,0,0,0,0,0,0,0,0,0,0,0,0,0,0,0,0,0,0,0,0,0,0,1,0,0,3,-1,0,0,0,0,0,1,3,0,0,0,0,1,0,10,10,0,0,0,1,0,0,0,0,0,1,0,0,0,-1,0,0,1,0,0,0,0,0,0,1,0,0,1,0,0,0,0,0,0,0,0,0,0,0,0,0,0,0,0,0,0,0,0,0,0,0,0,0,0,0,0,0,0,0,0,1899/12/30 00:00:00,1899/12/30 00:00:00,0,0, ,0, ,0, ,0, ,0,0,0,0,0,0,Band
43.026388889,15.9211111110001,24301,2020/01/27 00:00:00,09:25,2020/01/27 00:00:00,09:25,No,Late,almbahseh,200,Exact,YE,434998,RAMSES38_YEM20-06.XL,Gregarious appearing,1,0,1,2,1,0,0,0,0,0,0,0,0,0,0,0,0,0,0,0,0,0,0,0,0,0,0,0,0,0,0,0,0,0,0,0,0,0,0,0,1,0,1,-1,0,0,0,0,0,3,1,0,3,0,0,1,0,0.0099999998,0.0099999998,0,1,0,0,0,0,0,0,0,0,1,0,0,3,1,0,0,0,0,0,0,0,0,0,1,0,0,1,0,0,0,0,0,0,0,0,0,0,0,0,0,0,0,0,0,0,0,0,0,0,0,0,0,0,0,0,0,0,0,2020/01/27 00:00:00,2020/01/27 00:00:00,2,3,Malathion,0.5,ha,80,l,160,ha,0,1,0,0,0,80,Band
43.088888889,15.093888889,24302,2020/01/27 00:00:00,11:20,2020/01/27 00:00:00,11:20,No,Late,Kadaneya,200,Exact,YE,435000,RAMSES38_YEM20-06.XL,Gregarious & transie,1,0,1,2,1,0,0,0,0,0,0,0,0,0,0,0,0,0,0,0,0,0,0,0,0,0,0,0,0,0,0,0,0,0,0,0,0,0,0,0,1,0,4,-1,0,0,0,0,1,3,1,0,1,0,0,1,0,1,1,0,0,1,0,0,0,0,0,0,1,0,0,0,-1,3,0,1,0,0,0,0,0,0,0,1,0,1,1,0,0,0,0,0,0,0,0,0,0,0,0,0,0,0,0,0,0,0,0,0,0,0,0,0,0,0,0,0,0,0,1899/12/30 00:00:00,1899/12/30 00:00:00,0,0, ,0, ,0, ,0, ,0,0,0,0,0,0,Band
43.138055556,15.018888889,24303,2020/01/28 00:00:00,09:19,2020/01/28 00:00:00,09:19,No,Late,Aerea,100,Exact,YE,435004,RAMSES38_YEM20-06.XL, ,1,0,1,2,1,0,0,0,0,0,0,0,0,0,0,0,0,0,0,0,0,0,0,0,0,0,0,0,0,0,0,0,0,0,0,0,0,0,0,1,0,0,20,-1,0,0,0,0,0,0,3,0,1,0,1,0,0,1,1,0,0,1,0,0,0,0,0,0,0,1,0,0,-1,0,0,0,0,0,0,0,0,1,0,0,0,0,0,0,0,0,0,0,0,0,0,0,0,0,0,0,0,0,0,0,0,0,0,0,0,0,0,0,0,0,0,0,0,0,2020/01/28 00:00:00,2020/01/28 00:00:00,2,3,Other,0.5,ha,2,l,50,ha,0,1,0,0,0,95,Band
43.1141666670001,15.0061111110001,24304,2020/01/18 00:00:00,08:57,2020/01/18 00:00:00,08:57,No,Middle,N. Dubaish,200,Exact,YE,435007,RAMSES38_YEM20-06.XL,Transiens appearing,1,0,1,2,1,0,0,0,0,0,0,0,0,0,0,0,0,0,0,0,0,0,0,0,0,0,0,0,0,0,0,0,0,0,0,0,0,0,1,0,0,0,5,-1,0,0,0,0,0,1,3,0,1,0,0,1,0,0.0020000001,0.0020000001,1,0,0,0,0,0,0,0,0,0,1,0,0,-1,3,0,1,0,0,0,0,0,0,0,1,1,1,0,0,0,0,0,0,0,0,0,0,0,0,0,0,0,0,0,0,0,0,0,0,0,0,0,0,0,0,0,0,0,0,2020/01/18 00:00:00,2020/01/18 00:00:00,2,2,Malathion,0.5,ha,30,l,60,ha,0,1,0,0,0,80,Band
43.1475,15.018888889,24305,2020/01/18 00:00:00,09:30,2020/01/18 00:00:00,09:30,No,Middle,SW. Kaza{[1]}a,100,Exact,YE,435008,RAMSES38_YEM20-06.XL,Transiens appearing,1,0,1,2,1,0,0,0,0,0,0,0,0,0,0,0,0,0,0,0,0,0,0,0,0,0,0,0,0,0,0,0,0,0,0,0,0,0,0,0,1,0,3,-1,0,0,0,0,0,1,3,0,1,0,0,1,0,1,1,0,0,1,0,0,0,0,0,0,0,1,0,0,-1,3,0,1,0,0,0,0,0,0,0,1,1,1,0,0,0,0,0,0,0,0,0,0,0,0,0,0,0,0,0,0,0,0,0,0,0,0,0,0,0,0,0,0,0,0,2020/01/18 00:00:00,2020/01/18 00:00:00,2,2,Other,1,ha,10,l,20,ha,0,1,0,0,0,80,Band
43.1580555560001,14.978333333,24306,2020/01/18 00:00:00,09:47,2020/01/18 00:00:00,09:47,No,Middle,S. Suhail,200,Exact,YE,435009,RAMSES38_YEM20-06.XL,Transiens appearing,1,0,1,2,1,0,0,0,0,0,0,0,0,0,0,0,0,0,0,0,0,0,0,0,0,0,0,0,0,0,0,0,0,0,0,0,0,0,0,1,0,0,5,-1,0,0,0,0,0,1,3,0,1,0,0,1,0,0.003,0.003,0,1,0,0,0,0,0,0,0,0,1,0,0,-1,3,0,1,0,0,0,0,0,0,0,1,1,1,0,0,0,0,0,0,0,0,0,0,0,0,0,0,0,0,0,0,0,0,0,0,0,0,0,0,0,0,0,0,0,0,2020/01/18 00:00:00,2020/01/18 00:00:00,2,2,Malathion,0.5,ha,40,l,80,ha,0,1,0,0,0,80,Band
43.147777778,14.972777778,24307,2020/01/18 00:00:00,10:30,2020/01/18 00:00:00,10:30,No,Middle,Deer Damh,200,Exact,YE,435010,RAMSES38_YEM20-06.XL,Gregarious & transie,1,0,1,2,1,0,0,0,0,0,0,0,0,0,0,0,0,0,0,0,0,0,0,0,0,0,0,0,0,0,0,0,0,0,0,0,0,0,0,1,0,0,5,-1,0,0,0,0,0,1,3,0,1,0,0,1,0,0.0049999999,0.0049999999,0,1,0,0,0,0,0,0,0,0,1,0,0,-1,3,0,1,0,0,0,0,0,0,0,1,1,1,1,0,0,0,0,0,0,0,0,0,0,0,0,0,0,0,0,0,0,0,0,0,0,0,0,0,0,0,0,0,0,0,2020/01/18 00:00:00,2020/01/18 00:00:00,2,2,Malathion,0.5,ha,40,l,80,ha,0,1,0,0,0,80,Band
43.0497222220001,15.947777778,24308,2020/01/05 00:00:00,12:34,2020/01/05 00:00:00,12:34,No,Early,Bani Argan,200,Exact,YE,435011,RAMSES38_YEM20-06.XL,Gregarious & transie,1,0,1,2,1,0,0,0,0,0,0,0,0,0,0,0,0,0,0,0,0,0,0,0,0,0,0,0,0,0,0,0,0,0,0,0,0,0,0,0,1,0,5,-1,0,0,0,1,1,3,0,0,3,0,0,0,1,0.0020000001,0.0020000001,1,0,0,0,0,0,0,0,0,0,1,0,0,1,0,0,1,0,0,0,0,1,0,0,0,0,1,1,0,0,0,0,0,0,0,0,0,0,0,0,0,0,0,0,0,0,0,0,0,0,0,0,0,0,0,0,0,0,0,2020/01/05 00:00:00,2020/01/05 00:00:00,2,1,Fenitrothion,5,ha,60,l,120,ha,0,1,0,0,0,80,Band
43.130555556,14.9841666670001,24309,2020/01/05 00:00:00,12:42,2020/01/05 00:00:00,12:42,No,Early,Humara,100,Exact,YE,435012,RAMSES38_YEM20-06.XL,Transiens appearing,1,0,1,2,1,0,0,0,0,0,0,0,0,0,0,0,0,0,0,0,0,0,0,0,0,0,0,0,0,0,0,0,0,0,0,0,0,0,0,1,0,0,4,-1,0,0,0,1,3,1,0,0,0,0,0,0,1,0.0020000001,0.0020000001,1,0,0,0,0,0,0,0,0,1,0,0,0,-1,0,0,1,0,0,0,0,0,0,0,1,1,1,0,0,0,0,0,0,0,0,0,0,0,0,0,0,0,0,0,0,0,0,0,0,0,0,0,0,0,0,0,0,0,0,2020/01/05 00:00:00,2020/01/05 00:00:00,2,1,Other,0.5,ha,0.5,l,50,ha,0,1,0,0,0,80,Band
42.956388889,15.7916666670001,24310,2020/01/01 00:00:00,10:10,2020/01/01 00:00:00,10:10,No,Early,shab ashwal,100,Exact,YE,435015,RAMSES38_YEM20-06.XL,Transiens appearing,1,0,1,2,1,0,0,0,0,0,0,0,0,0,0,0,0,0,0,0,0,0,0,0,0,0,0,0,0,0,0,0,0,0,0,0,0,0,0,1,0,0,2,-1,0,0,1,1,3,0,0,0,0,0,0,0,1,0.001,0.001,1,0,0,0,0,0,0,0,0,1,0,0,0,-1,0,0,1,0,0,0,0,1,0,0,0,0,1,0,0,0,0,0,0,0,0,0,0,0,0,0,0,0,0,0,0,0,0,0,0,0,0,0,0,0,0,0,0,0,0,1899/12/30 00:00:00,1899/12/30 00:00:00,0,0, ,0, ,0, ,0, ,0,0,0,0,0,0,Band
43.1005555560001,15.095833333,24311,2020/01/19 00:00:00,11:15,2020/01/19 00:00:00,11:15,No,Middle,Hasaneya.1,100,Exact,YE,435016,RAMSES38_YEM20-06.XL,Gregarious & transie,1,0,1,2,1,0,0,0,0,0,0,0,0,0,0,0,0,0,0,0,0,0,0,0,0,0,0,0,0,0,0,0,0,0,0,0,0,0,0,1,0,0,3,-1,0,0,0,0,1,3,1,0,3,0,0,1,0,0.0049999999,0.0049999999,0,1,0,0,0,0,0,0,0,1,0,0,0,-1,3,0,1,0,0,0,0,0,0,0,1,1,1,1,0,0,0,0,0,0,0,0,0,0,0,0,0,0,0,0,0,0,0,0,0,0,0,0,0,0,0,0,0,0,0,2020/01/19 00:00:00,2020/01/19 00:00:00,2,2,Other,1,ha,5,l,30,ha,1,0,0,0,0,80,Band
43.144444444,15.014444444,24312,2020/01/20 00:00:00,09:24,2020/01/20 00:00:00,09:24,No,Middle,Sulaip,200,Exact,YE,435017,RAMSES38_YEM20-06.XL,Gregarious & transie,1,0,1,2,1,0,0,0,0,0,0,0,0,0,0,0,0,0,0,0,0,0,0,0,0,0,0,0,0,0,0,0,0,0,0,0,0,0,0,0,1,0,3,-1,0,0,0,0,0,1,1,0,3,0,0,1,0,1,1,0,0,1,0,0,0,0,0,0,1,0,0,0,2,3,0,1,0,0,0,0,0,0,0,1,0,1,1,0,0,0,0,0,0,0,0,0,0,0,0,0,0,0,0,0,0,0,0,0,0,0,0,0,0,0,0,0,0,0,2020/01/20 00:00:00,2020/01/20 00:00:00,2,2,Malathion,0.5,ha,60,l,120,ha,0,1,0,0,0,80,Band
43.148333333,15.0097222220001,24313,2020/01/20 00:00:00,09:39,2020/01/20 00:00:00,09:39,No,Middle,Sulaip.1,100,Exact,YE,435018,RAMSES38_YEM20-06.XL,Gregarious & transie,1,0,1,2,1,0,0,0,0,0,0,0,0,0,0,0,0,0,0,0,0,0,0,0,0,0,0,0,0,0,0,0,0,0,0,0,0,0,0,0,1,0,12,-1,0,0,0,0,0,1,1,0,3,0,0,1,0,0.0020000001,0.0020000001,1,0,0,0,0,0,0,0,0,1,0,0,0,2,3,0,1,0,0,0,0,0,0,0,1,1,1,1,0,0,0,0,0,0,0,0,0,0,0,0,0,0,0,0,0,0,0,0,0,0,0,0,0,0,0,0,0,0,0,2020/01/20 00:00:00,2020/01/20 00:00:00,2,2,Other,1,ha,20,l,50,ha,0,1,0,0,0,90,Band
43.158333333,15.0108333330001,24314,2020/01/20 00:00:00,10:04,2020/01/20 00:00:00,10:04,No,Middle,S. Sulip,200,Exact,YE,435019,RAMSES38_YEM20-06.XL,Gregarious & transie,1,0,1,2,1,0,0,0,0,0,0,0,0,0,0,0,0,0,0,0,0,0,0,0,0,0,0,0,0,0,0,0,0,0,5,50,0,0,1,0,0,0,3,-1,0,0,0,0,0,1,1,0,3,0,0,1,0,0.0015,0.0015,1,0,0,0,0,0,0,0,0,1,0,0,0,2,3,0,1,0,0,0,0,0,0,0,1,1,1,1,0,0,0,0,0,0,0,0,0,0,0,0,0,0,0,0,0,0,0,0,0,0,0,0,0,0,0,0,0,0,0,2020/01/20 00:00:00,2020/01/20 00:00:00,2,2,Malathion,0.5,ha,30,l,60,ha,0,1,0,0,0,90,Band
43.026388889,15.953888889,24315,2020/01/20 00:00:00,10:15,2020/01/20 00:00:00,10:15,No,Middle,almkasera,200,Exact,YE,435020,RAMSES38_YEM20-06.XL,Transiens appearing,1,0,1,2,1,0,0,0,0,0,0,0,0,0,0,0,0,0,0,0,0,0,0,0,0,0,0,0,0,0,0,0,0,0,0,0,0,0,0,0,1,0,2,-1,0,0,0,0,0,1,3,0,1,0,0,1,0,10,10,0,0,0,1,0,0,0,0,0,1,0,0,0,-1,3,0,1,0,0,0,0,0,0,0,1,1,1,0,0,0,0,0,0,0,0,0,0,0,0,0,0,0,0,0,0,0,0,0,0,0,0,0,0,0,0,0,0,0,0,2020/01/20 00:00:00,2020/01/20 00:00:00,2,2,Fenitrothion,0.5,ha,80,l,160,ha,0,1,0,0,0,80,Band
43.026388889,15.9269444440001,24316,2020/01/20 00:00:00,10:46,2020/01/20 00:00:00,10:46,No,Middle,katf almowhera,200,Exact,YE,435021,RAMSES38_YEM20-06.XL, ,1,0,1,2,1,0,0,0,0,0,0,0,0,0,0,0,0,0,0,0,0,0,0,0,0,0,0,0,0,0,0,0,0,0,0,0,0,0,0,0,1,0,2,-1,0,0,0,0,0,1,3,0,1,0,0,1,0,10,10,0,0,0,1,0,0,0,0,0,0,0,0,0,0,0,0,0,0,0,0,0,0,0,0,0,0,0,0,0,0,0,0,0,0,0,0,0,0,0,0,0,0,0,0,0,0,0,0,0,0,0,0,0,0,0,0,0,0,0,2020/01/20 00:00:00,2020/01/20 00:00:00,2,2,Fenitrothion,0.5,ha,60,l,120,ha,0,1,0,0,0,80,Band
43.0447222220001,15.9247222220001,24317,2020/01/20 00:00:00,10:52,2020/01/20 00:00:00,10:52,No,Middle,almerbad,200,Exact,YE,435022,RAMSES38_YEM20-06.XL, ,1,0,1,2,1,0,0,0,0,0,0,0,0,0,0,0,0,0,0,0,0,0,0,0,0,0,0,0,0,0,0,0,0,0,0,0,0,0,0,0,1,0,3,-1,0,0,0,0,0,1,3,0,1,0,0,1,0,10,10,0,0,0,1,0,0,0,0,0,0,0,0,0,0,0,0,0,0,0,0,0,0,0,0,0,0,0,0,0,0,0,0,0,0,0,0,0,0,0,0,0,0,0,0,0,0,0,0,0,0,0,0,0,0,0,0,0,0,0,2020/01/20 00:00:00,2020/01/20 00:00:00,2,2,Fenitrothion,0.5,ha,60,l,120,ha,0,1,0,0,0,85,Band
42.9969444440001,15.904166667,24318,2020/01/28 00:00:00,09:55,2020/01/28 00:00:00,09:55,No,Late,almsewdia,200,Exact,YE,435023,RAMSES38_YEM20-06.XL,Gregarious appearing,1,0,1,2,1,0,0,0,0,0,0,0,0,0,0,0,0,0,0,0,0,0,0,0,0,0,0,0,0,0,0,0,0,0,0,0,0,0,0,1,0,0,2,-1,0,0,0,0,0,0,0,0,1,0,0,1,0,0.001,0.001,1,0,0,0,0,0,0,0,0,0,1,0,0,2,3,0,1,0,0,0,0,0,0,0,1,0,0,1,0,0,0,0,0,0,0,0,0,0,0,0,0,0,0,0,0,0,0,0,0,0,0,0,0,0,0,0,0,0,0,2020/01/28 00:00:00,2020/01/28 00:00:00,2,3,Fenitrothion,0.5,ha,80,l,160,ha,0,1,0,0,0,80,Band
43.065,15.9372222220001,24319,2020/01/28 00:00:00,10:27,2020/01/28 00:00:00,10:27,No,Late,alsalmia,200,Exact,YE,435025,RAMSES38_YEM20-06.XL,Gregarious appearing,1,0,1,2,1,0,0,0,0,0,0,0,0,0,0,0,0,0,0,0,0,0,0,0,0,0,0,0,0,0,0,0,0,0,0,0,0,0,0,1,0,0,1,-1,0,0,0,0,0,3,1,0,3,0,0,1,0,0.001,0.001,1,0,0,0,0,0,0,0,0,0,1,0,0,3,3,0,1,0,0,0,0,0,0,0,1,0,0,1,0,0,0,0,0,0,0,0,0,0,0,0,0,0,0,0,0,0,0,0,0,0,0,0,0,0,0,0,0,0,0,2020/01/28 00:00:00,2020/01/28 00:00:00,2,3,Fenitrothion,0.5,ha,60,l,120,ha,0,1,0,0,0,80,Band
43.142222222,15.023333333,24320,2020/01/24 00:00:00,10:35,2020/01/24 00:00:00,10:35,No,Late,Alslip,100,Exact,YE,435026,RAMSES38_YEM20-06.XL,Gregarious appearing,1,0,1,2,1,0,0,0,0,0,0,0,0,0,0,0,0,0,0,0,0,0,0,0,0,0,0,0,0,0,0,0,0,0,0,0,0,0,0,1,0,0,15,-1,0,0,0,0,0,1,1,0,3,0,0,1,0,0.001,0.001,1,0,0,0,0,0,0,0,0,1,0,0,0,3,1,0,0,0,0,0,0,0,1,0,0,0,0,1,0,0,0,0,0,0,0,0,0,0,0,0,0,0,0,0,0,0,0,0,0,0,0,0,0,0,0,0,0,0,0,2020/01/24 00:00:00,2020/01/24 00:00:00,2,3,Fenitrothion,0.2,ha,20,l,40,ha,0,1,0,0,0,95,Band
43.145555556,15.018888889,24321,2020/01/20 00:00:00,11:26,2020/01/20 00:00:00,11:26,No,Middle,W. Kaza{[1]}a,100,Exact,YE,435028,RAMSES38_YEM20-06.XL,Gregarious & transie,1,0,1,2,1,0,0,0,0,0,0,0,0,0,0,0,0,0,0,0,0,0,0,0,0,0,0,0,0,0,0,0,0,0,0,0,0,0,0,1,0,0,5,-1,0,0,0,0,0,1,1,0,3,0,0,1,0,0.003,0.003,0,1,0,0,0,0,0,0,0,1,0,0,0,2,3,0,1,0,0,0,0,0,0,0,1,1,1,1,0,0,0,0,0,0,0,0,0,0,0,0,0,0,0,0,0,0,0,0,0,0,0,0,0,0,0,0,0,0,0,2020/01/20 00:00:00,2020/01/20 00:00:00,2,2,Other,2,ha,20,l,40,ha,0,1,0,0,0,85,Band
43.1102777780001,15.960555556,24322,2020/01/29 00:00:00,09:47,2020/01/29 00:00:00,09:47,No,Late,alkhmagiah,200,Exact,YE,435033,RAMSES38_YEM20-06.XL,Gregarious & transie,1,0,1,2,1,0,0,0,0,0,0,0,0,0,0,0,0,0,0,0,0,0,0,0,0,0,0,0,0,0,0,0,0,0,0,0,0,0,1,0,0,0,1,-1,0,0,0,0,0,3,1,0,3,0,0,1,0,1,1,0,0,1,0,0,0,0,0,0,0,1,0,0,3,1,0,0,0,0,0,0,0,0,0,1,0,1,1,0,0,0,0,0,0,0,0,0,0,0,0,0,0,0,0,0,0,0,0,0,0,0,0,0,0,0,0,0,0,0,2020/01/29 00:00:00,2020/01/29 00:00:00,2,3,Malathion,0.5,ha,60,l,120,ha,0,1,0,0,0,80,Band
42.9575,15.782777778,24323,2020/01/01 00:00:00,10:16,2020/01/01 00:00:00,10:16,No,Early,aldarawish,100,Exact,YE,435034,RAMSES38_YEM20-06.XL,Gregarious appearing,1,0,1,2,1,0,0,0,0,0,0,0,0,0,0,0,0,0,0,0,0,0,0,0,0,0,0,0,0,0,0,0,0,0,0,0,0,0,0,1,0,0,3,-1,0,0,1,3,0,0,0,0,0,0,0,0,1,0.001,0.001,1,0,0,0,0,0,0,0,0,0,1,0,0,1,0,0,1,0,0,0,1,0,0,0,0,0,0,1,0,0,0,0,0,0,0,0,0,0,0,0,0,0,0,0,0,0,0,0,0,0,0,0,0,0,0,0,0,0,0,1899/12/30 00:00:00,1899/12/30 00:00:00,0,0, ,0, ,0, ,0, ,0,0,0,0,0,0,Band
43.1025,15.966388889,24324,2020/01/02 00:00:00,08:45,2020/01/02 00:00:00,08:45,No,Early,labada,100,Exact,YE,435037,RAMSES38_YEM20-06.XL,Transiens appearing,1,0,1,2,1,0,0,0,0,0,0,0,0,0,0,0,0,0,0,0,0,0,0,0,0,0,0,0,0,0,0,0,0,0,0,0,0,0,0,0,1,0,8,-1,0,0,1,1,3,0,0,0,0,0,0,0,1,10,10,0,0,0,1,0,0,0,0,0,1,0,0,0,-1,0,0,1,0,0,0,0,0,0,0,1,1,1,0,0,0,0,0,0,0,0,0,0,0,0,0,0,0,0,0,0,0,0,0,0,0,0,0,0,0,0,0,0,0,0,2020/01/02 00:00:00,2020/01/02 00:00:00,2,1,Chlorpyrifos,1,ha,80,l,80,ha,0,1,0,0,0,80,Band
43.151666667,14.98,24325,2020/01/02 00:00:00,08:57,2020/01/02 00:00:00,08:57,No,Early,Deer Suhail,100,Exact,YE,435038,RAMSES38_YEM20-06.XL,Transiens appearing,1,0,1,2,1,0,0,0,0,0,0,0,0,0,0,0,0,0,0,0,0,0,0,0,0,0,0,0,0,0,0,0,0,0,0,0,0,0,0,0,1,0,5,-1,0,0,0,3,1,1,0,0,0,0,0,0,1,0.0020000001,0.0020000001,1,0,0,0,0,0,0,0,0,1,0,0,0,-1,1,0,3,0,0,0,0,0,0,0,1,1,1,0,0,0,0,0,0,0,0,0,0,0,0,0,0,0,0,0,0,0,0,0,0,0,0,0,0,0,0,0,0,0,0,1899/12/30 00:00:00,1899/12/30 00:00:00,0,0, ,0, ,0, ,0, ,0,0,0,0,0,0,Band
43.0438888890001,15.957222222,24326,2020/01/02 00:00:00,09:05,2020/01/02 00:00:00,09:05,No,Early,almkaser,100,Exact,YE,435039,RAMSES38_YEM20-06.XL,Gregarious & transie,1,0,1,2,1,0,0,0,0,0,0,0,0,0,0,0,0,0,0,0,0,0,0,0,0,0,0,0,0,0,0,0,0,0,0,0,0,0,0,1,0,0,5,-1,0,0,0,3,1,0,0,0,0,0,0,0,1,0.001,0.001,1,0,0,0,0,0,0,0,0,1,0,0,0,1,0,0,1,0,0,0,0,1,0,0,0,1,1,1,0,0,0,0,0,0,0,0,0,0,0,0,0,0,0,0,0,0,0,0,0,0,0,0,0,0,0,0,0,0,0,2020/01/02 00:00:00,2020/01/02 00:00:00,2,1,Malathion,0.5,ha,40,l,80,ha,0,1,0,0,0,90,Band
42.9980555560001,15.9422222220001,24327,2020/01/02 00:00:00,09:47,2020/01/02 00:00:00,09:47,No,Early,aryea,200,Exact,YE,435042,RAMSES38_YEM20-06.XL,Gregarious & transie,1,0,1,2,1,0,0,0,0,0,0,0,0,0,0,0,0,0,0,0,0,0,0,0,0,0,0,0,0,0,0,0,0,0,0,0,0,0,0,1,0,0,2,-1,0,0,0,1,3,0,0,0,0,0,0,0,1,0.0020000001,0.0020000001,1,0,0,0,0,0,0,0,0,0,1,0,0,1,0,0,1,0,0,0,0,0,0,0,1,1,1,1,0,0,0,0,0,0,0,0,0,0,0,0,0,0,0,0,0,0,0,0,0,0,0,0,0,0,0,0,0,0,0,1899/12/30 00:00:00,1899/12/30 00:00:00,0,0, ,0, ,0, ,0, ,0,0,0,0,0,0,Band
38.8747222220001,17.085833333,24328,2020/01/08 00:00:00,10:38,2020/01/08 00:00:00,10:38,No,Early,Galabsagla,400,Exact,ER,436487,RAMSES38_ERI20-10.XL, ,1,0,1,2,1,0,0,0,0,0,0,1,0,0,-1,0,0,0,0,0,0,0,0,0,0,0,0,0,1,0,0,0,1,0,0,0,0,0,1,0,0,0,0,-1,0,0,0,1,1,0,0,0,0,0,0,1,0,1,1,0,0,1,0,0,0,0,0,0,0,0,0,0,0,0,0,0,0,0,0,0,0,0,0,0,0,0,0,0,0,0,0,0,0,0,0,0,0,0,0,0,0,0,0,0,0,0,0,0,0,0,0,0,0,0,0,0,0,0,2020/01/08 00:00:00,2020/01/08 00:00:00,2,1,Malathion,12.8,ha,1295.2,l,10,ha,0,1,0,0,0,0,Band
38.7933333330001,17.026111111,24329,2020/01/09 00:00:00,11:20,2020/01/09 00:00:00,11:20,No,Early,Galabsagla,300,Exact,ER,436501,RAMSES38_ERI20-10.XL, ,1,0,1,2,1,0,0,0,0,0,0,1,0,0,-1,0,0,0,0,0,0,0,0,0,0,0,0,0,1,0,0,0,1,0,0,0,0,0,1,0,0,0,0,-1,0,0,0,1,1,1,0,0,0,0,0,1,0,1,1,0,0,1,0,0,0,0,0,0,0,0,0,0,0,0,0,0,0,0,0,0,0,0,0,0,0,0,0,0,0,0,0,0,0,0,0,0,0,0,0,0,0,0,0,0,0,0,0,0,0,0,0,0,0,0,0,0,0,0,2020/01/09 00:00:00,2020/01/09 00:00:00,2,1,Malathion,12.8,ha,1295.2,l,10,ha,1,0,0,0,0,95,Band
43.018333333,15.942777778,24330,2020/01/21 00:00:00,09:36,2020/01/21 00:00:00,09:36,No,Late,almarwfia,200,Exact,YE,435048,RAMSES38_YEM20-06.XL,Gregarious & transie,1,0,1,2,1,0,0,0,0,0,0,0,0,0,0,0,0,0,0,0,0,0,0,0,0,0,0,0,0,0,0,0,0,0,0,0,0,0,0,1,0,0,3,-1,0,0,0,0,0,1,1,0,3,0,0,1,0,1,1,0,0,1,0,0,0,0,0,0,1,0,0,0,1,3,0,1,0,0,0,0,0,1,0,0,0,1,1,0,0,0,0,0,0,0,0,0,0,0,0,0,0,0,0,0,0,0,0,0,0,0,0,0,0,0,0,0,0,0,2020/01/21 00:00:00,2020/01/21 00:00:00,2,3,Fenitrothion,0.5,ha,60,l,120,ha,0,1,0,0,0,80,Band
43.0427777780001,15.9469444440001,24331,2020/01/29 00:00:00,09:53,2020/01/29 00:00:00,09:53,No,Late,alkhmagiah,200,Exact,YE,435050,RAMSES38_YEM20-06.XL,Gregarious & transie,1,0,1,2,1,0,0,0,0,0,0,0,0,0,0,0,0,0,0,0,0,0,0,0,0,0,0,0,0,0,0,0,0,0,0,0,0,0,1,0,0,0,1,-1,0,0,0,0,0,3,1,0,3,0,0,1,0,1,1,0,0,1,0,0,0,0,0,0,0,1,0,0,3,1,0,0,0,0,0,0,0,0,0,1,0,1,1,0,0,0,0,0,0,0,0,0,0,0,0,0,0,0,0,0,0,0,0,0,0,0,0,0,0,0,0,0,0,0,2020/01/29 00:00:00,2020/01/29 00:00:00,2,3,Malathion,0.5,ha,60,l,120,ha,0,1,0,0,0,80,Band
43.055,15.9766666670001,24332,2020/01/29 00:00:00,10:21,2020/01/29 00:00:00,10:21,No,Late,alkdimah,200,Exact,YE,435051,RAMSES38_YEM20-06.XL,Gregarious & transie,1,0,1,2,1,0,0,0,0,0,0,0,0,0,0,0,0,0,0,0,0,0,0,0,0,0,0,0,0,0,0,0,0,0,0,0,0,0,1,0,0,0,0,-1,0,0,0,0,0,3,1,0,3,0,0,1,0,1,1,0,0,1,0,0,0,0,0,0,0,1,0,0,3,1,0,0,0,0,0,0,0,0,1,0,0,1,1,0,0,0,0,0,0,0,0,0,0,0,0,0,0,0,0,0,0,0,0,0,0,0,0,0,0,0,0,0,0,0,2020/01/29 00:00:00,2020/01/29 00:00:00,2,3,Malathion,0.5,ha,60,l,120,ha,0,1,0,0,0,80,Band
43.084444444,15.088055556,24333,2020/01/29 00:00:00,11:15,2020/01/29 00:00:00,11:15,No,Late,Alhsneh,100,Exact,YE,435052,RAMSES38_YEM20-06.XL, ,1,0,1,2,1,0,0,0,0,0,0,0,0,0,0,0,0,0,0,0,0,0,0,0,0,0,0,0,0,0,0,0,0,0,0,0,0,0,0,0,1,0,30,-1,0,0,0,0,1,3,1,0,3,0,0,1,0,20,20,0,0,0,1,0,0,0,0,0,0,0,0,0,0,0,0,0,0,0,0,0,0,0,0,0,0,0,0,0,0,0,0,0,0,0,0,0,0,0,0,0,0,0,0,0,0,0,0,0,0,0,0,0,0,0,0,0,0,0,2020/01/29 00:00:00,2020/01/29 00:00:00,2,3,Other,0.2,ha,2,l,50,ha,0,1,0,0,0,95,Band
43.066666667,15.085277778,24334,2020/01/30 00:00:00,08:15,2020/01/30 00:00:00,08:15,No,Late,Deer Hamza,100,Exact,YE,435059,RAMSES38_YEM20-06.XL,Gregarious & transie,1,0,1,2,1,0,0,0,0,0,0,0,0,0,0,0,0,0,0,0,0,0,0,0,0,0,0,0,0,0,0,0,0,0,0,0,0,0,0,0,1,0,3,-1,0,0,0,0,0,1,3,0,1,0,0,1,0,1,1,0,0,1,0,0,0,0,0,0,1,0,0,0,1,3,0,1,0,0,0,0,0,0,0,1,0,1,1,0,0,0,0,0,0,0,0,0,0,0,0,0,0,0,0,0,0,0,0,0,0,0,0,0,0,0,0,0,0,0,2020/01/30 00:00:00,2020/01/30 00:00:00,2,3,Other,1,ha,4,l,40,ha,0,1,0,0,0,75,Band
43.0094444440001,15.9277777780001,24335,2020/01/02 00:00:00,09:56,2020/01/02 00:00:00,09:56,No,Early,shab  alma,100,Exact,YE,435061,RAMSES38_YEM20-06.XL,Gregarious appearing,1,0,1,2,1,0,0,0,0,0,0,0,0,0,0,0,0,0,0,0,0,0,0,0,0,0,0,0,0,0,0,0,0,0,0,0,0,0,0,1,0,0,4,-1,0,0,0,3,1,0,0,0,0,0,0,1,0,0.0049999999,0.0049999999,0,1,0,0,0,0,0,0,0,1,0,0,0,1,0,0,1,0,0,0,0,1,0,0,0,0,0,1,0,0,0,0,0,0,0,0,0,0,0,0,0,0,0,0,0,0,0,0,0,0,0,0,0,0,0,0,0,0,0,2020/01/02 00:00:00,2020/01/02 00:00:00,2,1,Chlorpyrifos,5,ha,40,l,80,ha,0,1,0,0,0,80,Band
43.0275,15.906944444,24336,2020/01/02 00:00:00,10:15,2020/01/02 00:00:00,10:15,No,Early,almbahseh,100,Exact,YE,435062,RAMSES38_YEM20-06.XL,Gregarious appearing,1,0,1,2,1,0,0,0,0,0,0,0,0,0,0,0,0,0,0,0,0,0,0,0,0,0,0,0,0,0,0,0,0,0,0,0,0,0,0,0,1,0,6,-1,0,0,0,3,1,0,0,0,0,0,0,0,1,0.0020000001,0.0020000001,1,0,0,0,0,0,0,0,0,0,1,0,0,1,0,0,1,0,0,0,1,0,0,0,0,0,0,1,0,0,0,0,0,0,0,0,0,0,0,0,0,0,0,0,0,0,0,0,0,0,0,0,0,0,0,0,0,0,0,1899/12/30 00:00:00,1899/12/30 00:00:00,0,0, ,0, ,0, ,0, ,0,0,0,0,0,0,Band
43.1475,14.9775,24337,2020/01/02 00:00:00,10:19,2020/01/02 00:00:00,10:19,No,Early,AlHumara,100,Exact,YE,435063,RAMSES38_YEM20-06.XL,Gregarious & transie,1,0,1,1,1,5,10,0,0,0,0,1,0,0,-1,0,0,0,0,1,3,1,0,3,0,1,0,0,0,0,1,1,0,0,0,0,0,0,0,0,1,0,15,-1,0,0,1,3,1,0,0,0,0,0,0,0,1,0.0024999999,0.0024999999,0,1,0,0,0,0,0,0,0,1,0,0,0,-1,1,0,3,1,1,0,0,0,0,0,1,1,1,1,0,0,0,0,0,0,0,0,0,0,0,0,0,0,0,0,0,0,0,0,0,0,0,0,0,0,0,0,0,0,0,1899/12/30 00:00:00,1899/12/30 00:00:00,0,0, ,0, ,0, ,0, ,0,0,0,0,0,0,Band
43.0455555560001,15.896666667,24338,2020/01/02 00:00:00,10:32,2020/01/02 00:00:00,10:32,No,Early,bani balwsh,100,Exact,YE,435064,RAMSES38_YEM20-06.XL,Gregarious appearing,1,0,1,2,1,0,0,0,0,0,0,0,0,0,0,0,0,0,0,0,0,0,0,0,0,0,0,0,0,0,0,0,0,0,0,0,0,0,0,0,1,0,5,-1,0,0,0,1,3,0,0,0,0,0,0,0,1,0.0020000001,0.0020000001,1,0,0,0,0,0,0,0,0,1,0,0,0,1,0,0,1,0,0,0,1,0,0,0,0,0,0,1,0,0,0,0,0,0,0,0,0,0,0,0,0,0,0,0,0,0,0,0,0,0,0,0,0,0,0,0,0,0,0,2020/01/02 00:00:00,2020/01/02 00:00:00,2,1,Chlorpyrifos,5,ha,20,l,40,ha,0,1,0,0,0,75,Band
43.0708333330001,15.885,24339,2020/01/02 00:00:00,10:57,2020/01/02 00:00:00,10:57,No,Early,bani balwsh,100,Exact,YE,435065,RAMSES38_YEM20-06.XL,Transiens appearing,1,0,1,2,1,0,0,0,0,0,0,0,0,0,0,0,0,0,0,0,0,0,0,0,0,0,0,0,0,0,0,0,0,0,0,0,0,0,0,0,1,0,4,-1,0,0,1,3,1,0,0,0,0,0,0,0,1,0.0020000001,0.0020000001,1,0,0,0,0,0,0,0,0,1,0,0,0,-1,0,0,1,0,0,0,0,0,0,0,1,0,1,0,0,0,0,0,0,0,0,0,0,0,0,0,0,0,0,0,0,0,0,0,0,0,0,0,0,0,0,0,0,0,0,1899/12/30 00:00:00,1899/12/30 00:00:00,0,0, ,0, ,0, ,0, ,0,0,0,0,0,0,Band
43.1252777780001,14.9825,24340,2020/01/02 00:00:00,11:11,2020/01/02 00:00:00,11:11,No,Early,Al Burah,100,Exact,YE,435066,RAMSES38_YEM20-06.XL,Transiens appearing,1,0,1,2,1,0,0,0,0,0,0,0,0,0,0,0,0,0,0,0,0,0,0,0,0,0,0,0,0,0,0,0,0,0,0,0,0,0,0,0,1,0,5,-1,0,0,0,1,1,3,0,0,3,0,0,0,1,0.02,0.02,0,1,0,0,0,0,0,0,0,1,0,0,0,-1,1,0,3,0,0,0,0,0,0,0,1,1,1,0,0,0,0,0,0,0,0,0,0,0,0,0,0,0,0,0,0,0,0,0,0,0,0,0,0,0,0,0,0,0,0,1899/12/30 00:00:00,1899/12/30 00:00:00,0,0, ,0, ,0, ,0, ,0,0,0,0,0,0,Band
43.084166667,15.9166666670001,24341,2020/01/02 00:00:00,11:17,2020/01/02 00:00:00,11:17,No,Early,arya,100,Exact,YE,435067,RAMSES38_YEM20-06.XL, ,1,0,1,2,1,0,0,0,0,0,0,0,0,0,0,0,0,0,0,0,0,0,0,0,0,0,0,0,0,0,0,0,0,0,0,0,0,0,0,0,1,0,4,-1,0,0,1,3,0,0,0,0,0,0,0,0,1,0.001,0.001,1,0,0,0,0,0,0,0,0,0,0,0,0,0,0,0,0,0,0,0,0,0,0,0,0,0,0,0,0,0,0,0,0,0,0,0,0,0,0,0,0,0,0,0,0,0,0,0,0,0,0,0,0,0,0,0,0,0,0,1899/12/30 00:00:00,1899/12/30 00:00:00,0,0, ,0, ,0, ,0, ,0,0,0,0,0,0,Band
43.1141666670001,15.9355555560001,24342,2020/01/02 00:00:00,11:29,2020/01/02 00:00:00,11:29,No,Early,bani aili,100,Exact,YE,435068,RAMSES38_YEM20-06.XL, ,1,0,1,2,1,0,0,0,0,0,0,0,0,0,0,0,0,0,0,0,0,0,0,0,0,0,0,0,0,0,0,0,0,0,0,0,0,0,0,0,1,0,6,-1,0,0,1,3,1,0,0,0,0,0,0,0,1,0.001,0.001,1,0,0,0,0,0,0,0,0,0,0,0,0,0,0,0,0,0,0,0,0,0,0,0,0,0,0,0,0,0,0,0,0,0,0,0,0,0,0,0,0,0,0,0,0,0,0,0,0,0,0,0,0,0,0,0,0,0,0,1899/12/30 00:00:00,1899/12/30 00:00:00,0,0, ,0, ,0, ,0, ,0,0,0,0,0,0,Band
43.155,15.006666667,24343,2020/01/03 00:00:00,09:17,2020/01/03 00:00:00,09:17,No,Early,Deer Shua{[1]}la,100,Exact,YE,435069,RAMSES38_YEM20-06.XL,Transiens appearing,1,0,1,1,1,0,0,0,0,0,0,0,0,0,0,0,0,0,0,0,0,0,0,0,0,0,0,0,0,0,0,0,0,0,0,0,0,0,0,0,1,0,3,-1,0,0,0,1,3,1,0,0,0,0,0,0,1,0.0049999999,0.0049999999,0,1,0,0,0,0,0,0,0,1,0,0,0,-1,1,0,3,1,1,0,0,0,0,0,1,1,1,0,0,0,0,0,0,0,0,0,0,0,0,0,0,0,0,0,0,0,0,0,0,0,0,0,0,0,0,0,0,0,0,1899/12/30 00:00:00,1899/12/30 00:00:00,0,0, ,0, ,0, ,0, ,0,0,0,0,0,0,Band
43.018333333,15.942777778,24344,2020/01/21 00:00:00,10:05,2020/01/21 00:00:00,10:05,No,Late,almbahesah,200,Exact,YE,435071,RAMSES38_YEM20-06.XL,Transiens appearing,1,0,1,2,1,0,0,0,0,0,0,0,0,0,0,0,0,0,0,0,0,0,0,0,0,0,0,0,0,0,0,0,0,0,0,0,0,0,0,1,0,0,2,-1,0,0,0,0,0,1,1,0,3,0,0,1,0,10,10,0,0,0,1,0,0,0,0,0,1,0,0,0,-1,1,0,3,0,0,0,0,0,0,0,1,1,1,0,0,0,0,0,0,0,0,0,0,0,0,0,0,0,0,0,0,0,0,0,0,0,0,0,0,0,0,0,0,0,0,1899/12/30 00:00:00,1899/12/30 00:00:00,0,0, ,0, ,0, ,0, ,0,0,0,0,0,0,Band
43.161944444,14.9755555560001,24345,2020/01/14 00:00:00,08:49,2020/01/14 00:00:00,08:49,No,Middle,Der Shj,100,Exact,YE,435078,RAMSES38_YEM20-06.XL, ,1,0,1,2,1,0,0,0,0,0,0,0,0,0,0,0,0,0,0,0,0,0,0,0,0,0,0,0,0,0,0,0,0,0,0,0,0,0,0,0,1,0,30,-1,0,0,1,1,3,1,1,0,1,0,0,1,0,10,10,0,0,0,1,0,0,0,0,0,0,0,0,0,0,0,0,0,0,0,0,0,0,0,0,0,0,0,0,0,0,0,0,0,0,0,0,0,0,0,0,0,0,0,0,0,0,0,0,0,0,0,0,0,0,0,0,0,0,0,2020/01/14 00:00:00,2020/01/14 00:00:00,2,2,Other,1,ha,4,l,50,ha,0,1,0,0,0,95,Band
43.065555556,15.078611111,24346,2020/01/30 00:00:00,10:57,2020/01/30 00:00:00,10:57,No,Late,N. Deer Unes,100,Exact,YE,435080,RAMSES38_YEM20-06.XL,Gregarious & transie,1,0,1,2,1,0,0,0,0,0,0,0,0,0,0,0,0,0,0,0,0,0,0,0,0,0,0,0,0,0,0,0,0,0,0,0,0,0,0,1,0,0,3,-1,0,0,0,0,0,1,3,0,1,0,0,1,0,0.0049999999,0.0049999999,0,1,0,0,0,0,0,0,0,1,0,0,0,1,3,0,1,0,0,0,0,0,0,0,1,0,1,1,0,0,0,0,0,0,0,0,0,0,0,0,0,0,0,0,0,0,0,0,0,0,0,0,0,0,0,0,0,0,0,2020/01/30 00:00:00,2020/01/30 00:00:00,2,3,Other,1,ha,4,l,30,ha,0,1,0,0,0,80,Band
43.086666667,15.085,24347,2020/01/30 00:00:00,11:15,2020/01/30 00:00:00,11:15,No,Late,N. Kadaneya,100,Exact,YE,435082,RAMSES38_YEM20-06.XL,Gregarious & transie,1,0,1,2,1,0,0,0,0,0,0,0,0,0,0,0,0,0,0,0,0,0,0,0,0,0,0,0,0,0,0,0,0,0,0,0,0,0,0,1,0,0,3,-1,0,0,0,0,0,1,3,0,1,0,0,1,0,0.0049999999,0.0049999999,0,1,0,0,0,0,0,0,0,1,0,0,0,2,3,0,1,0,0,0,0,0,0,0,1,0,1,1,0,0,0,0,0,0,0,0,0,0,0,0,0,0,0,0,0,0,0,0,0,0,0,0,0,0,0,0,0,0,0,2020/01/30 00:00:00,2020/01/30 00:00:00,2,3,Other,1,ha,8,l,35,ha,0,1,0,0,0,80,Band
43.088333333,15.089722222,24348,2020/01/31 00:00:00,08:17,2020/01/31 00:00:00,08:17,No,Late,Hasaneya,100,Exact,YE,435083,RAMSES38_YEM20-06.XL,Gregarious & transie,1,0,1,2,1,0,0,0,0,0,0,0,0,0,0,0,0,0,0,0,0,0,0,0,0,0,0,0,0,0,0,0,0,0,0,0,0,0,0,0,1,0,3,-1,0,0,0,0,0,1,3,0,1,0,0,1,0,1,1,0,0,1,0,0,0,0,0,0,1,0,0,0,2,3,0,1,0,0,0,0,0,0,0,1,0,1,1,0,0,0,0,0,0,0,0,0,0,0,0,0,0,0,0,0,0,0,0,0,0,0,0,0,0,0,0,0,0,0,2020/01/31 00:00:00,2020/01/31 00:00:00,2,3,Deltamethrin,0.5,ha,20,l,45,ha,0,1,0,0,0,80,Band
43.088611111,15.088055556,24349,2020/01/31 00:00:00,08:31,2020/01/31 00:00:00,08:31,No,Late,Hasaneya.1,100,Exact,YE,435084,RAMSES38_YEM20-06.XL,Gregarious & transie,1,0,1,2,1,0,0,0,0,0,0,0,0,0,0,0,0,0,0,0,0,0,0,0,0,0,0,0,0,0,0,0,0,0,0,0,0,0,0,0,1,0,3,-1,0,0,0,0,0,1,3,0,1,0,0,1,0,1,1,0,0,1,0,0,0,0,0,0,1,0,0,0,2,3,0,1,0,0,0,0,0,0,0,1,0,1,1,0,0,0,0,0,0,0,0,0,0,0,0,0,0,0,0,0,0,0,0,0,0,0,0,0,0,0,0,0,0,0,2020/01/31 00:00:00,2020/01/31 00:00:00,2,3,Other,1,ha,8,l,35,ha,0,1,0,0,0,80,Band
43.1475,15.018888889,24350,2020/01/18 00:00:00,09:30,2020/01/18 00:00:00,09:30,No,Middle,SW. Kaza{[1]}a,100,Exact,YE,432975,RAMSES38_YEM20-04.XL,Transiens appearing,1,0,1,2,1,0,0,0,0,0,0,0,0,0,0,0,0,0,0,0,0,0,0,0,0,0,0,0,0,0,0,0,0,0,0,0,0,0,0,0,1,0,3,-1,0,0,0,0,0,1,3,0,1,0,0,1,0,1,1,0,0,1,0,0,0,0,0,0,0,1,0,0,-1,3,0,1,0,0,0,0,0,0,0,1,1,1,0,0,0,0,0,0,0,0,0,0,0,0,0,0,0,0,0,0,0,0,0,0,0,0,0,0,0,0,0,0,0,0,2020/01/18 00:00:00,2020/01/18 00:00:00,2,2,Other,1,ha,10,l,20,ha,0,1,0,0,0,80,Band
43.1580555560001,14.978333333,24351,2020/01/18 00:00:00,09:47,2020/01/18 00:00:00,09:47,No,Middle,S. Suhail,200,Exact,YE,432976,RAMSES38_YEM20-04.XL,Transiens appearing,1,0,1,2,1,0,0,0,0,0,0,0,0,0,0,0,0,0,0,0,0,0,0,0,0,0,0,0,0,0,0,0,0,0,0,0,0,0,0,1,0,0,5,-1,0,0,0,0,0,1,3,0,1,0,0,1,0,0.003,0.003,0,1,0,0,0,0,0,0,0,0,1,0,0,-1,3,0,1,0,0,0,0,0,0,0,1,1,1,0,0,0,0,0,0,0,0,0,0,0,0,0,0,0,0,0,0,0,0,0,0,0,0,0,0,0,0,0,0,0,0,2020/01/18 00:00:00,2020/01/18 00:00:00,2,2,Malathion,0.5,ha,40,l,80,ha,0,1,0,0,0,80,Band
43.145277778,14.9788888890001,24352,2020/01/15 00:00:00,12:16,2020/01/15 00:00:00,12:16,No,Middle,SW. Humara,200,Exact,YE,432977,RAMSES38_YEM20-04.XL,Gregarious & transie,1,0,1,2,1,0,0,0,0,0,0,0,0,0,0,0,0,0,0,0,0,0,0,0,0,0,0,0,0,0,0,0,0,0,0,0,0,0,0,1,0,0,6,-1,0,0,0,0,0,1,1,0,3,0,0,1,0,0.0020000001,0.0020000001,1,0,0,0,0,0,0,0,0,0,1,0,0,-1,3,0,1,0,0,0,0,0,0,0,1,1,1,1,0,0,0,0,0,0,0,0,0,0,0,0,0,0,0,0,0,0,0,0,0,0,0,0,0,0,0,0,0,0,0,2020/01/15 00:00:00,2020/01/15 00:00:00,2,2,Malathion,0.5,ha,30,l,60,ha,0,1,0,0,0,80,Band
43.088611111,15.963888889,24353,2020/01/16 00:00:00,08:54,2020/01/16 00:00:00,08:54,No,Middle,alwadi,200,Exact,YE,432978,RAMSES38_YEM20-04.XL,Transiens appearing,1,0,1,2,1,0,0,0,0,0,0,0,0,0,0,0,0,0,0,0,0,0,0,0,0,0,0,0,0,0,0,0,0,0,0,0,0,0,0,0,1,0,3,-1,0,0,0,0,1,1,3,0,0,0,0,1,0,10,10,0,0,0,1,0,0,0,0,0,1,0,0,0,-1,0,0,1,0,0,0,0,0,0,0,1,1,1,0,0,0,0,0,0,0,0,0,0,0,0,0,0,0,0,0,0,0,0,0,0,0,0,0,0,0,0,0,0,0,0,2020/01/16 00:00:00,2020/01/16 00:00:00,2,2,Fenitrothion,0.5,ha,80,l,160,ha,0,1,0,0,0,85,Band
43.1102777780001,14.909444444,24354,2020/01/17 00:00:00,10:10,2020/01/17 00:00:00,10:10,No,Middle,OrOriseya,200,Exact,YE,432979,RAMSES38_YEM20-04.XL,Transiens appearing,1,0,1,2,1,0,0,0,0,0,0,0,0,0,0,0,0,0,0,0,0,0,0,0,0,0,0,0,0,0,0,0,0,0,0,0,0,0,0,0,1,0,4,-1,0,0,0,0,0,1,3,0,1,0,0,1,0,0.003,0.003,0,1,0,0,0,0,0,0,0,1,0,0,0,-1,3,0,1,0,0,0,0,0,0,0,1,1,1,0,0,0,0,0,0,0,0,0,0,0,0,0,0,0,0,0,0,0,0,0,0,0,0,0,0,0,0,0,0,0,0,2020/01/17 00:00:00,2020/01/17 00:00:00,2,2,Other,2,ha,15,l,50,ha,1,0,0,0,0,80,Band
43.089166667,15.955277778,24355,2020/01/17 00:00:00,10:58,2020/01/17 00:00:00,10:58,No,Middle,alwadi,200,Exact,YE,432980,RAMSES38_YEM20-04.XL,Transiens appearing,1,0,1,2,1,0,0,0,0,0,0,0,0,0,0,0,0,0,0,0,0,0,0,0,0,0,0,0,0,0,0,0,0,0,0,0,0,0,0,0,1,0,3,-1,0,0,0,0,0,1,3,0,1,0,0,1,0,10,10,0,0,0,1,0,0,0,0,0,1,0,0,0,-1,0,0,1,0,0,0,0,0,0,0,1,1,1,0,0,0,0,0,0,0,0,0,0,0,0,0,0,0,0,0,0,0,0,0,0,0,0,0,0,0,0,0,0,0,0,2020/01/17 00:00:00,2020/01/17 00:00:00,2,2,Fenitrothion,0.5,ha,80,l,160,ha,0,1,0,0,0,80,Band
43.1141666670001,15.0061111110001,24356,2020/01/18 00:00:00,08:57,2020/01/18 00:00:00,08:57,No,Middle,N. Dubaish,200,Exact,YE,432981,RAMSES38_YEM20-04.XL,Transiens appearing,1,0,1,2,1,0,0,0,0,0,0,0,0,0,0,0,0,0,0,0,0,0,0,0,0,0,0,0,0,0,0,0,0,0,0,0,0,0,1,0,0,0,5,-1,0,0,0,0,0,1,3,0,1,0,0,1,0,0.0020000001,0.0020000001,1,0,0,0,0,0,0,0,0,0,1,0,0,-1,3,0,1,0,0,0,0,0,0,0,1,1,1,0,0,0,0,0,0,0,0,0,0,0,0,0,0,0,0,0,0,0,0,0,0,0,0,0,0,0,0,0,0,0,0,2020/01/18 00:00:00,2020/01/18 00:00:00,2,2,Malathion,0.5,ha,30,l,60,ha,0,1,0,0,0,80,Band
43.083333333,15.960833333,24357,2020/01/16 00:00:00,09:33,2020/01/16 00:00:00,09:33,No,Middle,katf alhagaria,100,Exact,YE,432982,RAMSES38_YEM20-04.XL, ,1,0,1,2,1,0,0,0,0,0,0,0,0,0,0,0,0,0,0,0,0,0,0,0,0,0,0,0,0,0,0,0,0,0,0,0,0,0,0,0,1,0,4,-1,0,0,0,0,0,1,3,0,0,0,0,1,0,10,10,0,0,0,1,0,0,0,0,0,0,0,0,0,0,0,0,0,0,0,0,0,0,0,0,0,0,0,0,0,0,0,0,0,0,0,0,0,0,0,0,0,0,0,0,0,0,0,0,0,0,0,0,0,0,0,0,0,0,0,2020/01/16 00:00:00,2020/01/16 00:00:00,2,2,Fenitrothion,0.5,ha,80,l,160,ha,0,1,0,0,0,80,Band
43.153611111,15.011388889,24358,2020/01/16 00:00:00,10:38,2020/01/16 00:00:00,10:38,No,Middle,Sulaip,200,Exact,YE,432983,RAMSES38_YEM20-04.XL,Gregarious & transie,1,0,1,2,1,0,0,0,0,0,0,0,0,0,0,0,0,0,0,0,0,0,0,0,0,0,0,0,0,0,0,0,0,0,0,0,0,0,0,0,1,0,3,-1,0,0,0,0,0,1,3,0,1,0,0,1,0,1,1,0,0,1,0,0,0,0,0,0,0,1,0,0,-1,3,0,1,0,0,0,0,0,0,0,1,1,1,1,0,0,0,0,0,0,0,0,0,0,0,0,0,0,0,0,0,0,0,0,0,0,0,0,0,0,0,0,0,0,0,2020/01/16 00:00:00,2020/01/16 00:00:00,2,2,Other,1,ha,10,l,40,ha,0,1,0,0,0,80,Band
43.138333333,14.9869444440001,24359,2020/01/16 00:00:00,10:58,2020/01/16 00:00:00,10:58,No,Middle,Humara,100,Exact,YE,432984,RAMSES38_YEM20-04.XL,Transiens appearing,1,0,1,2,1,0,0,0,0,0,0,0,0,0,0,0,0,0,0,0,0,0,0,0,0,0,0,0,0,0,0,0,0,0,0,0,0,0,0,1,0,0,5,-1,0,0,0,0,0,1,3,0,1,0,0,1,0,0.0049999999,0.0049999999,0,1,0,0,0,0,0,0,0,0,1,0,0,-1,3,0,1,0,0,0,0,0,0,0,1,1,1,0,0,0,0,0,0,0,0,0,0,0,0,0,0,0,0,0,0,0,0,0,0,0,0,0,0,0,0,0,0,0,0,2020/01/16 00:00:00,2020/01/16 00:00:00,2,2,Malathion,0.5,ha,20,l,40,ha,0,1,0,0,0,80,Band
43.04,16.0616666670001,24360,2020/01/16 00:00:00,11:23,2020/01/16 00:00:00,11:23,No,Middle,gazan baghta,200,Exact,YE,432985,RAMSES38_YEM20-04.XL,Transiens appearing,1,0,1,2,1,0,0,0,0,0,0,0,0,0,0,0,0,0,0,0,0,0,0,0,0,0,0,0,0,0,0,0,0,0,0,0,0,0,0,1,0,0,3,-1,0,0,0,0,0,1,3,0,0,0,0,1,0,10,10,0,0,0,1,0,0,0,0,0,1,0,0,0,-1,0,0,1,0,0,0,0,0,0,1,0,0,1,0,0,0,0,0,0,0,0,0,0,0,0,0,0,0,0,0,0,0,0,0,0,0,0,0,0,0,0,0,0,0,0,1899/12/30 00:00:00,1899/12/30 00:00:00,0,0, ,0, ,0, ,0, ,0,0,0,0,0,0,Band
43.152222222,15.021666667,24361,2020/01/17 00:00:00,08:23,2020/01/17 00:00:00,08:23,No,Middle,S. Kaza{[1]}a,100,Exact,YE,432986,RAMSES38_YEM20-04.XL,Transiens appearing,1,0,1,2,1,0,0,0,0,0,0,0,0,0,0,0,0,0,0,0,0,0,0,0,0,0,0,0,0,0,0,0,0,0,0,0,0,0,0,0,1,0,4,-1,0,0,0,0,0,1,3,0,1,0,0,1,0,0.0099999998,0.0099999998,0,1,0,0,0,0,0,0,0,0,1,0,0,-1,3,0,1,0,0,0,0,0,0,0,1,1,1,0,0,0,0,0,0,0,0,0,0,0,0,0,0,0,0,0,0,0,0,0,0,0,0,0,0,0,0,0,0,0,0,2020/01/17 00:00:00,2020/01/17 00:00:00,2,2,Other,2,ha,8,l,30,ha,0,1,0,0,0,80,Band
43.1005555560001,15.095833333,24362,2020/01/19 00:00:00,11:15,2020/01/19 00:00:00,11:15,No,Middle,Hasaneya.1,100,Exact,YE,432987,RAMSES38_YEM20-04.XL,Gregarious & transie,1,0,1,2,1,0,0,0,0,0,0,0,0,0,0,0,0,0,0,0,0,0,0,0,0,0,0,0,0,0,0,0,0,0,0,0,0,0,0,1,0,0,3,-1,0,0,0,0,1,3,1,0,3,0,0,1,0,0.0049999999,0.0049999999,0,1,0,0,0,0,0,0,0,1,0,0,0,-1,3,0,1,0,0,0,0,0,0,0,1,1,1,1,0,0,0,0,0,0,0,0,0,0,0,0,0,0,0,0,0,0,0,0,0,0,0,0,0,0,0,0,0,0,0,2020/01/19 00:00:00,2020/01/19 00:00:00,2,2,Other,1,ha,5,l,30,ha,1,0,0,0,0,80,Band
43.144444444,15.014444444,24363,2020/01/20 00:00:00,09:24,2020/01/20 00:00:00,09:24,No,Middle,Sulaip,200,Exact,YE,432988,RAMSES38_YEM20-04.XL,Gregarious & transie,1,0,1,2,1,0,0,0,0,0,0,0,0,0,0,0,0,0,0,0,0,0,0,0,0,0,0,0,0,0,0,0,0,0,0,0,0,0,0,0,1,0,3,-1,0,0,0,0,0,1,1,0,3,0,0,1,0,1,1,0,0,1,0,0,0,0,0,0,1,0,0,0,2,3,0,1,0,0,0,0,0,0,0,1,0,1,1,0,0,0,0,0,0,0,0,0,0,0,0,0,0,0,0,0,0,0,0,0,0,0,0,0,0,0,0,0,0,0,2020/01/20 00:00:00,2020/01/20 00:00:00,2,2,Malathion,0.5,ha,60,l,120,ha,0,1,0,0,0,80,Band
43.1475,15.018611111,24364,2020/01/26 00:00:00,10:38,2020/01/26 00:00:00,10:38,No,Late,Algzah,100,Exact,YE,432995,RAMSES38_YEM20-04.XL,Gregarious appearing,1,0,1,2,1,0,0,0,0,0,0,0,0,0,0,0,0,0,0,0,0,0,0,0,0,0,0,0,0,0,0,0,0,0,0,0,0,0,0,0,1,0,25,-1,0,0,0,0,0,3,1,0,3,0,0,1,0,0.0020000001,0.0020000001,1,0,0,0,0,0,0,0,0,1,0,0,0,3,1,0,0,0,0,0,0,0,1,0,0,0,0,1,0,0,0,0,0,0,0,0,0,0,0,0,0,0,0,0,0,0,0,0,0,0,0,0,0,0,0,0,0,0,0,2020/01/26 00:00:00,2020/01/26 00:00:00,2,3,Other,0.5,ha,2,l,50,ha,0,1,0,0,0,95,Band
43.1052777780001,15.958333333,24365,2020/01/27 00:00:00,08:25,2020/01/27 00:00:00,08:25,No,Late,qataba,200,Exact,YE,432997,RAMSES38_YEM20-04.XL,Gregarious appearing,1,0,1,2,1,0,0,0,0,0,0,0,0,0,0,0,0,0,0,0,0,0,0,0,0,0,0,0,0,0,0,0,0,0,0,0,0,0,0,0,1,0,5,-1,0,0,0,0,0,3,1,0,3,0,0,1,0,0.001,0.001,1,0,0,0,0,0,0,0,0,0,1,0,0,2,1,0,0,0,0,0,0,0,0,0,1,0,0,1,0,0,0,0,0,0,0,0,0,0,0,0,0,0,0,0,0,0,0,0,0,0,0,0,0,0,0,0,0,0,0,2020/01/27 00:00:00,2020/01/27 00:00:00,2,3,Malathion,0.5,ha,80,l,160,ha,0,1,0,0,0,80,Band
43.147777778,14.972777778,24366,2020/01/18 00:00:00,10:30,2020/01/18 00:00:00,10:30,No,Middle,Deer Damh,200,Exact,YE,432999,RAMSES38_YEM20-04.XL,Gregarious & transie,1,0,1,2,1,0,0,0,0,0,0,0,0,0,0,0,0,0,0,0,0,0,0,0,0,0,0,0,0,0,0,0,0,0,0,0,0,0,0,1,0,0,5,-1,0,0,0,0,0,1,3,0,1,0,0,1,0,0.0049999999,0.0049999999,0,1,0,0,0,0,0,0,0,0,1,0,0,-1,3,0,1,0,0,0,0,0,0,0,1,1,1,1,0,0,0,0,0,0,0,0,0,0,0,0,0,0,0,0,0,0,0,0,0,0,0,0,0,0,0,0,0,0,0,2020/01/18 00:00:00,2020/01/18 00:00:00,2,2,Malathion,0.5,ha,40,l,80,ha,0,1,0,0,0,80,Band
38.9169444440001,16.465833333,24367,2020/01/11 00:00:00,15:03,2020/01/11 00:00:00,15:03,No,Middle,kewalay,600,Exact,ER,436519,RAMSES38_ERI20-10.XL, ,1,0,1,2,1,0,0,0,0,0,0,1,0,0,-1,0,0,0,0,0,0,0,0,0,0,0,0,0,1,0,0,0,1,0,0,0,0,0,0,1,0,0,0,-1,0,0,1,1,1,1,0,0,0,0,0,0,1,200,200,0,0,0,0,1,0,0,0,0,0,0,0,0,0,0,0,0,0,0,0,0,0,0,0,0,0,0,0,0,0,0,0,0,0,0,0,0,0,0,0,0,0,0,0,0,0,0,0,0,0,0,0,0,0,0,0,0,0,0,2020/01/11 00:00:00,2020/01/11 00:00:00,2,2,Fenitrothion,12.9,ha,4367.2002, ,290,ha,1,0,0,0,0,24,Band
37.5591666670001,-0.451666666999927,24368,2020/01/31 00:00:00,00:00,2020/01/31 00:00:00,00:00,No,Late,Gikuuri,1,Exact,KE,445499,RAMSES38_KEN20-47.XL, ,1,0,1,2,1,0,0,0,0,0,0,0,0,0,0,0,0,0,0,0,0,0,0,0,0,0,0,0,0,0,0,0,0,0,0,0,0,0,0,0,0,0,0,-1,0,0,1,1,0,0,0,0,0,1,0,0,0,0,0,0,0,0,0,0,0,0,0,0,0,0,0,0,0,0,0,0,0,0,0,0,0,0,0,0,0,0,0,0,0,0,0,0,0,0,0,0,0,0,0,0,0,0,0,0,0,0,0,0,0,0,0,0,0,0,0,0,0,0,1899/12/30 00:00:00,1899/12/30 00:00:00,0,0, ,0, ,0, ,0, ,0,0,0,0,0,0,Band
43.093333333,15.085833333,24369,2020/01/31 00:00:00,08:57,2020/01/31 00:00:00,08:57,No,Late,E. Hasaneya,100,Exact,YE,435085,RAMSES38_YEM20-06.XL,Gregarious & transie,1,0,1,2,1,0,0,0,0,0,0,0,0,0,0,0,0,0,0,0,0,0,0,0,0,0,0,0,0,0,0,0,0,0,0,0,0,0,0,1,0,0,4,-1,0,0,0,0,0,1,3,0,1,0,0,1,0,0.0020000001,0.0020000001,1,0,0,0,0,0,0,0,0,1,0,0,0,2,3,0,1,0,0,0,0,0,0,0,1,0,1,1,0,0,0,0,0,0,0,0,0,0,0,0,0,0,0,0,0,0,0,0,0,0,0,0,0,0,0,0,0,0,0,2020/01/31 00:00:00,2020/01/31 00:00:00,2,3,Other,1,ha,6,l,30,ha,0,1,0,0,0,80,Band
43.0925,15.091944444,24370,2020/01/31 00:00:00,09:30,2020/01/31 00:00:00,09:30,No,Late,NE. Haosaneya,100,Exact,YE,435086,RAMSES38_YEM20-06.XL,Gregarious & transie,1,0,1,2,1,0,0,0,0,0,0,0,0,0,0,0,0,0,0,0,0,0,0,0,0,0,0,0,0,0,0,0,0,0,0,0,0,0,0,1,0,0,3,-1,0,0,0,0,0,1,3,0,1,0,0,1,0,0.003,0.003,0,1,0,0,0,0,0,0,0,1,0,0,0,2,3,0,1,0,0,0,0,0,0,0,1,1,1,1,0,0,0,0,0,0,0,0,0,0,0,0,0,0,0,0,0,0,0,0,0,0,0,0,0,0,0,0,0,0,0,2020/01/31 00:00:00,2020/01/31 00:00:00,2,3,Other,1,ha,4,l,25,ha,0,1,0,0,0,80,Band
43.1083333330001,15.0125,24371,2020/01/03 00:00:00,10:21,2020/01/03 00:00:00,10:21,No,Early,S. Bani Shadad,100,Exact,YE,435090,RAMSES38_YEM20-06.XL,Transiens appearing,1,0,1,2,1,0,0,0,0,0,0,0,0,0,0,0,0,0,0,0,0,0,0,0,0,0,0,0,0,0,0,0,0,0,0,0,0,0,0,1,0,0,35,-1,0,1,3,0,0,0,0,0,0,0,0,0,1,0.00030000001,0.00030000001,1,0,0,0,0,0,0,0,0,1,0,0,0,-1,0,0,1,0,0,0,0,0,0,0,1,1,1,0,0,0,0,0,0,0,0,0,0,0,0,0,0,0,0,0,0,0,0,0,0,0,0,0,0,0,0,0,0,0,0,1899/12/30 00:00:00,1899/12/30 00:00:00,0,0, ,0, ,0, ,0, ,0,0,0,0,0,0,Band
42.886111111,15.848611111,24372,2020/01/03 00:00:00,10:36,2020/01/03 00:00:00,10:36,No,Early,wady alain,200,Exact,YE,435091,RAMSES38_YEM20-06.XL,Gregarious appearing,1,0,1,2,1,0,0,0,0,0,0,0,0,0,0,0,0,0,0,0,0,0,0,0,0,0,0,0,0,0,0,0,0,0,0,0,0,0,0,1,0,0,4,-1,0,0,0,3,1,0,0,0,0,0,0,0,1,0.001,0.001,1,0,0,0,0,0,0,0,0,0,1,0,0,1,0,0,1,0,0,0,0,1,0,0,0,1,0,1,0,0,0,0,0,0,0,0,0,0,0,0,0,0,0,0,0,0,0,0,0,0,0,0,0,0,0,0,0,0,0,1899/12/30 00:00:00,1899/12/30 00:00:00,0,0, ,0, ,0, ,0, ,0,0,0,0,0,0,Band
43.138611111,14.969722222,24373,2020/01/03 00:00:00,12:22,2020/01/03 00:00:00,12:22,No,Early,Deer Al Damh,200,Exact,YE,435093,RAMSES38_YEM20-06.XL,Transiens appearing,1,0,1,2,1,0,0,0,0,0,0,0,0,0,0,0,0,0,0,0,0,0,0,0,0,0,0,0,0,0,0,0,0,0,0,0,0,0,0,0,1,0,30,-1,0,0,1,1,3,1,1,0,0,0,0,0,1,0.00060000003,0.00060000003,1,0,0,0,0,0,0,0,0,1,0,0,0,-1,1,0,3,0,0,0,0,0,0,0,1,1,1,0,0,0,0,0,0,0,0,0,0,0,0,0,0,0,0,0,0,0,0,0,0,0,0,0,0,0,0,0,0,0,0,1899/12/30 00:00:00,1899/12/30 00:00:00,0,0, ,0, ,0, ,0, ,0,0,0,0,0,0,Band
43.0875,14.9163888890001,24374,2020/01/04 00:00:00,09:28,2020/01/04 00:00:00,09:28,No,Early,Al-Dekeya,100,Exact,YE,435095,RAMSES38_YEM20-06.XL,Transiens appearing,1,0,1,2,1,0,0,0,0,0,0,0,0,0,0,0,0,0,0,0,0,0,0,0,0,0,0,0,0,0,0,0,0,0,0,0,0,0,0,1,0,0,5,-1,0,0,0,3,1,0,0,0,0,0,0,0,1,0.00019999999,0.00019999999,1,0,0,0,0,0,0,0,0,1,0,0,0,-1,1,0,3,0,0,0,0,0,0,0,1,1,1,0,0,0,0,0,0,0,0,0,0,0,0,0,0,0,0,0,0,0,0,0,0,0,0,0,0,0,0,0,0,0,0,1899/12/30 00:00:00,1899/12/30 00:00:00,0,0, ,0, ,0, ,0, ,0,0,0,0,0,0,Band
43.084444444,15.966666667,24375,2020/01/04 00:00:00,10:01,2020/01/04 00:00:00,10:01,No,Early,west labada,100,Exact,YE,435096,RAMSES38_YEM20-06.XL,Transiens appearing,1,0,1,2,1,0,0,0,0,0,0,0,0,0,0,0,0,0,0,0,0,0,0,0,0,0,0,0,0,0,0,0,0,0,0,0,0,0,0,0,1,0,2,-1,0,0,0,1,1,3,0,0,3,0,0,0,1,10,10,0,0,0,1,0,0,0,0,0,1,0,0,0,-1,0,0,1,0,0,0,0,1,0,0,0,0,1,0,0,0,0,0,0,0,0,0,0,0,0,0,0,0,0,0,0,0,0,0,0,0,0,0,0,0,0,0,0,0,0,2020/01/04 00:00:00,2020/01/04 00:00:00,2,1,Fenitrothion,5,ha,40,l,80,ha,0,1,0,0,0,80,Band
43.16,14.976944444,24376,2020/01/14 00:00:00,10:38,2020/01/14 00:00:00,10:38,No,Middle,Aeia,100,Exact,YE,435097,RAMSES38_YEM20-06.XL, ,1,0,1,2,1,0,0,0,0,0,0,0,0,0,0,0,0,0,0,0,0,0,0,0,0,0,0,0,0,0,0,0,0,0,0,0,0,0,0,1,0,0,35,-1,0,0,0,1,1,1,3,0,1,0,0,1,0,20,20,0,0,0,1,0,0,0,0,0,0,0,0,0,0,0,0,0,0,0,0,0,0,0,0,0,0,0,0,0,0,0,0,0,0,0,0,0,0,0,0,0,0,0,0,0,0,0,0,0,0,0,0,0,0,0,0,0,0,0,2020/01/14 00:00:00,2020/01/14 00:00:00,2,2,Other,1,ha,4,l,60,ha,0,1,0,0,0,95,Band
43.159722222,14.966111111,24377,2020/01/17 00:00:00,09:05,2020/01/17 00:00:00,09:05,No,Middle,E. Al Damh,200,Exact,YE,435108,RAMSES38_YEM20-06.XL,Transiens appearing,1,0,1,2,1,0,0,0,0,0,0,0,0,0,0,0,0,0,0,0,0,0,0,0,0,0,0,0,0,0,0,0,0,0,0,0,0,0,0,1,0,0,5,-1,0,0,0,0,1,3,1,0,1,0,0,1,0,0.0060000001,0.0060000001,0,1,0,0,0,0,0,0,0,1,0,0,0,-1,3,0,1,0,0,0,0,0,0,0,1,1,1,0,0,0,0,0,0,0,0,0,0,0,0,0,0,0,0,0,0,0,0,0,0,0,0,0,0,0,0,0,0,0,0,2020/01/17 00:00:00,2020/01/17 00:00:00,2,2,Malathion,0.5,ha,20,l,40,ha,1,0,0,0,0,80,Band
43.1102777780001,14.909444444,24378,2020/01/17 00:00:00,10:10,2020/01/17 00:00:00,10:10,No,Middle,OrOriseya,200,Exact,YE,435109,RAMSES38_YEM20-06.XL,Transiens appearing,1,0,1,2,1,0,0,0,0,0,0,0,0,0,0,0,0,0,0,0,0,0,0,0,0,0,0,0,0,0,0,0,0,0,0,0,0,0,0,0,1,0,4,-1,0,0,0,0,0,1,3,0,1,0,0,1,0,0.003,0.003,0,1,0,0,0,0,0,0,0,1,0,0,0,-1,3,0,1,0,0,0,0,0,0,0,1,1,1,0,0,0,0,0,0,0,0,0,0,0,0,0,0,0,0,0,0,0,0,0,0,0,0,0,0,0,0,0,0,0,0,2020/01/17 00:00:00,2020/01/17 00:00:00,2,2,Other,2,ha,15,l,50,ha,1,0,0,0,0,80,Band
43.152222222,15.021666667,24379,2020/01/17 00:00:00,08:23,2020/01/17 00:00:00,08:23,No,Middle,S. Kaza{[1]}a,100,Exact,YE,435110,RAMSES38_YEM20-06.XL,Transiens appearing,1,0,1,2,1,0,0,0,0,0,0,0,0,0,0,0,0,0,0,0,0,0,0,0,0,0,0,0,0,0,0,0,0,0,0,0,0,0,0,0,1,0,4,-1,0,0,0,0,0,1,3,0,1,0,0,1,0,0.0099999998,0.0099999998,0,1,0,0,0,0,0,0,0,0,1,0,0,-1,3,0,1,0,0,0,0,0,0,0,1,1,1,0,0,0,0,0,0,0,0,0,0,0,0,0,0,0,0,0,0,0,0,0,0,0,0,0,0,0,0,0,0,0,0,2020/01/17 00:00:00,2020/01/17 00:00:00,2,2,Other,2,ha,8,l,30,ha,0,1,0,0,0,80,Band
43.089166667,14.888888889,24380,2020/01/04 00:00:00,10:02,2020/01/04 00:00:00,10:02,No,Early,S.Dekeya,100,Exact,YE,435112,RAMSES38_YEM20-06.XL,Transiens appearing,1,0,1,1,1,0,0,0,0,0,0,0,0,0,0,0,0,0,0,0,0,0,0,0,0,0,0,0,0,0,0,0,0,0,0,0,0,0,0,1,0,0,4,-1,0,0,0,0,0,1,3,0,1,0,0,1,0,0.0015,0.0015,1,0,0,0,0,0,0,0,0,1,0,0,0,-1,3,0,1,1,1,0,0,0,0,0,1,1,1,0,0,0,0,0,0,0,0,0,0,0,0,0,0,0,0,0,0,0,0,0,0,0,0,0,0,0,0,0,0,0,0,1899/12/30 00:00:00,1899/12/30 00:00:00,0,0, ,0, ,0, ,0, ,0,0,0,0,0,0,Band
43.080833333,15.953611111,24381,2020/01/04 00:00:00,12:38,2020/01/04 00:00:00,12:38,No,Early,alhagailiah,100,Exact,YE,435114,RAMSES38_YEM20-06.XL,Gregarious & transie,1,0,1,2,1,0,0,0,0,0,0,0,0,0,0,0,0,0,0,0,0,0,0,0,0,0,0,0,0,0,0,0,0,0,0,0,0,0,0,0,1,0,6,-1,0,0,0,1,3,1,0,0,0,0,0,0,1,1,1,0,0,1,0,0,0,0,0,0,1,0,0,0,1,0,0,1,0,0,0,0,0,0,0,1,1,1,1,0,0,0,0,0,0,0,0,0,0,0,0,0,0,0,0,0,0,0,0,0,0,0,0,0,0,0,0,0,0,0,2020/01/04 00:00:00,2020/01/04 00:00:00,2,1,Malathion,5,ha,20,l,40,ha,0,1,0,0,0,80,Band
43.089722222,15.955277778,24382,2020/01/04 00:00:00,12:53,2020/01/04 00:00:00,12:53,No,Early,alhagialiah2,100,Exact,YE,435115,RAMSES38_YEM20-06.XL,Gregarious & transie,1,0,1,2,1,0,0,0,0,0,0,0,0,0,0,0,0,0,0,0,0,0,0,0,0,0,0,0,0,0,0,0,0,0,0,0,0,0,0,0,1,0,5,-1,0,0,0,1,3,1,0,0,0,0,0,0,1,1,1,0,0,1,0,0,0,0,0,0,1,0,0,0,1,0,0,1,0,0,0,0,0,0,0,1,1,1,1,0,0,0,0,0,0,0,0,0,0,0,0,0,0,0,0,0,0,0,0,0,0,0,0,0,0,0,0,0,0,0,2020/01/04 00:00:00,2020/01/04 00:00:00,2,1,Fenitrothion,0.5,ha,40,l,80,ha,0,1,0,0,0,75,Band
43.205,14.4730555560001,24383,2020/01/04 00:00:00,14:00,2020/01/04 00:00:00,14:00,No,Early,Damameya1,50,Exact,YE,435117,RAMSES38_YEM20-06.XL,Gregarious & transie,1,0,1,2,1,0,0,0,0,0,0,0,0,0,0,0,0,0,0,0,0,0,0,0,0,0,0,0,0,0,0,0,0,0,0,0,0,0,0,1,0,0,7,-1,0,0,0,0,1,1,3,0,1,0,0,1,0,0.001,0.001,1,0,0,0,0,0,0,0,0,0,1,0,0,-1,3,0,1,0,0,0,0,0,0,0,1,1,1,1,0,0,0,0,0,0,0,0,0,0,0,0,0,0,0,0,0,0,0,0,0,0,0,0,0,0,0,0,0,0,0,1899/12/30 00:00:00,1899/12/30 00:00:00,0,0, ,0, ,0, ,0, ,0,0,0,0,0,0,Band
43.031944444,15.9352777780001,24384,2020/01/05 00:00:00,09:59,2020/01/05 00:00:00,09:59,No,Early,katf almowhreh,100,Exact,YE,435118,RAMSES38_YEM20-06.XL,Gregarious appearing,1,0,1,2,1,0,0,0,0,0,0,0,0,0,0,0,0,0,0,0,0,0,0,0,0,0,0,0,0,0,0,0,0,0,0,0,0,0,0,0,1,0,5,-1,0,0,0,1,3,1,0,0,0,0,0,0,1,0.0020000001,0.0020000001,1,0,0,0,0,0,0,0,0,0,1,0,0,1,0,0,1,0,0,0,0,0,0,0,1,1,0,1,0,0,0,0,0,0,0,0,0,0,0,0,0,0,0,0,0,0,0,0,0,0,0,0,0,0,0,0,0,0,0,2020/01/05 00:00:00,2020/01/05 00:00:00,2,1,Fenitrothion,5,ha,80,l,160,ha,0,1,0,0,0,80,Band
43.1288888890001,14.9833333330001,24385,2020/01/05 00:00:00,10:30,2020/01/05 00:00:00,10:30,No,Early,Deer Al Bubal,100,Exact,YE,435119,RAMSES38_YEM20-06.XL,Transiens appearing,1,0,1,2,1,0,0,0,0,0,0,0,0,0,0,0,0,0,0,0,0,0,0,0,0,0,0,0,0,0,0,0,0,0,0,0,0,0,0,0,1,0,3,-1,0,0,0,0,1,3,1,0,3,0,0,1,0,0.015,0.015,0,1,0,0,0,0,0,0,0,1,0,0,0,-1,0,0,1,0,0,0,0,0,0,0,1,1,1,0,0,0,0,0,0,0,0,0,0,0,0,0,0,0,0,0,0,0,0,0,0,0,0,0,0,0,0,0,0,0,0,2020/01/05 00:00:00,2020/01/05 00:00:00,2,1,Malathion,0.5,ha,20,l,40,ha,1,0,0,0,0,80,Band
43.125,14.9813888890001,24386,2020/01/05 00:00:00,11:37,2020/01/05 00:00:00,11:37,No,Early,Deer Bura,100,Exact,YE,435120,RAMSES38_YEM20-06.XL,Transiens appearing,1,0,1,2,1,0,0,0,0,0,0,0,0,0,0,0,0,0,0,0,0,0,0,0,0,0,0,0,0,0,0,0,0,0,0,0,0,0,0,0,1,0,2,-1,0,0,0,0,1,3,1,0,3,0,0,1,0,0.0099999998,0.0099999998,0,1,0,0,0,0,0,0,0,1,0,0,0,-1,0,0,1,0,0,0,0,0,0,0,1,1,1,0,0,0,0,0,0,0,0,0,0,0,0,0,0,0,0,0,0,0,0,0,0,0,0,0,0,0,0,0,0,0,0,2020/01/05 00:00:00,2020/01/05 00:00:00,2,1,Malathion,0.5,ha,10,l,20,ha,1,0,0,0,0,80,Band
42.9980555560001,15.9422222220001,24387,2020/01/02 00:00:00,09:47,2020/01/02 00:00:00,09:47,No,Early,aryea,200,Exact,YE,433027,RAMSES38_YEM20-04.XL,Gregarious & transie,1,0,1,2,1,0,0,0,0,0,0,0,0,0,0,0,0,0,0,0,0,0,0,0,0,0,0,0,0,0,0,0,0,0,0,0,0,0,0,1,0,0,2,-1,0,0,0,1,3,0,0,0,0,0,0,0,1,0.0020000001,0.0020000001,1,0,0,0,0,0,0,0,0,0,1,0,0,1,0,0,1,0,0,0,0,0,0,0,1,1,1,1,0,0,0,0,0,0,0,0,0,0,0,0,0,0,0,0,0,0,0,0,0,0,0,0,0,0,0,0,0,0,0,1899/12/30 00:00:00,1899/12/30 00:00:00,0,0, ,0, ,0, ,0, ,0,0,0,0,0,0,Band
43.0094444440001,15.9277777780001,24388,2020/01/02 00:00:00,09:56,2020/01/02 00:00:00,09:56,No,Early,shab  alma,100,Exact,YE,433028,RAMSES38_YEM20-04.XL,Gregarious appearing,1,0,1,2,1,0,0,0,0,0,0,0,0,0,0,0,0,0,0,0,0,0,0,0,0,0,0,0,0,0,0,0,0,0,0,0,0,0,0,1,0,0,4,-1,0,0,0,3,1,0,0,0,0,0,0,1,0,0.0049999999,0.0049999999,0,1,0,0,0,0,0,0,0,1,0,0,0,1,0,0,1,0,0,0,0,1,0,0,0,0,0,1,0,0,0,0,0,0,0,0,0,0,0,0,0,0,0,0,0,0,0,0,0,0,0,0,0,0,0,0,0,0,0,2020/01/02 00:00:00,2020/01/02 00:00:00,2,1,Chlorpyrifos,5,ha,40,l,80,ha,0,1,0,0,0,80,Band
43.0275,15.906944444,24389,2020/01/02 00:00:00,10:15,2020/01/02 00:00:00,10:15,No,Early,almbahseh,100,Exact,YE,433029,RAMSES38_YEM20-04.XL,Gregarious appearing,1,0,1,2,1,0,0,0,0,0,0,0,0,0,0,0,0,0,0,0,0,0,0,0,0,0,0,0,0,0,0,0,0,0,0,0,0,0,0,0,1,0,6,-1,0,0,0,3,1,0,0,0,0,0,0,0,1,0.0020000001,0.0020000001,1,0,0,0,0,0,0,0,0,0,1,0,0,1,0,0,1,0,0,0,1,0,0,0,0,0,0,1,0,0,0,0,0,0,0,0,0,0,0,0,0,0,0,0,0,0,0,0,0,0,0,0,0,0,0,0,0,0,0,1899/12/30 00:00:00,1899/12/30 00:00:00,0,0, ,0, ,0, ,0, ,0,0,0,0,0,0,Band
43.1475,14.9775,24390,2020/01/02 00:00:00,10:19,2020/01/02 00:00:00,10:19,No,Early,AlHumara,100,Exact,YE,433030,RAMSES38_YEM20-04.XL,Gregarious & transie,1,0,1,1,1,5,10,0,0,0,0,1,0,0,-1,0,0,0,0,1,3,1,0,3,0,1,0,0,0,0,1,1,0,0,0,0,0,0,0,0,1,0,15,-1,0,0,1,3,1,0,0,0,0,0,0,0,1,0.0024999999,0.0024999999,0,1,0,0,0,0,0,0,0,1,0,0,0,-1,1,0,3,1,1,0,0,0,0,0,1,1,1,1,0,0,0,0,0,0,0,0,0,0,0,0,0,0,0,0,0,0,0,0,0,0,0,0,0,0,0,0,0,0,0,1899/12/30 00:00:00,1899/12/30 00:00:00,0,0, ,0, ,0, ,0, ,0,0,0,0,0,0,Band
43.018333333,15.942777778,24391,2020/01/21 00:00:00,09:36,2020/01/21 00:00:00,09:36,No,Late,almarwfia,200,Exact,YE,433036,RAMSES38_YEM20-04.XL,Gregarious & transie,1,0,1,2,1,0,0,0,0,0,0,0,0,0,0,0,0,0,0,0,0,0,0,0,0,0,0,0,0,0,0,0,0,0,0,0,0,0,0,1,0,0,3,-1,0,0,0,0,0,1,1,0,3,0,0,1,0,1,1,0,0,1,0,0,0,0,0,0,1,0,0,0,1,3,0,1,0,0,0,0,0,1,0,0,0,1,1,0,0,0,0,0,0,0,0,0,0,0,0,0,0,0,0,0,0,0,0,0,0,0,0,0,0,0,0,0,0,0,2020/01/21 00:00:00,2020/01/21 00:00:00,2,3,Fenitrothion,0.5,ha,60,l,120,ha,0,1,0,0,0,80,Band
43.0497222220001,15.947777778,24392,2020/01/05 00:00:00,12:34,2020/01/05 00:00:00,12:34,No,Early,Bani Argan,200,Exact,YE,433000,RAMSES38_YEM20-04.XL,Gregarious & transie,1,0,1,2,1,0,0,0,0,0,0,0,0,0,0,0,0,0,0,0,0,0,0,0,0,0,0,0,0,0,0,0,0,0,0,0,0,0,0,0,1,0,5,-1,0,0,0,1,1,3,0,0,3,0,0,0,1,0.0020000001,0.0020000001,1,0,0,0,0,0,0,0,0,0,1,0,0,1,0,0,1,0,0,0,0,1,0,0,0,0,1,1,0,0,0,0,0,0,0,0,0,0,0,0,0,0,0,0,0,0,0,0,0,0,0,0,0,0,0,0,0,0,0,2020/01/05 00:00:00,2020/01/05 00:00:00,2,1,Fenitrothion,5,ha,60,l,120,ha,0,1,0,0,0,80,Band
43.130555556,14.9841666670001,24393,2020/01/05 00:00:00,12:42,2020/01/05 00:00:00,12:42,No,Early,Humara,100,Exact,YE,433001,RAMSES38_YEM20-04.XL,Transiens appearing,1,0,1,2,1,0,0,0,0,0,0,0,0,0,0,0,0,0,0,0,0,0,0,0,0,0,0,0,0,0,0,0,0,0,0,0,0,0,0,1,0,0,4,-1,0,0,0,1,3,1,0,0,0,0,0,0,1,0.0020000001,0.0020000001,1,0,0,0,0,0,0,0,0,1,0,0,0,-1,0,0,1,0,0,0,0,0,0,0,1,1,1,0,0,0,0,0,0,0,0,0,0,0,0,0,0,0,0,0,0,0,0,0,0,0,0,0,0,0,0,0,0,0,0,2020/01/05 00:00:00,2020/01/05 00:00:00,2,1,Other,0.5,ha,0.5,l,50,ha,0,1,0,0,0,80,Band
42.956388889,15.7916666670001,24394,2020/01/01 00:00:00,10:10,2020/01/01 00:00:00,10:10,No,Early,shab ashwal,100,Exact,YE,433003,RAMSES38_YEM20-04.XL,Transiens appearing,1,0,1,2,1,0,0,0,0,0,0,0,0,0,0,0,0,0,0,0,0,0,0,0,0,0,0,0,0,0,0,0,0,0,0,0,0,0,0,1,0,0,2,-1,0,0,1,1,3,0,0,0,0,0,0,0,1,0.001,0.001,1,0,0,0,0,0,0,0,0,1,0,0,0,-1,0,0,1,0,0,0,0,1,0,0,0,0,1,0,0,0,0,0,0,0,0,0,0,0,0,0,0,0,0,0,0,0,0,0,0,0,0,0,0,0,0,0,0,0,0,1899/12/30 00:00:00,1899/12/30 00:00:00,0,0, ,0, ,0, ,0, ,0,0,0,0,0,0,Band
42.9575,15.782777778,24395,2020/01/01 00:00:00,10:16,2020/01/01 00:00:00,10:16,No,Early,aldarawish,100,Exact,YE,433004,RAMSES38_YEM20-04.XL,Gregarious appearing,1,0,1,2,1,0,0,0,0,0,0,0,0,0,0,0,0,0,0,0,0,0,0,0,0,0,0,0,0,0,0,0,0,0,0,0,0,0,0,1,0,0,3,-1,0,0,1,3,0,0,0,0,0,0,0,0,1,0.001,0.001,1,0,0,0,0,0,0,0,0,0,1,0,0,1,0,0,1,0,0,0,1,0,0,0,0,0,0,1,0,0,0,0,0,0,0,0,0,0,0,0,0,0,0,0,0,0,0,0,0,0,0,0,0,0,0,0,0,0,0,1899/12/30 00:00:00,1899/12/30 00:00:00,0,0, ,0, ,0, ,0, ,0,0,0,0,0,0,Band
43.148333333,15.0097222220001,24396,2020/01/20 00:00:00,09:39,2020/01/20 00:00:00,09:39,No,Middle,Sulaip.1,100,Exact,YE,433007,RAMSES38_YEM20-04.XL,Gregarious & transie,1,0,1,2,1,0,0,0,0,0,0,0,0,0,0,0,0,0,0,0,0,0,0,0,0,0,0,0,0,0,0,0,0,0,0,0,0,0,0,0,1,0,12,-1,0,0,0,0,0,1,1,0,3,0,0,1,0,0.0020000001,0.0020000001,1,0,0,0,0,0,0,0,0,1,0,0,0,2,3,0,1,0,0,0,0,0,0,0,1,1,1,1,0,0,0,0,0,0,0,0,0,0,0,0,0,0,0,0,0,0,0,0,0,0,0,0,0,0,0,0,0,0,0,2020/01/20 00:00:00,2020/01/20 00:00:00,2,2,Other,1,ha,20,l,50,ha,0,1,0,0,0,90,Band
43.158333333,15.0108333330001,24397,2020/01/20 00:00:00,10:04,2020/01/20 00:00:00,10:04,No,Middle,S. Sulip,200,Exact,YE,433008,RAMSES38_YEM20-04.XL,Gregarious & transie,1,0,1,2,1,0,0,0,0,0,0,0,0,0,0,0,0,0,0,0,0,0,0,0,0,0,0,0,0,0,0,0,0,0,5,50,0,0,1,0,0,0,3,-1,0,0,0,0,0,1,1,0,3,0,0,1,0,0.0015,0.0015,1,0,0,0,0,0,0,0,0,1,0,0,0,2,3,0,1,0,0,0,0,0,0,0,1,1,1,1,0,0,0,0,0,0,0,0,0,0,0,0,0,0,0,0,0,0,0,0,0,0,0,0,0,0,0,0,0,0,0,2020/01/20 00:00:00,2020/01/20 00:00:00,2,2,Malathion,0.5,ha,30,l,60,ha,0,1,0,0,0,90,Band
43.026388889,15.953888889,24398,2020/01/20 00:00:00,10:15,2020/01/20 00:00:00,10:15,No,Middle,almkasera,200,Exact,YE,433009,RAMSES38_YEM20-04.XL,Transiens appearing,1,0,1,2,1,0,0,0,0,0,0,0,0,0,0,0,0,0,0,0,0,0,0,0,0,0,0,0,0,0,0,0,0,0,0,0,0,0,0,0,1,0,2,-1,0,0,0,0,0,1,3,0,1,0,0,1,0,10,10,0,0,0,1,0,0,0,0,0,1,0,0,0,-1,3,0,1,0,0,0,0,0,0,0,1,1,1,0,0,0,0,0,0,0,0,0,0,0,0,0,0,0,0,0,0,0,0,0,0,0,0,0,0,0,0,0,0,0,0,2020/01/20 00:00:00,2020/01/20 00:00:00,2,2,Fenitrothion,0.5,ha,80,l,160,ha,0,1,0,0,0,80,Band
43.026388889,15.9269444440001,24399,2020/01/20 00:00:00,10:46,2020/01/20 00:00:00,10:46,No,Middle,katf almowhera,200,Exact,YE,433010,RAMSES38_YEM20-04.XL, ,1,0,1,2,1,0,0,0,0,0,0,0,0,0,0,0,0,0,0,0,0,0,0,0,0,0,0,0,0,0,0,0,0,0,0,0,0,0,0,0,1,0,2,-1,0,0,0,0,0,1,3,0,1,0,0,1,0,10,10,0,0,0,1,0,0,0,0,0,0,0,0,0,0,0,0,0,0,0,0,0,0,0,0,0,0,0,0,0,0,0,0,0,0,0,0,0,0,0,0,0,0,0,0,0,0,0,0,0,0,0,0,0,0,0,0,0,0,0,2020/01/20 00:00:00,2020/01/20 00:00:00,2,2,Fenitrothion,0.5,ha,60,l,120,ha,0,1,0,0,0,80,Band
43.0447222220001,15.9247222220001,24400,2020/01/20 00:00:00,10:52,2020/01/20 00:00:00,10:52,No,Middle,almerbad,200,Exact,YE,433011,RAMSES38_YEM20-04.XL, ,1,0,1,2,1,0,0,0,0,0,0,0,0,0,0,0,0,0,0,0,0,0,0,0,0,0,0,0,0,0,0,0,0,0,0,0,0,0,0,0,1,0,3,-1,0,0,0,0,0,1,3,0,1,0,0,1,0,10,10,0,0,0,1,0,0,0,0,0,0,0,0,0,0,0,0,0,0,0,0,0,0,0,0,0,0,0,0,0,0,0,0,0,0,0,0,0,0,0,0,0,0,0,0,0,0,0,0,0,0,0,0,0,0,0,0,0,0,0,2020/01/20 00:00:00,2020/01/20 00:00:00,2,2,Fenitrothion,0.5,ha,60,l,120,ha,0,1,0,0,0,85,Band
43.145555556,15.018888889,24401,2020/01/20 00:00:00,11:26,2020/01/20 00:00:00,11:26,No,Middle,W. Kaza{[1]}a,100,Exact,YE,433012,RAMSES38_YEM20-04.XL,Gregarious & transie,1,0,1,2,1,0,0,0,0,0,0,0,0,0,0,0,0,0,0,0,0,0,0,0,0,0,0,0,0,0,0,0,0,0,0,0,0,0,0,1,0,0,5,-1,0,0,0,0,0,1,1,0,3,0,0,1,0,0.003,0.003,0,1,0,0,0,0,0,0,0,1,0,0,0,2,3,0,1,0,0,0,0,0,0,0,1,1,1,1,0,0,0,0,0,0,0,0,0,0,0,0,0,0,0,0,0,0,0,0,0,0,0,0,0,0,0,0,0,0,0,2020/01/20 00:00:00,2020/01/20 00:00:00,2,2,Other,2,ha,20,l,40,ha,0,1,0,0,0,85,Band
43.0547222220001,15.9483333330001,24402,2020/01/27 00:00:00,09:00,2020/01/27 00:00:00,09:00,No,Late,shab alma,200,Exact,YE,433016,RAMSES38_YEM20-04.XL,Gregarious appearing,1,0,1,2,1,0,0,0,0,0,0,0,0,0,0,0,0,0,0,0,0,0,0,0,0,0,0,0,0,0,0,0,0,0,0,0,0,0,0,0,1,0,2,-1,0,0,0,0,0,3,1,0,3,0,0,1,0,0.001,0.001,1,0,0,0,0,0,0,0,0,0,1,0,0,2,1,0,0,0,0,0,0,0,0,0,1,0,0,1,0,0,0,0,0,0,0,0,0,0,0,0,0,0,0,0,0,0,0,0,0,0,0,0,0,0,0,0,0,0,0,2020/01/27 00:00:00,2020/01/27 00:00:00,2,3,Malathion,0.5,ha,80,l,160,ha,0,1,0,0,0,80,Band
43.026388889,15.9211111110001,24403,2020/01/27 00:00:00,09:25,2020/01/27 00:00:00,09:25,No,Late,almbahseh,200,Exact,YE,433017,RAMSES38_YEM20-04.XL,Gregarious appearing,1,0,1,2,1,0,0,0,0,0,0,0,0,0,0,0,0,0,0,0,0,0,0,0,0,0,0,0,0,0,0,0,0,0,0,0,0,0,0,0,1,0,1,-1,0,0,0,0,0,3,1,0,3,0,0,1,0,0.0099999998,0.0099999998,0,1,0,0,0,0,0,0,0,0,1,0,0,3,1,0,0,0,0,0,0,0,0,0,1,0,0,1,0,0,0,0,0,0,0,0,0,0,0,0,0,0,0,0,0,0,0,0,0,0,0,0,0,0,0,0,0,0,0,2020/01/27 00:00:00,2020/01/27 00:00:00,2,3,Malathion,0.5,ha,80,l,160,ha,0,1,0,0,0,80,Band
43.088888889,15.093888889,24404,2020/01/27 00:00:00,11:20,2020/01/27 00:00:00,11:20,No,Late,Kadaneya,200,Exact,YE,433019,RAMSES38_YEM20-04.XL,Gregarious & transie,1,0,1,2,1,0,0,0,0,0,0,0,0,0,0,0,0,0,0,0,0,0,0,0,0,0,0,0,0,0,0,0,0,0,0,0,0,0,0,0,1,0,4,-1,0,0,0,0,1,3,1,0,1,0,0,1,0,1,1,0,0,1,0,0,0,0,0,0,1,0,0,0,-1,3,0,1,0,0,0,0,0,0,0,1,0,1,1,0,0,0,0,0,0,0,0,0,0,0,0,0,0,0,0,0,0,0,0,0,0,0,0,0,0,0,0,0,0,0,1899/12/30 00:00:00,1899/12/30 00:00:00,0,0, ,0, ,0, ,0, ,0,0,0,0,0,0,Band
43.1025,15.966388889,24405,2020/01/02 00:00:00,08:45,2020/01/02 00:00:00,08:45,No,Early,labada,100,Exact,YE,433022,RAMSES38_YEM20-04.XL,Transiens appearing,1,0,1,2,1,0,0,0,0,0,0,0,0,0,0,0,0,0,0,0,0,0,0,0,0,0,0,0,0,0,0,0,0,0,0,0,0,0,0,0,1,0,8,-1,0,0,1,1,3,0,0,0,0,0,0,0,1,10,10,0,0,0,1,0,0,0,0,0,1,0,0,0,-1,0,0,1,0,0,0,0,0,0,0,1,1,1,0,0,0,0,0,0,0,0,0,0,0,0,0,0,0,0,0,0,0,0,0,0,0,0,0,0,0,0,0,0,0,0,2020/01/02 00:00:00,2020/01/02 00:00:00,2,1,Chlorpyrifos,1,ha,80,l,80,ha,0,1,0,0,0,80,Band
43.151666667,14.98,24406,2020/01/02 00:00:00,08:57,2020/01/02 00:00:00,08:57,No,Early,Deer Suhail,100,Exact,YE,433023,RAMSES38_YEM20-04.XL,Transiens appearing,1,0,1,2,1,0,0,0,0,0,0,0,0,0,0,0,0,0,0,0,0,0,0,0,0,0,0,0,0,0,0,0,0,0,0,0,0,0,0,0,1,0,5,-1,0,0,0,3,1,1,0,0,0,0,0,0,1,0.0020000001,0.0020000001,1,0,0,0,0,0,0,0,0,1,0,0,0,-1,1,0,3,0,0,0,0,0,0,0,1,1,1,0,0,0,0,0,0,0,0,0,0,0,0,0,0,0,0,0,0,0,0,0,0,0,0,0,0,0,0,0,0,0,0,1899/12/30 00:00:00,1899/12/30 00:00:00,0,0, ,0, ,0, ,0, ,0,0,0,0,0,0,Band
43.0438888890001,15.957222222,24407,2020/01/02 00:00:00,09:05,2020/01/02 00:00:00,09:05,No,Early,almkaser,100,Exact,YE,433024,RAMSES38_YEM20-04.XL,Gregarious & transie,1,0,1,2,1,0,0,0,0,0,0,0,0,0,0,0,0,0,0,0,0,0,0,0,0,0,0,0,0,0,0,0,0,0,0,0,0,0,0,1,0,0,5,-1,0,0,0,3,1,0,0,0,0,0,0,0,1,0.001,0.001,1,0,0,0,0,0,0,0,0,1,0,0,0,1,0,0,1,0,0,0,0,1,0,0,0,1,1,1,0,0,0,0,0,0,0,0,0,0,0,0,0,0,0,0,0,0,0,0,0,0,0,0,0,0,0,0,0,0,0,2020/01/02 00:00:00,2020/01/02 00:00:00,2,1,Malathion,0.5,ha,40,l,80,ha,0,1,0,0,0,90,Band
43.018333333,15.942777778,24408,2020/01/21 00:00:00,10:05,2020/01/21 00:00:00,10:05,No,Late,almbahesah,200,Exact,YE,433039,RAMSES38_YEM20-04.XL,Transiens appearing,1,0,1,2,1,0,0,0,0,0,0,0,0,0,0,0,0,0,0,0,0,0,0,0,0,0,0,0,0,0,0,0,0,0,0,0,0,0,0,1,0,0,2,-1,0,0,0,0,0,1,1,0,3,0,0,1,0,10,10,0,0,0,1,0,0,0,0,0,1,0,0,0,-1,1,0,3,0,0,0,0,0,0,0,1,1,1,0,0,0,0,0,0,0,0,0,0,0,0,0,0,0,0,0,0,0,0,0,0,0,0,0,0,0,0,0,0,0,0,1899/12/30 00:00:00,1899/12/30 00:00:00,0,0, ,0, ,0, ,0, ,0,0,0,0,0,0,Band
43.0455555560001,15.896666667,24409,2020/01/02 00:00:00,10:32,2020/01/02 00:00:00,10:32,No,Early,bani balwsh,100,Exact,YE,433040,RAMSES38_YEM20-04.XL,Gregarious appearing,1,0,1,2,1,0,0,0,0,0,0,0,0,0,0,0,0,0,0,0,0,0,0,0,0,0,0,0,0,0,0,0,0,0,0,0,0,0,0,0,1,0,5,-1,0,0,0,1,3,0,0,0,0,0,0,0,1,0.0020000001,0.0020000001,1,0,0,0,0,0,0,0,0,1,0,0,0,1,0,0,1,0,0,0,1,0,0,0,0,0,0,1,0,0,0,0,0,0,0,0,0,0,0,0,0,0,0,0,0,0,0,0,0,0,0,0,0,0,0,0,0,0,0,2020/01/02 00:00:00,2020/01/02 00:00:00,2,1,Chlorpyrifos,5,ha,20,l,40,ha,0,1,0,0,0,75,Band
43.0708333330001,15.885,24410,2020/01/02 00:00:00,10:57,2020/01/02 00:00:00,10:57,No,Early,bani balwsh,100,Exact,YE,433041,RAMSES38_YEM20-04.XL,Transiens appearing,1,0,1,2,1,0,0,0,0,0,0,0,0,0,0,0,0,0,0,0,0,0,0,0,0,0,0,0,0,0,0,0,0,0,0,0,0,0,0,0,1,0,4,-1,0,0,1,3,1,0,0,0,0,0,0,0,1,0.0020000001,0.0020000001,1,0,0,0,0,0,0,0,0,1,0,0,0,-1,0,0,1,0,0,0,0,0,0,0,1,0,1,0,0,0,0,0,0,0,0,0,0,0,0,0,0,0,0,0,0,0,0,0,0,0,0,0,0,0,0,0,0,0,0,1899/12/30 00:00:00,1899/12/30 00:00:00,0,0, ,0, ,0, ,0, ,0,0,0,0,0,0,Band
43.1252777780001,14.9825,24411,2020/01/02 00:00:00,11:11,2020/01/02 00:00:00,11:11,No,Early,Al Burah,100,Exact,YE,433042,RAMSES38_YEM20-04.XL,Transiens appearing,1,0,1,2,1,0,0,0,0,0,0,0,0,0,0,0,0,0,0,0,0,0,0,0,0,0,0,0,0,0,0,0,0,0,0,0,0,0,0,0,1,0,5,-1,0,0,0,1,1,3,0,0,3,0,0,0,1,0.02,0.02,0,1,0,0,0,0,0,0,0,1,0,0,0,-1,1,0,3,0,0,0,0,0,0,0,1,1,1,0,0,0,0,0,0,0,0,0,0,0,0,0,0,0,0,0,0,0,0,0,0,0,0,0,0,0,0,0,0,0,0,1899/12/30 00:00:00,1899/12/30 00:00:00,0,0, ,0, ,0, ,0, ,0,0,0,0,0,0,Band
43.084166667,15.9166666670001,24412,2020/01/02 00:00:00,11:17,2020/01/02 00:00:00,11:17,No,Early,arya,100,Exact,YE,433043,RAMSES38_YEM20-04.XL, ,1,0,1,2,1,0,0,0,0,0,0,0,0,0,0,0,0,0,0,0,0,0,0,0,0,0,0,0,0,0,0,0,0,0,0,0,0,0,0,0,1,0,4,-1,0,0,1,3,0,0,0,0,0,0,0,0,1,0.001,0.001,1,0,0,0,0,0,0,0,0,0,0,0,0,0,0,0,0,0,0,0,0,0,0,0,0,0,0,0,0,0,0,0,0,0,0,0,0,0,0,0,0,0,0,0,0,0,0,0,0,0,0,0,0,0,0,0,0,0,0,1899/12/30 00:00:00,1899/12/30 00:00:00,0,0, ,0, ,0, ,0, ,0,0,0,0,0,0,Band
43.1141666670001,15.9355555560001,24413,2020/01/02 00:00:00,11:29,2020/01/02 00:00:00,11:29,No,Early,bani aili,100,Exact,YE,433044,RAMSES38_YEM20-04.XL, ,1,0,1,2,1,0,0,0,0,0,0,0,0,0,0,0,0,0,0,0,0,0,0,0,0,0,0,0,0,0,0,0,0,0,0,0,0,0,0,0,1,0,6,-1,0,0,1,3,1,0,0,0,0,0,0,0,1,0.001,0.001,1,0,0,0,0,0,0,0,0,0,0,0,0,0,0,0,0,0,0,0,0,0,0,0,0,0,0,0,0,0,0,0,0,0,0,0,0,0,0,0,0,0,0,0,0,0,0,0,0,0,0,0,0,0,0,0,0,0,0,1899/12/30 00:00:00,1899/12/30 00:00:00,0,0, ,0, ,0, ,0, ,0,0,0,0,0,0,Band
43.155,15.006666667,24414,2020/01/03 00:00:00,09:17,2020/01/03 00:00:00,09:17,No,Early,Deer Shua{[1]}la,100,Exact,YE,433045,RAMSES38_YEM20-04.XL,Transiens appearing,1,0,1,1,1,0,0,0,0,0,0,0,0,0,0,0,0,0,0,0,0,0,0,0,0,0,0,0,0,0,0,0,0,0,0,0,0,0,0,0,1,0,3,-1,0,0,0,1,3,1,0,0,0,0,0,0,1,0.0049999999,0.0049999999,0,1,0,0,0,0,0,0,0,1,0,0,0,-1,1,0,3,1,1,0,0,0,0,0,1,1,1,0,0,0,0,0,0,0,0,0,0,0,0,0,0,0,0,0,0,0,0,0,0,0,0,0,0,0,0,0,0,0,0,1899/12/30 00:00:00,1899/12/30 00:00:00,0,0, ,0, ,0, ,0, ,0,0,0,0,0,0,Band
43.1083333330001,15.0125,24415,2020/01/03 00:00:00,10:21,2020/01/03 00:00:00,10:21,No,Early,S. Bani Shadad,100,Exact,YE,433048,RAMSES38_YEM20-04.XL,Transiens appearing,1,0,1,2,1,0,0,0,0,0,0,0,0,0,0,0,0,0,0,0,0,0,0,0,0,0,0,0,0,0,0,0,0,0,0,0,0,0,0,1,0,0,35,-1,0,1,3,0,0,0,0,0,0,0,0,0,1,0.00030000001,0.00030000001,1,0,0,0,0,0,0,0,0,1,0,0,0,-1,0,0,1,0,0,0,0,0,0,0,1,1,1,0,0,0,0,0,0,0,0,0,0,0,0,0,0,0,0,0,0,0,0,0,0,0,0,0,0,0,0,0,0,0,0,1899/12/30 00:00:00,1899/12/30 00:00:00,0,0, ,0, ,0, ,0, ,0,0,0,0,0,0,Band
43.161944444,14.9755555560001,24416,2020/01/14 00:00:00,08:49,2020/01/14 00:00:00,08:49,No,Middle,Der Shj,100,Exact,YE,433055,RAMSES38_YEM20-04.XL, ,1,0,1,2,1,0,0,0,0,0,0,0,0,0,0,0,0,0,0,0,0,0,0,0,0,0,0,0,0,0,0,0,0,0,0,0,0,0,0,0,1,0,30,-1,0,0,1,1,3,1,1,0,1,0,0,1,0,10,10,0,0,0,1,0,0,0,0,0,0,0,0,0,0,0,0,0,0,0,0,0,0,0,0,0,0,0,0,0,0,0,0,0,0,0,0,0,0,0,0,0,0,0,0,0,0,0,0,0,0,0,0,0,0,0,0,0,0,0,2020/01/14 00:00:00,2020/01/14 00:00:00,2,2,Other,1,ha,4,l,50,ha,0,1,0,0,0,95,Band
43.16,14.976944444,24417,2020/01/14 00:00:00,10:38,2020/01/14 00:00:00,10:38,No,Middle,Aeia,100,Exact,YE,433056,RAMSES38_YEM20-04.XL, ,1,0,1,2,1,0,0,0,0,0,0,0,0,0,0,0,0,0,0,0,0,0,0,0,0,0,0,0,0,0,0,0,0,0,0,0,0,0,0,1,0,0,35,-1,0,0,0,1,1,1,3,0,1,0,0,1,0,20,20,0,0,0,1,0,0,0,0,0,0,0,0,0,0,0,0,0,0,0,0,0,0,0,0,0,0,0,0,0,0,0,0,0,0,0,0,0,0,0,0,0,0,0,0,0,0,0,0,0,0,0,0,0,0,0,0,0,0,0,2020/01/14 00:00:00,2020/01/14 00:00:00,2,2,Other,1,ha,4,l,60,ha,0,1,0,0,0,95,Band
42.886111111,15.848611111,24418,2020/01/03 00:00:00,10:36,2020/01/03 00:00:00,10:36,No,Early,wady alain,200,Exact,YE,433058,RAMSES38_YEM20-04.XL,Gregarious appearing,1,0,1,2,1,0,0,0,0,0,0,0,0,0,0,0,0,0,0,0,0,0,0,0,0,0,0,0,0,0,0,0,0,0,0,0,0,0,0,1,0,0,4,-1,0,0,0,3,1,0,0,0,0,0,0,0,1,0.001,0.001,1,0,0,0,0,0,0,0,0,0,1,0,0,1,0,0,1,0,0,0,0,1,0,0,0,1,0,1,0,0,0,0,0,0,0,0,0,0,0,0,0,0,0,0,0,0,0,0,0,0,0,0,0,0,0,0,0,0,0,1899/12/30 00:00:00,1899/12/30 00:00:00,0,0, ,0, ,0, ,0, ,0,0,0,0,0,0,Band
43.138611111,14.969722222,24419,2020/01/03 00:00:00,12:22,2020/01/03 00:00:00,12:22,No,Early,Deer Al Damh,200,Exact,YE,433060,RAMSES38_YEM20-04.XL,Transiens appearing,1,0,1,2,1,0,0,0,0,0,0,0,0,0,0,0,0,0,0,0,0,0,0,0,0,0,0,0,0,0,0,0,0,0,0,0,0,0,0,0,1,0,30,-1,0,0,1,1,3,1,1,0,0,0,0,0,1,0.00060000003,0.00060000003,1,0,0,0,0,0,0,0,0,1,0,0,0,-1,1,0,3,0,0,0,0,0,0,0,1,1,1,0,0,0,0,0,0,0,0,0,0,0,0,0,0,0,0,0,0,0,0,0,0,0,0,0,0,0,0,0,0,0,0,1899/12/30 00:00:00,1899/12/30 00:00:00,0,0, ,0, ,0, ,0, ,0,0,0,0,0,0,Band
43.0875,14.9163888890001,24420,2020/01/04 00:00:00,09:28,2020/01/04 00:00:00,09:28,No,Early,Al-Dekeya,100,Exact,YE,433062,RAMSES38_YEM20-04.XL,Transiens appearing,1,0,1,2,1,0,0,0,0,0,0,0,0,0,0,0,0,0,0,0,0,0,0,0,0,0,0,0,0,0,0,0,0,0,0,0,0,0,0,1,0,0,5,-1,0,0,0,3,1,0,0,0,0,0,0,0,1,0.00019999999,0.00019999999,1,0,0,0,0,0,0,0,0,1,0,0,0,-1,1,0,3,0,0,0,0,0,0,0,1,1,1,0,0,0,0,0,0,0,0,0,0,0,0,0,0,0,0,0,0,0,0,0,0,0,0,0,0,0,0,0,0,0,0,1899/12/30 00:00:00,1899/12/30 00:00:00,0,0, ,0, ,0, ,0, ,0,0,0,0,0,0,Band
43.084444444,15.966666667,24421,2020/01/04 00:00:00,10:01,2020/01/04 00:00:00,10:01,No,Early,west labada,100,Exact,YE,433063,RAMSES38_YEM20-04.XL,Transiens appearing,1,0,1,2,1,0,0,0,0,0,0,0,0,0,0,0,0,0,0,0,0,0,0,0,0,0,0,0,0,0,0,0,0,0,0,0,0,0,0,0,1,0,2,-1,0,0,0,1,1,3,0,0,3,0,0,0,1,10,10,0,0,0,1,0,0,0,0,0,1,0,0,0,-1,0,0,1,0,0,0,0,1,0,0,0,0,1,0,0,0,0,0,0,0,0,0,0,0,0,0,0,0,0,0,0,0,0,0,0,0,0,0,0,0,0,0,0,0,0,2020/01/04 00:00:00,2020/01/04 00:00:00,2,1,Fenitrothion,5,ha,40,l,80,ha,0,1,0,0,0,80,Band
43.089166667,14.888888889,24422,2020/01/04 00:00:00,10:02,2020/01/04 00:00:00,10:02,No,Early,S.Dekeya,100,Exact,YE,433064,RAMSES38_YEM20-04.XL,Transiens appearing,1,0,1,1,1,0,0,0,0,0,0,0,0,0,0,0,0,0,0,0,0,0,0,0,0,0,0,0,0,0,0,0,0,0,0,0,0,0,0,1,0,0,4,-1,0,0,0,0,0,1,3,0,1,0,0,1,0,0.0015,0.0015,1,0,0,0,0,0,0,0,0,1,0,0,0,-1,3,0,1,1,1,0,0,0,0,0,1,1,1,0,0,0,0,0,0,0,0,0,0,0,0,0,0,0,0,0,0,0,0,0,0,0,0,0,0,0,0,0,0,0,0,1899/12/30 00:00:00,1899/12/30 00:00:00,0,0, ,0, ,0, ,0, ,0,0,0,0,0,0,Band
43.080833333,15.953611111,24423,2020/01/04 00:00:00,12:38,2020/01/04 00:00:00,12:38,No,Early,alhagailiah,100,Exact,YE,433066,RAMSES38_YEM20-04.XL,Gregarious & transie,1,0,1,2,1,0,0,0,0,0,0,0,0,0,0,0,0,0,0,0,0,0,0,0,0,0,0,0,0,0,0,0,0,0,0,0,0,0,0,0,1,0,6,-1,0,0,0,1,3,1,0,0,0,0,0,0,1,1,1,0,0,1,0,0,0,0,0,0,1,0,0,0,1,0,0,1,0,0,0,0,0,0,0,1,1,1,1,0,0,0,0,0,0,0,0,0,0,0,0,0,0,0,0,0,0,0,0,0,0,0,0,0,0,0,0,0,0,0,2020/01/04 00:00:00,2020/01/04 00:00:00,2,1,Malathion,5,ha,20,l,40,ha,0,1,0,0,0,80,Band
43.089722222,15.955277778,24424,2020/01/04 00:00:00,12:53,2020/01/04 00:00:00,12:53,No,Early,alhagialiah2,100,Exact,YE,433076,RAMSES38_YEM20-04.XL,Gregarious & transie,1,0,1,2,1,0,0,0,0,0,0,0,0,0,0,0,0,0,0,0,0,0,0,0,0,0,0,0,0,0,0,0,0,0,0,0,0,0,0,0,1,0,5,-1,0,0,0,1,3,1,0,0,0,0,0,0,1,1,1,0,0,1,0,0,0,0,0,0,1,0,0,0,1,0,0,1,0,0,0,0,0,0,0,1,1,1,1,0,0,0,0,0,0,0,0,0,0,0,0,0,0,0,0,0,0,0,0,0,0,0,0,0,0,0,0,0,0,0,2020/01/04 00:00:00,2020/01/04 00:00:00,2,1,Fenitrothion,0.5,ha,40,l,80,ha,0,1,0,0,0,75,Band
43.205,14.4730555560001,24425,2020/01/04 00:00:00,14:00,2020/01/04 00:00:00,14:00,No,Early,Damameya1,50,Exact,YE,433078,RAMSES38_YEM20-04.XL,Gregarious & transie,1,0,1,2,1,0,0,0,0,0,0,0,0,0,0,0,0,0,0,0,0,0,0,0,0,0,0,0,0,0,0,0,0,0,0,0,0,0,0,1,0,0,7,-1,0,0,0,0,1,1,3,0,1,0,0,1,0,0.001,0.001,1,0,0,0,0,0,0,0,0,0,1,0,0,-1,3,0,1,0,0,0,0,0,0,0,1,1,1,1,0,0,0,0,0,0,0,0,0,0,0,0,0,0,0,0,0,0,0,0,0,0,0,0,0,0,0,0,0,0,0,1899/12/30 00:00:00,1899/12/30 00:00:00,0,0, ,0, ,0, ,0, ,0,0,0,0,0,0,Band
43.031944444,15.9352777780001,24426,2020/01/05 00:00:00,09:59,2020/01/05 00:00:00,09:59,No,Early,katf almowhreh,100,Exact,YE,433079,RAMSES38_YEM20-04.XL,Gregarious appearing,1,0,1,2,1,0,0,0,0,0,0,0,0,0,0,0,0,0,0,0,0,0,0,0,0,0,0,0,0,0,0,0,0,0,0,0,0,0,0,0,1,0,5,-1,0,0,0,1,3,1,0,0,0,0,0,0,1,0.0020000001,0.0020000001,1,0,0,0,0,0,0,0,0,0,1,0,0,1,0,0,1,0,0,0,0,0,0,0,1,1,0,1,0,0,0,0,0,0,0,0,0,0,0,0,0,0,0,0,0,0,0,0,0,0,0,0,0,0,0,0,0,0,0,2020/01/05 00:00:00,2020/01/05 00:00:00,2,1,Fenitrothion,5,ha,80,l,160,ha,0,1,0,0,0,80,Band
43.1288888890001,14.9833333330001,24427,2020/01/05 00:00:00,10:30,2020/01/05 00:00:00,10:30,No,Early,Deer Al Bubal,100,Exact,YE,433080,RAMSES38_YEM20-04.XL,Transiens appearing,1,0,1,2,1,0,0,0,0,0,0,0,0,0,0,0,0,0,0,0,0,0,0,0,0,0,0,0,0,0,0,0,0,0,0,0,0,0,0,0,1,0,3,-1,0,0,0,0,1,3,1,0,3,0,0,1,0,0.015,0.015,0,1,0,0,0,0,0,0,0,1,0,0,0,-1,0,0,1,0,0,0,0,0,0,0,1,1,1,0,0,0,0,0,0,0,0,0,0,0,0,0,0,0,0,0,0,0,0,0,0,0,0,0,0,0,0,0,0,0,0,2020/01/05 00:00:00,2020/01/05 00:00:00,2,1,Malathion,0.5,ha,20,l,40,ha,1,0,0,0,0,80,Band
43.125,14.9813888890001,24428,2020/01/05 00:00:00,11:37,2020/01/05 00:00:00,11:37,No,Early,Deer Bura,100,Exact,YE,433081,RAMSES38_YEM20-04.XL,Transiens appearing,1,0,1,2,1,0,0,0,0,0,0,0,0,0,0,0,0,0,0,0,0,0,0,0,0,0,0,0,0,0,0,0,0,0,0,0,0,0,0,0,1,0,2,-1,0,0,0,0,1,3,1,0,3,0,0,1,0,0.0099999998,0.0099999998,0,1,0,0,0,0,0,0,0,1,0,0,0,-1,0,0,1,0,0,0,0,0,0,0,1,1,1,0,0,0,0,0,0,0,0,0,0,0,0,0,0,0,0,0,0,0,0,0,0,0,0,0,0,0,0,0,0,0,0,2020/01/05 00:00:00,2020/01/05 00:00:00,2,1,Malathion,0.5,ha,10,l,20,ha,1,0,0,0,0,80,Band
43.143611111,14.969444444,24429,2020/01/18 00:00:00,11:00,2020/01/18 00:00:00,11:00,No,Middle,Deern Damh.1,100,Exact,YE,433082,RAMSES38_YEM20-04.XL,Gregarious & transie,1,0,1,2,1,0,0,0,0,0,0,0,0,0,0,0,0,0,0,0,0,0,0,0,0,0,0,0,0,0,0,0,0,0,0,0,0,0,0,1,0,0,3,-1,0,0,0,0,0,1,3,0,1,0,0,1,0,0.0049999999,0.0049999999,0,1,0,0,0,0,0,0,0,0,1,0,0,-1,3,0,1,0,0,0,0,0,0,0,1,1,1,1,0,0,0,0,0,0,0,0,0,0,0,0,0,0,0,0,0,0,0,0,0,0,0,0,0,0,0,0,0,0,0,2020/01/18 00:00:00,2020/01/18 00:00:00,2,2,Other,1,ha,10,l,30,ha,1,0,0,0,0,80,Band
43.0355555560001,15.954166667,24430,2020/01/07 00:00:00,08:34,2020/01/07 00:00:00,08:34,No,Early,almkasera,200,Exact,YE,433083,RAMSES38_YEM20-04.XL,Transiens appearing,1,0,1,2,1,0,0,0,0,0,0,0,0,0,0,0,0,0,0,0,0,0,0,0,0,0,0,0,0,0,0,0,0,0,0,0,0,0,0,0,1,0,3,-1,0,0,0,1,3,1,1,0,0,0,0,0,1,1,1,0,0,1,0,0,0,0,0,0,1,0,0,0,-1,0,0,1,0,0,0,0,0,0,0,1,1,1,0,0,0,0,0,0,0,0,0,0,0,0,0,0,0,0,0,0,0,0,0,0,0,0,0,0,0,0,0,0,0,0,2020/01/07 00:00:00,2020/01/07 00:00:00,2,1,Malathion,5,ha,80,l,160,ha,0,1,0,0,0,70,Band
43.1047222220001,15.945,24431,2020/01/18 00:00:00,11:03,2020/01/18 00:00:00,11:03,No,Middle,thaehier algamal,200,Exact,YE,433084,RAMSES38_YEM20-04.XL, ,1,0,1,2,1,0,0,0,0,0,0,0,0,0,0,0,0,0,0,0,0,0,0,0,0,0,0,0,0,0,0,0,0,0,0,0,0,0,0,0,1,0,4,-1,0,0,0,0,0,1,3,0,1,0,0,1,0,10,10,0,0,0,1,0,0,0,0,0,0,0,0,0,0,0,0,0,0,0,0,0,0,0,0,0,0,0,0,0,0,0,0,0,0,0,0,0,0,0,0,0,0,0,0,0,0,0,0,0,0,0,0,0,0,0,0,0,0,0,2020/01/18 00:00:00,2020/01/18 00:00:00,2,2,Fenitrothion,0.5,ha,60,l,120,ha,0,1,0,0,0,80,Band
43.089722222,15.959444444,24432,2020/01/18 00:00:00,11:45,2020/01/18 00:00:00,11:45,No,Middle,alhagaria,200,Exact,YE,433094,RAMSES38_YEM20-04.XL, ,1,0,1,2,1,0,0,0,0,0,0,0,0,0,0,0,0,0,0,0,0,0,0,0,0,0,0,0,0,0,0,0,0,0,0,0,0,0,0,0,1,0,5,-1,0,0,0,0,0,1,1,0,3,0,0,1,0,10,10,0,0,0,1,0,0,0,0,0,0,0,0,0,0,0,0,0,0,0,0,0,0,0,0,0,0,0,0,0,0,0,0,0,0,0,0,0,0,0,0,0,0,0,0,0,0,0,0,0,0,0,0,0,0,0,0,0,0,0,2020/01/18 00:00:00,2020/01/18 00:00:00,2,2,Fenitrothion,0.5,ha,80,l,160,ha,0,1,0,0,0,80,Band
43.012777778,15.9327777780001,24433,2020/01/05 00:00:00,12:00,2020/01/05 00:00:00,12:00,No,Early,shab alma,200,Exact,YE,433095,RAMSES38_YEM20-04.XL,Gregarious & transie,1,0,1,2,1,0,0,0,0,0,0,0,0,0,0,0,0,0,0,0,0,0,0,0,0,0,0,0,0,0,0,0,0,0,0,0,0,0,0,0,1,0,7,-1,0,0,0,1,3,1,1,0,0,0,0,0,1,1,1,0,0,1,0,0,0,0,0,0,0,1,0,0,1,0,0,1,0,0,0,0,0,0,0,1,1,1,1,0,0,0,0,0,0,0,0,0,0,0,0,0,0,0,0,0,0,0,0,0,0,0,0,0,0,0,0,0,0,0,2020/01/05 00:00:00,2020/01/05 00:00:00,2,1,Fenitrothion,0.5,ha,80,l,160,ha,0,1,0,0,0,80,Band
43.1244444440001,14.9972222220001,24434,2020/01/06 00:00:00,11:20,2020/01/06 00:00:00,11:20,No,Early,Tawahera,200,Exact,YE,433096,RAMSES38_YEM20-04.XL,Transiens appearing,1,0,1,2,1,0,0,0,0,0,0,0,0,0,0,0,0,0,0,0,0,0,0,0,0,0,0,0,0,0,0,0,0,0,0,0,0,0,0,0,1,0,3,-1,0,0,0,0,1,3,1,0,3,0,0,1,0,0.0049999999,0.0049999999,0,1,0,0,0,0,0,0,0,1,0,0,0,-1,3,0,1,0,0,0,0,0,0,0,1,1,1,0,0,0,0,0,0,0,0,0,0,0,0,0,0,0,0,0,0,0,0,0,0,0,0,0,0,0,0,0,0,0,0,2020/01/06 00:00:00,2020/01/06 00:00:00,2,1,Malathion,0.5,ha,15,l,30,ha,1,0,0,0,0,80,Band
43.137777778,14.968333333,24435,2020/01/06 00:00:00,12:45,2020/01/06 00:00:00,12:45,No,Early,Deer Al-Damh,200,Exact,YE,433097,RAMSES38_YEM20-04.XL,Transiens appearing,1,0,1,2,1,0,0,0,0,0,0,0,0,0,0,0,0,0,0,0,0,0,0,0,0,0,0,0,0,0,0,0,0,0,0,0,0,0,0,0,1,0,5,-1,0,0,0,1,3,1,1,0,0,0,0,0,1,0.0020000001,0.0020000001,1,0,0,0,0,0,0,0,0,1,0,0,0,-1,1,0,3,0,0,0,0,0,0,0,1,1,1,0,0,0,0,0,0,0,0,0,0,0,0,0,0,0,0,0,0,0,0,0,0,0,0,0,0,0,0,0,0,0,0,2020/01/06 00:00:00,2020/01/06 00:00:00,2,1,Malathion,0.5,ha,15,l,30,ha,1,0,0,0,0,80,Band
43.1091666670001,15.970555556,24436,2020/01/07 00:00:00,08:00,2020/01/07 00:00:00,08:00,No,Early,labada 1,200,Exact,YE,433098,RAMSES38_YEM20-04.XL, ,1,0,1,2,1,0,0,0,0,0,0,0,0,0,0,0,0,0,0,0,0,0,0,0,0,0,0,0,0,0,0,0,0,0,0,0,0,0,0,1,0,0,3,-1,0,0,0,1,1,3,1,0,3,0,0,0,1,10,10,0,0,0,1,0,0,0,0,0,0,0,0,0,0,0,0,0,0,0,0,0,0,0,0,0,0,0,0,0,0,0,0,0,0,0,0,0,0,0,0,0,0,0,0,0,0,0,0,0,0,0,0,0,0,0,0,0,0,0,2020/01/07 00:00:00,2020/01/07 00:00:00,2,1,Malathion,0.5,ha,60,l,120,ha,0,1,0,0,0,80,Band
43.089444444,15.966388889,24437,2020/01/07 00:00:00,08:12,2020/01/07 00:00:00,08:12,No,Early,west labada,100,Exact,YE,433099,RAMSES38_YEM20-04.XL, ,1,0,1,2,1,0,0,0,0,0,0,0,0,0,0,0,0,0,0,0,0,0,0,0,0,0,0,0,0,0,0,0,0,0,0,0,0,0,0,1,0,0,3,-1,0,0,0,1,3,1,1,0,0,0,0,0,1,0.0099999998,0.0099999998,0,1,0,0,0,0,0,0,0,1,0,0,0,1,0,0,1,0,0,0,0,0,0,0,1,1,0,0,0,0,0,0,0,0,0,0,0,0,0,0,0,0,0,0,0,0,0,0,0,0,0,0,0,0,0,0,0,0,0,1899/12/30 00:00:00,1899/12/30 00:00:00,0,0, ,0, ,0, ,0, ,0,0,0,0,0,0,Band
43.0441666670001,15.9433333330001,24438,2020/01/07 00:00:00,10:04,2020/01/07 00:00:00,10:04,No,Early,almkasera,100,Exact,YE,433100,RAMSES38_YEM20-04.XL,Gregarious & transie,1,0,1,2,1,0,0,0,0,0,0,0,0,0,0,0,0,0,0,0,0,0,0,0,0,0,0,0,0,0,0,0,0,0,0,0,0,0,0,1,0,0,6,-1,0,0,0,1,3,1,0,0,0,0,0,1,0,1,1,0,0,1,0,0,0,0,0,0,1,0,0,0,1,0,0,1,0,0,0,0,0,0,0,1,0,1,1,0,0,0,0,0,0,0,0,0,0,0,0,0,0,0,0,0,0,0,0,0,0,0,0,0,0,0,0,0,0,0,2020/01/07 00:00:00,2020/01/07 00:00:00,2,1,Malathion,0.5,ha,60,l,120,ha,0,1,0,0,0,80,Band
43.0930555560001,15.955277778,24439,2020/01/07 00:00:00,11:09,2020/01/07 00:00:00,11:09,No,Early,alaerwg,100,Exact,YE,433101,RAMSES38_YEM20-04.XL, ,1,0,1,2,1,0,0,0,0,0,0,0,0,0,0,0,0,0,0,0,0,0,0,0,0,0,0,0,0,0,0,0,0,0,0,0,0,0,0,1,0,0,5,-1,0,0,0,1,3,1,1,0,0,0,0,0,1,0.0020000001,0.0020000001,1,0,0,0,0,0,0,0,0,0,0,0,0,0,0,0,0,0,0,0,0,0,0,0,0,0,0,0,0,0,0,0,0,0,0,0,0,0,0,0,0,0,0,0,0,0,0,0,0,0,0,0,0,0,0,0,0,0,0,2020/01/07 00:00:00,2020/01/07 00:00:00,2,1,Fenitrothion,0.5,ha,80,l,160,ha,0,1,0,0,0,100,Band
43.0544444440001,15.9411111110001,24440,2020/01/07 00:00:00,10:36,2020/01/07 00:00:00,10:36,No,Early,east almaerbad,200,Exact,YE,433102,RAMSES38_YEM20-04.XL,Gregarious & transie,1,0,1,2,1,0,0,0,0,0,0,0,0,0,0,0,0,0,0,0,0,0,0,0,0,0,0,0,0,0,0,0,0,0,0,0,0,0,0,0,1,0,4,-1,0,0,0,1,3,1,1,0,0,0,0,0,1,1,1,0,0,1,0,0,0,0,0,0,0,1,0,0,1,0,0,1,0,0,0,0,0,0,0,1,1,1,1,0,0,0,0,0,0,0,0,0,0,0,0,0,0,0,0,0,0,0,0,0,0,0,0,0,0,0,0,0,0,0,2020/01/07 00:00:00,2020/01/07 00:00:00,2,1,Malathion,0.5,ha,80,l,160,ha,0,1,0,0,0,80,Band
43.1075,15.9786111110001,24441,2020/01/09 00:00:00,08:18,2020/01/09 00:00:00,08:18,No,Early,aldkameh,100,Exact,YE,433112,RAMSES38_YEM20-04.XL, ,1,0,1,2,1,0,0,0,0,0,0,0,0,0,0,0,0,0,0,0,0,0,0,0,0,0,0,0,0,0,0,0,0,0,0,0,0,0,0,1,0,0,5,-1,0,0,0,0,1,3,1,0,3,0,0,0,1,0.0099999998,0.0099999998,0,1,0,0,0,0,0,0,0,0,0,0,0,0,0,0,0,0,0,0,0,0,0,0,0,0,0,0,0,0,0,0,0,0,0,0,0,0,0,0,0,0,0,0,0,0,0,0,0,0,0,0,0,0,0,0,0,0,0,2020/01/09 00:00:00,2020/01/09 00:00:00,2,1,Other,1,ha,40,l,150,ha,0,1,0,0,0,75,Band
43.1041666670001,15.976111111,24442,2020/01/09 00:00:00,08:32,2020/01/09 00:00:00,08:32,No,Early,alhagaria,100,Exact,YE,433113,RAMSES38_YEM20-04.XL,Transiens appearing,1,0,1,2,1,0,0,0,0,0,0,0,0,0,0,0,0,0,0,0,0,0,0,0,0,0,0,0,0,0,0,0,0,0,0,0,0,0,0,0,1,0,4,-1,0,0,0,0,1,1,3,0,0,0,0,0,1,0.0099999998,0.0099999998,0,1,0,0,0,0,0,0,0,0,1,0,0,-1,0,0,1,0,0,0,0,1,0,0,0,0,1,0,0,0,0,0,0,0,0,0,0,0,0,0,0,0,0,0,0,0,0,0,0,0,0,0,0,0,0,0,0,0,0,2020/01/09 00:00:00,2020/01/09 00:00:00,2,1,Other,1,ha,40,l,150,ha,0,1,0,0,0,70,Band
43.091388889,15.956666667,24443,2020/01/09 00:00:00,08:45,2020/01/09 00:00:00,08:45,No,Early,alhagariah,200,Exact,YE,433114,RAMSES38_YEM20-04.XL, ,1,0,1,2,1,0,0,0,0,0,0,0,0,0,0,0,0,0,0,0,0,0,0,0,0,0,0,0,0,0,0,0,0,0,0,0,0,0,0,1,0,0,3,-1,0,0,0,0,1,3,1,0,3,0,0,1,0,1,1,0,0,1,0,0,0,0,0,0,0,0,0,0,0,0,0,0,0,0,0,0,0,0,0,0,0,0,0,0,0,0,0,0,0,0,0,0,0,0,0,0,0,0,0,0,0,0,0,0,0,0,0,0,0,0,0,0,0,0,2020/01/09 00:00:00,2020/01/09 00:00:00,2,1,Malathion,0.5,ha,80,l,160,ha,0,1,0,0,0,80,Band
43.032777778,15.902222222,24444,2020/01/09 00:00:00,09:30,2020/01/09 00:00:00,09:30,No,Early,shaerq mabaheseh,200,Exact,YE,433115,RAMSES38_YEM20-04.XL, ,1,0,1,2,1,0,0,0,0,0,0,0,0,0,0,0,0,0,0,0,0,0,0,0,0,0,0,0,0,0,0,0,0,0,0,0,0,0,0,0,1,0,3,-1,0,0,0,1,1,3,1,0,3,0,0,0,1,1,1,0,0,1,0,0,0,0,0,0,0,0,0,0,0,0,0,0,0,0,0,0,0,0,0,0,0,0,0,0,0,0,0,0,0,0,0,0,0,0,0,0,0,0,0,0,0,0,0,0,0,0,0,0,0,0,0,0,0,0,2020/01/09 00:00:00,2020/01/09 00:00:00,2,1,Malathion,0.5,ha,80,l,160,ha,0,1,0,0,0,80,Band
43.0516666670001,15.893055556,24445,2020/01/09 00:00:00,09:51,2020/01/09 00:00:00,09:51,No,Early,bani balwsh,200,Exact,YE,433116,RAMSES38_YEM20-04.XL,Transiens appearing,1,0,1,2,1,0,0,0,0,0,0,0,0,0,0,0,0,0,0,0,0,0,0,0,0,0,0,0,0,0,0,0,0,0,0,0,0,0,0,0,1,0,4,-1,0,0,0,0,1,3,1,0,3,0,0,1,0,1,1,0,0,1,0,0,0,0,0,0,1,0,0,0,-1,0,0,1,0,0,0,0,0,0,1,0,0,1,0,0,0,0,0,0,0,0,0,0,0,0,0,0,0,0,0,0,0,0,0,0,0,0,0,0,0,0,0,0,0,0,2020/01/09 00:00:00,2020/01/09 00:00:00,2,1,Other,1,ha,60,l,170,ha,0,1,0,0,0,75,Band
43.0513888890001,15.893055556,24446,2020/01/09 00:00:00,10:21,2020/01/09 00:00:00,10:21,No,Early,bani gaibah,200,Exact,YE,433117,RAMSES38_YEM20-04.XL,Gregarious & transie,1,0,1,2,1,0,0,0,0,0,0,0,0,0,0,0,0,0,0,0,0,0,0,0,0,0,0,0,0,0,0,0,0,0,0,0,0,0,0,0,1,0,3,-1,0,0,0,1,3,1,1,0,0,0,0,0,1,1,1,0,0,1,0,0,0,0,0,0,1,0,0,0,1,0,0,1,0,0,0,0,0,0,0,1,0,1,1,0,0,0,0,0,0,0,0,0,0,0,0,0,0,0,0,0,0,0,0,0,0,0,0,0,0,0,0,0,0,0,2020/01/09 00:00:00,2020/01/09 00:00:00,2,1,Malathion,0.5,ha,60,l,120,ha,0,1,0,0,0,90,Band
43.1325,14.9844444440001,24447,2020/01/09 00:00:00,10:23,2020/01/09 00:00:00,10:23,No,Early,W. Humara,100,Exact,YE,433118,RAMSES38_YEM20-04.XL,Transiens appearing,1,0,1,2,1,0,0,0,0,0,0,0,0,0,0,0,0,0,0,0,0,0,0,0,0,0,0,0,0,0,0,0,0,0,0,0,0,0,0,0,1,0,3,-1,0,0,0,0,1,1,3,0,1,0,0,1,0,0.0099999998,0.0099999998,0,1,0,0,0,0,0,0,0,1,0,0,0,-1,3,0,1,0,0,0,0,0,0,0,1,1,1,0,0,0,0,0,0,0,0,0,0,0,0,0,0,0,0,0,0,0,0,0,0,0,0,0,0,0,0,0,0,0,0,2020/01/09 00:00:00,2020/01/09 00:00:00,2,1,Malathion,0.5,ha,20,l,40,ha,1,0,0,0,0,90,Band
43.0708333330001,15.9352777780001,24448,2020/01/09 00:00:00,10:55,2020/01/09 00:00:00,10:55,No,Early,alsalamieh,200,Exact,YE,433119,RAMSES38_YEM20-04.XL,Transiens appearing,1,0,1,2,1,0,0,0,0,0,0,0,0,0,0,0,0,0,0,0,0,0,0,0,0,0,0,0,0,0,0,0,0,0,0,0,0,0,0,0,1,0,4,-1,0,0,0,1,1,3,1,0,3,0,0,0,1,1,1,0,0,1,0,0,0,0,0,0,1,0,0,0,-1,0,0,1,0,0,0,0,0,0,0,1,0,1,0,0,0,0,0,0,0,0,0,0,0,0,0,0,0,0,0,0,0,0,0,0,0,0,0,0,0,0,0,0,0,0,1899/12/30 00:00:00,1899/12/30 00:00:00,0,0, ,0, ,0, ,0, ,0,0,0,0,0,0,Band
43.0588888890001,15.953888889,24449,2020/01/09 00:00:00,11:04,2020/01/09 00:00:00,11:04,No,Early,alslemiah,200,Exact,YE,433120,RAMSES38_YEM20-04.XL, ,1,0,1,2,1,0,0,0,0,0,0,0,0,0,0,0,0,0,0,0,0,0,0,0,0,0,0,0,0,0,0,0,0,0,0,0,0,0,0,0,1,0,4,-1,0,0,0,1,1,1,3,0,0,0,0,0,1,20,20,0,0,0,1,0,0,0,0,0,0,0,0,0,0,0,0,0,0,0,0,0,0,0,0,0,0,0,0,0,0,0,0,0,0,0,0,0,0,0,0,0,0,0,0,0,0,0,0,0,0,0,0,0,0,0,0,0,0,0,1899/12/30 00:00:00,1899/12/30 00:00:00,0,0, ,0, ,0, ,0, ,0,0,0,0,0,0,Band
43.153333333,14.966944444,24450,2020/01/09 00:00:00,11:48,2020/01/09 00:00:00,11:48,No,Early,Al Damh,200,Exact,YE,433129,RAMSES38_YEM20-04.XL,Transiens appearing,1,0,1,2,1,0,0,0,0,0,0,0,0,0,0,0,0,0,0,0,0,0,0,0,0,0,0,0,0,0,0,0,0,0,0,0,0,0,0,1,0,0,5,-1,0,0,0,1,1,3,1,0,3,0,0,1,0,0.0099999998,0.0099999998,0,1,0,0,0,0,0,0,0,1,0,0,0,-1,1,0,3,0,0,0,0,0,0,0,1,1,1,0,0,0,0,0,0,0,0,0,0,0,0,0,0,0,0,0,0,0,0,0,0,0,0,0,0,0,0,0,0,0,0,2020/01/09 00:00:00,2020/01/09 00:00:00,2,1,Other,1,ha,2,l,50,ha,0,1,0,0,0,90,Band
43.094722222,14.92,24451,2020/01/09 00:00:00,12:41,2020/01/09 00:00:00,12:41,No,Early,Dekeya,100,Exact,YE,433130,RAMSES38_YEM20-04.XL,Transiens appearing,1,0,1,1,1,0,0,0,0,0,0,0,0,0,0,0,0,0,0,0,0,0,0,0,0,0,0,0,0,0,0,0,0,0,0,0,0,0,0,1,0,0,10,-1,0,0,1,3,0,0,0,0,0,0,0,0,1,9.9999997e-05,9.9999997e-05,1,0,0,0,0,0,0,0,0,1,0,0,0,-1,0,0,1,1,1,0,0,0,0,0,1,1,1,0,0,0,0,0,0,0,0,0,0,0,0,0,0,0,0,0,0,0,0,0,0,0,0,0,0,0,0,0,0,0,0,2020/01/09 00:00:00,2020/01/09 00:00:00,2,1,Other,1,ha,0.5,l,50,ha,1,0,0,0,0,90,Band
43.024166667,15.9341666670001,24452,2020/01/08 00:00:00,08:45,2020/01/08 00:00:00,08:45,No,Early,almkaeser,200,Exact,YE,433131,RAMSES38_YEM20-04.XL,Gregarious & transie,1,0,1,2,1,0,0,0,0,0,0,0,0,0,0,0,0,0,0,0,0,0,0,0,0,0,0,0,0,0,0,0,0,0,0,0,0,0,0,0,1,0,2,-1,0,0,0,1,3,1,1,0,0,0,0,0,1,1,1,0,0,1,0,0,0,0,0,0,1,0,0,0,1,0,0,1,0,0,0,0,0,0,0,1,0,1,1,0,0,0,0,0,0,0,0,0,0,0,0,0,0,0,0,0,0,0,0,0,0,0,0,0,0,0,0,0,0,0,2020/01/08 00:00:00,2020/01/08 00:00:00,2,1,Deltamethrin,0.5,ha,80,l,160,ha,0,1,0,0,0,80,Band
43.010277778,15.909166667,24453,2020/01/08 00:00:00,08:57,2020/01/08 00:00:00,08:57,No,Early,almbahseh,200,Exact,YE,433132,RAMSES38_YEM20-04.XL, ,1,0,1,2,1,0,0,0,0,0,0,0,0,0,0,0,0,0,0,0,0,0,0,0,0,0,0,0,0,0,0,0,0,0,0,0,0,0,0,1,0,0,3,-1,0,0,0,1,3,1,1,0,0,0,0,0,1,1,1,0,0,1,0,0,0,0,0,0,0,0,0,0,0,0,0,0,0,0,0,0,0,0,0,0,0,0,0,0,0,0,0,0,0,0,0,0,0,0,0,0,0,0,0,0,0,0,0,0,0,0,0,0,0,0,0,0,0,0,2020/01/08 00:00:00,2020/01/08 00:00:00,2,1,Deltamethrin,0.5,ha,80,l,160,ha,0,1,0,0,0,75,Band
42.905,15.8611111110001,24454,2020/01/08 00:00:00,09:25,2020/01/08 00:00:00,09:25,No,Early,wadi alain,200,Exact,YE,433134,RAMSES38_YEM20-04.XL,Gregarious & transie,1,0,1,2,1,0,0,0,0,0,0,0,0,0,0,0,0,0,0,0,0,0,0,0,0,0,0,0,0,0,0,0,0,0,0,0,0,0,0,1,0,0,3,-1,0,0,0,1,3,1,0,0,0,0,0,0,1,0.001,0.001,1,0,0,0,0,0,0,0,0,0,1,0,0,1,0,0,1,0,0,0,0,0,0,0,1,1,1,1,0,0,0,0,0,0,0,0,0,0,0,0,0,0,0,0,0,0,0,0,0,0,0,0,0,0,0,0,0,0,0,1899/12/30 00:00:00,1899/12/30 00:00:00,0,0, ,0, ,0, ,0, ,0,0,0,0,0,0,Band
43.1119444440001,15.0061111110001,24455,2020/01/08 00:00:00,09:47,2020/01/08 00:00:00,09:47,No,Early,Deer Al Dubaish,200,Exact,YE,433135,RAMSES38_YEM20-04.XL,Transiens appearing,1,0,1,1,1,0,0,0,0,0,0,0,0,0,0,0,0,0,0,0,0,0,0,0,0,0,0,0,0,0,0,0,0,0,0,0,0,0,0,0,1,0,5,-1,0,0,0,0,1,3,1,0,3,0,0,1,0,0.0099999998,0.0099999998,0,1,0,0,0,0,0,0,0,1,0,0,0,-1,1,0,3,1,1,0,0,0,0,0,1,1,1,0,0,0,0,0,0,0,0,0,0,0,0,0,0,0,0,0,0,0,0,0,0,0,0,0,0,0,0,0,0,0,0,2020/01/08 00:00:00,2020/01/08 00:00:00,2,1,Malathion,0.5,ha,15,l,30,ha,1,0,0,0,0,90,Band
43.1136111110001,14.9983333330001,24456,2020/01/08 00:00:00,10:05,2020/01/08 00:00:00,10:05,No,Early,Deer Al Dubaish.1,100,Exact,YE,433136,RAMSES38_YEM20-04.XL,Gregarious & transie,1,0,1,2,1,0,0,0,0,0,0,0,0,0,0,0,0,0,0,0,0,0,0,0,0,0,0,0,0,0,0,0,0,0,0,0,0,0,0,0,1,0,3,-1,0,0,0,0,1,1,3,0,1,0,0,1,0,0.0080000004,0.0080000004,0,1,0,0,0,0,0,0,0,1,0,0,0,-1,3,0,1,0,0,0,0,0,0,0,1,1,1,1,0,0,0,0,0,0,0,0,0,0,0,0,0,0,0,0,0,0,0,0,0,0,0,0,0,0,0,0,0,0,0,2020/01/08 00:00:00,2020/01/08 00:00:00,2,1,Malathion,0.5,ha,15,l,30,ha,1,0,0,0,0,90,Band
43.130555556,15.0016666670001,24457,2020/01/08 00:00:00,10:35,2020/01/08 00:00:00,10:35,No,Early,Deer Shu{[1]}ala,100,Exact,YE,433137,RAMSES38_YEM20-04.XL,Gregarious & transie,1,0,1,2,1,0,0,0,0,0,0,0,0,0,0,0,0,0,0,0,0,0,0,0,0,0,0,0,0,0,0,0,0,0,0,0,0,0,0,0,1,0,3,-1,0,0,0,0,1,3,1,0,1,0,0,1,0,0.0049999999,0.0049999999,0,1,0,0,0,0,0,0,0,1,0,0,0,-1,3,0,1,0,0,0,0,0,0,0,1,1,1,1,0,0,0,0,0,0,0,0,0,0,0,0,0,0,0,0,0,0,0,0,0,0,0,0,0,0,0,0,0,0,0,2020/01/08 00:00:00,2020/01/08 00:00:00,2,1,Malathion,0.5,ha,10,l,20,ha,1,0,0,0,0,90,Band
42.893333333,15.8116666670001,24458,2020/01/08 00:00:00,10:46,2020/01/08 00:00:00,10:46,No,Early,wadi alain,200,Exact,YE,433147,RAMSES38_YEM20-04.XL,Transiens appearing,1,0,1,2,1,0,0,0,0,0,0,0,0,0,0,0,0,0,0,0,0,0,0,0,0,0,0,0,0,0,0,0,0,0,0,0,0,0,0,1,0,0,3,-1,0,0,0,1,1,3,0,0,3,0,0,0,1,1,1,0,0,1,0,0,0,0,0,0,1,0,0,0,-1,0,0,1,0,0,0,0,0,0,0,1,1,1,0,0,0,0,0,0,0,0,0,0,0,0,0,0,0,0,0,0,0,0,0,0,0,0,0,0,0,0,0,0,0,0,2020/01/08 00:00:00,2020/01/08 00:00:00,2,1,Deltamethrin,0.5,ha,80,l,160,ha,0,1,0,0,0,75,Band
43.136666667,15.0069444440001,24459,2020/01/08 00:00:00,10:46,2020/01/08 00:00:00,10:46,No,Early,Deer Shu{[1]}ala,100,Exact,YE,433148,RAMSES38_YEM20-04.XL,Gregarious & transie,1,0,1,2,1,0,0,0,0,0,0,0,0,0,0,0,0,0,0,0,0,0,0,0,0,0,0,0,0,0,0,0,0,0,0,0,0,0,0,0,1,0,2,-1,0,0,0,0,0,3,1,0,1,0,0,1,0,0.0060000001,0.0060000001,0,1,0,0,0,0,0,0,0,0,1,0,0,-1,3,0,1,0,0,0,0,0,0,0,1,1,1,1,0,0,0,0,0,0,0,0,0,0,0,0,0,0,0,0,0,0,0,0,0,0,0,0,0,0,0,0,0,0,0,2020/01/08 00:00:00,2020/01/08 00:00:00,2,1,Malathion,0.5,ha,15,l,30,ha,1,0,0,0,0,75,Band
43.2991666670001,15.070277778,24460,2020/01/10 00:00:00,09:41,2020/01/10 00:00:00,09:41,No,Early,der shlh,100,Exact,YE,433149,RAMSES38_YEM20-04.XL,Gregarious appearing,1,0,1,2,1,0,0,0,0,0,0,0,0,0,0,0,0,0,0,0,0,0,0,0,0,0,0,0,0,0,0,0,0,0,0,0,0,0,0,0,1,0,30,-1,0,0,1,3,1,1,1,0,0,0,0,1,0,20,20,0,0,0,1,0,0,0,0,0,1,0,0,0,2,0,0,1,0,0,0,1,0,0,0,0,0,0,1,0,0,0,0,0,0,0,0,0,0,0,0,0,0,0,0,0,0,0,0,0,0,0,0,0,0,0,0,0,0,0,2020/01/10 00:00:00,2020/01/10 00:00:00,2,1,Other,1,ha,4,l,60,ha,0,1,0,0,0,95,Band
43.07,15.9202777780001,24461,2020/01/10 00:00:00,09:58,2020/01/10 00:00:00,09:58,No,Early,alsalmiah,200,Exact,YE,433150,RAMSES38_YEM20-04.XL, ,1,0,1,2,1,0,0,0,0,0,0,0,0,0,0,0,0,0,0,0,0,0,0,0,0,0,0,0,0,0,0,0,0,0,0,0,0,0,0,0,1,0,5,-1,0,0,0,1,1,1,3,0,0,0,0,0,1,1,1,0,0,1,0,0,0,0,0,0,0,0,0,0,0,0,0,0,0,0,0,0,0,0,0,0,0,0,0,0,0,0,0,0,0,0,0,0,0,0,0,0,0,0,0,0,0,0,0,0,0,0,0,0,0,0,0,0,0,0,2020/01/10 00:00:00,2020/01/10 00:00:00,2,1,Malathion,0.5,ha,80,l,160,ha,0,1,0,0,0,85,Band
43.078055556,15.893611111,24462,2020/01/10 00:00:00,10:21,2020/01/10 00:00:00,10:21,No,Early,bani gaibah,200,Exact,YE,433151,RAMSES38_YEM20-04.XL, ,1,0,1,2,1,0,0,0,0,0,0,0,0,0,0,0,0,0,0,0,0,0,0,0,0,0,0,0,0,0,0,0,0,0,0,0,0,0,0,0,1,0,4,-1,0,0,0,0,1,1,3,0,0,0,0,1,0,1,1,0,0,1,0,0,0,0,0,0,0,0,0,0,0,0,0,0,0,0,0,0,0,0,0,0,0,0,0,0,0,0,0,0,0,0,0,0,0,0,0,0,0,0,0,0,0,0,0,0,0,0,0,0,0,0,0,0,0,0,2020/01/10 00:00:00,2020/01/10 00:00:00,2,1,Malathion,0.5,ha,80,l,160,ha,0,1,0,0,0,70,Band
43.070277778,15.9394444440001,24463,2020/01/10 00:00:00,10:41,2020/01/10 00:00:00,10:41,No,Early,bani athabi,200,Exact,YE,433152,RAMSES38_YEM20-04.XL, ,1,0,1,2,1,0,0,0,0,0,0,0,0,0,0,0,0,0,0,0,0,0,0,0,0,0,0,0,0,0,0,0,0,0,0,0,0,0,0,1,0,0,4,-1,0,0,0,1,1,1,3,0,0,0,0,1,0,1,1,0,0,1,0,0,0,0,0,0,0,0,0,0,0,0,0,0,0,0,0,0,0,0,0,0,0,0,0,0,0,0,0,0,0,0,0,0,0,0,0,0,0,0,0,0,0,0,0,0,0,0,0,0,0,0,0,0,0,0,2020/01/10 00:00:00,2020/01/10 00:00:00,2,1,Malathion,0.5,ha,80,l,160,ha,0,1,0,0,0,70,Band
43.1322222220001,15.0013888890001,24464,2020/01/10 00:00:00,10:49,2020/01/10 00:00:00,10:49,No,Early,Der shalh,100,Exact,YE,433153,RAMSES38_YEM20-04.XL, ,1,0,1,2,1,0,0,0,0,0,0,0,0,0,0,0,0,0,0,0,0,0,0,0,0,0,0,0,0,0,0,0,0,0,0,0,0,0,0,1,0,0,10,-1,0,0,1,1,3,1,0,0,0,0,0,1,0,0.02,0.02,0,1,0,0,0,0,0,0,0,0,0,0,0,0,0,0,0,0,0,0,0,0,0,0,0,0,0,0,0,0,0,0,0,0,0,0,0,0,0,0,0,0,0,0,0,0,0,0,0,0,0,0,0,0,0,0,0,0,0,2020/01/10 00:00:00,2020/01/10 00:00:00,2,1,Deltamethrin,5,ha,15,l,30,ha,0,1,0,0,0,100,Band
43.04,15.955833333,24465,2020/01/10 00:00:00,11:03,2020/01/10 00:00:00,11:03,No,Early,almkasereh,100,Exact,YE,433154,RAMSES38_YEM20-04.XL, ,1,0,1,2,1,0,0,0,0,0,0,0,0,0,0,0,0,0,0,0,0,0,0,0,0,0,0,0,0,0,0,0,0,0,0,0,0,0,0,0,1,0,3,-1,0,0,0,0,1,3,1,0,3,0,0,1,0,1,1,0,0,1,0,0,0,0,0,0,0,0,0,0,0,0,0,0,0,0,0,0,0,0,0,0,0,0,0,0,0,0,0,0,0,0,0,0,0,0,0,0,0,0,0,0,0,0,0,0,0,0,0,0,0,0,0,0,0,0,2020/01/10 00:00:00,2020/01/10 00:00:00,2,1,Malathion,0.5,ha,80,l,160,ha,0,1,0,0,0,80,Band
43.0547222220001,15.962777778,24466,2020/01/10 00:00:00,12:08,2020/01/10 00:00:00,12:08,No,Early,aldelaweha,100,Exact,YE,433155,RAMSES38_YEM20-04.XL, ,1,0,1,2,1,0,0,0,0,0,0,0,0,0,0,0,0,0,0,0,0,0,0,0,0,0,0,0,0,0,0,0,0,0,0,0,0,0,0,0,1,0,4,-1,0,0,0,0,1,1,3,0,0,0,0,1,0,1,1,0,0,1,0,0,0,0,0,0,0,0,0,0,0,0,0,0,0,0,0,0,0,0,0,0,0,0,0,0,0,0,0,0,0,0,0,0,0,0,0,0,0,0,0,0,0,0,0,0,0,0,0,0,0,0,0,0,0,0,2020/01/10 00:00:00,2020/01/10 00:00:00,2,1,Other,1,ha,40,l,150,ha,0,1,0,0,0,70,Band
43.1833333330001,14.4833333330001,24467,2020/01/10 00:00:00,07:57,2020/01/10 00:00:00,07:57,No,Early,Al Khdaryah,100,Exact,YE,433165,RAMSES38_YEM20-04.XL, ,1,0,1,2,1,0,0,0,0,0,0,0,0,0,0,0,0,0,0,0,0,0,0,0,0,0,0,0,0,0,0,0,0,0,0,0,0,0,0,1,0,0,0,-1,0,0,0,0,1,1,3,0,1,0,0,1,0,10,10,0,0,0,1,0,0,0,0,0,0,0,0,0,0,0,0,0,0,0,0,0,0,0,0,0,0,0,0,0,0,0,0,0,0,0,0,0,0,0,0,0,0,0,0,0,0,0,0,0,0,0,0,0,0,0,0,0,0,0,2020/01/10 00:00:00,2020/01/10 00:00:00,2,1,Malathion,0.5,ha,40,l,80,ha,1,0,0,0,0,70,Band
43.1227777780001,14.9883333330001,24468,2020/01/11 00:00:00,09:11,2020/01/11 00:00:00,09:11,No,Middle,Aldoarh,100,Exact,YE,433166,RAMSES38_YEM20-04.XL, ,1,0,1,2,1,0,0,0,0,0,0,0,0,0,0,0,0,0,0,0,0,0,0,0,0,0,0,0,0,0,0,0,0,0,0,0,0,0,1,0,0,0,5,-1,0,0,1,3,1,1,0,0,0,0,0,1,0,0.0070000002,0.0070000002,0,1,0,0,0,0,0,0,0,0,0,0,0,0,0,0,0,0,0,0,0,0,0,0,0,0,0,0,0,0,0,0,0,0,0,0,0,0,0,0,0,0,0,0,0,0,0,0,0,0,0,0,0,0,0,0,0,0,0,2020/01/11 00:00:00,2020/01/11 00:00:00,2,2,Deltamethrin,5,ha,10,l,20,ha,1,0,0,0,0,95,Band
43.137222222,15.008055556,24469,2020/01/11 00:00:00,09:39,2020/01/11 00:00:00,09:39,No,Middle,Der Shalh,100,Exact,YE,433167,RAMSES38_YEM20-04.XL, ,1,0,1,2,1,0,0,0,0,0,0,0,0,0,0,0,0,0,0,0,0,0,0,0,0,0,0,0,0,0,0,0,0,0,0,0,0,0,1,0,0,0,10,-1,0,0,1,3,1,1,0,0,0,0,0,1,0,0.001,0.001,1,0,0,0,0,0,0,0,0,0,0,0,0,0,0,0,0,0,0,0,0,0,0,0,0,0,0,0,0,0,0,0,0,0,0,0,0,0,0,0,0,0,0,0,0,0,0,0,0,0,0,0,0,0,0,0,0,0,0,2020/01/11 00:00:00,2020/01/11 00:00:00,2,2,Deltamethrin,5,ha,5,l,10,ha,1,0,0,0,0,100,Band
43.1575,14.9755555560001,24470,2020/01/11 00:00:00,10:21,2020/01/11 00:00:00,10:21,No,Middle,Der shil,100,Exact,YE,433168,RAMSES38_YEM20-04.XL, ,1,0,1,2,1,0,0,0,0,0,0,0,0,0,0,0,0,0,0,0,0,0,0,0,0,0,0,0,0,0,0,0,0,0,0,0,0,0,0,1,0,0,20,-1,0,0,1,1,3,1,1,0,0,0,0,1,0,20,20,0,0,0,1,0,0,0,0,0,0,0,0,0,0,0,0,0,0,0,0,0,0,0,0,0,0,0,0,0,0,0,0,0,0,0,0,0,0,0,0,0,0,0,0,0,0,0,0,0,0,0,0,0,0,0,0,0,0,0,2020/01/11 00:00:00,2020/01/11 00:00:00,2,2,Deltamethrin,5,ha,20,l,40,ha,1,0,0,0,0,95,Band
43.156944444,14.9875,24471,2020/01/11 00:00:00,11:06,2020/01/11 00:00:00,11:06,No,Middle,Aery,100,Exact,YE,433169,RAMSES38_YEM20-04.XL, ,1,0,1,2,1,0,0,0,0,0,0,0,0,0,0,0,0,0,0,0,0,0,0,0,0,0,0,0,0,0,0,0,0,0,0,0,0,0,0,1,0,0,20,-1,0,0,1,3,1,1,0,0,0,0,0,1,0,5,5,0,0,1,0,0,0,0,0,0,0,0,0,0,0,0,0,0,0,0,0,0,0,0,0,0,0,0,0,0,0,0,0,0,0,0,0,0,0,0,0,0,0,0,0,0,0,0,0,0,0,0,0,0,0,0,0,0,0,0,2020/01/11 00:00:00,2020/01/11 00:00:00,2,2,Other,1,ha,4,l,50,ha,0,1,0,0,0,100,Band
43.1016666670001,15.971944444,24472,2020/01/12 00:00:00,08:34,2020/01/12 00:00:00,08:34,No,Middle,aldakamah,200,Exact,YE,433170,RAMSES38_YEM20-04.XL, ,1,0,1,2,1,0,0,0,0,0,0,0,0,0,0,0,0,0,0,0,0,0,0,0,0,0,0,0,0,0,0,0,0,0,0,0,0,0,0,0,1,0,3,-1,0,0,0,0,1,1,3,0,0,0,0,0,1,1,1,0,0,1,0,0,0,0,0,0,0,0,0,0,0,0,0,0,0,0,0,0,0,0,0,0,0,0,0,0,0,0,0,0,0,0,0,0,0,0,0,0,0,0,0,0,0,0,0,0,0,0,0,0,0,0,0,0,0,0,2020/01/12 00:00:00,2020/01/12 00:00:00,2,2,Fenitrothion,0.5,ha,80,l,160,ha,0,1,0,0,0,80,Band
43.156944444,14.9875,24473,2020/01/12 00:00:00,08:34,2020/01/12 00:00:00,08:34,No,Middle,Der shil,100,Exact,YE,433171,RAMSES38_YEM20-04.XL, ,1,0,1,2,1,0,0,0,0,0,0,0,0,0,0,0,0,0,0,0,0,0,0,0,0,0,0,0,0,0,0,0,0,0,0,0,0,0,0,0,1,0,10,-1,0,0,1,3,1,1,0,0,0,0,0,1,0,10,10,0,0,0,1,0,0,0,0,0,0,0,0,0,0,0,0,0,0,0,0,0,0,0,0,0,0,0,0,0,0,0,0,0,0,0,0,0,0,0,0,0,0,0,0,0,0,0,0,0,0,0,0,0,0,0,0,0,0,0,2020/01/12 00:00:00,2020/01/12 00:00:00,2,2,Other,1,ha,5,l,50,ha,0,1,0,0,0,95,Band
43.151111111,14.9802777780001,24474,2020/01/12 00:00:00,08:54,2020/01/12 00:00:00,08:54,No,Middle,Dear Suhail,100,Exact,YE,433172,RAMSES38_YEM20-04.XL,Gregarious & transie,1,0,1,2,1,0,0,0,0,0,0,0,0,0,0,0,0,0,0,0,0,0,0,0,0,0,0,0,0,0,0,0,0,0,0,0,0,0,0,0,1,0,3,-1,0,0,0,0,0,1,3,0,1,0,0,1,0,0.0024999999,0.0024999999,0,1,0,0,0,0,0,0,0,0,1,0,0,-1,3,0,1,0,0,0,0,0,0,0,1,1,1,1,0,0,0,0,0,0,0,0,0,0,0,0,0,0,0,0,0,0,0,0,0,0,0,0,0,0,0,0,0,0,0,2020/01/12 00:00:00,2020/01/12 00:00:00,2,2,Malathion,0.5,ha,40,l,80,ha,0,1,0,0,0,95,Band
43.161111111,15.013055556,24475,2020/01/12 00:00:00,09:45,2020/01/12 00:00:00,09:45,No,Middle,Sulaip,200,Exact,YE,433173,RAMSES38_YEM20-04.XL,Transiens appearing,1,0,1,2,1,0,0,0,0,0,0,0,0,0,0,0,0,0,0,0,0,0,0,0,0,0,0,0,0,0,0,0,0,0,0,0,0,0,0,0,1,0,4,-1,0,0,0,0,1,1,3,0,1,0,0,1,0,1,1,0,0,1,0,0,0,0,0,0,1,0,0,0,-1,3,0,1,0,0,0,0,0,0,0,1,1,1,0,0,0,0,0,0,0,0,0,0,0,0,0,0,0,0,0,0,0,0,0,0,0,0,0,0,0,0,0,0,0,0,2020/01/12 00:00:00,2020/01/12 00:00:00,2,2,Malathion,0.5,ha,15,l,35,ha,1,0,0,0,0,95,Band
43.0533333330001,15.964166667,24476,2020/01/12 00:00:00,09:47,2020/01/12 00:00:00,09:47,No,Middle,areya,200,Exact,YE,433181,RAMSES38_YEM20-04.XL,Transiens appearing,1,0,1,2,1,0,0,0,0,0,0,0,0,0,0,0,0,0,0,0,0,0,0,0,0,0,0,0,0,0,0,0,0,0,0,0,0,0,0,0,1,0,3,-1,0,0,0,0,1,1,3,0,0,0,0,1,0,1,1,0,0,1,0,0,0,0,0,0,1,0,0,0,-1,0,0,1,0,0,0,0,0,0,0,1,1,1,0,0,0,0,0,0,0,0,0,0,0,0,0,0,0,0,0,0,0,0,0,0,0,0,0,0,0,0,0,0,0,0,2020/01/12 00:00:00,2020/01/12 00:00:00,2,2,Fenitrothion,0.5,ha,80,l,160,ha,0,1,0,0,0,80,Band
43.0577777780001,15.958055556,24477,2020/01/12 00:00:00,10:32,2020/01/12 00:00:00,10:32,No,Middle,shab althab,200,Exact,YE,433182,RAMSES38_YEM20-04.XL, ,1,0,1,2,1,0,0,0,0,0,0,0,0,0,0,0,0,0,0,0,0,0,0,0,0,0,0,0,0,0,0,0,0,0,0,0,0,0,0,0,1,0,3,-1,0,0,0,0,1,1,3,0,0,0,0,1,0,1,1,0,0,1,0,0,0,0,0,0,0,0,0,0,0,0,0,0,0,0,0,0,0,0,0,0,0,0,0,0,0,0,0,0,0,0,0,0,0,0,0,0,0,0,0,0,0,0,0,0,0,0,0,0,0,0,0,0,0,0,2020/01/12 00:00:00,2020/01/12 00:00:00,2,2,Fenitrothion,0.5,ha,80,l,160,ha,0,1,0,0,0,75,Band
43.069166667,15.966111111,24478,2020/01/12 00:00:00,11:09,2020/01/12 00:00:00,11:09,No,Middle,shab alma,100,Exact,YE,433183,RAMSES38_YEM20-04.XL,Transiens appearing,1,0,1,2,1,0,0,0,0,0,0,0,0,0,0,0,0,0,0,0,0,0,0,0,0,0,0,0,0,0,0,0,0,0,0,0,0,0,0,0,1,0,2,-1,0,0,0,0,1,1,3,0,0,0,0,1,0,1,1,0,0,1,0,0,0,0,0,0,1,0,0,0,-1,0,0,1,0,0,0,0,0,0,0,1,1,1,0,0,0,0,0,0,0,0,0,0,0,0,0,0,0,0,0,0,0,0,0,0,0,0,0,0,0,0,0,0,0,0,2020/01/12 00:00:00,2020/01/12 00:00:00,2,2,Fenitrothion,0.5,ha,60,l,120,ha,0,1,0,0,0,70,Band
43.153611111,14.9888888890001,24479,2020/01/12 00:00:00,11:45,2020/01/12 00:00:00,11:45,No,Middle,Suhail,100,Exact,YE,433184,RAMSES38_YEM20-04.XL,Gregarious & transie,1,0,1,2,1,0,0,0,0,0,0,0,0,0,0,0,0,0,0,0,0,0,0,0,0,0,0,0,0,0,0,0,0,0,0,0,0,0,0,1,0,0,5,-1,0,0,0,0,0,1,3,0,1,0,0,1,0,0.003,0.003,0,1,0,0,0,0,0,0,0,1,0,0,0,-1,3,0,1,0,0,0,0,0,0,0,1,1,1,1,0,0,0,0,0,0,0,0,0,0,0,0,0,0,0,0,0,0,0,0,0,0,0,0,0,0,0,0,0,0,0,2020/01/12 00:00:00,2020/01/12 00:00:00,2,2,Malathion,0.5,ha,10,l,20,ha,1,0,0,0,0,70,Band
43.088611111,15.971944444,24480,2020/01/12 00:00:00,11:56,2020/01/12 00:00:00,11:56,No,Middle,west aldakama,200,Exact,YE,433185,RAMSES38_YEM20-04.XL, ,1,0,1,2,1,0,0,0,0,0,0,0,0,0,0,0,0,0,0,0,0,0,0,0,0,0,0,0,0,0,0,0,0,0,0,0,0,0,0,0,1,0,3,-1,0,0,0,0,1,1,3,0,0,0,0,1,0,1,1,0,0,1,0,0,0,0,0,0,0,0,0,0,0,0,0,0,0,0,0,0,0,0,0,0,0,0,0,0,0,0,0,0,0,0,0,0,0,0,0,0,0,0,0,0,0,0,0,0,0,0,0,0,0,0,0,0,0,0,2020/01/12 00:00:00,2020/01/12 00:00:00,2,2,Fenitrothion,0.5,ha,60,l,120,ha,0,1,0,0,0,80,Band
43.147777778,14.976944444,24481,2020/01/12 00:00:00,12:03,2020/01/12 00:00:00,12:03,No,Middle,S. Humar,100,Exact,YE,433186,RAMSES38_YEM20-04.XL,Transiens appearing,1,0,1,2,1,0,0,0,0,0,0,0,0,0,0,0,0,0,0,0,0,0,0,0,0,0,0,0,0,0,0,0,0,0,0,0,0,0,0,1,0,0,8,-1,0,0,0,0,1,1,3,0,1,0,0,1,0,0.0020000001,0.0020000001,1,0,0,0,0,0,0,0,0,1,0,0,0,-1,3,0,1,0,0,0,0,0,0,0,1,1,1,0,0,0,0,0,0,0,0,0,0,0,0,0,0,0,0,0,0,0,0,0,0,0,0,0,0,0,0,0,0,0,0,2020/01/12 00:00:00,2020/01/12 00:00:00,2,2,Malathion,0.5,ha,20,l,40,ha,0,1,0,0,0,80,Band
43.115,15.976111111,24482,2020/01/12 00:00:00,12:19,2020/01/12 00:00:00,12:19,No,Middle,alawge,100,Exact,YE,433187,RAMSES38_YEM20-04.XL,Gregarious & transie,1,0,1,2,1,0,0,0,0,0,0,0,0,0,0,0,0,0,0,0,0,0,0,0,0,0,0,0,0,0,0,0,0,0,0,0,0,0,0,0,1,0,4,-1,0,0,0,0,1,1,3,0,0,0,0,1,0,1,1,0,0,1,0,0,0,0,0,0,1,0,0,0,1,0,0,1,0,0,0,1,0,0,0,0,0,1,1,0,0,0,0,0,0,0,0,0,0,0,0,0,0,0,0,0,0,0,0,0,0,0,0,0,0,0,0,0,0,0,2020/01/12 00:00:00,2020/01/12 00:00:00,2,2,Fenitrothion,0.5,ha,40,l,80,ha,0,1,0,0,0,80,Band
43.094166667,15.966666667,24483,2020/01/13 00:00:00,08:18,2020/01/13 00:00:00,08:18,No,Middle,labada,100,Exact,YE,433188,RAMSES38_YEM20-04.XL,Gregarious & transie,1,0,1,2,1,0,0,0,0,0,0,0,0,0,0,0,0,0,0,0,0,0,0,0,0,0,0,0,0,0,0,0,0,0,0,0,0,0,0,0,1,0,2,-1,0,0,0,0,1,1,3,0,0,0,0,1,0,1,1,0,0,1,0,0,0,0,0,0,1,0,0,0,1,0,0,1,0,0,0,0,0,0,0,1,1,1,1,0,0,0,0,0,0,0,0,0,0,0,0,0,0,0,0,0,0,0,0,0,0,0,0,0,0,0,0,0,0,0,2020/01/13 00:00:00,2020/01/13 00:00:00,2,2,Fenitrothion,0.5,ha,40,l,80,ha,0,1,0,0,0,80,Band
43.156944444,14.9875,24484,2020/01/13 00:00:00,08:32,2020/01/13 00:00:00,08:32,No,Middle,Aeria,500,Exact,YE,433189,RAMSES38_YEM20-04.XL, ,1,0,1,2,1,0,0,0,0,0,0,0,0,0,0,0,0,0,0,0,0,0,0,0,0,0,0,0,0,0,0,0,0,0,0,0,0,0,0,0,1,0,30,-1,0,0,1,1,3,1,1,0,0,0,0,1,0,10,10,0,0,0,1,0,0,0,0,0,0,0,0,0,0,0,0,0,0,0,0,0,0,0,0,0,0,0,0,0,0,0,0,0,0,0,0,0,0,0,0,0,0,0,0,0,0,0,0,0,0,0,0,0,0,0,0,0,0,0,2020/01/13 00:00:00,2020/01/13 00:00:00,2,2,Other,1,ha,4,l,60,ha,0,1,0,0,0,95,Band
43.029722222,15.905555556,24485,2020/01/13 00:00:00,08:59,2020/01/13 00:00:00,08:59,No,Middle,almbahseh,200,Exact,YE,433199,RAMSES38_YEM20-04.XL,Transiens appearing,1,0,1,2,1,0,0,0,0,0,0,0,0,0,0,0,0,0,0,0,0,0,0,0,0,0,0,0,0,0,0,0,0,0,0,0,0,0,0,0,1,0,3,-1,0,0,0,0,1,1,3,0,0,0,0,1,0,1,1,0,0,1,0,0,0,0,0,0,1,0,0,0,-1,0,0,1,0,0,0,0,0,0,1,0,0,1,0,0,0,0,0,0,0,0,0,0,0,0,0,0,0,0,0,0,0,0,0,0,0,0,0,0,0,0,0,0,0,0,1899/12/30 00:00:00,1899/12/30 00:00:00,0,0, ,0, ,0, ,0, ,0,0,0,0,0,0,Band
43.077777778,15.897777778,24486,2020/01/13 00:00:00,09:42,2020/01/13 00:00:00,09:42,No,Middle,bani balwsh,100,Exact,YE,433200,RAMSES38_YEM20-04.XL, ,1,0,1,2,1,0,0,0,0,0,0,0,0,0,0,0,0,0,0,0,0,0,0,0,0,0,0,0,0,0,0,0,0,0,0,0,0,0,0,0,1,0,3,-1,0,0,0,0,1,1,3,0,0,0,0,1,0,1,1,0,0,1,0,0,0,0,0,0,0,0,0,0,0,0,0,0,0,0,0,0,0,0,0,0,0,0,0,0,0,0,0,0,0,0,0,0,0,0,0,0,0,0,0,0,0,0,0,0,0,0,0,0,0,0,0,0,0,0,1899/12/30 00:00:00,1899/12/30 00:00:00,0,0, ,0, ,0, ,0, ,0,0,0,0,0,0,Band
43.142777778,14.97,24487,2020/01/13 00:00:00,10:01,2020/01/13 00:00:00,10:01,No,Middle,Der Aldmh,100,Exact,YE,433201,RAMSES38_YEM20-04.XL, ,1,0,1,2,1,0,0,0,0,0,0,0,0,0,0,0,0,0,0,0,0,0,0,0,0,0,0,0,0,0,0,0,0,0,0,0,0,0,0,1,0,0,30,-1,0,0,1,3,1,1,1,0,0,0,0,1,0,10,10,0,0,0,1,0,0,0,0,0,1,0,0,0,1,3,0,1,0,0,0,0,0,0,0,1,1,0,0,0,0,0,0,0,0,0,0,0,0,0,0,0,0,0,0,0,0,0,0,0,0,0,0,0,0,0,0,0,0,0,2020/01/13 00:00:00,2020/01/13 00:00:00,2,2,Other,1,ha,4,l,50,ha,0,1,0,0,0,95,Band
43.1261111110001,15.003055556,24488,2020/01/13 00:00:00,10:12,2020/01/13 00:00:00,10:12,No,Middle,N. Shu{[1]}ala,200,Exact,YE,433202,RAMSES38_YEM20-04.XL,Transiens appearing,1,0,1,2,1,0,0,0,0,0,0,0,0,0,0,0,0,0,0,0,0,0,0,0,0,0,0,0,0,0,0,0,0,0,0,0,0,0,0,1,0,0,3,-1,0,0,0,0,0,1,3,0,1,0,0,1,0,0.0020000001,0.0020000001,1,0,0,0,0,0,0,0,0,1,0,0,0,-1,3,0,1,0,0,0,0,0,0,0,1,1,1,0,0,0,0,0,0,0,0,0,0,0,0,0,0,0,0,0,0,0,0,0,0,0,0,0,0,0,0,0,0,0,0,2020/01/13 00:00:00,2020/01/13 00:00:00,2,2,Malathion,0.5,ha,40,l,90,ha,0,1,0,0,0,95,Band
43.0708333330001,15.9380555560001,24489,2020/01/13 00:00:00,10:18,2020/01/13 00:00:00,10:18,No,Middle,khantwol,200,Exact,YE,433203,RAMSES38_YEM20-04.XL,Transiens appearing,1,0,1,2,1,0,0,0,0,0,0,0,0,0,0,0,0,0,0,0,0,0,0,0,0,0,0,0,0,0,0,0,0,0,0,0,0,0,0,0,1,0,4,-1,0,0,0,0,1,1,3,0,0,0,0,1,0,1,1,0,0,1,0,0,0,0,0,0,1,0,0,0,-1,0,0,1,0,0,0,0,0,0,0,1,1,1,0,0,0,0,0,0,0,0,0,0,0,0,0,0,0,0,0,0,0,0,0,0,0,0,0,0,0,0,0,0,0,0,2020/01/13 00:00:00,2020/01/13 00:00:00,2,2,Fenitrothion,0.5,ha,40,l,80,ha,0,1,0,0,0,80,Band
43.142777778,14.97,24490,2020/01/13 00:00:00,10:32,2020/01/13 00:00:00,10:32,No,Middle,Aeira,100,Exact,YE,433206,RAMSES38_YEM20-04.XL, ,1,0,1,2,1,0,0,0,0,0,0,0,0,0,0,0,0,0,0,0,0,0,0,0,0,0,0,0,0,0,0,0,0,0,0,0,0,0,0,1,0,0,20,-1,0,0,1,1,3,1,1,0,1,0,0,1,0,10,10,0,0,0,1,0,0,0,0,0,0,0,0,0,0,0,0,0,0,0,0,0,0,0,0,0,0,0,0,0,0,0,0,0,0,0,0,0,0,0,0,0,0,0,0,0,0,0,0,0,0,0,0,0,0,0,0,0,0,0,2020/01/13 00:00:00,2020/01/13 00:00:00,2,2,Other,1,ha,4,l,50,ha,0,1,0,0,0,95,Band
43.129166667,15.0061111110001,24491,2020/01/13 00:00:00,10:36,2020/01/13 00:00:00,10:36,No,Middle,N. Shu{[1]}ala,100,Exact,YE,433207,RAMSES38_YEM20-04.XL,Transiens appearing,1,0,1,2,1,0,0,0,0,0,0,0,0,0,0,0,0,0,0,0,0,0,0,0,0,0,0,0,0,0,0,0,0,0,0,0,0,0,0,1,0,0,3,-1,0,0,0,0,0,1,3,0,1,0,0,1,0,0.003,0.003,0,1,0,0,0,0,0,0,0,1,0,0,0,-1,3,0,1,0,0,0,0,0,0,0,1,1,1,0,0,0,0,0,0,0,0,0,0,0,0,0,0,0,0,0,0,0,0,0,0,0,0,0,0,0,0,0,0,0,0,2020/01/13 00:00:00,2020/01/13 00:00:00,2,2,Malathion,0.5,ha,15,l,35,ha,1,0,0,0,0,95,Band
43.0036111110001,15.949166667,24492,2020/01/13 00:00:00,10:58,2020/01/13 00:00:00,10:58,No,Middle,west almkaserea,200,Exact,YE,433208,RAMSES38_YEM20-04.XL, ,1,0,1,2,1,0,0,0,0,0,0,0,0,0,0,0,0,0,0,0,0,0,0,0,0,0,0,0,0,0,0,0,0,0,0,0,0,0,0,1,0,0,3,-1,0,0,0,0,1,3,1,0,3,0,0,1,0,1,1,0,0,1,0,0,0,0,0,0,0,0,0,0,0,0,0,0,0,0,0,0,0,0,0,0,0,0,0,0,0,0,0,0,0,0,0,0,0,0,0,0,0,0,0,0,0,0,0,0,0,0,0,0,0,0,0,0,0,0,1899/12/30 00:00:00,1899/12/30 00:00:00,0,0, ,0, ,0, ,0, ,0,0,0,0,0,0,Band
43.096388889,15.960555556,24493,2020/01/14 00:00:00,09:10,2020/01/14 00:00:00,09:10,No,Middle,souwth labadea,200,Exact,YE,433209,RAMSES38_YEM20-04.XL,Transiens appearing,1,0,1,2,1,0,0,0,0,0,0,0,0,0,0,0,0,0,0,0,0,0,0,0,0,0,0,0,0,0,0,0,0,0,0,0,0,0,0,0,1,0,3,-1,0,0,0,0,1,1,3,0,0,0,0,1,0,1,1,0,0,1,0,0,0,0,0,0,1,0,0,0,-1,0,0,1,0,0,0,0,0,0,1,0,0,1,0,0,0,0,0,0,0,0,0,0,0,0,0,0,0,0,0,0,0,0,0,0,0,0,0,0,0,0,0,0,0,0,2020/01/14 00:00:00,2020/01/14 00:00:00,2,2,Fenitrothion,0.5,ha,40,l,80,ha,0,1,0,0,0,80,Band
43.153055556,14.9902777780001,24494,2020/01/14 00:00:00,09:47,2020/01/14 00:00:00,09:47,No,Middle,Dear Suhail,100,Exact,YE,433219,RAMSES38_YEM20-04.XL,Gregarious & transie,1,0,1,2,1,0,0,0,0,0,0,0,0,0,0,0,0,0,0,0,0,0,0,0,0,0,0,0,0,0,0,0,0,0,0,0,0,0,0,1,0,0,3,-1,0,0,0,0,0,1,3,0,1,0,0,1,0,0.0024999999,0.0024999999,0,1,0,0,0,0,0,0,0,1,0,0,0,-1,3,0,1,0,0,0,0,0,0,0,1,1,1,1,0,0,0,0,0,0,0,0,0,0,0,0,0,0,0,0,0,0,0,0,0,0,0,0,0,0,0,0,0,0,0,2020/01/14 00:00:00,2020/01/14 00:00:00,2,2,Malathion,0.5,ha,40,l,50,ha,1,0,0,0,0,80,Band
43.083333333,15.960833333,24495,2020/01/14 00:00:00,09:53,2020/01/14 00:00:00,09:53,No,Middle,wadi alhagaria,200,Exact,YE,433220,RAMSES38_YEM20-04.XL,Transiens appearing,1,0,1,2,1,0,0,0,0,0,0,0,0,0,0,0,0,0,0,0,0,0,0,0,0,0,0,0,0,0,0,0,0,0,0,0,0,0,0,1,0,0,3,-1,0,0,0,0,1,1,3,0,0,0,0,1,0,1,1,0,0,1,0,0,0,0,0,0,1,0,0,0,-1,0,0,1,0,0,0,0,0,0,1,0,0,1,0,0,0,0,0,0,0,0,0,0,0,0,0,0,0,0,0,0,0,0,0,0,0,0,0,0,0,0,0,0,0,0,2020/01/14 00:00:00,2020/01/14 00:00:00,2,2,Fenitrothion,0.5,ha,60,l,120,ha,0,1,0,0,0,80,Band
43.156666667,14.9836111110001,24496,2020/01/14 00:00:00,10:24,2020/01/14 00:00:00,10:24,No,Middle,Suhail,100,Exact,YE,433221,RAMSES38_YEM20-04.XL,Gregarious & transie,1,0,1,2,1,0,0,0,0,0,0,0,0,0,0,0,0,0,0,0,0,0,0,0,0,0,0,0,0,0,0,0,0,0,0,0,0,0,0,1,0,0,4,-1,0,0,0,0,1,1,3,0,1,0,0,1,0,0.0015,0.0015,1,0,0,0,0,0,0,0,0,1,0,0,0,-1,3,0,1,0,0,0,0,0,0,0,1,1,1,1,0,0,0,0,0,0,0,0,0,0,0,0,0,0,0,0,0,0,0,0,0,0,0,0,0,0,0,0,0,0,0,2020/01/14 00:00:00,2020/01/14 00:00:00,2,2,Malathion,0.5,ha,30,l,60,ha,0,1,0,0,0,80,Band
43.1652777780001,14.972777778,24497,2020/01/14 00:00:00,10:32,2020/01/14 00:00:00,10:32,No,Middle,S.Suhail,100,Exact,YE,433222,RAMSES38_YEM20-04.XL,Gregarious & transie,1,0,1,2,1,0,0,0,0,0,0,0,0,0,0,0,0,0,0,0,0,0,0,0,0,0,0,0,0,0,0,0,0,0,0,0,0,0,0,1,0,0,3,-1,0,0,0,0,1,1,3,0,1,0,0,1,0,0.0020000001,0.0020000001,1,0,0,0,0,0,0,0,0,1,0,0,0,-1,3,0,1,0,0,0,0,0,0,0,1,1,1,1,0,0,0,0,0,0,0,0,0,0,0,0,0,0,0,0,0,0,0,0,0,0,0,0,0,0,0,0,0,0,0,2020/01/14 00:00:00,2020/01/14 00:00:00,2,2,Other,1,ha,10,l,40,ha,0,1,0,0,0,80,Band
43.045,15.9333333330001,24498,2020/01/14 00:00:00,10:43,2020/01/14 00:00:00,10:43,No,Middle,almrbad,200,Exact,YE,433223,RAMSES38_YEM20-04.XL,Transiens appearing,1,0,1,2,1,0,0,0,0,0,0,0,0,0,0,0,0,0,0,0,0,0,0,0,0,0,0,0,0,0,0,0,0,0,0,0,0,0,0,0,1,0,3,-1,0,0,0,0,1,1,3,0,0,0,0,1,0,1,1,0,0,1,0,0,0,0,0,0,1,0,0,0,-1,0,0,1,0,0,0,0,0,0,1,0,0,1,0,0,0,0,0,0,0,0,0,0,0,0,0,0,0,0,0,0,0,0,0,0,0,0,0,0,0,0,0,0,0,0,2020/01/14 00:00:00,2020/01/14 00:00:00,2,2,Fenitrothion,0.5,ha,80,l,160,ha,0,1,0,0,0,80,Band
43.16,14.976944444,24499,2020/01/14 00:00:00,11:01,2020/01/14 00:00:00,11:01,No,Middle,Aeria,100,Exact,YE,433224,RAMSES38_YEM20-04.XL, ,1,0,1,2,1,0,0,0,0,0,0,0,0,0,0,0,0,0,0,0,0,0,0,0,0,0,0,0,0,0,0,0,0,0,0,0,0,0,0,0,1,0,40,-1,0,0,1,1,1,1,3,0,1,0,0,1,0,20,20,0,0,0,1,0,0,0,0,0,0,0,0,0,0,0,0,0,0,0,0,0,0,0,0,0,0,0,0,0,0,0,0,0,0,0,0,0,0,0,0,0,0,0,0,0,0,0,0,0,0,0,0,0,0,0,0,0,0,0,2020/01/14 00:00:00,2020/01/14 00:00:00,2,2,Other,1,ha,4,l,60,ha,0,1,0,0,0,100,Band
43.0491666670001,15.9766666670001,24500,2020/01/14 00:00:00,11:03,2020/01/14 00:00:00,11:03,No,Middle,bani balal,200,Exact,YE,433225,RAMSES38_YEM20-04.XL, ,1,0,1,2,1,0,0,0,0,0,0,0,0,0,0,0,0,0,0,0,0,0,0,0,0,0,0,0,0,0,0,0,0,0,0,0,0,0,0,1,0,0,4,-1,0,0,0,0,1,1,3,0,0,0,0,1,0,1,1,0,0,1,0,0,0,0,0,0,0,0,0,0,0,0,0,0,0,0,0,0,0,0,0,0,0,0,0,0,0,0,0,0,0,0,0,0,0,0,0,0,0,0,0,0,0,0,0,0,0,0,0,0,0,0,0,0,0,0,2020/01/14 00:00:00,2020/01/14 00:00:00,2,2,Fenitrothion,0.5,ha,80,l,160,ha,0,1,0,0,0,80,Band
43.07,15.9791666670001,24501,2020/01/14 00:00:00,11:26,2020/01/14 00:00:00,11:26,No,Middle,almgdweih,200,Exact,YE,433226,RAMSES38_YEM20-04.XL,Transiens appearing,1,0,1,2,1,0,0,0,0,0,0,0,0,0,0,0,0,0,0,0,0,0,0,0,0,0,0,0,0,0,0,0,0,0,0,0,0,0,0,0,1,0,3,-1,0,0,0,0,1,1,3,0,0,0,0,1,0,1,1,0,0,1,0,0,0,0,0,0,1,0,0,0,-1,0,0,1,0,0,0,0,1,0,0,0,0,1,0,0,0,0,0,0,0,0,0,0,0,0,0,0,0,0,0,0,0,0,0,0,0,0,0,0,0,0,0,0,0,0,2020/01/14 00:00:00,2020/01/14 00:00:00,2,2,Fenitrothion,0.5,ha,80,l,160,ha,0,1,0,0,0,80,Band
43.140555556,15.027777778,24502,2020/01/22 00:00:00,08:26,2020/01/22 00:00:00,08:26,No,Late,Algzah,100,Exact,YE,433228,RAMSES38_YEM20-04.XL,Gregarious appearing,1,0,1,2,1,0,0,0,0,0,0,0,0,0,0,0,0,0,0,0,0,0,0,0,0,0,0,0,0,0,0,0,0,0,0,0,0,0,0,0,1,0,20,-1,0,0,0,0,1,1,1,0,3,0,0,1,0,20,20,0,0,0,1,0,0,0,0,0,1,0,0,0,2,1,0,0,0,0,0,0,0,1,0,0,0,0,1,0,0,0,0,0,0,0,0,0,0,0,0,0,0,0,0,0,0,0,0,0,0,0,0,0,0,0,0,0,0,0,2020/01/22 00:00:00,2020/01/22 00:00:00,2,3,Other,0.2,ha,2,l,50,ha,0,1,0,0,0,95,Band
43.069166667,15.9752777780001,24503,2020/01/22 00:00:00,08:31,2020/01/22 00:00:00,08:31,No,Late,almgdwlia,200,Exact,YE,433229,RAMSES38_YEM20-04.XL, ,1,0,1,2,1,0,0,0,0,0,0,0,0,0,0,0,0,0,0,0,0,0,0,0,0,0,0,0,0,0,0,0,0,0,0,0,0,0,0,0,1,0,2,-1,0,0,0,0,0,1,1,0,3,0,0,1,0,1,1,0,0,1,0,0,0,0,0,0,0,0,0,0,0,0,0,0,0,0,0,0,0,0,0,0,0,0,0,0,0,0,0,0,0,0,0,0,0,0,0,0,0,0,0,0,0,0,0,0,0,0,0,0,0,0,0,0,0,0,2020/01/22 00:00:00,2020/01/22 00:00:00,2,3,Fenitrothion,0.5,ha,80,l,160,ha,0,1,0,0,0,80,Band
43.033888889,15.953333333,24504,2020/01/22 00:00:00,08:46,2020/01/22 00:00:00,08:46,No,Late,ganwb mkasera,200,Exact,YE,433230,RAMSES38_YEM20-04.XL, ,1,0,1,2,1,0,0,0,0,0,0,0,0,0,0,0,0,0,0,0,0,0,0,0,0,0,0,0,0,0,0,0,0,0,0,0,0,0,0,0,1,0,1,-1,0,0,0,0,0,3,1,0,3,0,0,1,0,1,1,0,0,1,0,0,0,0,0,0,0,0,0,0,0,0,0,0,0,0,0,0,0,0,0,0,0,0,0,0,0,0,0,0,0,0,0,0,0,0,0,0,0,0,0,0,0,0,0,0,0,0,0,0,0,0,0,0,0,0,2020/01/22 00:00:00,2020/01/22 00:00:00,2,3,Fenitrothion,0.5,ha,60,l,120,ha,0,1,0,0,0,80,Band
43.026388889,15.9183333330001,24505,2020/01/22 00:00:00,09:16,2020/01/22 00:00:00,09:16,No,Late,bani agili,200,Exact,YE,433231,RAMSES38_YEM20-04.XL, ,1,0,1,2,1,0,0,0,0,0,0,0,0,0,0,0,0,0,0,0,0,0,0,0,0,0,0,0,0,0,0,0,0,0,0,0,0,0,0,0,1,0,2,-1,0,0,0,0,0,1,1,0,3,0,0,1,0,1,1,0,0,1,0,0,0,0,0,0,0,0,0,0,0,0,0,0,0,0,0,0,0,0,0,0,0,0,0,0,0,0,0,0,0,0,0,0,0,0,0,0,0,0,0,0,0,0,0,0,0,0,0,0,0,0,0,0,0,0,2020/01/22 00:00:00,2020/01/22 00:00:00,2,3,Fenitrothion,0.5,ha,60,l,120,ha,0,1,0,0,0,80,Band
43.0002777780001,15.886666667,24506,2020/01/22 00:00:00,09:39,2020/01/22 00:00:00,09:39,No,Late,bani ahmed,200,Exact,YE,433232,RAMSES38_YEM20-04.XL, ,1,0,1,2,1,0,0,0,0,0,0,0,0,0,0,0,0,0,0,0,0,0,0,0,0,0,0,0,0,0,0,0,0,0,0,0,0,0,0,0,1,0,1,-1,0,0,0,0,0,1,1,0,3,0,0,1,0,1,1,0,0,1,0,0,0,0,0,0,0,0,0,0,0,0,0,0,0,0,0,0,0,0,0,0,0,0,0,0,0,0,0,0,0,0,0,0,0,0,0,0,0,0,0,0,0,0,0,0,0,0,0,0,0,0,0,0,0,0,1899/12/30 00:00:00,1899/12/30 00:00:00,0,0, ,0, ,0, ,0, ,0,0,0,0,0,0,Band
43.011666667,15.8744444440001,24507,2020/01/22 00:00:00,09:44,2020/01/22 00:00:00,09:44,No,Late,alhaglah,100,Exact,YE,433233,RAMSES38_YEM20-04.XL,Gregarious & transie,1,0,1,2,1,0,0,0,0,0,0,0,0,0,0,0,0,0,0,0,0,0,0,0,0,0,0,0,0,0,0,0,0,0,0,0,0,0,0,1,0,0,1,-1,0,0,0,0,0,1,1,0,3,0,0,1,0,1,1,0,0,1,0,0,0,0,0,0,1,0,0,0,1,3,0,1,0,0,0,0,0,0,0,1,1,1,1,0,0,0,0,0,0,0,0,0,0,0,0,0,0,0,0,0,0,0,0,0,0,0,0,0,0,0,0,0,0,0,1899/12/30 00:00:00,1899/12/30 00:00:00,0,0, ,0, ,0, ,0, ,0,0,0,0,0,0,Band
43.016388889,15.8566666670001,24508,2020/01/22 00:00:00,09:51,2020/01/22 00:00:00,09:51,No,Late,bani ahmed,200,Exact,YE,433234,RAMSES38_YEM20-04.XL,Transiens appearing,1,0,1,2,1,0,0,0,0,0,0,0,0,0,0,0,0,0,0,0,0,0,0,0,0,0,0,0,0,0,0,0,0,0,0,0,0,0,0,1,0,0,2,-1,0,0,0,0,0,1,1,0,3,0,0,1,0,1,1,0,0,1,0,0,0,0,0,0,1,0,0,0,-1,0,0,1,0,0,0,0,0,0,0,1,1,1,0,0,0,0,0,0,0,0,0,0,0,0,0,0,0,0,0,0,0,0,0,0,0,0,0,0,0,0,0,0,0,0,1899/12/30 00:00:00,1899/12/30 00:00:00,0,0, ,0, ,0, ,0, ,0,0,0,0,0,0,Band
43.078055556,15.895,24509,2020/01/22 00:00:00,10:26,2020/01/22 00:00:00,10:26,No,Late,bani balwsh,200,Exact,YE,433236,RAMSES38_YEM20-04.XL, ,1,0,1,2,1,0,0,0,0,0,0,0,0,0,0,0,0,0,0,0,0,0,0,0,0,0,0,0,0,0,0,0,0,0,0,0,0,0,0,0,1,0,3,-1,0,0,0,0,0,1,1,0,3,0,0,1,0,10,10,0,0,0,1,0,0,0,0,0,0,0,0,0,0,0,0,0,0,0,0,0,0,0,0,0,0,0,0,0,0,0,0,0,0,0,0,0,0,0,0,0,0,0,0,0,0,0,0,0,0,0,0,0,0,0,0,0,0,0,2020/01/22 00:00:00,2020/01/22 00:00:00,2,3,Fenitrothion,0.5,ha,60,l,120,ha,0,1,0,0,0,80,Band
43.1047222220001,15.018055556,24510,2020/01/19 00:00:00,08:54,2020/01/19 00:00:00,08:54,No,Middle,Bani Al Shadad,200,Exact,YE,433238,RAMSES38_YEM20-04.XL,Transiens appearing,1,0,1,2,1,0,0,0,0,0,0,0,0,0,0,0,0,0,0,0,0,0,0,0,0,0,0,0,0,0,0,0,0,0,0,0,0,0,0,0,1,0,4,-1,0,0,0,0,1,3,1,0,1,0,0,1,0,0.02,0.02,0,1,0,0,0,0,0,0,0,1,0,0,0,-1,3,0,1,0,0,0,0,0,0,0,1,1,1,0,0,0,0,0,0,0,0,0,0,0,0,0,0,0,0,0,0,0,0,0,0,0,0,0,0,0,0,0,0,0,0,1899/12/30 00:00:00,1899/12/30 00:00:00,0,0, ,0, ,0, ,0, ,0,0,0,0,0,0,Band
43.086388889,15.093611111,24511,2020/01/19 00:00:00,10:47,2020/01/19 00:00:00,10:47,No,Middle,Hasaneya,200,Exact,YE,433242,RAMSES38_YEM20-04.XL,Gregarious & transie,1,0,1,2,1,0,0,0,0,0,0,0,0,0,0,0,0,0,0,0,0,0,0,0,0,0,0,0,0,0,0,0,0,0,30,60,0,0,0,1,1,0,4,-1,0,0,0,0,1,3,1,0,3,0,0,1,0,0.0020000001,0.0020000001,1,0,0,0,0,0,0,0,0,0,1,0,0,-1,3,0,1,0,0,0,0,0,0,0,1,1,1,1,0,0,0,0,0,0,0,0,0,0,0,0,0,0,0,0,0,0,0,0,0,0,0,0,0,0,0,0,0,0,0,1899/12/30 00:00:00,1899/12/30 00:00:00,0,0, ,0, ,0, ,0, ,0,0,0,0,0,0,Band
43.1613888890001,15.0086111110001,24512,2020/01/15 00:00:00,08:51,2020/01/15 00:00:00,08:51,No,Middle,Alslip,100,Exact,YE,433243,RAMSES38_YEM20-04.XL, ,1,0,1,2,1,0,0,0,0,0,0,0,0,0,0,0,0,0,0,0,0,0,0,0,0,0,0,0,0,0,0,0,0,0,0,0,0,0,0,0,1,0,40,-1,0,0,0,0,1,1,3,0,1,0,0,1,0,20,20,0,0,0,1,0,0,0,0,0,0,0,0,0,0,0,0,0,0,0,0,0,0,0,0,0,0,0,0,0,0,0,0,0,0,0,0,0,0,0,0,0,0,0,0,0,0,0,0,0,0,0,0,0,0,0,0,0,0,0,2020/01/15 00:00:00,2020/01/15 00:00:00,2,2,Other,1,ha,4,l,30,ha,0,1,0,0,0,95,Band
43.1605555560001,15.011666667,24513,2020/01/15 00:00:00,09:11,2020/01/15 00:00:00,09:11,No,Middle,E.Shu{[1]}ala,200,Exact,YE,433244,RAMSES38_YEM20-04.XL,Transiens appearing,1,0,1,2,1,0,0,0,0,0,0,0,0,0,0,0,0,0,0,0,0,0,0,0,0,0,0,0,0,0,0,0,0,0,0,0,0,0,0,0,1,0,0,-1,0,0,0,0,0,1,3,0,1,0,0,1,0,0.0049999999,0.0049999999,0,1,0,0,0,0,0,0,0,1,0,0,0,-1,3,0,1,0,0,0,0,0,0,0,1,1,1,0,0,0,0,0,0,0,0,0,0,0,0,0,0,0,0,0,0,0,0,0,0,0,0,0,0,0,0,0,0,0,0,2020/01/15 00:00:00,2020/01/15 00:00:00,2,2,Malathion,0.5,ha,40,l,80,ha,0,1,0,0,0,95,Band
43.150833333,15.018055556,24514,2020/01/15 00:00:00,09:30,2020/01/15 00:00:00,09:30,No,Middle,NE. Shu{[1]}ala,200,Exact,YE,433245,RAMSES38_YEM20-04.XL,Transiens appearing,1,0,1,2,1,0,0,0,0,0,0,0,0,0,0,0,0,0,0,0,0,0,0,0,0,0,0,0,0,0,0,0,0,0,0,0,0,0,0,0,1,0,2,-1,0,0,0,0,0,1,3,0,1,0,0,1,0,1,1,0,0,1,0,0,0,0,0,0,1,0,0,0,-1,3,0,1,0,0,0,0,0,0,0,1,1,1,0,0,0,0,0,0,0,0,0,0,0,0,0,0,0,0,0,0,0,0,0,0,0,0,0,0,0,0,0,0,0,0,1899/12/30 00:00:00,1899/12/30 00:00:00,0,0, ,0, ,0, ,0, ,0,0,0,0,0,0,Band
43.1102777780001,15.9138888890001,24515,2020/01/22 00:00:00,10:44,2020/01/22 00:00:00,10:44,No,Late,qataba,200,Exact,YE,433246,RAMSES38_YEM20-04.XL,Gregarious & transie,1,0,1,2,1,0,0,0,0,0,0,0,0,0,0,0,0,0,0,0,0,0,0,0,0,0,0,0,0,0,0,0,0,0,0,0,0,0,0,0,1,0,4,-1,0,0,0,0,0,3,1,0,3,0,0,1,0,10,10,0,0,0,1,0,0,0,0,0,0,1,0,0,2,1,0,0,0,0,0,0,0,0,0,1,1,1,1,0,0,0,0,0,0,0,0,0,0,0,0,0,0,0,0,0,0,0,0,0,0,0,0,0,0,0,0,0,0,0,1899/12/30 00:00:00,1899/12/30 00:00:00,0,0, ,0, ,0, ,0, ,0,0,0,0,0,0,Band
43.1233333330001,15.900555556,24516,2020/01/22 00:00:00,10:58,2020/01/22 00:00:00,10:58,No,Late,albataria,200,Exact,YE,433247,RAMSES38_YEM20-04.XL, ,1,0,1,2,1,0,0,0,0,0,0,0,0,0,0,0,0,0,0,0,0,0,0,0,0,0,0,0,0,0,0,0,0,0,0,0,0,0,0,0,1,0,1,-1,0,0,0,0,0,3,1,0,3,0,0,1,0,1,1,0,0,1,0,0,0,0,0,0,0,0,0,0,0,0,0,0,0,0,0,0,0,0,0,0,0,0,0,0,0,0,0,0,0,0,0,0,0,0,0,0,0,0,0,0,0,0,0,0,0,0,0,0,0,0,0,0,0,0,1899/12/30 00:00:00,1899/12/30 00:00:00,0,0, ,0, ,0, ,0, ,0,0,0,0,0,0,Band
43.1247222220001,15.034722222,24517,2020/01/23 00:00:00,09:00,2020/01/23 00:00:00,09:00,No,Late,Der Alagl,100,Exact,YE,433248,RAMSES38_YEM20-04.XL,Gregarious appearing,1,0,1,2,1,0,0,0,0,0,0,0,0,0,0,0,0,0,0,0,0,0,0,0,0,0,0,0,0,0,0,0,0,0,0,0,0,0,1,0,0,0,15,-1,0,0,0,0,0,1,1,0,3,0,0,1,0,0.001,0.001,1,0,0,0,0,0,0,0,0,1,0,0,0,2,1,0,0,0,0,0,0,0,1,0,0,0,0,1,0,0,0,0,0,0,0,0,0,0,0,0,0,0,0,0,0,0,0,0,0,0,0,0,0,0,0,0,0,0,0,2020/01/23 00:00:00,2020/01/23 00:00:00,2,3,Other,0.2,ha,2,l,50,ha,0,1,0,0,0,95,Band
43.139722222,15.023611111,24518,2020/01/24 00:00:00,09:41,2020/01/24 00:00:00,09:41,No,Late,Algzah,100,Exact,YE,433253,RAMSES38_YEM20-04.XL,Gregarious appearing,1,0,1,2,1,0,0,0,0,0,0,0,0,0,0,0,0,0,0,0,0,0,0,0,0,0,0,0,0,0,0,0,0,0,0,0,0,0,0,1,0,0,20,-1,0,0,0,0,0,3,1,0,3,0,0,1,0,0.0099999998,0.0099999998,0,1,0,0,0,0,0,0,0,1,0,0,0,3,1,0,0,0,0,0,0,0,1,0,0,0,0,1,0,0,0,0,0,0,0,0,0,0,0,0,0,0,0,0,0,0,0,0,0,0,0,0,0,0,0,0,0,0,0,2020/01/24 00:00:00,2020/01/24 00:00:00,2,3,Other,0.2,ha,2,l,40,ha,0,1,0,0,0,95,Band
43.1755555560001,14.633888889,24519,2020/01/24 00:00:00,10:24,2020/01/24 00:00:00,10:24,No,Late,Gareha,200,Exact,YE,433254,RAMSES38_YEM20-04.XL,Gregarious & transie,1,0,1,2,1,0,0,0,0,0,0,0,0,0,0,0,0,0,0,0,0,0,0,0,0,0,0,0,0,0,0,0,0,0,0,0,0,0,0,1,0,0,5,-1,0,0,0,0,0,1,3,0,1,0,0,1,0,0.0020000001,0.0020000001,1,0,0,0,0,0,0,0,0,1,0,0,0,2,3,0,1,0,0,0,0,0,0,0,1,1,1,1,0,0,0,0,0,0,0,0,0,0,0,0,0,0,0,0,0,0,0,0,0,0,0,0,0,0,0,0,0,0,0,2020/01/24 00:00:00,2020/01/24 00:00:00,2,3,Fenitrothion,0.5,ha,40,l,80,ha,1,0,0,0,0,95,Band
43.1158333330001,15.974444444,24520,2020/01/17 00:00:00,08:35,2020/01/17 00:00:00,08:35,No,Middle,bani argan,200,Exact,YE,433255,RAMSES38_YEM20-04.XL, ,1,0,1,2,1,0,0,0,0,0,0,0,0,0,0,0,0,0,0,0,0,0,0,0,0,0,0,0,0,0,0,0,0,0,0,0,0,0,0,0,1,0,5,-1,0,0,0,0,0,1,3,0,0,0,0,1,0,10,10,0,0,0,1,0,0,0,0,0,0,0,0,0,0,0,0,0,0,0,0,0,0,0,0,0,0,0,0,0,0,0,0,0,0,0,0,0,0,0,0,0,0,0,0,0,0,0,0,0,0,0,0,0,0,0,0,0,0,0,2020/01/17 00:00:00,2020/01/17 00:00:00,2,2,Fenitrothion,0.5,ha,80,l,160,ha,0,1,0,0,0,80,Band
43.159722222,15.01,24521,2020/01/15 00:00:00,09:39,2020/01/15 00:00:00,09:39,No,Middle,e,100,Exact,YE,433256,RAMSES38_YEM20-04.XL, ,1,0,1,2,1,0,0,0,0,0,0,0,0,0,0,0,0,0,0,0,0,0,0,0,0,0,0,0,0,0,0,0,0,0,0,0,0,0,0,1,0,0,40,-1,0,0,0,1,1,3,1,0,1,0,0,1,0,20,20,0,0,0,1,0,0,0,0,0,0,0,0,0,0,0,0,0,0,0,0,0,0,0,0,0,0,0,0,0,0,0,0,0,0,0,0,0,0,0,0,0,0,0,0,0,0,0,0,0,0,0,0,0,0,0,0,0,0,0,2020/01/15 00:00:00,2020/01/15 00:00:00,2,2,Other,1,ha,4,l,30,ha,0,1,0,0,0,95,Band
43.1602777780001,15.011666667,24522,2020/01/15 00:00:00,09:45,2020/01/15 00:00:00,09:45,No,Middle,Aeria,100,Exact,YE,433257,RAMSES38_YEM20-04.XL, ,1,0,1,2,1,0,0,0,0,0,0,0,0,0,0,0,0,0,0,0,0,0,0,0,0,0,0,0,0,0,0,0,0,0,0,0,0,0,0,0,1,0,35,-1,0,0,0,1,1,1,3,0,1,0,0,1,0,20,20,0,0,0,1,0,0,0,0,0,0,0,0,0,0,0,0,0,0,0,0,0,0,0,0,0,0,0,0,0,0,0,0,0,0,0,0,0,0,0,0,0,0,0,0,0,0,0,0,0,0,0,0,0,0,0,0,0,0,0,2020/01/15 00:00:00,2020/01/15 00:00:00,2,2,Other,1,ha,5,l,60,ha,0,1,0,0,0,100,Band
43.142222222,15.0225,24523,2020/01/15 00:00:00,10:29,2020/01/15 00:00:00,10:29,No,Middle,Al Kaza{[1]}a,200,Exact,YE,433258,RAMSES38_YEM20-04.XL,Transiens appearing,1,0,1,2,1,0,0,0,0,0,0,0,0,0,0,0,0,0,0,0,0,0,0,0,0,0,0,0,0,0,0,0,0,0,0,0,0,0,0,0,1,0,3,-1,0,0,0,0,0,1,3,0,1,0,0,1,0,1,1,0,0,1,0,0,0,0,0,0,1,0,0,0,-1,3,0,1,0,0,0,0,0,0,0,1,1,1,0,0,0,0,0,0,0,0,0,0,0,0,0,0,0,0,0,0,0,0,0,0,0,0,0,0,0,0,0,0,0,0,2020/01/15 00:00:00,2020/01/15 00:00:00,2,2,Other,1,ha,10,l,50,ha,0,1,0,0,0,100,Band
43.0744444440001,15.95,24524,2020/01/15 00:00:00,10:46,2020/01/15 00:00:00,10:46,No,Middle,Alhagiriah,200,Exact,YE,433259,RAMSES38_YEM20-04.XL,Transiens appearing,1,0,1,2,1,0,0,0,0,0,0,0,0,0,0,0,0,0,0,0,0,0,0,0,0,0,0,0,0,0,0,0,0,0,0,0,0,0,0,0,1,0,4,-1,0,0,0,0,1,1,3,0,0,0,0,1,0,1,1,0,0,1,0,0,0,0,0,0,1,0,0,0,-1,0,0,1,0,0,0,0,0,0,0,1,1,1,0,0,0,0,0,0,0,0,0,0,0,0,0,0,0,0,0,0,0,0,0,0,0,0,0,0,0,0,0,0,0,0,2020/01/15 00:00:00,2020/01/15 00:00:00,2,2,Fenitrothion,0.5,ha,80,l,160,ha,0,1,0,0,0,80,Band
43.134166667,15.026111111,24525,2020/01/15 00:00:00,10:52,2020/01/15 00:00:00,10:52,No,Middle,Algzah,100,Exact,YE,433260,RAMSES38_YEM20-04.XL, ,1,0,1,2,1,0,0,0,0,0,0,0,0,0,0,0,0,0,0,0,0,0,0,0,0,0,0,0,0,0,0,0,0,0,0,0,0,0,0,1,0,0,30,-1,0,0,0,0,1,1,3,0,1,0,0,1,0,10,10,0,0,0,1,0,0,0,0,0,0,0,0,0,0,0,0,0,0,0,0,0,0,0,0,0,0,0,0,0,0,0,0,0,0,0,0,0,0,0,0,0,0,0,0,0,0,0,0,0,0,0,0,0,0,0,0,0,0,0,2020/01/15 00:00:00,2020/01/15 00:00:00,2,2,Other,1,ha,5,l,60,ha,0,1,0,0,0,95,Band
43.132777778,15.026111111,24526,2020/01/15 00:00:00,11:23,2020/01/15 00:00:00,11:23,No,Middle,Aeria,100,Exact,YE,433261,RAMSES38_YEM20-04.XL,Gregarious appearing,1,0,1,2,1,0,0,0,0,0,0,0,0,0,0,0,0,0,0,0,0,0,0,0,0,0,0,0,0,0,0,0,0,0,0,0,0,0,0,0,1,0,30,-1,0,0,0,0,1,1,3,0,1,0,0,1,0,20,20,0,0,0,1,0,0,0,0,0,1,0,0,0,2,1,0,0,0,0,0,0,0,1,0,0,0,0,1,0,0,0,0,0,0,0,0,0,0,0,0,0,0,0,0,0,0,0,0,0,0,0,0,0,0,0,0,0,0,0,2020/01/15 00:00:00,2020/01/15 00:00:00,2,2,Other,4,ha,4,l,30,ha,0,1,0,0,0,95,Band
43.135277778,15.025555556,24527,2020/01/15 00:00:00,11:32,2020/01/15 00:00:00,11:32,No,Middle,Algzah,100,Exact,YE,433262,RAMSES38_YEM20-04.XL, ,1,0,1,2,1,0,0,0,0,0,0,0,0,0,0,0,0,0,0,0,0,0,0,0,0,0,0,0,0,0,0,0,0,0,0,0,0,0,0,1,0,0,40,-1,0,0,0,0,1,1,3,0,1,0,0,1,0,20,20,0,0,0,1,0,0,0,0,0,0,0,0,0,0,0,0,0,0,0,0,0,0,0,0,0,0,0,0,0,0,0,0,0,0,0,0,0,0,0,0,0,0,0,0,0,0,0,0,0,0,0,0,0,0,0,0,0,0,0,2020/01/15 00:00:00,2020/01/15 00:00:00,2,2,Other,4,ha,4,l,30,ha,0,1,0,0,0,95,Band
43.0525,15.9469444440001,24528,2020/01/15 00:00:00,11:53,2020/01/15 00:00:00,11:53,No,Middle,shab alma,200,Exact,YE,433263,RAMSES38_YEM20-04.XL,Transiens appearing,1,0,1,2,1,0,0,0,0,0,0,0,0,0,0,0,0,0,0,0,0,0,0,0,0,0,0,0,0,0,0,0,0,0,0,0,0,0,0,0,1,0,3,-1,0,0,0,0,1,1,3,0,0,0,0,1,0,10,10,0,0,0,1,0,0,0,0,0,1,0,0,0,-1,0,0,1,0,0,0,0,0,0,0,1,1,1,0,0,0,0,0,0,0,0,0,0,0,0,0,0,0,0,0,0,0,0,0,0,0,0,0,0,0,0,0,0,0,0,2020/01/15 00:00:00,2020/01/15 00:00:00,2,2,Fenitrothion,0.5,ha,80,l,160,ha,0,1,0,0,0,80,Band
43.1183333330001,14.9805555560001,24529,2020/01/15 00:00:00,11:54,2020/01/15 00:00:00,11:54,No,Middle,Deer Bubal,200,Exact,YE,433264,RAMSES38_YEM20-04.XL,Gregarious & transie,1,0,1,2,1,0,0,0,0,0,0,0,0,0,0,0,0,0,0,0,0,0,0,0,0,0,0,0,0,0,0,0,0,0,0,0,0,0,0,1,0,0,3,-1,0,0,0,0,0,1,3,0,1,0,0,1,0,0.003,0.003,0,1,0,0,0,0,0,0,0,0,1,0,0,-1,3,0,1,0,0,0,0,0,0,0,1,1,1,1,0,0,0,0,0,0,0,0,0,0,0,0,0,0,0,0,0,0,0,0,0,0,0,0,0,0,0,0,0,0,0,2020/01/15 00:00:00,2020/01/15 00:00:00,2,2,Malathion,0.5,ha,20,l,40,ha,1,0,0,0,0,80,Band
43.142222222,15.023333333,24530,2020/01/24 00:00:00,10:35,2020/01/24 00:00:00,10:35,No,Late,Alslip,100,Exact,YE,433265,RAMSES38_YEM20-04.XL,Gregarious appearing,1,0,1,2,1,0,0,0,0,0,0,0,0,0,0,0,0,0,0,0,0,0,0,0,0,0,0,0,0,0,0,0,0,0,0,0,0,0,0,1,0,0,15,-1,0,0,0,0,0,1,1,0,3,0,0,1,0,0.001,0.001,1,0,0,0,0,0,0,0,0,1,0,0,0,3,1,0,0,0,0,0,0,0,1,0,0,0,0,1,0,0,0,0,0,0,0,0,0,0,0,0,0,0,0,0,0,0,0,0,0,0,0,0,0,0,0,0,0,0,0,2020/01/24 00:00:00,2020/01/24 00:00:00,2,3,Fenitrothion,0.2,ha,2,l,40,ha,0,1,0,0,0,95,Band
43.203611111,14.6202777780001,24531,2020/01/24 00:00:00,11:09,2020/01/24 00:00:00,11:09,No,Late,Erg As Saikel,200,Exact,YE,433266,RAMSES38_YEM20-04.XL,Gregarious & transie,1,0,1,2,1,0,0,0,0,0,0,0,0,0,0,0,0,0,0,0,0,0,0,0,0,0,0,0,0,0,0,0,0,0,0,0,0,0,1,0,0,0,10,-1,0,0,0,0,0,1,3,0,1,0,0,1,0,0.0020000001,0.0020000001,1,0,0,0,0,0,0,0,0,1,0,0,0,3,3,0,1,0,0,0,0,0,0,0,1,1,1,1,0,0,0,0,0,0,0,0,0,0,0,0,0,0,0,0,0,0,0,0,0,0,0,0,0,0,0,0,0,0,0,2020/01/24 00:00:00,2020/01/24 00:00:00,2,3,Fenitrothion,0.5,ha,20,l,40,ha,1,0,0,0,0,95,Band
43.147222222,15.018333333,24532,2020/01/25 00:00:00,08:57,2020/01/25 00:00:00,08:57,No,Late,Algzah,100,Exact,YE,433270,RAMSES38_YEM20-04.XL, ,1,0,1,2,1,0,0,0,0,0,0,0,0,0,0,0,0,0,0,0,0,0,0,0,0,0,0,0,0,0,0,0,0,0,0,0,0,0,0,0,1,0,20,-1,0,0,0,0,0,3,1,0,3,0,0,1,0,0.0020000001,0.0020000001,1,0,0,0,0,0,0,0,0,1,0,0,0,-1,0,0,0,0,0,0,0,0,1,0,0,0,0,0,0,0,0,0,0,0,0,0,0,0,0,0,0,0,0,0,0,0,0,0,0,0,0,0,0,0,0,0,0,0,0,2020/01/25 00:00:00,2020/01/25 00:00:00,2,3,Other,0.5,ha,2,l,50,ha,0,1,0,0,0,95,Band
43.138611111,14.978333333,24533,2020/01/25 00:00:00,09:30,2020/01/25 00:00:00,09:30,No,Late,W. Humara,200,Exact,YE,433271,RAMSES38_YEM20-04.XL,Gregarious & transie,1,0,1,2,1,0,0,0,0,0,0,0,0,0,0,0,0,0,0,0,0,0,0,0,0,0,0,0,0,0,0,0,0,0,0,0,0,0,0,1,0,0,35,-1,0,0,0,0,0,3,1,0,3,0,0,1,0,0.00030000001,0.00030000001,1,0,0,0,0,0,0,0,0,1,0,0,0,3,3,0,1,0,0,0,0,0,0,0,1,0,1,1,0,0,0,0,0,0,0,0,0,0,0,0,0,0,0,0,0,0,0,0,0,0,0,0,0,0,0,0,0,0,0,2020/01/25 00:00:00,2020/01/25 00:00:00,2,3,Fenitrothion,0.5,ha,20,l,40,ha,0,1,0,0,0,95,Band
43.155,15.017777778,24534,2020/01/17 00:00:00,08:43,2020/01/17 00:00:00,08:43,No,Middle,Sulaip,100,Exact,YE,433274,RAMSES38_YEM20-04.XL,Gregarious & transie,1,0,1,2,1,0,0,0,0,0,0,0,0,0,0,0,0,0,0,0,0,0,0,0,0,0,0,0,0,0,0,0,0,0,0,0,0,0,0,0,1,0,2,-1,0,0,0,0,0,1,3,0,1,0,0,1,0,1,1,0,0,1,0,0,0,0,0,0,1,0,0,0,2,3,0,1,0,0,0,0,0,0,0,1,1,1,1,0,0,0,0,0,0,0,0,0,0,0,0,0,0,0,0,0,0,0,0,0,0,0,0,0,0,0,0,0,0,0,2020/01/17 00:00:00,2020/01/17 00:00:00,2,2,Malathion,0.5,ha,20,l,40,ha,1,0,0,0,0,80,Band
43.159722222,14.966111111,24535,2020/01/17 00:00:00,09:05,2020/01/17 00:00:00,09:05,No,Middle,E. Al Damh,200,Exact,YE,433275,RAMSES38_YEM20-04.XL,Transiens appearing,1,0,1,2,1,0,0,0,0,0,0,0,0,0,0,0,0,0,0,0,0,0,0,0,0,0,0,0,0,0,0,0,0,0,0,0,0,0,0,1,0,0,5,-1,0,0,0,0,1,3,1,0,1,0,0,1,0,0.0060000001,0.0060000001,0,1,0,0,0,0,0,0,0,1,0,0,0,-1,3,0,1,0,0,0,0,0,0,0,1,1,1,0,0,0,0,0,0,0,0,0,0,0,0,0,0,0,0,0,0,0,0,0,0,0,0,0,0,0,0,0,0,0,0,2020/01/17 00:00:00,2020/01/17 00:00:00,2,2,Malathion,0.5,ha,20,l,40,ha,1,0,0,0,0,80,Band
43.069166667,15.967222222,24536,2020/01/01 00:00:00,08:35,2020/01/01 00:00:00,08:35,No,Early,labada 1,200,Exact,YE,433276,RAMSES38_YEM20-04.XL, ,1,0,1,2,1,0,0,0,0,0,0,0,0,0,0,0,0,0,0,0,0,0,0,0,0,0,0,0,0,0,0,0,0,0,0,0,0,0,0,1,0,0,2,-1,0,0,0,3,1,0,0,0,0,0,0,0,1,0.003,0.003,0,1,0,0,0,0,0,0,0,0,0,0,0,0,0,0,0,0,0,0,0,0,0,0,0,0,0,0,0,0,0,0,0,0,0,0,0,0,0,0,0,0,0,0,0,0,0,0,0,0,0,0,0,0,0,0,0,0,0,1899/12/30 00:00:00,1899/12/30 00:00:00,0,0, ,0, ,0, ,0, ,0,0,0,0,0,0,Band
41.459444444,18.908055556,24537,2020/01/30 00:00:00,08:43,2020/01/30 00:00:00,08:43,No,Late,AlHesan,300,Exact,SA,433769,RAMSES38_SAU20-06.XL, ,1,0,1,2,1,0,0,0,0,0,0,0,0,0,0,0,0,0,0,0,0,0,0,0,0,0,0,0,0,0,0,0,0,0,0,0,0,0,1,0,0,0,0,-1,0,0,0,0,0,0,0,0,1,0,0,1,0,0.00050000002,0.00050000002,1,0,0,0,0,0,0,0,0,0,0,0,0,0,0,0,0,0,0,0,0,0,0,0,0,0,0,0,0,0,0,0,0,0,0,0,0,0,0,0,0,0,0,0,0,0,0,0,0,0,0,0,0,0,0,0,0,0,0,1899/12/30 00:00:00,1899/12/30 00:00:00,0,0, ,0, ,0, ,0, ,0,0,0,0,0,0,Band
43.143611111,14.969444444,24538,2020/01/18 00:00:00,11:00,2020/01/18 00:00:00,11:00,No,Middle,Deern Damh.1,100,Exact,YE,434802,RAMSES38_YEM20-06.XL,Gregarious & transie,1,0,1,2,1,0,0,0,0,0,0,0,0,0,0,0,0,0,0,0,0,0,0,0,0,0,0,0,0,0,0,0,0,0,0,0,0,0,0,1,0,0,3,-1,0,0,0,0,0,1,3,0,1,0,0,1,0,0.0049999999,0.0049999999,0,1,0,0,0,0,0,0,0,0,1,0,0,-1,3,0,1,0,0,0,0,0,0,0,1,1,1,1,0,0,0,0,0,0,0,0,0,0,0,0,0,0,0,0,0,0,0,0,0,0,0,0,0,0,0,0,0,0,0,2020/01/18 00:00:00,2020/01/18 00:00:00,2,2,Other,1,ha,10,l,30,ha,1,0,0,0,0,80,Band
43.0355555560001,15.954166667,24539,2020/01/07 00:00:00,08:34,2020/01/07 00:00:00,08:34,No,Early,almkasera,200,Exact,YE,434803,RAMSES38_YEM20-06.XL,Transiens appearing,1,0,1,2,1,0,0,0,0,0,0,0,0,0,0,0,0,0,0,0,0,0,0,0,0,0,0,0,0,0,0,0,0,0,0,0,0,0,0,0,1,0,3,-1,0,0,0,1,3,1,1,0,0,0,0,0,1,1,1,0,0,1,0,0,0,0,0,0,1,0,0,0,-1,0,0,1,0,0,0,0,0,0,0,1,1,1,0,0,0,0,0,0,0,0,0,0,0,0,0,0,0,0,0,0,0,0,0,0,0,0,0,0,0,0,0,0,0,0,2020/01/07 00:00:00,2020/01/07 00:00:00,2,1,Malathion,5,ha,80,l,160,ha,0,1,0,0,0,70,Band
43.1047222220001,15.945,24540,2020/01/18 00:00:00,11:03,2020/01/18 00:00:00,11:03,No,Middle,thaehier algamal,200,Exact,YE,434804,RAMSES38_YEM20-06.XL, ,1,0,1,2,1,0,0,0,0,0,0,0,0,0,0,0,0,0,0,0,0,0,0,0,0,0,0,0,0,0,0,0,0,0,0,0,0,0,0,0,1,0,4,-1,0,0,0,0,0,1,3,0,1,0,0,1,0,10,10,0,0,0,1,0,0,0,0,0,0,0,0,0,0,0,0,0,0,0,0,0,0,0,0,0,0,0,0,0,0,0,0,0,0,0,0,0,0,0,0,0,0,0,0,0,0,0,0,0,0,0,0,0,0,0,0,0,0,0,2020/01/18 00:00:00,2020/01/18 00:00:00,2,2,Fenitrothion,0.5,ha,60,l,120,ha,0,1,0,0,0,80,Band
43.089722222,15.959444444,24541,2020/01/18 00:00:00,11:45,2020/01/18 00:00:00,11:45,No,Middle,alhagaria,200,Exact,YE,434805,RAMSES38_YEM20-06.XL, ,1,0,1,2,1,0,0,0,0,0,0,0,0,0,0,0,0,0,0,0,0,0,0,0,0,0,0,0,0,0,0,0,0,0,0,0,0,0,0,0,1,0,5,-1,0,0,0,0,0,1,1,0,3,0,0,1,0,10,10,0,0,0,1,0,0,0,0,0,0,0,0,0,0,0,0,0,0,0,0,0,0,0,0,0,0,0,0,0,0,0,0,0,0,0,0,0,0,0,0,0,0,0,0,0,0,0,0,0,0,0,0,0,0,0,0,0,0,0,2020/01/18 00:00:00,2020/01/18 00:00:00,2,2,Fenitrothion,0.5,ha,80,l,160,ha,0,1,0,0,0,80,Band
43.012777778,15.9327777780001,24542,2020/01/05 00:00:00,12:00,2020/01/05 00:00:00,12:00,No,Early,shab alma,200,Exact,YE,434806,RAMSES38_YEM20-06.XL,Gregarious & transie,1,0,1,2,1,0,0,0,0,0,0,0,0,0,0,0,0,0,0,0,0,0,0,0,0,0,0,0,0,0,0,0,0,0,0,0,0,0,0,0,1,0,7,-1,0,0,0,1,3,1,1,0,0,0,0,0,1,1,1,0,0,1,0,0,0,0,0,0,0,1,0,0,1,0,0,1,0,0,0,0,0,0,0,1,1,1,1,0,0,0,0,0,0,0,0,0,0,0,0,0,0,0,0,0,0,0,0,0,0,0,0,0,0,0,0,0,0,0,2020/01/05 00:00:00,2020/01/05 00:00:00,2,1,Fenitrothion,0.5,ha,80,l,160,ha,0,1,0,0,0,80,Band
43.1244444440001,14.9972222220001,24543,2020/01/06 00:00:00,11:20,2020/01/06 00:00:00,11:20,No,Early,Tawahera,200,Exact,YE,434807,RAMSES38_YEM20-06.XL,Transiens appearing,1,0,1,2,1,0,0,0,0,0,0,0,0,0,0,0,0,0,0,0,0,0,0,0,0,0,0,0,0,0,0,0,0,0,0,0,0,0,0,0,1,0,3,-1,0,0,0,0,1,3,1,0,3,0,0,1,0,0.0049999999,0.0049999999,0,1,0,0,0,0,0,0,0,1,0,0,0,-1,3,0,1,0,0,0,0,0,0,0,1,1,1,0,0,0,0,0,0,0,0,0,0,0,0,0,0,0,0,0,0,0,0,0,0,0,0,0,0,0,0,0,0,0,0,2020/01/06 00:00:00,2020/01/06 00:00:00,2,1,Malathion,0.5,ha,15,l,30,ha,1,0,0,0,0,80,Band
43.137777778,14.968333333,24544,2020/01/06 00:00:00,12:45,2020/01/06 00:00:00,12:45,No,Early,Deer Al-Damh,200,Exact,YE,434808,RAMSES38_YEM20-06.XL,Transiens appearing,1,0,1,2,1,0,0,0,0,0,0,0,0,0,0,0,0,0,0,0,0,0,0,0,0,0,0,0,0,0,0,0,0,0,0,0,0,0,0,0,1,0,5,-1,0,0,0,1,3,1,1,0,0,0,0,0,1,0.0020000001,0.0020000001,1,0,0,0,0,0,0,0,0,1,0,0,0,-1,1,0,3,0,0,0,0,0,0,0,1,1,1,0,0,0,0,0,0,0,0,0,0,0,0,0,0,0,0,0,0,0,0,0,0,0,0,0,0,0,0,0,0,0,0,2020/01/06 00:00:00,2020/01/06 00:00:00,2,1,Malathion,0.5,ha,15,l,30,ha,1,0,0,0,0,80,Band
43.1091666670001,15.970555556,24545,2020/01/07 00:00:00,08:00,2020/01/07 00:00:00,08:00,No,Early,labada 1,200,Exact,YE,434809,RAMSES38_YEM20-06.XL, ,1,0,1,2,1,0,0,0,0,0,0,0,0,0,0,0,0,0,0,0,0,0,0,0,0,0,0,0,0,0,0,0,0,0,0,0,0,0,0,1,0,0,3,-1,0,0,0,1,1,3,1,0,3,0,0,0,1,10,10,0,0,0,1,0,0,0,0,0,0,0,0,0,0,0,0,0,0,0,0,0,0,0,0,0,0,0,0,0,0,0,0,0,0,0,0,0,0,0,0,0,0,0,0,0,0,0,0,0,0,0,0,0,0,0,0,0,0,0,2020/01/07 00:00:00,2020/01/07 00:00:00,2,1,Malathion,0.5,ha,60,l,120,ha,0,1,0,0,0,80,Band
43.089444444,15.966388889,24546,2020/01/07 00:00:00,08:12,2020/01/07 00:00:00,08:12,No,Early,west labada,100,Exact,YE,434810,RAMSES38_YEM20-06.XL, ,1,0,1,2,1,0,0,0,0,0,0,0,0,0,0,0,0,0,0,0,0,0,0,0,0,0,0,0,0,0,0,0,0,0,0,0,0,0,0,1,0,0,3,-1,0,0,0,1,3,1,1,0,0,0,0,0,1,0.0099999998,0.0099999998,0,1,0,0,0,0,0,0,0,1,0,0,0,1,0,0,1,0,0,0,0,0,0,0,1,1,0,0,0,0,0,0,0,0,0,0,0,0,0,0,0,0,0,0,0,0,0,0,0,0,0,0,0,0,0,0,0,0,0,1899/12/30 00:00:00,1899/12/30 00:00:00,0,0, ,0, ,0, ,0, ,0,0,0,0,0,0,Band
43.0544444440001,15.9411111110001,24547,2020/01/07 00:00:00,10:36,2020/01/07 00:00:00,10:36,No,Early,east almaerbad,200,Exact,YE,434822,RAMSES38_YEM20-06.XL,Gregarious & transie,1,0,1,2,1,0,0,0,0,0,0,0,0,0,0,0,0,0,0,0,0,0,0,0,0,0,0,0,0,0,0,0,0,0,0,0,0,0,0,0,1,0,4,-1,0,0,0,1,3,1,1,0,0,0,0,0,1,1,1,0,0,1,0,0,0,0,0,0,0,1,0,0,1,0,0,1,0,0,0,0,0,0,0,1,1,1,1,0,0,0,0,0,0,0,0,0,0,0,0,0,0,0,0,0,0,0,0,0,0,0,0,0,0,0,0,0,0,0,2020/01/07 00:00:00,2020/01/07 00:00:00,2,1,Malathion,0.5,ha,80,l,160,ha,0,1,0,0,0,80,Band
43.1075,15.9786111110001,24548,2020/01/09 00:00:00,08:18,2020/01/09 00:00:00,08:18,No,Early,aldkameh,100,Exact,YE,434823,RAMSES38_YEM20-06.XL, ,1,0,1,2,1,0,0,0,0,0,0,0,0,0,0,0,0,0,0,0,0,0,0,0,0,0,0,0,0,0,0,0,0,0,0,0,0,0,0,1,0,0,5,-1,0,0,0,0,1,3,1,0,3,0,0,0,1,0.0099999998,0.0099999998,0,1,0,0,0,0,0,0,0,0,0,0,0,0,0,0,0,0,0,0,0,0,0,0,0,0,0,0,0,0,0,0,0,0,0,0,0,0,0,0,0,0,0,0,0,0,0,0,0,0,0,0,0,0,0,0,0,0,0,2020/01/09 00:00:00,2020/01/09 00:00:00,2,1,Other,1,ha,40,l,150,ha,0,1,0,0,0,75,Band
43.0441666670001,15.9433333330001,24549,2020/01/07 00:00:00,10:04,2020/01/07 00:00:00,10:04,No,Early,almkasera,100,Exact,YE,434824,RAMSES38_YEM20-06.XL,Gregarious & transie,1,0,1,2,1,0,0,0,0,0,0,0,0,0,0,0,0,0,0,0,0,0,0,0,0,0,0,0,0,0,0,0,0,0,0,0,0,0,0,1,0,0,6,-1,0,0,0,1,3,1,0,0,0,0,0,1,0,1,1,0,0,1,0,0,0,0,0,0,1,0,0,0,1,0,0,1,0,0,0,0,0,0,0,1,0,1,1,0,0,0,0,0,0,0,0,0,0,0,0,0,0,0,0,0,0,0,0,0,0,0,0,0,0,0,0,0,0,0,2020/01/07 00:00:00,2020/01/07 00:00:00,2,1,Malathion,0.5,ha,60,l,120,ha,0,1,0,0,0,80,Band
43.0930555560001,15.955277778,24550,2020/01/07 00:00:00,11:09,2020/01/07 00:00:00,11:09,No,Early,alaerwg,100,Exact,YE,434825,RAMSES38_YEM20-06.XL, ,1,0,1,2,1,0,0,0,0,0,0,0,0,0,0,0,0,0,0,0,0,0,0,0,0,0,0,0,0,0,0,0,0,0,0,0,0,0,0,1,0,0,5,-1,0,0,0,1,3,1,1,0,0,0,0,0,1,0.0020000001,0.0020000001,1,0,0,0,0,0,0,0,0,0,0,0,0,0,0,0,0,0,0,0,0,0,0,0,0,0,0,0,0,0,0,0,0,0,0,0,0,0,0,0,0,0,0,0,0,0,0,0,0,0,0,0,0,0,0,0,0,0,0,2020/01/07 00:00:00,2020/01/07 00:00:00,2,1,Fenitrothion,0.5,ha,80,l,160,ha,0,1,0,0,0,100,Band
43.1041666670001,15.976111111,24551,2020/01/09 00:00:00,08:32,2020/01/09 00:00:00,08:32,No,Early,alhagaria,100,Exact,YE,434826,RAMSES38_YEM20-06.XL,Transiens appearing,1,0,1,2,1,0,0,0,0,0,0,0,0,0,0,0,0,0,0,0,0,0,0,0,0,0,0,0,0,0,0,0,0,0,0,0,0,0,0,0,1,0,4,-1,0,0,0,0,1,1,3,0,0,0,0,0,1,0.0099999998,0.0099999998,0,1,0,0,0,0,0,0,0,0,1,0,0,-1,0,0,1,0,0,0,0,1,0,0,0,0,1,0,0,0,0,0,0,0,0,0,0,0,0,0,0,0,0,0,0,0,0,0,0,0,0,0,0,0,0,0,0,0,0,2020/01/09 00:00:00,2020/01/09 00:00:00,2,1,Other,1,ha,40,l,150,ha,0,1,0,0,0,70,Band
43.091388889,15.956666667,24552,2020/01/09 00:00:00,08:45,2020/01/09 00:00:00,08:45,No,Early,alhagariah,200,Exact,YE,434827,RAMSES38_YEM20-06.XL, ,1,0,1,2,1,0,0,0,0,0,0,0,0,0,0,0,0,0,0,0,0,0,0,0,0,0,0,0,0,0,0,0,0,0,0,0,0,0,0,1,0,0,3,-1,0,0,0,0,1,3,1,0,3,0,0,1,0,1,1,0,0,1,0,0,0,0,0,0,0,0,0,0,0,0,0,0,0,0,0,0,0,0,0,0,0,0,0,0,0,0,0,0,0,0,0,0,0,0,0,0,0,0,0,0,0,0,0,0,0,0,0,0,0,0,0,0,0,0,2020/01/09 00:00:00,2020/01/09 00:00:00,2,1,Malathion,0.5,ha,80,l,160,ha,0,1,0,0,0,80,Band
43.032777778,15.902222222,24553,2020/01/09 00:00:00,09:30,2020/01/09 00:00:00,09:30,No,Early,shaerq mabaheseh,200,Exact,YE,434828,RAMSES38_YEM20-06.XL, ,1,0,1,2,1,0,0,0,0,0,0,0,0,0,0,0,0,0,0,0,0,0,0,0,0,0,0,0,0,0,0,0,0,0,0,0,0,0,0,0,1,0,3,-1,0,0,0,1,1,3,1,0,3,0,0,0,1,1,1,0,0,1,0,0,0,0,0,0,0,0,0,0,0,0,0,0,0,0,0,0,0,0,0,0,0,0,0,0,0,0,0,0,0,0,0,0,0,0,0,0,0,0,0,0,0,0,0,0,0,0,0,0,0,0,0,0,0,0,2020/01/09 00:00:00,2020/01/09 00:00:00,2,1,Malathion,0.5,ha,80,l,160,ha,0,1,0,0,0,80,Band
43.0516666670001,15.893055556,24554,2020/01/09 00:00:00,09:51,2020/01/09 00:00:00,09:51,No,Early,bani balwsh,200,Exact,YE,434829,RAMSES38_YEM20-06.XL,Transiens appearing,1,0,1,2,1,0,0,0,0,0,0,0,0,0,0,0,0,0,0,0,0,0,0,0,0,0,0,0,0,0,0,0,0,0,0,0,0,0,0,0,1,0,4,-1,0,0,0,0,1,3,1,0,3,0,0,1,0,1,1,0,0,1,0,0,0,0,0,0,1,0,0,0,-1,0,0,1,0,0,0,0,0,0,1,0,0,1,0,0,0,0,0,0,0,0,0,0,0,0,0,0,0,0,0,0,0,0,0,0,0,0,0,0,0,0,0,0,0,0,2020/01/09 00:00:00,2020/01/09 00:00:00,2,1,Other,1,ha,60,l,170,ha,0,1,0,0,0,75,Band
43.0513888890001,15.893055556,24555,2020/01/09 00:00:00,10:21,2020/01/09 00:00:00,10:21,No,Early,bani gaibah,200,Exact,YE,434830,RAMSES38_YEM20-06.XL,Gregarious & transie,1,0,1,2,1,0,0,0,0,0,0,0,0,0,0,0,0,0,0,0,0,0,0,0,0,0,0,0,0,0,0,0,0,0,0,0,0,0,0,0,1,0,3,-1,0,0,0,1,3,1,1,0,0,0,0,0,1,1,1,0,0,1,0,0,0,0,0,0,1,0,0,0,1,0,0,1,0,0,0,0,0,0,0,1,0,1,1,0,0,0,0,0,0,0,0,0,0,0,0,0,0,0,0,0,0,0,0,0,0,0,0,0,0,0,0,0,0,0,2020/01/09 00:00:00,2020/01/09 00:00:00,2,1,Malathion,0.5,ha,60,l,120,ha,0,1,0,0,0,90,Band
41.4802777780001,18.9358333330001,24556,2020/01/30 00:00:00,09:00,2020/01/30 00:00:00,09:00,No,Late,AlThegah,300,Exact,SA,433777,RAMSES38_SAU20-06.XL, ,1,0,1,2,1,0,0,0,0,0,0,0,0,0,0,0,0,0,0,0,0,0,0,0,0,0,0,0,0,0,0,0,0,0,0,0,0,0,1,0,0,0,0,-1,0,0,0,0,0,0,0,0,1,0,0,1,0,0.00050000002,0.00050000002,1,0,0,0,0,0,0,0,0,0,0,0,0,0,0,0,0,0,0,0,0,0,0,0,0,0,0,0,0,0,0,0,0,0,0,0,0,0,0,0,0,0,0,0,0,0,0,0,0,0,0,0,0,0,0,0,0,0,0,1899/12/30 00:00:00,1899/12/30 00:00:00,0,0, ,0, ,0, ,0, ,0,0,0,0,0,0,Band
41.456388889,18.951111111,24557,2020/01/30 00:00:00,09:14,2020/01/30 00:00:00,09:14,No,Late,AlGard,200,Exact,SA,433784,RAMSES38_SAU20-06.XL, ,1,0,1,2,1,0,0,0,0,0,0,0,0,0,0,0,0,0,0,0,0,0,0,0,0,0,0,0,0,0,0,0,0,0,0,0,0,0,0,1,0,0,0,-1,0,0,0,0,0,0,0,0,1,0,0,1,0,0.0049999999,0.0049999999,0,1,0,0,0,0,0,0,0,0,0,0,0,0,0,0,0,0,0,0,0,0,0,0,0,0,0,0,0,0,0,0,0,0,0,0,0,0,0,0,0,0,0,0,0,0,0,0,0,0,0,0,0,0,0,0,0,0,0,1899/12/30 00:00:00,1899/12/30 00:00:00,0,0, ,0, ,0, ,0, ,0,0,0,0,0,0,Band
41.3808333330001,19.005277778,24558,2020/01/30 00:00:00,09:38,2020/01/30 00:00:00,09:38,No,Late,Meshrif,800,Exact,SA,433788,RAMSES38_SAU20-06.XL, ,1,0,1,2,1,0,0,0,0,0,0,0,0,0,0,0,0,0,0,0,0,0,0,0,0,0,0,0,0,0,0,0,0,0,0,0,0,0,0,1,0,0,0,-1,0,0,0,0,0,0,0,0,1,0,0,1,0,0.0049999999,0.0049999999,0,1,0,0,0,0,0,0,0,0,0,0,0,0,0,0,0,0,0,0,0,0,0,0,0,0,0,0,0,0,0,0,0,0,0,0,0,0,0,0,0,0,0,0,0,0,0,0,0,0,0,0,0,0,0,0,0,0,0,1899/12/30 00:00:00,1899/12/30 00:00:00,0,0, ,0, ,0, ,0, ,0,0,0,0,0,0,Band
41.343333333,19.015,24559,2020/01/30 00:00:00,09:53,2020/01/30 00:00:00,09:53,No,Late,Shamal AlHabil,500,Exact,SA,433791,RAMSES38_SAU20-06.XL, ,1,0,1,2,1,0,0,0,0,0,0,0,0,0,0,0,0,0,0,0,0,0,0,0,0,0,0,0,0,0,0,0,0,0,0,0,0,0,0,1,0,0,0,-1,0,0,0,0,0,0,0,0,1,0,0,1,0,0.0049999999,0.0049999999,0,1,0,0,0,0,0,0,0,0,0,0,0,0,0,0,0,0,0,0,0,0,0,0,0,0,0,0,0,0,0,0,0,0,0,0,0,0,0,0,0,0,0,0,0,0,0,0,0,0,0,0,0,0,0,0,0,0,0,1899/12/30 00:00:00,1899/12/30 00:00:00,0,0, ,0, ,0, ,0, ,0,0,0,0,0,0,Band
41.28,19.013055556,24560,2020/01/30 00:00:00,10:15,2020/01/30 00:00:00,10:15,No,Late,AlDar AlBitha,800,Exact,SA,433798,RAMSES38_SAU20-06.XL, ,1,0,1,2,1,0,0,0,0,0,0,0,0,0,0,0,0,0,0,0,0,0,0,0,0,0,0,0,0,0,0,0,0,0,0,0,0,0,1,0,0,0,0,-1,0,0,0,0,0,0,0,0,1,0,0,1,0,0.00050000002,0.00050000002,1,0,0,0,0,0,0,0,0,0,0,0,0,0,0,0,0,0,0,0,0,0,0,0,0,0,0,0,0,0,0,0,0,0,0,0,0,0,0,0,0,0,0,0,0,0,0,0,0,0,0,0,0,0,0,0,0,0,0,1899/12/30 00:00:00,1899/12/30 00:00:00,0,0, ,0, ,0, ,0, ,0,0,0,0,0,0,Band
43.1325,14.9844444440001,24561,2020/01/09 00:00:00,10:23,2020/01/09 00:00:00,10:23,No,Early,W. Humara,100,Exact,YE,434840,RAMSES38_YEM20-06.XL,Transiens appearing,1,0,1,2,1,0,0,0,0,0,0,0,0,0,0,0,0,0,0,0,0,0,0,0,0,0,0,0,0,0,0,0,0,0,0,0,0,0,0,0,1,0,3,-1,0,0,0,0,1,1,3,0,1,0,0,1,0,0.0099999998,0.0099999998,0,1,0,0,0,0,0,0,0,1,0,0,0,-1,3,0,1,0,0,0,0,0,0,0,1,1,1,0,0,0,0,0,0,0,0,0,0,0,0,0,0,0,0,0,0,0,0,0,0,0,0,0,0,0,0,0,0,0,0,2020/01/09 00:00:00,2020/01/09 00:00:00,2,1,Malathion,0.5,ha,20,l,40,ha,1,0,0,0,0,90,Band
43.0708333330001,15.9352777780001,24562,2020/01/09 00:00:00,10:55,2020/01/09 00:00:00,10:55,No,Early,alsalamieh,200,Exact,YE,434841,RAMSES38_YEM20-06.XL,Transiens appearing,1,0,1,2,1,0,0,0,0,0,0,0,0,0,0,0,0,0,0,0,0,0,0,0,0,0,0,0,0,0,0,0,0,0,0,0,0,0,0,0,1,0,4,-1,0,0,0,1,1,3,1,0,3,0,0,0,1,1,1,0,0,1,0,0,0,0,0,0,1,0,0,0,-1,0,0,1,0,0,0,0,0,0,0,1,0,1,0,0,0,0,0,0,0,0,0,0,0,0,0,0,0,0,0,0,0,0,0,0,0,0,0,0,0,0,0,0,0,0,1899/12/30 00:00:00,1899/12/30 00:00:00,0,0, ,0, ,0, ,0, ,0,0,0,0,0,0,Band
43.0588888890001,15.953888889,24563,2020/01/09 00:00:00,11:04,2020/01/09 00:00:00,11:04,No,Early,alslemiah,200,Exact,YE,434842,RAMSES38_YEM20-06.XL, ,1,0,1,2,1,0,0,0,0,0,0,0,0,0,0,0,0,0,0,0,0,0,0,0,0,0,0,0,0,0,0,0,0,0,0,0,0,0,0,0,1,0,4,-1,0,0,0,1,1,1,3,0,0,0,0,0,1,20,20,0,0,0,1,0,0,0,0,0,0,0,0,0,0,0,0,0,0,0,0,0,0,0,0,0,0,0,0,0,0,0,0,0,0,0,0,0,0,0,0,0,0,0,0,0,0,0,0,0,0,0,0,0,0,0,0,0,0,0,1899/12/30 00:00:00,1899/12/30 00:00:00,0,0, ,0, ,0, ,0, ,0,0,0,0,0,0,Band
43.153333333,14.966944444,24564,2020/01/09 00:00:00,11:48,2020/01/09 00:00:00,11:48,No,Early,Al Damh,200,Exact,YE,434843,RAMSES38_YEM20-06.XL,Transiens appearing,1,0,1,2,1,0,0,0,0,0,0,0,0,0,0,0,0,0,0,0,0,0,0,0,0,0,0,0,0,0,0,0,0,0,0,0,0,0,0,1,0,0,5,-1,0,0,0,1,1,3,1,0,3,0,0,1,0,0.0099999998,0.0099999998,0,1,0,0,0,0,0,0,0,1,0,0,0,-1,1,0,3,0,0,0,0,0,0,0,1,1,1,0,0,0,0,0,0,0,0,0,0,0,0,0,0,0,0,0,0,0,0,0,0,0,0,0,0,0,0,0,0,0,0,2020/01/09 00:00:00,2020/01/09 00:00:00,2,1,Other,1,ha,2,l,50,ha,0,1,0,0,0,90,Band
43.094722222,14.92,24565,2020/01/09 00:00:00,12:41,2020/01/09 00:00:00,12:41,No,Early,Dekeya,100,Exact,YE,434844,RAMSES38_YEM20-06.XL,Transiens appearing,1,0,1,1,1,0,0,0,0,0,0,0,0,0,0,0,0,0,0,0,0,0,0,0,0,0,0,0,0,0,0,0,0,0,0,0,0,0,0,1,0,0,10,-1,0,0,1,3,0,0,0,0,0,0,0,0,1,9.9999997e-05,9.9999997e-05,1,0,0,0,0,0,0,0,0,1,0,0,0,-1,0,0,1,1,1,0,0,0,0,0,1,1,1,0,0,0,0,0,0,0,0,0,0,0,0,0,0,0,0,0,0,0,0,0,0,0,0,0,0,0,0,0,0,0,0,2020/01/09 00:00:00,2020/01/09 00:00:00,2,1,Other,1,ha,0.5,l,50,ha,1,0,0,0,0,90,Band
43.024166667,15.9341666670001,24566,2020/01/08 00:00:00,08:45,2020/01/08 00:00:00,08:45,No,Early,almkaeser,200,Exact,YE,434845,RAMSES38_YEM20-06.XL,Gregarious & transie,1,0,1,2,1,0,0,0,0,0,0,0,0,0,0,0,0,0,0,0,0,0,0,0,0,0,0,0,0,0,0,0,0,0,0,0,0,0,0,0,1,0,2,-1,0,0,0,1,3,1,1,0,0,0,0,0,1,1,1,0,0,1,0,0,0,0,0,0,1,0,0,0,1,0,0,1,0,0,0,0,0,0,0,1,0,1,1,0,0,0,0,0,0,0,0,0,0,0,0,0,0,0,0,0,0,0,0,0,0,0,0,0,0,0,0,0,0,0,2020/01/08 00:00:00,2020/01/08 00:00:00,2,1,Deltamethrin,0.5,ha,80,l,160,ha,0,1,0,0,0,80,Band
43.010277778,15.909166667,24567,2020/01/08 00:00:00,08:57,2020/01/08 00:00:00,08:57,No,Early,almbahseh,200,Exact,YE,434846,RAMSES38_YEM20-06.XL, ,1,0,1,2,1,0,0,0,0,0,0,0,0,0,0,0,0,0,0,0,0,0,0,0,0,0,0,0,0,0,0,0,0,0,0,0,0,0,0,1,0,0,3,-1,0,0,0,1,3,1,1,0,0,0,0,0,1,1,1,0,0,1,0,0,0,0,0,0,0,0,0,0,0,0,0,0,0,0,0,0,0,0,0,0,0,0,0,0,0,0,0,0,0,0,0,0,0,0,0,0,0,0,0,0,0,0,0,0,0,0,0,0,0,0,0,0,0,0,2020/01/08 00:00:00,2020/01/08 00:00:00,2,1,Deltamethrin,0.5,ha,80,l,160,ha,0,1,0,0,0,75,Band
42.905,15.8611111110001,24568,2020/01/08 00:00:00,09:25,2020/01/08 00:00:00,09:25,No,Early,wadi alain,200,Exact,YE,434848,RAMSES38_YEM20-06.XL,Gregarious & transie,1,0,1,2,1,0,0,0,0,0,0,0,0,0,0,0,0,0,0,0,0,0,0,0,0,0,0,0,0,0,0,0,0,0,0,0,0,0,0,1,0,0,3,-1,0,0,0,1,3,1,0,0,0,0,0,0,1,0.001,0.001,1,0,0,0,0,0,0,0,0,0,1,0,0,1,0,0,1,0,0,0,0,0,0,0,1,1,1,1,0,0,0,0,0,0,0,0,0,0,0,0,0,0,0,0,0,0,0,0,0,0,0,0,0,0,0,0,0,0,0,1899/12/30 00:00:00,1899/12/30 00:00:00,0,0, ,0, ,0, ,0, ,0,0,0,0,0,0,Band
43.1119444440001,15.0061111110001,24569,2020/01/08 00:00:00,09:47,2020/01/08 00:00:00,09:47,No,Early,Deer Al Dubaish,200,Exact,YE,434858,RAMSES38_YEM20-06.XL,Transiens appearing,1,0,1,1,1,0,0,0,0,0,0,0,0,0,0,0,0,0,0,0,0,0,0,0,0,0,0,0,0,0,0,0,0,0,0,0,0,0,0,0,1,0,5,-1,0,0,0,0,1,3,1,0,3,0,0,1,0,0.0099999998,0.0099999998,0,1,0,0,0,0,0,0,0,1,0,0,0,-1,1,0,3,1,1,0,0,0,0,0,1,1,1,0,0,0,0,0,0,0,0,0,0,0,0,0,0,0,0,0,0,0,0,0,0,0,0,0,0,0,0,0,0,0,0,2020/01/08 00:00:00,2020/01/08 00:00:00,2,1,Malathion,0.5,ha,15,l,30,ha,1,0,0,0,0,90,Band
43.1136111110001,14.9983333330001,24570,2020/01/08 00:00:00,10:05,2020/01/08 00:00:00,10:05,No,Early,Deer Al Dubaish.1,100,Exact,YE,434859,RAMSES38_YEM20-06.XL,Gregarious & transie,1,0,1,2,1,0,0,0,0,0,0,0,0,0,0,0,0,0,0,0,0,0,0,0,0,0,0,0,0,0,0,0,0,0,0,0,0,0,0,0,1,0,3,-1,0,0,0,0,1,1,3,0,1,0,0,1,0,0.0080000004,0.0080000004,0,1,0,0,0,0,0,0,0,1,0,0,0,-1,3,0,1,0,0,0,0,0,0,0,1,1,1,1,0,0,0,0,0,0,0,0,0,0,0,0,0,0,0,0,0,0,0,0,0,0,0,0,0,0,0,0,0,0,0,2020/01/08 00:00:00,2020/01/08 00:00:00,2,1,Malathion,0.5,ha,15,l,30,ha,1,0,0,0,0,90,Band
43.130555556,15.0016666670001,24571,2020/01/08 00:00:00,10:35,2020/01/08 00:00:00,10:35,No,Early,Deer Shu{[1]}ala,100,Exact,YE,434860,RAMSES38_YEM20-06.XL,Gregarious & transie,1,0,1,2,1,0,0,0,0,0,0,0,0,0,0,0,0,0,0,0,0,0,0,0,0,0,0,0,0,0,0,0,0,0,0,0,0,0,0,0,1,0,3,-1,0,0,0,0,1,3,1,0,1,0,0,1,0,0.0049999999,0.0049999999,0,1,0,0,0,0,0,0,0,1,0,0,0,-1,3,0,1,0,0,0,0,0,0,0,1,1,1,1,0,0,0,0,0,0,0,0,0,0,0,0,0,0,0,0,0,0,0,0,0,0,0,0,0,0,0,0,0,0,0,2020/01/08 00:00:00,2020/01/08 00:00:00,2,1,Malathion,0.5,ha,10,l,20,ha,1,0,0,0,0,90,Band
42.893333333,15.8116666670001,24572,2020/01/08 00:00:00,10:46,2020/01/08 00:00:00,10:46,No,Early,wadi alain,200,Exact,YE,434861,RAMSES38_YEM20-06.XL,Transiens appearing,1,0,1,2,1,0,0,0,0,0,0,0,0,0,0,0,0,0,0,0,0,0,0,0,0,0,0,0,0,0,0,0,0,0,0,0,0,0,0,1,0,0,3,-1,0,0,0,1,1,3,0,0,3,0,0,0,1,1,1,0,0,1,0,0,0,0,0,0,1,0,0,0,-1,0,0,1,0,0,0,0,0,0,0,1,1,1,0,0,0,0,0,0,0,0,0,0,0,0,0,0,0,0,0,0,0,0,0,0,0,0,0,0,0,0,0,0,0,0,2020/01/08 00:00:00,2020/01/08 00:00:00,2,1,Deltamethrin,0.5,ha,80,l,160,ha,0,1,0,0,0,75,Band
43.136666667,15.0069444440001,24573,2020/01/08 00:00:00,10:46,2020/01/08 00:00:00,10:46,No,Early,Deer Shu{[1]}ala,100,Exact,YE,434862,RAMSES38_YEM20-06.XL,Gregarious & transie,1,0,1,2,1,0,0,0,0,0,0,0,0,0,0,0,0,0,0,0,0,0,0,0,0,0,0,0,0,0,0,0,0,0,0,0,0,0,0,0,1,0,2,-1,0,0,0,0,0,3,1,0,1,0,0,1,0,0.0060000001,0.0060000001,0,1,0,0,0,0,0,0,0,0,1,0,0,-1,3,0,1,0,0,0,0,0,0,0,1,1,1,1,0,0,0,0,0,0,0,0,0,0,0,0,0,0,0,0,0,0,0,0,0,0,0,0,0,0,0,0,0,0,0,2020/01/08 00:00:00,2020/01/08 00:00:00,2,1,Malathion,0.5,ha,15,l,30,ha,1,0,0,0,0,75,Band
43.2991666670001,15.070277778,24574,2020/01/10 00:00:00,09:41,2020/01/10 00:00:00,09:41,No,Early,der shlh,100,Exact,YE,434863,RAMSES38_YEM20-06.XL,Gregarious appearing,1,0,1,2,1,0,0,0,0,0,0,0,0,0,0,0,0,0,0,0,0,0,0,0,0,0,0,0,0,0,0,0,0,0,0,0,0,0,0,0,1,0,30,-1,0,0,1,3,1,1,1,0,0,0,0,1,0,20,20,0,0,0,1,0,0,0,0,0,1,0,0,0,2,0,0,1,0,0,0,1,0,0,0,0,0,0,1,0,0,0,0,0,0,0,0,0,0,0,0,0,0,0,0,0,0,0,0,0,0,0,0,0,0,0,0,0,0,0,2020/01/10 00:00:00,2020/01/10 00:00:00,2,1,Other,1,ha,4,l,60,ha,0,1,0,0,0,95,Band
43.07,15.9202777780001,24575,2020/01/10 00:00:00,09:58,2020/01/10 00:00:00,09:58,No,Early,alsalmiah,200,Exact,YE,434864,RAMSES38_YEM20-06.XL, ,1,0,1,2,1,0,0,0,0,0,0,0,0,0,0,0,0,0,0,0,0,0,0,0,0,0,0,0,0,0,0,0,0,0,0,0,0,0,0,0,1,0,5,-1,0,0,0,1,1,1,3,0,0,0,0,0,1,1,1,0,0,1,0,0,0,0,0,0,0,0,0,0,0,0,0,0,0,0,0,0,0,0,0,0,0,0,0,0,0,0,0,0,0,0,0,0,0,0,0,0,0,0,0,0,0,0,0,0,0,0,0,0,0,0,0,0,0,0,2020/01/10 00:00:00,2020/01/10 00:00:00,2,1,Malathion,0.5,ha,80,l,160,ha,0,1,0,0,0,85,Band
43.078055556,15.893611111,24576,2020/01/10 00:00:00,10:21,2020/01/10 00:00:00,10:21,No,Early,bani gaibah,200,Exact,YE,434865,RAMSES38_YEM20-06.XL, ,1,0,1,2,1,0,0,0,0,0,0,0,0,0,0,0,0,0,0,0,0,0,0,0,0,0,0,0,0,0,0,0,0,0,0,0,0,0,0,0,1,0,4,-1,0,0,0,0,1,1,3,0,0,0,0,1,0,1,1,0,0,1,0,0,0,0,0,0,0,0,0,0,0,0,0,0,0,0,0,0,0,0,0,0,0,0,0,0,0,0,0,0,0,0,0,0,0,0,0,0,0,0,0,0,0,0,0,0,0,0,0,0,0,0,0,0,0,0,2020/01/10 00:00:00,2020/01/10 00:00:00,2,1,Malathion,0.5,ha,80,l,160,ha,0,1,0,0,0,70,Band
43.070277778,15.9394444440001,24577,2020/01/10 00:00:00,10:41,2020/01/10 00:00:00,10:41,No,Early,bani athabi,200,Exact,YE,434866,RAMSES38_YEM20-06.XL, ,1,0,1,2,1,0,0,0,0,0,0,0,0,0,0,0,0,0,0,0,0,0,0,0,0,0,0,0,0,0,0,0,0,0,0,0,0,0,0,1,0,0,4,-1,0,0,0,1,1,1,3,0,0,0,0,1,0,1,1,0,0,1,0,0,0,0,0,0,0,0,0,0,0,0,0,0,0,0,0,0,0,0,0,0,0,0,0,0,0,0,0,0,0,0,0,0,0,0,0,0,0,0,0,0,0,0,0,0,0,0,0,0,0,0,0,0,0,0,2020/01/10 00:00:00,2020/01/10 00:00:00,2,1,Malathion,0.5,ha,80,l,160,ha,0,1,0,0,0,70,Band
43.1322222220001,15.0013888890001,24578,2020/01/10 00:00:00,10:49,2020/01/10 00:00:00,10:49,No,Early,Der shalh,100,Exact,YE,434876,RAMSES38_YEM20-06.XL, ,1,0,1,2,1,0,0,0,0,0,0,0,0,0,0,0,0,0,0,0,0,0,0,0,0,0,0,0,0,0,0,0,0,0,0,0,0,0,0,1,0,0,10,-1,0,0,1,1,3,1,0,0,0,0,0,1,0,0.02,0.02,0,1,0,0,0,0,0,0,0,0,0,0,0,0,0,0,0,0,0,0,0,0,0,0,0,0,0,0,0,0,0,0,0,0,0,0,0,0,0,0,0,0,0,0,0,0,0,0,0,0,0,0,0,0,0,0,0,0,0,2020/01/10 00:00:00,2020/01/10 00:00:00,2,1,Deltamethrin,5,ha,15,l,30,ha,0,1,0,0,0,100,Band
43.04,15.955833333,24579,2020/01/10 00:00:00,11:03,2020/01/10 00:00:00,11:03,No,Early,almkasereh,100,Exact,YE,434877,RAMSES38_YEM20-06.XL, ,1,0,1,2,1,0,0,0,0,0,0,0,0,0,0,0,0,0,0,0,0,0,0,0,0,0,0,0,0,0,0,0,0,0,0,0,0,0,0,0,1,0,3,-1,0,0,0,0,1,3,1,0,3,0,0,1,0,1,1,0,0,1,0,0,0,0,0,0,0,0,0,0,0,0,0,0,0,0,0,0,0,0,0,0,0,0,0,0,0,0,0,0,0,0,0,0,0,0,0,0,0,0,0,0,0,0,0,0,0,0,0,0,0,0,0,0,0,0,2020/01/10 00:00:00,2020/01/10 00:00:00,2,1,Malathion,0.5,ha,80,l,160,ha,0,1,0,0,0,80,Band
43.0547222220001,15.962777778,24580,2020/01/10 00:00:00,12:08,2020/01/10 00:00:00,12:08,No,Early,aldelaweha,100,Exact,YE,434878,RAMSES38_YEM20-06.XL, ,1,0,1,2,1,0,0,0,0,0,0,0,0,0,0,0,0,0,0,0,0,0,0,0,0,0,0,0,0,0,0,0,0,0,0,0,0,0,0,0,1,0,4,-1,0,0,0,0,1,1,3,0,0,0,0,1,0,1,1,0,0,1,0,0,0,0,0,0,0,0,0,0,0,0,0,0,0,0,0,0,0,0,0,0,0,0,0,0,0,0,0,0,0,0,0,0,0,0,0,0,0,0,0,0,0,0,0,0,0,0,0,0,0,0,0,0,0,0,2020/01/10 00:00:00,2020/01/10 00:00:00,2,1,Other,1,ha,40,l,150,ha,0,1,0,0,0,70,Band
43.1833333330001,14.4833333330001,24581,2020/01/10 00:00:00,07:57,2020/01/10 00:00:00,07:57,No,Early,Al Khdaryah,100,Exact,YE,434879,RAMSES38_YEM20-06.XL, ,1,0,1,2,1,0,0,0,0,0,0,0,0,0,0,0,0,0,0,0,0,0,0,0,0,0,0,0,0,0,0,0,0,0,0,0,0,0,0,1,0,0,0,-1,0,0,0,0,1,1,3,0,1,0,0,1,0,10,10,0,0,0,1,0,0,0,0,0,0,0,0,0,0,0,0,0,0,0,0,0,0,0,0,0,0,0,0,0,0,0,0,0,0,0,0,0,0,0,0,0,0,0,0,0,0,0,0,0,0,0,0,0,0,0,0,0,0,0,2020/01/10 00:00:00,2020/01/10 00:00:00,2,1,Malathion,0.5,ha,40,l,80,ha,1,0,0,0,0,70,Band
43.1227777780001,14.9883333330001,24582,2020/01/11 00:00:00,09:11,2020/01/11 00:00:00,09:11,No,Middle,Aldoarh,100,Exact,YE,434880,RAMSES38_YEM20-06.XL, ,1,0,1,2,1,0,0,0,0,0,0,0,0,0,0,0,0,0,0,0,0,0,0,0,0,0,0,0,0,0,0,0,0,0,0,0,0,0,1,0,0,0,5,-1,0,0,1,3,1,1,0,0,0,0,0,1,0,0.0070000002,0.0070000002,0,1,0,0,0,0,0,0,0,0,0,0,0,0,0,0,0,0,0,0,0,0,0,0,0,0,0,0,0,0,0,0,0,0,0,0,0,0,0,0,0,0,0,0,0,0,0,0,0,0,0,0,0,0,0,0,0,0,0,2020/01/11 00:00:00,2020/01/11 00:00:00,2,2,Deltamethrin,5,ha,10,l,20,ha,1,0,0,0,0,95,Band
43.137222222,15.008055556,24583,2020/01/11 00:00:00,09:39,2020/01/11 00:00:00,09:39,No,Middle,Der Shalh,100,Exact,YE,434881,RAMSES38_YEM20-06.XL, ,1,0,1,2,1,0,0,0,0,0,0,0,0,0,0,0,0,0,0,0,0,0,0,0,0,0,0,0,0,0,0,0,0,0,0,0,0,0,1,0,0,0,10,-1,0,0,1,3,1,1,0,0,0,0,0,1,0,0.001,0.001,1,0,0,0,0,0,0,0,0,0,0,0,0,0,0,0,0,0,0,0,0,0,0,0,0,0,0,0,0,0,0,0,0,0,0,0,0,0,0,0,0,0,0,0,0,0,0,0,0,0,0,0,0,0,0,0,0,0,0,2020/01/11 00:00:00,2020/01/11 00:00:00,2,2,Deltamethrin,5,ha,5,l,10,ha,1,0,0,0,0,100,Band
43.1575,14.9755555560001,24584,2020/01/11 00:00:00,10:21,2020/01/11 00:00:00,10:21,No,Middle,Der shil,100,Exact,YE,434882,RAMSES38_YEM20-06.XL, ,1,0,1,2,1,0,0,0,0,0,0,0,0,0,0,0,0,0,0,0,0,0,0,0,0,0,0,0,0,0,0,0,0,0,0,0,0,0,0,1,0,0,20,-1,0,0,1,1,3,1,1,0,0,0,0,1,0,20,20,0,0,0,1,0,0,0,0,0,0,0,0,0,0,0,0,0,0,0,0,0,0,0,0,0,0,0,0,0,0,0,0,0,0,0,0,0,0,0,0,0,0,0,0,0,0,0,0,0,0,0,0,0,0,0,0,0,0,0,2020/01/11 00:00:00,2020/01/11 00:00:00,2,2,Deltamethrin,5,ha,20,l,40,ha,1,0,0,0,0,95,Band
43.156944444,14.9875,24585,2020/01/11 00:00:00,11:06,2020/01/11 00:00:00,11:06,No,Middle,Aery,100,Exact,YE,434883,RAMSES38_YEM20-06.XL, ,1,0,1,2,1,0,0,0,0,0,0,0,0,0,0,0,0,0,0,0,0,0,0,0,0,0,0,0,0,0,0,0,0,0,0,0,0,0,0,1,0,0,20,-1,0,0,1,3,1,1,0,0,0,0,0,1,0,5,5,0,0,1,0,0,0,0,0,0,0,0,0,0,0,0,0,0,0,0,0,0,0,0,0,0,0,0,0,0,0,0,0,0,0,0,0,0,0,0,0,0,0,0,0,0,0,0,0,0,0,0,0,0,0,0,0,0,0,0,2020/01/11 00:00:00,2020/01/11 00:00:00,2,2,Other,1,ha,4,l,50,ha,0,1,0,0,0,100,Band
43.1016666670001,15.971944444,24586,2020/01/12 00:00:00,08:34,2020/01/12 00:00:00,08:34,No,Middle,aldakamah,200,Exact,YE,434884,RAMSES38_YEM20-06.XL, ,1,0,1,2,1,0,0,0,0,0,0,0,0,0,0,0,0,0,0,0,0,0,0,0,0,0,0,0,0,0,0,0,0,0,0,0,0,0,0,0,1,0,3,-1,0,0,0,0,1,1,3,0,0,0,0,0,1,1,1,0,0,1,0,0,0,0,0,0,0,0,0,0,0,0,0,0,0,0,0,0,0,0,0,0,0,0,0,0,0,0,0,0,0,0,0,0,0,0,0,0,0,0,0,0,0,0,0,0,0,0,0,0,0,0,0,0,0,0,2020/01/12 00:00:00,2020/01/12 00:00:00,2,2,Fenitrothion,0.5,ha,80,l,160,ha,0,1,0,0,0,80,Band
36.848611111,21.825833333,24587,2020/01/02 00:00:00,10:10,2020/01/02 00:00:00,10:10,No,Early,Marob,200,Exact,SU,429312,RAMSES38_SUD20-01.XL, ,1,0,1,2,1,0,0,0,0,0,0,0,0,0,0,0,0,0,0,0,0,0,0,0,0,0,0,0,0,0,0,0,0,0,0,0,0,0,0,1,0,0,40,-1,0,0,0,1,3,0,0,0,0,0,0,0,1,0.001,0.001,1,0,0,0,0,0,0,0,0,0,0,0,0,0,0,0,0,0,0,0,0,0,0,0,0,0,0,0,0,0,0,0,0,0,0,0,0,0,0,0,0,0,0,0,0,0,0,0,0,0,0,0,0,0,0,0,0,0,0,2020/01/02 00:00:00,2020/01/02 00:00:00,2,1,Other,1,ha,50,l,50,ha,0,1,0,0,0,0,Band
36.935,21.5022222220001,24588,2020/01/03 00:00:00,15:25,2020/01/03 00:00:00,15:25,No,Early,Dlawet,200,Exact,SU,429328,RAMSES38_SUD20-01.XL, ,1,0,1,2,1,0,0,0,0,0,0,0,0,0,0,0,0,0,0,0,0,0,0,0,0,0,0,0,0,0,0,0,0,0,0,0,0,0,0,1,0,0,50,-1,0,0,0,1,3,0,0,0,0,0,0,0,1,0.0015,0.0015,1,0,0,0,0,0,0,0,0,0,0,0,0,0,0,0,0,0,0,0,0,0,0,0,0,0,0,0,0,0,0,0,0,0,0,0,0,0,0,0,0,0,0,0,0,0,0,0,0,0,0,0,0,0,0,0,0,0,0,2020/01/03 00:00:00,2020/01/03 00:00:00,2,1,Other,0.5,ha,40,l,80,ha,0,1,0,0,0,0,Band
36.8169444440001,21.4286111110001,24589,2020/01/04 00:00:00,11:32,2020/01/04 00:00:00,11:32,No,Early,Dlaout,200,Exact,SU,429330,RAMSES38_SUD20-01.XL,Gregarious appearing,1,0,1,2,1,0,0,0,0,0,0,0,0,0,0,0,0,0,0,0,0,0,0,0,0,0,0,0,0,0,0,0,0,0,0,0,0,0,0,1,0,0,90,-1,0,0,0,1,3,1,0,0,0,0,0,0,1,0.001,0.001,1,0,0,0,0,0,0,0,0,1,0,0,0,-1,0,0,1,0,0,0,1,0,0,0,0,0,0,1,0,0,0,0,0,0,0,0,0,0,0,0,0,0,0,0,0,0,0,0,0,0,0,0,0,0,0,0,0,0,0,2020/01/04 00:00:00,2020/01/04 00:00:00,2,1,Other,0.5,ha,55,l,110,ha,0,1,0,0,0,0,Band
41.4980555560001,18.777222222,24590,2020/01/12 00:00:00,09:33,2020/01/12 00:00:00,09:33,No,Middle,alabtah,300,Exact,SA,430167,RAMSES38_SAU20-02.XL, ,1,0,1,2,1,0,0,0,0,0,0,0,0,0,0,0,0,0,0,0,0,0,0,0,0,0,0,0,0,0,0,0,0,0,0,0,0,0,0,0,1,0,0,-1,0,0,0,0,1,3,1,0,3,0,0,1,0,0.029999999,0.029999999,0,1,0,0,0,0,0,0,0,0,0,0,0,0,0,0,0,0,0,0,0,0,0,0,0,0,0,0,0,0,0,0,0,0,0,0,0,0,0,0,0,0,0,0,0,0,0,0,0,0,0,0,0,0,0,0,0,0,0,2020/01/12 00:00:00,2020/01/12 00:00:00,2,2,Deltamethrin,1,ha,140,l,140,ha,0,1,0,0,0,85,Band
40.6636111110001,20.1111111110001,24591,2020/01/19 00:00:00,09:45,2020/01/19 00:00:00,09:45,No,Middle,Kashrah,300,Exact,SA,431600,RAMSES38_SAU20-03.XL,Gregarious appearing,1,0,1,2,1,0,0,0,0,0,0,0,0,0,0,0,0,0,0,0,0,0,0,0,0,0,0,0,0,0,0,0,0,0,0,0,0,0,0,1,0,0,0,-1,0,0,0,0,0,0,0,0,1,0,0,1,0,5,5,0,0,1,0,0,0,0,0,0,0,1,0,0,1,1,0,0,0,0,0,0,0,1,0,0,0,0,1,0,0,0,0,0,0,0,0,0,0,0,0,0,0,0,0,0,0,0,0,0,0,0,0,0,0,0,0,0,0,0,2020/01/19 00:00:00,2020/01/19 00:00:00,2,2,Fenitrothion,1,ha,100,l,100,ha,0,1,0,0,0,85,Band
40.5636111110001,20.144166667,24592,2020/01/19 00:00:00,09:47,2020/01/19 00:00:00,09:47,No,Middle,Almsma,500,Exact,SA,431604,RAMSES38_SAU20-03.XL,Gregarious appearing,1,0,1,2,1,0,0,0,0,0,0,0,0,0,0,0,0,0,0,0,0,0,0,0,0,0,0,0,0,0,0,0,0,0,0,0,0,0,1,0,0,0,0,-1,0,0,0,0,0,0,0,0,1,0,0,1,0,4,4,0,0,1,0,0,0,0,0,0,0,1,0,0,1,1,0,0,0,0,0,0,0,1,0,0,0,0,1,0,0,0,0,0,0,0,0,0,0,0,0,0,0,0,0,0,0,0,0,0,0,0,0,0,0,0,0,0,0,0,2020/01/19 00:00:00,2020/01/19 00:00:00,2,2,Fenitrothion,1,ha,100,l,100,ha,0,1,0,0,0,85,Band
40.5466666670001,20.1711111110001,24593,2020/01/15 00:00:00,08:12,2020/01/15 00:00:00,08:12,No,Middle,almsma,400,Exact,SA,431618,RAMSES38_SAU20-03.XL, ,1,0,1,2,1,0,0,0,0,0,0,0,0,0,0,0,0,0,0,0,0,0,0,0,0,0,0,0,0,0,0,0,0,0,0,0,0,0,0,1,0,0,70,-1,0,0,0,0,0,3,1,0,3,0,0,1,0,2,2,0,0,1,0,0,0,0,0,0,0,0,0,0,0,0,0,0,0,0,0,0,0,0,0,0,0,0,0,0,0,0,0,0,0,0,0,0,0,0,0,0,0,0,0,0,0,0,0,0,0,0,0,0,0,0,0,0,0,0,2020/01/15 00:00:00,2020/01/15 00:00:00,2,2,Fenitrothion,1,ha,200,l,200,ha,0,1,0,0,0,90,Band
41.509166667,18.697777778,24594,2020/01/13 00:00:00,10:35,2020/01/13 00:00:00,10:35,No,Middle,gabl alhmerha,200,Exact,SA,431636,RAMSES38_SAU20-03.XL, ,1,0,1,2,1,0,0,0,0,0,0,0,0,0,0,0,0,0,0,0,0,0,0,0,0,0,0,0,0,0,0,0,0,0,0,0,0,0,0,0,1,0,0,-1,0,0,0,0,1,3,1,0,3,0,0,1,0,0.029999999,0.029999999,0,1,0,0,0,0,0,0,0,0,0,0,0,0,0,0,0,0,0,0,0,0,0,0,0,0,0,0,0,0,0,0,0,0,0,0,0,0,0,0,0,0,0,0,0,0,0,0,0,0,0,0,0,0,0,0,0,0,0,2020/01/13 00:00:00,2020/01/13 00:00:00,2,2,Deltamethrin,1,ha,120,l,120,ha,0,1,0,0,0,90,Band
41.454166667,18.967777778,24595,2020/01/15 00:00:00,09:19,2020/01/15 00:00:00,09:19,No,Middle,AlGard,800,Exact,SA,431674,RAMSES38_SAU20-03.XL, ,1,0,1,1,1,0,0,0,0,0,0,0,0,0,0,0,0,0,0,0,0,0,0,0,0,0,0,0,0,0,0,0,0,0,0,0,0,0,0,1,0,0,0,-1,0,0,0,0,0,1,1,0,3,0,0,1,0,0.029999999,0.029999999,0,1,0,0,0,0,0,0,0,1,0,0,0,1,0,0,1,1,1,0,0,0,0,1,0,1,0,0,0,0,0,0,0,0,0,0,0,0,0,0,0,0,0,0,0,0,0,0,0,0,0,0,0,0,0,0,0,0,0,2020/01/15 00:00:00,2020/01/15 00:00:00,2,2,Deltamethrin,1,ha,500,l,500,ha,0,1,0,0,0,90,Band
41.3075,19.0011111110001,24596,2020/01/16 00:00:00,10:46,2020/01/16 00:00:00,10:46,No,Middle,Shmal AlQuz,700,Exact,SA,431677,RAMSES38_SAU20-03.XL, ,1,0,1,2,1,0,0,0,0,0,0,0,0,0,0,0,0,0,0,0,0,0,0,0,0,0,0,0,0,0,0,0,0,0,0,0,0,0,0,1,0,0,0,-1,0,0,0,0,0,1,3,0,1,0,0,1,0,0.029999999,0.029999999,0,1,0,0,0,0,0,0,0,0,0,0,0,0,0,0,0,0,0,0,0,0,0,0,0,0,0,0,0,0,0,0,0,0,0,0,0,0,0,0,0,0,0,0,0,0,0,0,0,0,0,0,0,0,0,0,0,0,0,2020/01/16 00:00:00,2020/01/16 00:00:00,2,2,Deltamethrin,1,ha,400,l,400,ha,0,1,0,0,0,85,Band
41.77,18.021944444,24597,2020/01/16 00:00:00,10:52,2020/01/16 00:00:00,10:52,No,Middle,alrraqa,400,Exact,SA,431678,RAMSES38_SAU20-03.XL, ,1,0,1,2,1,0,0,0,0,0,0,0,0,0,0,0,0,0,0,0,0,0,0,0,0,0,0,0,0,0,0,0,0,0,0,0,0,0,0,1,0,0,0,-1,0,0,1,3,1,0,0,0,0,0,0,1,0,0.0099999998,0.0099999998,0,1,0,0,0,0,0,0,0,0,0,0,0,0,0,0,0,0,0,0,0,0,0,0,0,0,0,0,0,0,0,0,0,0,0,0,0,0,0,0,0,0,0,0,0,0,0,0,0,0,0,0,0,0,0,0,0,0,0,2020/01/16 00:00:00,2020/01/16 00:00:00,2,2,Fenitrothion,1,ha,5,l,5,ha,0,1,0,0,0,85,Band
40.5636111110001,20.410833333,24598,2020/01/19 00:00:00,09:50,2020/01/19 00:00:00,09:50,No,Middle,Alfag,300,Exact,SA,431685,RAMSES38_SAU20-03.XL,Gregarious appearing,1,0,1,2,1,0,0,0,0,0,0,0,0,0,0,0,0,0,0,0,0,0,0,0,0,0,0,0,0,0,0,0,0,0,0,0,0,0,1,0,0,0,0,-1,0,0,0,0,0,0,0,0,1,0,0,1,0,10,10,0,0,0,1,0,0,0,0,0,0,1,0,0,1,1,0,0,0,0,0,0,0,1,0,0,0,0,1,0,0,0,0,0,0,0,0,0,0,0,0,0,0,0,0,0,0,0,0,0,0,0,0,0,0,0,0,0,0,0,2020/01/19 00:00:00,2020/01/19 00:00:00,2,2,Fenitrothion,1,ha,100,l,100,ha,0,1,0,0,0,85,Band
41.386111111,18.892222222,24599,2020/01/13 00:00:00,16:27,2020/01/13 00:00:00,16:27,No,Middle,AlMgawi-Hadab,500,Exact,SA,431689,RAMSES38_SAU20-03.XL, ,1,0,1,2,1,0,0,0,0,0,0,0,0,0,0,0,0,0,0,0,0,0,0,0,0,0,0,0,0,0,0,0,0,0,0,0,0,0,0,1,0,0,0,-1,0,0,0,0,1,3,1,0,3,0,0,1,0,0.029999999,0.029999999,0,1,0,0,0,0,0,0,0,0,0,0,0,0,0,0,0,0,0,0,0,0,0,0,0,0,0,0,0,0,0,0,0,0,0,0,0,0,0,0,0,0,0,0,0,0,0,0,0,0,0,0,0,0,0,0,0,0,0,2020/01/13 00:00:00,2020/01/13 00:00:00,2,2,Fenitrothion,1,ha,200,l,200,ha,0,1,0,0,0,90,Band
41.755,17.9319444440001,24600,2020/01/13 00:00:00,16:50,2020/01/13 00:00:00,16:50,No,Middle,alhoma,500,Exact,SA,431690,RAMSES38_SAU20-03.XL, ,1,0,1,2,1,0,0,0,0,0,0,0,0,0,0,0,0,0,0,0,0,0,0,0,0,0,0,0,0,0,0,0,0,0,0,0,0,0,0,1,0,0,0,-1,0,1,3,1,0,0,0,0,0,0,0,0,1,0.0049999999,0.0049999999,0,1,0,0,0,0,0,0,0,0,0,0,0,0,0,0,0,0,0,0,0,0,0,0,0,0,0,0,0,0,0,0,0,0,0,0,0,0,0,0,0,0,0,0,0,0,0,0,0,0,0,0,0,0,0,0,0,0,0,2020/01/13 00:00:00,2020/01/13 00:00:00,2,2,Fenitrothion,1,ha,15,l,15,ha,0,1,0,0,0,90,Band
41.471388889,18.9294444440001,24601,2020/01/13 00:00:00,17:15,2020/01/13 00:00:00,17:15,No,Middle,AlDegah,500,Exact,SA,431691,RAMSES38_SAU20-03.XL, ,1,0,1,2,1,0,0,0,0,0,0,0,0,0,0,0,0,0,0,0,0,0,0,0,0,0,0,0,0,0,0,0,0,0,0,0,0,0,0,1,0,0,0,-1,0,0,0,0,1,3,1,0,3,0,0,1,0,0.029999999,0.029999999,0,1,0,0,0,0,0,0,0,0,0,0,0,0,0,0,0,0,0,0,0,0,0,0,0,0,0,0,0,0,0,0,0,0,0,0,0,0,0,0,0,0,0,0,0,0,0,0,0,0,0,0,0,0,0,0,0,0,0,2020/01/13 00:00:00,2020/01/13 00:00:00,2,2,Deltamethrin,1,ha,200,l,200,ha,0,1,0,0,0,90,Band
41.31,19.4186111110001,24602,2020/01/13 00:00:00,17:25,2020/01/13 00:00:00,17:25,No,Middle,albahir,7,Exact,SA,431692,RAMSES38_SAU20-03.XL, ,1,0,1,2,1,0,0,0,0,0,0,0,0,0,0,0,0,0,0,0,0,0,0,0,0,0,0,0,0,0,0,0,0,0,0,0,0,0,0,1,0,0,0,-1,0,0,0,0,1,3,0,0,3,0,0,1,0,0.00050000002,0.00050000002,1,0,0,0,0,0,0,0,0,0,0,0,0,0,0,0,0,0,0,0,0,0,0,0,0,0,0,0,0,0,0,0,0,0,0,0,0,0,0,0,0,0,0,0,0,0,0,0,0,0,0,0,0,0,0,0,0,0,0,1899/12/30 00:00:00,1899/12/30 00:00:00,0,0, ,0, ,0, ,0, ,0,0,0,0,0,0,Band
41.448611111,18.978333333,24603,2020/01/13 00:00:00,18:00,2020/01/13 00:00:00,18:00,No,Middle,Khabt AlGrad,500,Exact,SA,431694,RAMSES38_SAU20-03.XL, ,1,0,1,2,1,0,0,0,0,0,0,0,0,0,0,0,0,0,0,0,0,0,0,0,0,0,0,0,0,0,0,0,0,0,0,0,0,0,0,1,0,0,0,-1,0,0,0,0,1,3,1,0,3,0,0,1,0,0.029999999,0.029999999,0,1,0,0,0,0,0,0,0,0,0,0,0,0,0,0,0,0,0,0,0,0,0,0,0,0,0,0,0,0,0,0,0,0,0,0,0,0,0,0,0,0,0,0,0,0,0,0,0,0,0,0,0,0,0,0,0,0,0,2020/01/13 00:00:00,2020/01/13 00:00:00,2,2,Deltamethrin,1,ha,300,l,300,ha,0,1,0,0,0,90,Band
41.139444444,19.278888889,24604,2020/01/15 00:00:00,09:16,2020/01/15 00:00:00,09:16,No,Middle,aja,10,Exact,SA,431698,RAMSES38_SAU20-03.XL, ,1,0,1,2,1,0,0,0,0,0,0,0,0,0,0,0,0,0,0,0,0,0,0,0,0,0,0,0,0,0,0,0,0,0,0,0,0,0,0,1,0,0,0,-1,0,0,0,0,1,3,0,0,3,0,0,1,0,0.00089999998,0.00089999998,1,0,0,0,0,0,0,0,0,0,0,0,0,0,0,0,0,0,0,0,0,0,0,0,0,0,0,0,0,0,0,0,0,0,0,0,0,0,0,0,0,0,0,0,0,0,0,0,0,0,0,0,0,0,0,0,0,0,0,2020/01/15 00:00:00,2020/01/15 00:00:00,2,2,Fenitrothion,5,ha,9,l,9,ha,0,1,0,0,0,90,Band
41.1775,18.9822222220001,24605,2020/01/28 00:00:00,11:03,2020/01/28 00:00:00,11:03,No,Late,AlAshraf,200,Exact,SA,432689,RAMSES38_SAU20-05.XL, ,1,0,1,2,1,0,0,0,0,0,0,0,0,0,0,0,0,0,0,0,0,0,0,0,0,0,0,0,0,0,0,0,0,0,0,0,0,0,0,1,0,0,0,-1,0,0,0,0,1,3,1,0,1,0,0,1,0,0.029999999,0.029999999,0,1,0,0,0,0,0,0,0,0,0,0,0,0,0,0,0,0,0,0,0,0,0,0,0,0,0,0,0,0,0,0,0,0,0,0,0,0,0,0,0,0,0,0,0,0,0,0,0,0,0,0,0,0,0,0,0,0,0,1899/12/30 00:00:00,1899/12/30 00:00:00,0,0, ,0, ,0, ,0, ,0,0,0,0,0,0,Band
41.385555556,18.9575,24606,2020/01/28 00:00:00,18:11,2020/01/28 00:00:00,18:11,No,Late,Helt AlMgadah,400,Exact,SA,432713,RAMSES38_SAU20-05.XL, ,1,0,1,2,1,0,0,0,0,0,0,0,0,0,0,0,0,0,0,0,0,0,0,0,0,0,0,0,0,0,0,0,0,0,0,0,0,0,0,1,0,0,0,-1,0,0,0,0,0,1,1,0,3,0,0,1,0,0.0049999999,0.0049999999,0,1,0,0,0,0,0,0,0,0,0,0,0,0,0,0,0,0,0,0,0,0,0,0,0,0,0,0,0,0,0,0,0,0,0,0,0,0,0,0,0,0,0,0,0,0,0,0,0,0,0,0,0,0,0,0,0,0,0,1899/12/30 00:00:00,1899/12/30 00:00:00,0,0, ,0, ,0, ,0, ,0,0,0,0,0,0,Band
41.449166667,18.795,24607,2020/01/23 00:00:00,07:38,2020/01/23 00:00:00,07:38,No,Late,alsabtah,1000,Exact,SA,432723,RAMSES38_SAU20-05.XL,Gregarious appearing,1,0,1,2,1,0,0,0,0,0,0,0,0,0,0,0,0,0,0,0,0,0,0,0,0,0,0,0,0,0,0,0,0,0,0,0,0,0,0,1,0,0,0,-1,0,0,0,0,0,3,1,0,3,0,0,1,0,200,200,0,0,0,0,1,0,0,0,0,0,1,0,0,2,1,0,0,0,0,0,0,0,1,0,0,0,0,1,0,0,0,0,0,0,0,0,0,0,0,0,0,0,0,0,0,0,0,0,0,0,0,0,0,0,0,0,0,0,0,2020/01/23 00:00:00,2020/01/23 00:00:00,2,3,Fenitrothion,1,ha,1000,l,1000,ha,0,0,1,0,0,85,Band
41.453055556,18.642777778,24608,2020/01/24 00:00:00,04:10,2020/01/24 00:00:00,04:10,No,Late,alaenah,600,Exact,SA,432724,RAMSES38_SAU20-05.XL,Gregarious appearing,1,0,1,2,1,0,0,0,0,0,0,0,0,0,0,0,0,0,0,0,0,0,0,0,0,0,0,0,0,0,0,0,0,0,0,0,0,0,0,1,0,0,0,-1,0,0,0,0,0,3,1,0,3,0,0,1,0,200,200,0,0,0,0,1,0,0,0,0,0,1,0,0,2,1,0,0,0,0,0,0,0,1,0,0,0,0,1,0,0,0,0,0,0,0,0,0,0,0,0,0,0,0,0,0,0,0,0,0,0,0,0,0,0,0,0,0,0,0,2020/01/24 00:00:00,2020/01/24 00:00:00,2,3,Fenitrothion,1,ha,500,l,500,ha,0,0,1,0,0,85,Band
41.5022222220001,18.82,24609,2020/01/24 00:00:00,06:44,2020/01/24 00:00:00,06:44,No,Late,alsabatah,800,Exact,SA,432725,RAMSES38_SAU20-05.XL,Gregarious appearing,1,0,1,2,1,0,0,0,0,0,0,0,0,0,0,0,0,0,0,0,0,0,0,0,0,0,0,0,0,0,0,0,0,0,0,0,0,0,0,1,0,0,0,-1,0,0,0,0,0,3,1,0,3,0,0,1,0,150,150,0,0,0,0,1,0,0,0,0,0,1,0,0,2,1,0,0,0,0,0,0,0,1,0,0,0,0,1,0,0,0,0,0,0,0,0,0,0,0,0,0,0,0,0,0,0,0,0,0,0,0,0,0,0,0,0,0,0,0,2020/01/24 00:00:00,2020/01/24 00:00:00,2,3,Fenitrothion,1,ha,500,l,500,ha,0,0,1,0,0,85,Band
41.4138888890001,18.6983333330001,24610,2020/01/25 00:00:00,02:56,2020/01/25 00:00:00,02:56,No,Late,alaeanah,700,Exact,SA,432726,RAMSES38_SAU20-05.XL,Gregarious appearing,1,0,1,2,1,0,0,0,0,0,0,0,0,0,0,0,0,0,0,0,0,0,0,0,0,0,0,0,0,0,0,0,0,0,0,0,0,0,0,1,0,0,0,-1,0,0,0,0,0,3,1,0,3,0,0,1,0,200,200,0,0,0,0,1,0,0,0,0,0,1,0,0,2,1,0,0,0,0,0,0,0,1,0,0,0,0,1,0,0,0,0,0,0,0,0,0,0,0,0,0,0,0,0,0,0,0,0,0,0,0,0,0,0,0,0,0,0,0,2020/01/25 00:00:00,2020/01/25 00:00:00,2,3,Fenitrothion,1,ha,500,l,500,ha,0,0,1,0,0,85,Band
41.3119444440001,19.142222222,24611,2020/01/25 00:00:00,12:25,2020/01/25 00:00:00,12:25,No,Late,alqunfedah,800,Exact,SA,432727,RAMSES38_SAU20-05.XL,Gregarious appearing,1,0,1,2,1,0,0,0,0,0,0,0,0,0,0,0,0,0,0,0,0,0,0,0,0,0,0,0,0,0,0,0,0,0,0,0,0,0,0,1,0,0,0,-1,0,0,0,0,0,3,1,0,3,0,0,1,0,20,20,0,0,0,1,0,0,0,0,0,0,1,0,0,2,1,0,0,0,0,0,0,0,1,0,0,0,0,1,0,0,0,0,0,0,0,0,0,0,0,0,0,0,0,0,0,0,0,0,0,0,0,0,0,0,0,0,0,0,0,2020/01/25 00:00:00,2020/01/25 00:00:00,2,3,Fenitrothion,1,ha,500,l,500,ha,0,0,1,0,0,85,Band
41.4952777780001,18.895277778,24612,2020/01/26 00:00:00,10:16,2020/01/26 00:00:00,10:16,No,Late,shea,700,Exact,SA,432728,RAMSES38_SAU20-05.XL,Gregarious appearing,1,0,1,2,1,0,0,0,0,0,0,0,0,0,0,0,0,0,0,0,0,0,0,0,0,0,0,0,0,0,0,0,0,0,0,0,0,0,0,1,0,0,0,-1,0,0,0,0,0,3,1,0,3,0,0,1,0,40,40,0,0,0,1,0,0,0,0,0,0,1,0,0,2,1,0,0,0,0,0,0,0,1,0,0,0,0,1,0,0,0,0,0,0,0,0,0,0,0,0,0,0,0,0,0,0,0,0,0,0,0,0,0,0,0,0,0,0,0,2020/01/26 00:00:00,2020/01/26 00:00:00,2,3,Fenitrothion,1,ha,500,l,500,ha,0,0,1,0,0,85,Band
41.5497222220001,18.833611111,24613,2020/01/26 00:00:00,11:59,2020/01/26 00:00:00,11:59,No,Late,alsabatah,800,Exact,SA,432729,RAMSES38_SAU20-05.XL,Gregarious appearing,1,0,1,2,1,0,0,0,0,0,0,0,0,0,0,0,0,0,0,0,0,0,0,0,0,0,0,0,0,0,0,0,0,0,0,0,0,0,0,1,0,0,0,-1,0,0,0,0,0,3,1,0,3,0,0,1,0,100,100,0,0,0,0,1,0,0,0,0,0,1,0,0,2,1,0,0,0,0,0,0,0,1,0,0,0,0,1,0,0,0,0,0,0,0,0,0,0,0,0,0,0,0,0,0,0,0,0,0,0,0,0,0,0,0,0,0,0,0,2020/01/26 00:00:00,2020/01/26 00:00:00,2,3,Fenitrothion,1,ha,500,l,500,ha,0,0,1,0,0,85,Band
41.2916666670001,19.078611111,24614,2020/01/26 00:00:00,12:45,2020/01/26 00:00:00,12:45,No,Late,ALQUZ,700,Exact,SA,432730,RAMSES38_SAU20-05.XL,Gregarious appearing,1,0,1,2,1,0,0,0,0,0,0,0,0,0,0,0,0,0,0,0,0,0,0,0,0,0,0,0,0,0,0,0,0,0,0,0,0,0,0,1,0,0,0,-1,0,0,0,0,0,3,1,0,3,0,0,1,0,50,50,0,0,0,1,0,0,0,0,0,0,1,0,0,2,1,0,0,0,0,0,0,0,1,0,0,0,0,1,0,0,0,0,0,0,0,0,0,0,0,0,0,0,0,0,0,0,0,0,0,0,0,0,0,0,0,0,0,0,0,2020/01/26 00:00:00,2020/01/26 00:00:00,2,3,Fenitrothion,1,ha,750,l,750,ha,0,0,1,0,0,85,Band
41.4952777780001,18.6816666670001,24615,2020/01/27 00:00:00,07:02,2020/01/27 00:00:00,07:02,No,Late,alaenah,600,Exact,SA,432731,RAMSES38_SAU20-05.XL,Gregarious appearing,1,0,1,2,1,0,0,0,0,0,0,0,0,0,0,0,0,0,0,0,0,0,0,0,0,0,0,0,0,0,0,0,0,0,0,0,0,0,0,1,0,0,0,-1,0,0,0,0,0,0,3,0,1,0,0,1,0,70,70,0,0,0,0,1,0,0,0,0,0,1,0,0,2,1,0,0,0,0,0,0,0,1,0,0,0,0,1,0,0,0,0,0,0,0,0,0,0,0,0,0,0,0,0,0,0,0,0,0,0,0,0,0,0,0,0,0,0,0,2020/01/27 00:00:00,2020/01/27 00:00:00,2,3,Fenitrothion,1,ha,500,l,500,ha,0,0,1,0,0,85,Band
41.4975,18.843333333,24616,2020/01/29 00:00:00,09:19,2020/01/29 00:00:00,09:19,No,Late,Shea AlGdem,900,Exact,SA,432734,RAMSES38_SAU20-05.XL, ,1,0,1,2,1,0,0,0,0,0,0,0,0,0,0,0,0,0,0,0,0,0,0,0,0,0,0,0,0,0,0,0,0,0,0,0,0,0,0,1,0,0,0,-1,0,0,0,0,0,3,1,0,3,0,0,1,0,0.0099999998,0.0099999998,0,1,0,0,0,0,0,0,0,0,0,0,0,0,0,0,0,0,0,0,0,0,0,0,0,0,0,0,0,0,0,0,0,0,0,0,0,0,0,0,0,0,0,0,0,0,0,0,0,0,0,0,0,0,0,0,0,0,0,1899/12/30 00:00:00,1899/12/30 00:00:00,0,0, ,0, ,0, ,0, ,0,0,0,0,0,0,Band
41.518055556,18.8116666670001,24617,2020/01/29 00:00:00,09:59,2020/01/29 00:00:00,09:59,No,Late,Khabt AlSabtah,1000,Exact,SA,432754,RAMSES38_SAU20-05.XL, ,1,0,1,2,1,0,0,0,0,0,0,0,0,0,0,0,0,0,0,0,0,0,0,0,0,0,0,0,0,0,0,0,0,0,0,0,0,0,0,1,0,0,0,-1,0,0,0,0,0,0,0,0,1,0,0,1,0,0.029999999,0.029999999,0,1,0,0,0,0,0,0,0,0,0,0,0,0,0,0,0,0,0,0,0,0,0,0,0,0,0,0,0,0,0,0,0,0,0,0,0,0,0,0,0,0,0,0,0,0,0,0,0,0,0,0,0,0,0,0,0,0,0,1899/12/30 00:00:00,1899/12/30 00:00:00,0,0, ,0, ,0, ,0, ,0,0,0,0,0,0,Band
41.319166667,18.853333333,24618,2020/01/27 00:00:00,16:52,2020/01/27 00:00:00,16:52,No,Late,Khabt AlNwashrah,500,Exact,SA,432758,RAMSES38_SAU20-05.XL, ,1,0,1,2,1,0,0,0,0,0,0,0,0,0,0,0,0,0,0,0,0,0,0,0,0,0,0,0,0,0,0,0,0,0,0,0,0,0,1,0,0,0,0,-1,0,0,0,1,3,0,0,0,0,0,0,1,0,0.0049999999,0.0049999999,0,1,0,0,0,0,0,0,0,0,0,0,0,0,0,0,0,0,0,0,0,0,0,0,0,0,0,0,0,0,0,0,0,0,0,0,0,0,0,0,0,0,0,0,0,0,0,0,0,0,0,0,0,0,0,0,0,0,0,1899/12/30 00:00:00,1899/12/30 00:00:00,0,0, ,0, ,0, ,0, ,0,0,0,0,0,0,Band
41.4766666670001,18.854444444,24619,2020/01/21 00:00:00,10:24,2020/01/21 00:00:00,10:24,No,Late,Shmal Bir Sawah,200,Exact,SA,431703,RAMSES38_SAU20-04.XL, ,1,0,1,2,1,0,0,0,0,0,0,0,0,0,0,0,0,0,0,0,0,0,0,0,0,0,0,0,0,0,0,0,0,0,0,0,0,0,0,1,0,0,0,-1,0,0,0,0,0,1,1,0,3,0,0,1,0,0.0099999998,0.0099999998,0,1,0,0,0,0,0,0,0,0,0,0,0,0,0,0,0,0,0,0,0,0,0,0,0,0,0,0,0,0,0,0,0,0,0,0,0,0,0,0,0,0,0,0,0,0,0,0,0,0,0,0,0,0,0,0,0,0,0,2020/01/21 00:00:00,2020/01/21 00:00:00,2,3,Deltamethrin,1,ha,100,l,100,ha,0,1,0,0,0,90,Band
41.4822222220001,18.885555556,24620,2020/01/21 00:00:00,11:01,2020/01/21 00:00:00,11:01,No,Late,AlHrigah,400,Exact,SA,431709,RAMSES38_SAU20-04.XL, ,1,0,1,2,1,0,0,0,0,0,0,0,0,0,0,0,0,0,0,0,0,0,0,0,0,0,0,0,0,0,0,0,0,0,0,0,0,0,0,1,0,0,0,-1,0,0,0,0,0,1,3,0,1,0,0,1,0,0.029999999,0.029999999,0,1,0,0,0,0,0,0,0,0,0,0,0,0,0,0,0,0,0,0,0,0,0,0,0,0,0,0,0,0,0,0,0,0,0,0,0,0,0,0,0,0,0,0,0,0,0,0,0,0,0,0,0,0,0,0,0,0,0,1899/12/30 00:00:00,1899/12/30 00:00:00,0,0, ,0, ,0, ,0, ,0,0,0,0,0,0,Band
41.6269444440001,18.081388889,24621,2020/01/21 00:00:00,11:25,2020/01/21 00:00:00,11:25,No,Late,dahban,300,Exact,SA,431715,RAMSES38_SAU20-04.XL, ,1,0,1,2,1,0,0,0,0,0,0,0,0,0,0,0,0,0,0,0,0,0,0,0,0,0,0,0,0,0,0,0,0,0,0,0,0,0,1,0,0,0,2,-1,0,0,0,0,1,3,1,0,3,0,0,1,0,0.003,0.003,0,1,0,0,0,0,0,0,0,0,0,0,0,0,0,0,0,0,0,0,0,0,0,0,0,0,0,0,0,0,0,0,0,0,0,0,0,0,0,0,0,0,0,0,0,0,0,0,0,0,0,0,0,0,0,0,0,0,0,2020/01/21 00:00:00,2020/01/21 00:00:00,2,3,Fenitrothion,1,ha,2,l,2,ha,0,1,0,0,0,90,Band
41.535,18.8775,24622,2020/01/21 00:00:00,12:08,2020/01/21 00:00:00,12:08,No,Late,Khabt Shia,400,Exact,SA,431718,RAMSES38_SAU20-04.XL, ,1,0,1,2,1,0,0,0,0,0,0,0,0,0,0,0,0,0,0,0,0,0,0,0,0,0,0,0,0,0,0,0,0,0,0,0,0,0,0,1,0,0,0,-1,0,0,0,0,0,1,3,0,1,0,0,1,0,0.029999999,0.029999999,0,1,0,0,0,0,0,0,0,0,0,0,0,0,0,0,0,0,0,0,0,0,0,0,0,0,0,0,0,0,0,0,0,0,0,0,0,0,0,0,0,0,0,0,0,0,0,0,0,0,0,0,0,0,0,0,0,0,0,1899/12/30 00:00:00,1899/12/30 00:00:00,0,0, ,0, ,0, ,0, ,0,0,0,0,0,0,Band
41.4211111110001,18.841944444,24623,2020/01/21 00:00:00,16:27,2020/01/21 00:00:00,16:27,No,Late,Shia,300,Exact,SA,431720,RAMSES38_SAU20-04.XL, ,1,0,1,2,1,0,0,0,0,0,0,0,0,0,0,0,0,0,0,0,0,0,0,0,0,0,0,0,0,0,0,0,0,0,0,0,0,0,1,0,0,0,0,-1,0,0,0,0,0,1,1,0,3,0,0,1,0,0.001,0.001,1,0,0,0,0,0,0,0,0,0,0,0,0,0,0,0,0,0,0,0,0,0,0,0,0,0,0,0,0,0,0,0,0,0,0,0,0,0,0,0,0,0,0,0,0,0,0,0,0,0,0,0,0,0,0,0,0,0,0,1899/12/30 00:00:00,1899/12/30 00:00:00,0,0, ,0, ,0, ,0, ,0,0,0,0,0,0,Band
41.512777778,18.834444444,24624,2020/01/21 00:00:00,16:47,2020/01/21 00:00:00,16:47,No,Late,AlGetah,300,Exact,SA,431722,RAMSES38_SAU20-04.XL, ,1,0,1,2,1,0,0,0,0,0,0,0,0,0,0,0,0,0,0,0,0,0,0,0,0,0,0,0,0,0,0,0,0,0,0,0,0,0,0,1,0,0,0,-1,0,0,0,0,0,1,1,0,3,0,0,1,0,0.003,0.003,0,1,0,0,0,0,0,0,0,0,0,0,0,0,0,0,0,0,0,0,0,0,0,0,0,0,0,0,0,0,0,0,0,0,0,0,0,0,0,0,0,0,0,0,0,0,0,0,0,0,0,0,0,0,0,0,0,0,0,1899/12/30 00:00:00,1899/12/30 00:00:00,0,0, ,0, ,0, ,0, ,0,0,0,0,0,0,Band
41.454444444,18.8077777780001,24625,2020/01/21 00:00:00,17:21,2020/01/21 00:00:00,17:21,No,Late,Khabt AlMgarbah,300,Exact,SA,431724,RAMSES38_SAU20-04.XL, ,1,0,1,2,1,0,0,0,0,0,0,0,0,0,0,0,0,0,0,0,0,0,0,0,0,0,0,0,0,0,0,0,0,0,0,0,0,0,1,0,0,0,0,-1,0,0,0,0,0,3,1,0,3,0,0,1,0,0.001,0.001,1,0,0,0,0,0,0,0,0,0,0,0,0,0,0,0,0,0,0,0,0,0,0,0,0,0,0,0,0,0,0,0,0,0,0,0,0,0,0,0,0,0,0,0,0,0,0,0,0,0,0,0,0,0,0,0,0,0,0,1899/12/30 00:00:00,1899/12/30 00:00:00,0,0, ,0, ,0, ,0, ,0,0,0,0,0,0,Band
41.4930555560001,18.791944444,24626,2020/01/21 00:00:00,17:45,2020/01/21 00:00:00,17:45,No,Late,AlAthi,300,Exact,SA,431725,RAMSES38_SAU20-04.XL, ,1,0,1,2,1,0,0,0,0,0,0,0,0,0,0,0,0,0,0,0,0,0,0,0,0,0,0,0,0,0,0,0,0,0,0,0,0,0,1,0,0,0,0,-1,0,0,0,0,0,3,1,0,3,0,0,1,0,0.00050000002,0.00050000002,1,0,0,0,0,0,0,0,0,0,0,0,0,0,0,0,0,0,0,0,0,0,0,0,0,0,0,0,0,0,0,0,0,0,0,0,0,0,0,0,0,0,0,0,0,0,0,0,0,0,0,0,0,0,0,0,0,0,0,1899/12/30 00:00:00,1899/12/30 00:00:00,0,0, ,0, ,0, ,0, ,0,0,0,0,0,0,Band
41.511111111,18.786388889,24627,2020/01/21 00:00:00,18:05,2020/01/21 00:00:00,18:05,No,Late,Khabt AlSabtah,300,Exact,SA,431726,RAMSES38_SAU20-04.XL, ,1,0,1,2,1,0,0,0,0,0,0,0,0,0,0,0,0,0,0,0,0,0,0,0,0,0,0,0,0,0,0,0,0,0,0,0,0,0,0,1,0,0,0,-1,0,0,0,0,1,1,3,0,1,0,0,1,0,0.029999999,0.029999999,0,1,0,0,0,0,0,0,0,0,0,0,0,0,0,0,0,0,0,0,0,0,0,0,0,0,0,0,0,0,0,0,0,0,0,0,0,0,0,0,0,0,0,0,0,0,0,0,0,0,0,0,0,0,0,0,0,0,0,1899/12/30 00:00:00,1899/12/30 00:00:00,0,0, ,0, ,0, ,0, ,0,0,0,0,0,0,Band
41.4811111110001,18.776388889,24628,2020/01/21 00:00:00,18:55,2020/01/21 00:00:00,18:55,No,Late,Khabt Goz AlAshar-Al,200,Exact,SA,431727,RAMSES38_SAU20-04.XL, ,1,0,1,2,1,0,0,0,0,0,0,0,0,0,0,0,0,0,0,0,0,0,0,0,0,0,0,0,0,0,0,0,0,0,0,0,0,0,0,1,0,0,0,-1,0,0,0,0,1,3,1,0,3,0,0,1,0,0.029999999,0.029999999,0,1,0,0,0,0,0,0,0,0,0,0,0,0,0,0,0,0,0,0,0,0,0,0,0,0,0,0,0,0,0,0,0,0,0,0,0,0,0,0,0,0,0,0,0,0,0,0,0,0,0,0,0,0,0,0,0,0,0,2020/01/21 00:00:00,2020/01/21 00:00:00,2,3,Fenitrothion,1,ha,60,l,60,ha,0,1,0,0,0,90,Band
41.7908333330001,17.9908333330001,24629,2020/01/09 00:00:00,17:56,2020/01/09 00:00:00,17:56,No,Early,alzawra,500,Exact,SA,429687,RAMSES38_SAU20-02.XL, ,1,0,1,2,1,0,0,0,0,0,0,0,0,0,0,0,0,0,0,0,0,0,0,0,0,0,0,0,0,0,0,0,0,0,0,0,0,0,0,1,0,0,7,-1,0,0,1,3,1,0,0,0,0,0,0,1,0,0.0099999998,0.0099999998,0,1,0,0,0,0,0,0,0,0,0,0,0,0,0,0,0,0,0,0,0,0,0,0,0,0,0,0,0,0,0,0,0,0,0,0,0,0,0,0,0,0,0,0,0,0,0,0,0,0,0,0,0,0,0,0,0,0,0,2020/01/09 00:00:00,2020/01/09 00:00:00,2,1,Fenitrothion,1,ha,10,l,10,ha,0,1,0,0,0,95,Band
41.8027777780001,17.9908333330001,24630,2020/01/12 00:00:00,12:14,2020/01/12 00:00:00,12:14,No,Middle,alzawra,300,Exact,SA,429702,RAMSES38_SAU20-02.XL, ,1,0,1,2,1,0,0,0,0,0,0,0,0,0,0,0,0,0,0,0,0,0,0,0,0,0,0,0,0,0,0,0,0,0,0,0,0,0,0,1,0,0,7,-1,0,0,1,3,1,1,0,0,0,0,0,1,0,0.0099999998,0.0099999998,0,1,0,0,0,0,0,0,0,0,0,0,0,0,0,0,0,0,0,0,0,0,0,0,0,0,0,0,0,0,0,0,0,0,0,0,0,0,0,0,0,0,0,0,0,0,0,0,0,0,0,0,0,0,0,0,0,0,0,2020/01/12 00:00:00,2020/01/12 00:00:00,2,2,Fenitrothion,1,ha,35,l,35,ha,0,1,0,0,0,90,Band
41.198055556,19.4791666670001,24631,2020/01/12 00:00:00,12:33,2020/01/12 00:00:00,12:33,No,Middle,wadi alahsabah,20,Exact,SA,429703,RAMSES38_SAU20-02.XL, ,1,0,1,2,1,0,0,0,0,0,0,0,0,0,0,0,0,0,0,0,0,0,0,0,0,0,0,0,0,0,0,0,0,0,0,0,0,0,0,1,0,0,0,-1,0,0,0,0,3,1,0,0,0,0,0,1,0,0.00079999998,0.00079999998,1,0,0,0,0,0,0,0,0,0,0,0,0,0,0,0,0,0,0,0,0,0,0,0,0,0,0,0,0,0,0,0,0,0,0,0,0,0,0,0,0,0,0,0,0,0,0,0,0,0,0,0,0,0,0,0,0,0,0,2020/01/12 00:00:00,2020/01/12 00:00:00,2,2,Fenitrothion,1,ha,8,l,8,ha,0,1,0,0,0,90,Band
41.2483333330001,19.4955555560001,24632,2020/01/12 00:00:00,12:39,2020/01/12 00:00:00,12:39,No,Middle,wadi alahsaba,10,Exact,SA,429704,RAMSES38_SAU20-02.XL, ,1,0,1,2,1,0,0,0,0,0,0,0,0,0,0,0,0,0,0,0,0,0,0,0,0,0,0,0,0,0,0,0,0,0,0,0,0,0,0,1,0,0,0,-1,0,0,0,0,3,1,0,0,0,0,0,1,0,0.00060000003,0.00060000003,1,0,0,0,0,0,0,0,0,0,0,0,0,0,0,0,0,0,0,0,0,0,0,0,0,0,0,0,0,0,0,0,0,0,0,0,0,0,0,0,0,0,0,0,0,0,0,0,0,0,0,0,0,0,0,0,0,0,0,2020/01/12 00:00:00,2020/01/12 00:00:00,2,2,Fenitrothion,1,ha,6,l,6,ha,0,1,0,0,0,90,Band
41.2480555560001,19.4963888890001,24633,2020/01/12 00:00:00,12:59,2020/01/12 00:00:00,12:59,No,Middle,wadi alahsaba,10,Exact,SA,429705,RAMSES38_SAU20-02.XL, ,1,0,1,2,1,0,0,0,0,0,0,0,0,0,0,0,0,0,0,0,0,0,0,0,0,0,0,0,0,0,0,0,0,0,0,0,0,0,0,1,0,0,0,-1,0,0,0,0,1,3,0,0,3,0,0,1,0,0.001,0.001,1,0,0,0,0,0,0,0,0,0,0,0,0,0,0,0,0,0,0,0,0,0,0,0,0,0,0,0,0,0,0,0,0,0,0,0,0,0,0,0,0,0,0,0,0,0,0,0,0,0,0,0,0,0,0,0,0,0,0,2020/01/12 00:00:00,2020/01/12 00:00:00,2,2,Fenitrothion,1,ha,10,l,10,ha,0,1,0,0,0,90,Band
41.2461111110001,19.4972222220001,24634,2020/01/12 00:00:00,13:10,2020/01/12 00:00:00,13:10,No,Middle,wadi alahsabh,10,Exact,SA,429706,RAMSES38_SAU20-02.XL, ,1,0,1,2,1,0,0,0,0,0,0,0,0,0,0,0,0,0,0,0,0,0,0,0,0,0,0,0,0,0,0,0,0,0,0,0,0,0,0,0,1,0,0,-1,0,0,0,0,1,3,0,0,3,0,0,1,0,0.00079999998,0.00079999998,1,0,0,0,0,0,0,0,0,0,0,0,0,0,0,0,0,0,0,0,0,0,0,0,0,0,0,0,0,0,0,0,0,0,0,0,0,0,0,0,0,0,0,0,0,0,0,0,0,0,0,0,0,0,0,0,0,0,0,2020/01/12 00:00:00,2020/01/12 00:00:00,2,2,Fenitrothion,1,ha,8,l,8,ha,0,1,0,0,0,90,Band
41.464722222,18.723333333,24635,2020/01/06 00:00:00,09:00,2020/01/06 00:00:00,09:00,No,Early,alahamarh,200,Exact,SA,429707,RAMSES38_SAU20-02.XL, ,1,0,1,2,1,0,0,0,0,0,0,1,0,0,-1,0,0,0,0,0,0,0,0,0,0,0,0,1,0,0,0,0,1,0,0,0,0,0,0,0,1,0,0,-1,0,0,0,0,0,3,3,0,3,0,0,1,0,0.02,0.02,0,1,0,0,0,0,0,0,0,0,0,0,0,0,0,0,0,0,0,0,0,0,0,0,0,0,0,0,0,0,0,0,0,0,0,0,0,0,0,0,0,0,0,0,0,0,0,0,0,0,0,0,0,0,0,0,0,0,0,2020/01/06 00:00:00,2020/01/06 00:00:00,2,1,Fenitrothion,1,ha,80,l,80,ha,0,1,0,0,0,80,Band
40.5583333330001,20.1286111110001,24636,2020/01/06 00:00:00,09:00,2020/01/06 00:00:00,09:00,No,Early,Kabah,300,Exact,SA,429708,RAMSES38_SAU20-02.XL, ,1,0,1,2,1,0,0,0,0,0,0,0,0,0,0,0,0,0,0,0,0,0,0,0,0,0,0,0,0,0,0,0,0,0,0,0,0,0,1,0,0,0,2,-1,0,0,0,0,1,3,0,0,3,0,0,1,0,1,1,0,0,1,0,0,0,0,0,0,0,0,0,0,0,0,0,0,0,0,0,0,0,0,0,0,0,0,0,0,0,0,0,0,0,0,0,0,0,0,0,0,0,0,0,0,0,0,0,0,0,0,0,0,0,0,0,0,0,0,1899/12/30 00:00:00,1899/12/30 00:00:00,0,0, ,0, ,0, ,0, ,0,0,0,0,0,0,Band
41.1727777780001,19.4344444440001,24637,2020/01/08 00:00:00,16:49,2020/01/08 00:00:00,16:49,No,Early,albanan,20,Exact,SA,429718,RAMSES38_SAU20-02.XL, ,1,0,1,2,1,0,0,0,0,0,0,0,0,0,0,0,0,0,0,0,0,0,0,0,0,0,0,0,0,0,0,0,0,0,0,0,0,0,0,0,1,0,0,-1,0,0,0,0,1,3,1,0,3,0,0,1,0,0.001,0.001,1,0,0,0,0,0,0,0,0,0,0,0,0,0,0,0,0,0,0,0,0,0,0,0,0,0,0,0,0,0,0,0,0,0,0,0,0,0,0,0,0,0,0,0,0,0,0,0,0,0,0,0,0,0,0,0,0,0,0,2020/01/08 00:00:00,2020/01/08 00:00:00,2,1,Fenitrothion,1,ha,10,l,10,ha,0,1,0,0,0,90,Band
41.3738888890001,18.9363888890001,24638,2020/01/12 00:00:00,08:48,2020/01/12 00:00:00,08:48,No,Middle,Thaltha yabah,300,Exact,SA,429719,RAMSES38_SAU20-02.XL, ,1,0,1,2,1,0,0,0,0,0,0,0,0,0,0,0,0,0,0,0,0,0,0,0,0,0,0,0,0,0,0,0,0,0,0,0,0,0,0,1,0,0,0,-1,0,0,0,0,0,0,3,0,1,0,0,1,0,0.029999999,0.029999999,0,1,0,0,0,0,0,0,0,0,0,0,0,0,0,0,0,0,0,0,0,0,0,0,0,0,0,0,0,0,0,0,0,0,0,0,0,0,0,0,0,0,0,0,0,0,0,0,0,0,0,0,0,0,0,0,0,0,0,2020/01/12 00:00:00,2020/01/12 00:00:00,2,2,Fenitrothion,1,ha,60,l,60,ha,0,1,0,0,0,90,Band
36.826666667,21.505555556,24639,2020/01/08 00:00:00,13:43,2020/01/08 00:00:00,13:43,No,Early,Hibikawan,500,Exact,SU,430287,RAMSES38_SUD20-03.XL,Gregarious appearing,1,0,1,2,1,0,0,0,0,0,1,0,0,0,2,0,0,0,0,3,1,1,0,0,0,0,0,1,0,0,1,0,1,0,0,0,0,0,0,1,0,0,100,-1,0,0,0,1,3,1,1,0,0,0,0,0,1,0.0060000001,0.0060000001,0,1,0,0,0,0,0,0,0,1,0,0,0,-1,0,0,1,0,0,0,1,0,0,0,0,0,0,1,0,0,0,0,0,0,0,0,0,0,0,0,0,0,0,0,0,0,0,0,0,0,0,0,0,0,0,0,0,0,0,2020/01/08 00:00:00,2020/01/08 00:00:00,2,1,Other,0.5,ha,200,l,400,ha,0,1,0,0,0,0,Band
41.2205555560001,19.5047222220001,24640,2020/01/08 00:00:00,17:00,2020/01/08 00:00:00,17:00,No,Early,albanan,20,Exact,SA,429735,RAMSES38_SAU20-02.XL, ,1,0,1,2,1,0,0,0,0,0,0,0,0,0,0,0,0,0,0,0,0,0,0,0,0,0,0,0,0,0,0,0,0,0,0,0,0,0,0,0,1,0,0,-1,0,0,1,1,1,3,0,0,3,0,0,0,1,0.00089999998,0.00089999998,1,0,0,0,0,0,0,0,0,0,0,0,0,0,0,0,0,0,0,0,0,0,0,0,0,0,0,0,0,0,0,0,0,0,0,0,0,0,0,0,0,0,0,0,0,0,0,0,0,0,0,0,0,0,0,0,0,0,0,2020/01/08 00:00:00,2020/01/08 00:00:00,2,1,Fenitrothion,1,ha,9,l,9,ha,0,1,0,0,0,90,Band
41.2205555560001,19.505,24641,2020/01/08 00:00:00,17:17,2020/01/08 00:00:00,17:17,No,Early,albanan,10,Exact,SA,429737,RAMSES38_SAU20-02.XL, ,1,0,1,2,1,0,0,0,0,0,0,0,0,0,0,0,0,0,0,0,0,0,0,0,0,0,0,0,0,0,0,0,0,0,0,0,0,0,0,0,1,0,0,-1,0,0,1,1,1,3,0,0,3,0,0,1,0,0.001,0.001,1,0,0,0,0,0,0,0,0,0,0,0,0,0,0,0,0,0,0,0,0,0,0,0,0,0,0,0,0,0,0,0,0,0,0,0,0,0,0,0,0,0,0,0,0,0,0,0,0,0,0,0,0,0,0,0,0,0,0,2020/01/08 00:00:00,2020/01/08 00:00:00,2,1,Fenitrothion,1,ha,10,l,10,ha,0,1,0,0,0,90,Band
41.219444444,19.5125,24642,2020/01/08 00:00:00,17:32,2020/01/08 00:00:00,17:32,No,Early,albanan,10,Exact,SA,429739,RAMSES38_SAU20-02.XL, ,1,0,1,2,1,0,0,0,0,0,0,0,0,0,0,0,0,0,0,0,0,0,0,0,0,0,0,0,0,0,0,0,0,0,0,0,0,0,0,1,0,0,0,-1,0,0,1,3,1,0,0,0,0,0,0,0,1,0.00079999998,0.00079999998,1,0,0,0,0,0,0,0,0,0,0,0,0,0,0,0,0,0,0,0,0,0,0,0,0,0,0,0,0,0,0,0,0,0,0,0,0,0,0,0,0,0,0,0,0,0,0,0,0,0,0,0,0,0,0,0,0,0,0,2020/01/08 00:00:00,2020/01/08 00:00:00,2,1,Fenitrothion,1,ha,8,l,8,ha,0,1,0,0,0,90,Band
41.218055556,19.5047222220001,24643,2020/01/08 00:00:00,17:43,2020/01/08 00:00:00,17:43,No,Early,albanan,10,Exact,SA,429741,RAMSES38_SAU20-02.XL, ,1,0,1,2,1,0,0,0,0,0,0,0,0,0,0,0,0,0,0,0,0,0,0,0,0,0,0,0,0,0,0,0,0,0,0,0,0,0,0,0,1,0,0,-1,0,0,1,3,0,0,0,0,0,0,0,0,1,0.001,0.001,1,0,0,0,0,0,0,0,0,0,0,0,0,0,0,0,0,0,0,0,0,0,0,0,0,0,0,0,0,0,0,0,0,0,0,0,0,0,0,0,0,0,0,0,0,0,0,0,0,0,0,0,0,0,0,0,0,0,0,2020/01/08 00:00:00,2020/01/08 00:00:00,2,1,Fenitrothion,1,ha,10,l,10,ha,0,1,0,0,0,90,Band
41.9994444440001,17.828888889,24644,2020/01/08 00:00:00,18:02,2020/01/08 00:00:00,18:02,No,Early,almaslwm,500,Exact,SA,429743,RAMSES38_SAU20-02.XL, ,1,0,1,2,1,0,0,0,0,0,0,0,0,0,0,0,0,0,0,0,0,0,0,0,0,0,0,0,0,0,0,0,0,0,0,0,0,0,0,1,0,0,2,-1,0,0,0,3,1,0,0,0,0,0,0,0,1,0.0049999999,0.0049999999,0,1,0,0,0,0,0,0,0,0,0,0,0,0,0,0,0,0,0,0,0,0,0,0,0,0,0,0,0,0,0,0,0,0,0,0,0,0,0,0,0,0,0,0,0,0,0,0,0,0,0,0,0,0,0,0,0,0,0,2020/01/08 00:00:00,2020/01/08 00:00:00,2,1,Fenitrothion,1,ha,2,l,2,ha,0,1,0,0,0,90,Band
41.3561111110001,19.020555556,24645,2020/01/12 00:00:00,09:16,2020/01/12 00:00:00,09:16,No,Middle,Arigah,300,Exact,SA,429746,RAMSES38_SAU20-02.XL, ,1,0,1,2,1,0,0,0,0,0,0,0,0,0,0,0,0,0,0,0,0,0,0,0,0,0,0,0,0,0,0,0,0,0,0,0,0,0,0,1,0,0,0,-1,0,0,0,0,1,3,0,0,3,0,0,1,0,0.029999999,0.029999999,0,1,0,0,0,0,0,0,0,0,0,0,0,0,0,0,0,0,0,0,0,0,0,0,0,0,0,0,0,0,0,0,0,0,0,0,0,0,0,0,0,0,0,0,0,0,0,0,0,0,0,0,0,0,0,0,0,0,0,2020/01/12 00:00:00,2020/01/12 00:00:00,2,2,Fenitrothion,1,ha,60,l,60,ha,0,1,0,0,0,90,Band
41.081111111,19.138055556,24646,2020/01/12 00:00:00,09:19,2020/01/12 00:00:00,09:19,No,Middle,alshaghaz,10,Exact,SA,429747,RAMSES38_SAU20-02.XL, ,1,0,1,2,1,0,0,0,0,0,0,0,0,0,0,0,0,0,0,0,0,0,0,0,0,0,0,0,0,0,0,0,0,0,0,0,0,0,0,1,0,0,0,-1,0,0,0,0,3,1,0,0,0,0,0,1,0,0.00050000002,0.00050000002,1,0,0,0,0,0,0,0,0,0,0,0,0,0,0,0,0,0,0,0,0,0,0,0,0,0,0,0,0,0,0,0,0,0,0,0,0,0,0,0,0,0,0,0,0,0,0,0,0,0,0,0,0,0,0,0,0,0,0,2020/01/12 00:00:00,2020/01/12 00:00:00,2,2,Fenitrothion,1,ha,5,l,5,ha,0,1,0,0,0,90,Band
40.9994444440001,19.471388889,24647,2020/01/09 00:00:00,08:51,2020/01/09 00:00:00,08:51,No,Early,aboawedin,10,Exact,SA,429753,RAMSES38_SAU20-02.XL, ,1,0,1,2,1,0,0,0,0,0,0,0,0,0,0,0,0,0,0,0,0,0,0,0,0,0,0,0,0,0,0,0,0,0,0,0,0,0,0,1,0,0,0,-1,0,0,1,3,0,0,0,0,0,0,0,0,1,0.00030000001,0.00030000001,1,0,0,0,0,0,0,0,0,0,0,0,0,0,0,0,0,0,0,0,0,0,0,0,0,0,0,0,0,0,0,0,0,0,0,0,0,0,0,0,0,0,0,0,0,0,0,0,0,0,0,0,0,0,0,0,0,0,0,2020/01/09 00:00:00,2020/01/09 00:00:00,2,1,Fenitrothion,1,ha,3,l,3,ha,0,1,0,0,0,90,Band
41.014444444,19.4822222220001,24648,2020/01/09 00:00:00,09:05,2020/01/09 00:00:00,09:05,No,Early,aljaho,5,Exact,SA,429761,RAMSES38_SAU20-02.XL, ,1,0,1,2,1,0,0,0,0,0,0,0,0,0,0,0,0,0,0,0,0,0,0,0,0,0,0,0,0,0,0,0,0,0,0,0,0,0,0,1,0,0,0,-1,0,0,1,3,0,0,0,0,0,0,0,0,1,0.00019999999,0.00019999999,1,0,0,0,0,0,0,0,0,0,0,0,0,0,0,0,0,0,0,0,0,0,0,0,0,0,0,0,0,0,0,0,0,0,0,0,0,0,0,0,0,0,0,0,0,0,0,0,0,0,0,0,0,0,0,0,0,0,0,2020/01/09 00:00:00,2020/01/09 00:00:00,2,1,Fenitrothion,2,ha,2,l,2,ha,0,1,0,0,0,90,Band
41.469166667,18.714444444,24649,2020/01/06 00:00:00,09:30,2020/01/06 00:00:00,09:30,No,Early,alahaemra,100,Exact,SA,429768,RAMSES38_SAU20-02.XL, ,1,0,1,2,1,0,0,0,0,0,0,0,0,0,0,0,0,0,0,0,0,0,0,0,0,0,0,0,0,0,0,0,0,0,0,0,0,0,0,0,1,0,0,-1,0,0,0,0,1,1,3,0,0,0,0,1,0,0.015,0.015,0,1,0,0,0,0,0,0,0,0,0,0,0,0,0,0,0,0,0,0,0,0,0,0,0,0,0,0,0,0,0,0,0,0,0,0,0,0,0,0,0,0,0,0,0,0,0,0,0,0,0,0,0,0,0,0,0,0,0,2020/01/06 00:00:00,2020/01/06 00:00:00,2,1,Fenitrothion,1,ha,60,l,60,ha,0,1,0,0,0,100,Band
36.9294444440001,21.5511111110001,24650,2020/01/11 00:00:00,15:03,2020/01/11 00:00:00,15:03,No,Middle,Hibikwan,500,Exact,SU,430324,RAMSES38_SUD20-03.XL, ,1,0,1,2,1,0,0,0,0,0,1,0,0,0,-1,0,0,0,0,0,0,0,0,0,0,0,0,0,1,0,0,0,1,0,0,0,0,0,0,1,0,0,100,-1,0,0,0,1,3,1,0,0,0,0,0,1,0,0.003,0.003,0,1,0,0,0,0,0,0,0,0,0,0,0,0,0,0,0,0,0,0,0,0,0,0,0,0,0,0,0,0,0,0,0,0,0,0,0,0,0,0,0,0,0,0,0,0,0,0,0,0,0,0,0,0,0,0,0,0,0,2020/01/11 00:00:00,2020/01/11 00:00:00,2,2,Other,0.5,ha,185,l,370,ha,0,1,0,0,0,95,Band
36.8602777780001,21.7377777780001,24651,2020/01/09 00:00:00,14:31,2020/01/09 00:00:00,14:31,No,Early,Nakorai,500,Exact,SU,430326,RAMSES38_SUD20-03.XL,Gregarious appearing,1,0,1,2,1,0,0,0,0,0,0,0,0,0,0,0,0,0,0,0,0,0,0,0,0,0,0,0,0,0,0,0,0,0,0,0,0,0,0,1,0,0,100,-1,0,0,0,1,3,1,0,0,0,0,0,0,1,0.0060000001,0.0060000001,0,1,0,0,0,0,0,0,0,1,0,0,0,-1,0,0,1,0,0,0,0,1,0,0,0,1,0,1,0,0,0,0,0,0,0,0,0,0,0,0,0,0,0,0,0,0,0,0,0,0,0,0,0,0,0,0,0,0,0,2020/01/09 00:00:00,2020/01/09 00:00:00,2,1,Other,0.5,ha,185,l,370,ha,0,1,0,0,0,95,Band
36.8375,21.573611111,24652,2020/01/12 00:00:00,15:14,2020/01/12 00:00:00,15:14,No,Middle,Hibikwan,300,Exact,SU,430339,RAMSES38_SUD20-04.XL, ,1,0,1,2,1,0,0,0,0,0,0,1,0,0,-1,0,0,0,0,0,0,0,0,0,0,0,0,0,1,0,0,0,1,0,0,0,0,0,0,1,0,0,100,-1,0,0,0,0,3,3,1,0,3,0,0,1,0,0.0049999999,0.0049999999,0,1,0,0,0,0,0,0,0,0,0,0,0,0,0,0,0,0,0,0,0,0,0,0,0,0,0,0,0,0,0,0,0,0,0,0,0,0,0,0,0,0,0,0,0,0,0,0,0,0,0,0,0,0,0,0,0,0,0,2020/01/12 00:00:00,2020/01/12 00:00:00,2,2,Other,0.5,ha,130,l,260,ha,0,1,0,0,0,0,Band
41.4972222220001,18.841111111,24653,2020/01/20 00:00:00,09:02,2020/01/20 00:00:00,09:02,No,Middle,Khabt Shea,600,Exact,SA,431796,RAMSES38_SAU20-04.XL, ,1,0,1,2,1,0,0,0,0,0,0,0,0,0,0,0,0,0,0,0,0,0,0,0,0,0,0,0,0,0,0,0,0,0,0,0,0,0,0,1,0,0,0,-1,0,0,0,0,0,1,3,0,1,0,0,1,0,0.029999999,0.029999999,0,1,0,0,0,0,0,0,0,0,0,0,0,0,0,0,0,0,0,0,0,0,0,0,0,0,0,0,0,0,0,0,0,0,0,0,0,0,0,0,0,0,0,0,0,0,0,0,0,0,0,0,0,0,0,0,0,0,0,1899/12/30 00:00:00,1899/12/30 00:00:00,0,0, ,0, ,0, ,0, ,0,0,0,0,0,0,Band
41.513333333,18.894444444,24654,2020/01/22 00:00:00,11:00,2020/01/22 00:00:00,11:00,No,Late,Rohobah,700,Exact,SA,431821,RAMSES38_SAU20-04.XL, ,1,0,1,2,1,0,0,0,0,0,0,0,0,0,0,0,0,0,0,0,0,0,0,0,0,0,0,0,0,0,0,0,0,0,0,0,0,0,0,1,0,0,0,-1,0,0,0,0,0,3,1,0,1,0,0,1,0,0.029999999,0.029999999,0,1,0,0,0,0,0,0,0,0,0,0,0,0,0,0,0,0,0,0,0,0,0,0,0,0,0,0,0,0,0,0,0,0,0,0,0,0,0,0,0,0,0,0,0,0,0,0,0,0,0,0,0,0,0,0,0,0,0,1899/12/30 00:00:00,1899/12/30 00:00:00,0,0, ,0, ,0, ,0, ,0,0,0,0,0,0,Band
41.1719444440001,19.4330555560001,24655,2020/01/08 00:00:00,07:52,2020/01/08 00:00:00,07:52,No,Early,omalkhashab,10,Exact,SA,429772,RAMSES38_SAU20-02.XL, ,1,0,1,2,1,0,0,0,0,0,0,0,0,0,0,0,0,0,0,0,0,0,0,0,0,0,0,0,0,0,0,0,0,0,0,0,0,0,0,1,0,0,0,-1,0,0,0,0,3,1,0,0,0,0,0,1,0,0.00019999999,0.00019999999,1,0,0,0,0,0,0,0,0,0,0,0,0,0,0,0,0,0,0,0,0,0,0,0,0,0,0,0,0,0,0,0,0,0,0,0,0,0,0,0,0,0,0,0,0,0,0,0,0,0,0,0,0,0,0,0,0,0,0,2020/01/08 00:00:00,2020/01/08 00:00:00,2,1,Fenitrothion,1,ha,2,l,2,ha,0,1,0,0,0,95,Band
41.1719444440001,19.4330555560001,24656,2020/01/08 00:00:00,08:06,2020/01/08 00:00:00,08:06,No,Early,omalkhashab,10,Exact,SA,429777,RAMSES38_SAU20-02.XL, ,1,0,1,2,1,0,0,0,0,0,0,0,0,0,0,0,0,0,0,0,0,0,0,0,0,0,0,0,0,0,0,0,0,0,0,0,0,0,0,1,0,0,0,-1,0,0,0,0,3,1,0,0,0,0,0,1,0,0.00030000001,0.00030000001,1,0,0,0,0,0,0,0,0,0,0,0,0,0,0,0,0,0,0,0,0,0,0,0,0,0,0,0,0,0,0,0,0,0,0,0,0,0,0,0,0,0,0,0,0,0,0,0,0,0,0,0,0,0,0,0,0,0,0,2020/01/08 00:00:00,2020/01/08 00:00:00,2,1,Fenitrothion,1,ha,2,l,2,ha,0,1,0,0,0,85,Band
41.1719444440001,19.4330555560001,24657,2020/01/08 00:00:00,08:17,2020/01/08 00:00:00,08:17,No,Early,omalkhashab,10,Exact,SA,429778,RAMSES38_SAU20-02.XL, ,1,0,1,2,1,0,0,0,0,0,0,0,0,0,0,0,0,0,0,0,0,0,0,0,0,0,0,0,0,0,0,0,0,0,0,0,0,0,0,1,0,0,0,-1,0,0,0,0,3,1,0,0,0,0,0,1,0,0.00030000001,0.00030000001,1,0,0,0,0,0,0,0,0,0,0,0,0,0,0,0,0,0,0,0,0,0,0,0,0,0,0,0,0,0,0,0,0,0,0,0,0,0,0,0,0,0,0,0,0,0,0,0,0,0,0,0,0,0,0,0,0,0,0,2020/01/08 00:00:00,2020/01/08 00:00:00,2,1,Fenitrothion,1,ha,3,l,3,ha,0,1,0,0,0,85,Band
41.4944444440001,18.7977777780001,24658,2020/01/07 00:00:00,09:59,2020/01/07 00:00:00,09:59,No,Early,khabt alsalalmah,300,Exact,SA,429779,RAMSES38_SAU20-02.XL, ,1,0,1,2,1,0,0,0,0,0,0,0,0,0,0,0,0,0,0,0,0,0,0,0,0,0,0,0,0,0,0,0,0,0,0,0,0,0,0,1,0,0,0,-1,0,0,0,0,1,1,3,0,0,0,0,1,0,0.029999999,0.029999999,0,1,0,0,0,0,0,0,0,0,0,0,0,0,0,0,0,0,0,0,0,0,0,0,0,0,0,0,0,0,0,0,0,0,0,0,0,0,0,0,0,0,0,0,0,0,0,0,0,0,0,0,0,0,0,0,0,0,0,2020/01/07 00:00:00,2020/01/07 00:00:00,2,1,Deltamethrin,1,ha,200,l,200,ha,0,1,0,0,0,85,Band
41.2497222220001,19.520555556,24659,2020/01/12 00:00:00,16:01,2020/01/12 00:00:00,16:01,No,Middle,wadi alahsabah,10,Exact,SA,429788,RAMSES38_SAU20-02.XL, ,1,0,1,2,1,0,0,0,0,0,0,0,0,0,0,0,0,0,0,0,0,0,0,0,0,0,0,0,0,0,0,0,0,0,0,0,0,0,0,1,0,0,0,-1,0,0,0,0,1,3,0,0,3,0,0,1,0,0.00050000002,0.00050000002,1,0,0,0,0,0,0,0,0,0,0,0,0,0,0,0,0,0,0,0,0,0,0,0,0,0,0,0,0,0,0,0,0,0,0,0,0,0,0,0,0,0,0,0,0,0,0,0,0,0,0,0,0,0,0,0,0,0,0,2020/01/12 00:00:00,2020/01/12 00:00:00,2,2,Fenitrothion,1,ha,5,l,5,ha,0,1,0,0,0,90,Band
41.2455555560001,19.524444444,24660,2020/01/12 00:00:00,16:33,2020/01/12 00:00:00,16:33,No,Middle,albanan,10,Exact,SA,429789,RAMSES38_SAU20-02.XL, ,1,0,1,2,1,0,0,0,0,0,0,0,0,0,0,0,0,0,0,0,0,0,0,0,0,0,0,0,0,0,0,0,0,0,0,0,0,0,0,1,0,0,0,-1,0,0,1,3,0,0,0,0,0,0,0,0,1,0.00089999998,0.00089999998,1,0,0,0,0,0,0,0,0,0,0,0,0,0,0,0,0,0,0,0,0,0,0,0,0,0,0,0,0,0,0,0,0,0,0,0,0,0,0,0,0,0,0,0,0,0,0,0,0,0,0,0,0,0,0,0,0,0,0,2020/01/12 00:00:00,2020/01/12 00:00:00,2,2,Fenitrothion,1,ha,9,l,9,ha,0,1,0,0,0,90,Band
41.215277778,19.505,24661,2020/01/12 00:00:00,16:44,2020/01/12 00:00:00,16:44,No,Middle,albanann,8,Exact,SA,429790,RAMSES38_SAU20-02.XL, ,1,0,1,2,1,0,0,0,0,0,0,0,0,0,0,0,0,0,0,0,0,0,0,0,0,0,0,0,0,0,0,0,0,0,0,0,0,0,0,1,0,0,0,-1,0,0,1,3,0,0,0,0,0,0,0,0,1,0.00039999999,0.00039999999,1,0,0,0,0,0,0,0,0,0,0,0,0,0,0,0,0,0,0,0,0,0,0,0,0,0,0,0,0,0,0,0,0,0,0,0,0,0,0,0,0,0,0,0,0,0,0,0,0,0,0,0,0,0,0,0,0,0,0,2020/01/12 00:00:00,2020/01/12 00:00:00,2,2,Fenitrothion,1,ha,4,l,4,ha,0,1,0,0,0,90,Band
41.211944444,19.514444444,24662,2020/01/12 00:00:00,16:49,2020/01/12 00:00:00,16:49,No,Middle,albanan,10,Exact,SA,429791,RAMSES38_SAU20-02.XL, ,1,0,1,2,1,0,0,0,0,0,0,0,0,0,0,0,0,0,0,0,0,0,0,0,0,0,0,0,0,0,0,0,0,0,0,0,0,0,0,1,0,0,0,-1,0,0,1,3,0,0,0,0,0,0,0,0,1,0.00050000002,0.00050000002,1,0,0,0,0,0,0,0,0,0,0,0,0,0,0,0,0,0,0,0,0,0,0,0,0,0,0,0,0,0,0,0,0,0,0,0,0,0,0,0,0,0,0,0,0,0,0,0,0,0,0,0,0,0,0,0,0,0,0,2020/01/12 00:00:00,2020/01/12 00:00:00,2,2,Fenitrothion,1,ha,5,l,5,ha,0,1,0,0,0,90,Band
41.2125,19.514166667,24663,2020/01/12 00:00:00,17:01,2020/01/12 00:00:00,17:01,No,Middle,albanan,10,Exact,SA,429792,RAMSES38_SAU20-02.XL, ,1,0,1,2,1,0,0,0,0,0,0,0,0,0,0,0,0,0,0,0,0,0,0,0,0,0,0,0,0,0,0,0,0,0,0,0,0,0,0,1,0,0,0,-1,0,0,1,3,0,0,0,0,0,0,0,0,1,0.00060000003,0.00060000003,1,0,0,0,0,0,0,0,0,0,0,0,0,0,0,0,0,0,0,0,0,0,0,0,0,0,0,0,0,0,0,0,0,0,0,0,0,0,0,0,0,0,0,0,0,0,0,0,0,0,0,0,0,0,0,0,0,0,0,2020/01/12 00:00:00,2020/01/12 00:00:00,2,2,Fenitrothion,1,ha,6,l,6,ha,0,1,0,0,0,90,Band
41.2125,19.514166667,24664,2020/01/12 00:00:00,17:21,2020/01/12 00:00:00,17:21,No,Middle,albanan,10,Exact,SA,429793,RAMSES38_SAU20-02.XL, ,1,0,1,2,1,0,0,0,0,0,0,0,0,0,0,0,0,0,0,0,0,0,0,0,0,0,0,0,0,0,0,0,0,0,0,0,0,0,0,1,0,0,0,-1,0,0,0,0,3,1,0,0,0,0,0,1,0,0.00050000002,0.00050000002,1,0,0,0,0,0,0,0,0,0,0,0,0,0,0,0,0,0,0,0,0,0,0,0,0,0,0,0,0,0,0,0,0,0,0,0,0,0,0,0,0,0,0,0,0,0,0,0,0,0,0,0,0,0,0,0,0,0,0,2020/01/12 00:00:00,2020/01/12 00:00:00,2,2,Fenitrothion,1,ha,5,l,5,ha,0,1,0,0,0,90,Band
41.8041666670001,17.9933333330001,24665,2020/01/12 00:00:00,17:23,2020/01/12 00:00:00,17:23,No,Middle,alzwura,600,Exact,SA,429794,RAMSES38_SAU20-02.XL, ,1,0,1,2,1,0,0,0,0,0,0,0,0,0,0,0,0,0,0,0,0,0,0,0,0,0,0,0,0,0,0,0,0,0,0,0,0,0,0,1,0,0,14,-1,0,0,1,3,1,0,0,0,0,0,0,1,0,0.0099999998,0.0099999998,0,1,0,0,0,0,0,0,0,0,0,0,0,0,0,0,0,0,0,0,0,0,0,0,0,0,0,0,0,0,0,0,0,0,0,0,0,0,0,0,0,0,0,0,0,0,0,0,0,0,0,0,0,0,0,0,0,0,0,2020/01/12 00:00:00,2020/01/12 00:00:00,2,2,Fenitrothion,1,ha,40,l,40,ha,0,1,0,0,0,90,Band
40.4186111110001,20.6163888890001,24666,2020/01/05 00:00:00,10:16,2020/01/05 00:00:00,10:16,No,Early,Gatham,200,Exact,SA,429796,RAMSES38_SAU20-02.XL, ,1,0,1,2,1,0,0,0,0,0,0,0,0,0,0,0,0,0,0,0,0,0,0,0,0,0,0,0,0,0,0,0,0,0,0,0,0,0,0,1,0,0,0,-1,0,0,0,0,1,3,0,0,3,0,0,1,0,15,15,0,0,0,1,0,0,0,0,0,0,0,0,0,0,0,0,0,0,0,0,0,0,0,0,0,0,0,0,0,0,0,0,0,0,0,0,0,0,0,0,0,0,0,0,0,0,0,0,0,0,0,0,0,0,0,0,0,0,0,2020/01/05 00:00:00,2020/01/05 00:00:00,2,1,Fenitrothion,1,ha,100,l,100,ha,0,1,0,0,0,90,Band
41.1705555560001,19.4355555560001,24667,2020/01/08 00:00:00,08:28,2020/01/08 00:00:00,08:28,No,Early,omalkhashab,20,Exact,SA,429810,RAMSES38_SAU20-02.XL, ,1,0,1,2,1,0,0,0,0,0,0,0,0,0,0,0,0,0,0,0,0,0,0,0,0,0,0,0,0,0,0,0,0,0,0,0,0,0,0,1,0,0,0,-1,0,0,0,1,3,1,0,0,0,0,0,1,0,0.00039999999,0.00039999999,1,0,0,0,0,0,0,0,0,0,0,0,0,0,0,0,0,0,0,0,0,0,0,0,0,0,0,0,0,0,0,0,0,0,0,0,0,0,0,0,0,0,0,0,0,0,0,0,0,0,0,0,0,0,0,0,0,0,0,2020/01/08 00:00:00,2020/01/08 00:00:00,2,1,Fenitrothion,1,ha,4,l,4,ha,0,1,0,0,0,80,Band
36.823888889,21.5991666670001,24668,2020/01/14 00:00:00,14:34,2020/01/14 00:00:00,14:34,No,Middle,Hibikwan,500,Exact,SU,430354,RAMSES38_SUD20-04.XL, ,1,0,1,2,1,0,0,0,0,0,0,1,0,0,-1,0,0,0,0,0,0,0,0,0,0,0,0,0,1,0,0,0,1,0,0,0,0,0,0,1,0,0,80,-1,0,0,0,0,1,3,3,0,3,0,0,1,0,0.0049999999,0.0049999999,0,1,0,0,0,0,0,0,0,0,0,0,0,0,0,0,0,0,0,0,0,0,0,0,0,0,0,0,0,0,0,0,0,0,0,0,0,0,0,0,0,0,0,0,0,0,0,0,0,0,0,0,0,0,0,0,0,0,0,2020/01/14 00:00:00,2020/01/14 00:00:00,2,2,Other,0.5,ha,125,l,250,ha,0,1,0,0,0,0,Band
41.54,18.8588888890001,24669,2020/01/22 00:00:00,11:45,2020/01/22 00:00:00,11:45,No,Late,AlAni,800,Exact,SA,431836,RAMSES38_SAU20-04.XL, ,1,0,1,2,1,0,0,0,0,0,0,0,0,0,0,0,0,0,0,0,0,0,0,0,0,0,0,0,0,0,0,0,0,0,0,0,0,0,0,1,0,0,0,-1,0,0,0,0,0,1,1,0,3,0,0,1,0,0.0049999999,0.0049999999,0,1,0,0,0,0,0,0,0,0,0,0,0,0,0,0,0,0,0,0,0,0,0,0,0,0,0,0,0,0,0,0,0,0,0,0,0,0,0,0,0,0,0,0,0,0,0,0,0,0,0,0,0,0,0,0,0,0,0,1899/12/30 00:00:00,1899/12/30 00:00:00,0,0, ,0, ,0, ,0, ,0,0,0,0,0,0,Band
41.6308333330001,18.081111111,24670,2020/01/22 00:00:00,17:48,2020/01/22 00:00:00,17:48,No,Late,dahban,400,Exact,SA,431841,RAMSES38_SAU20-04.XL, ,1,0,1,2,1,0,0,0,0,0,0,0,0,0,0,0,0,0,0,0,0,0,0,0,0,0,0,0,0,0,0,0,0,0,0,0,0,0,1,0,0,0,2,-1,0,0,0,0,0,0,1,0,0,0,0,1,0,0.003,0.003,0,1,0,0,0,0,0,0,0,0,0,0,0,0,0,0,0,0,0,0,0,0,0,0,0,0,0,0,0,0,0,0,0,0,0,0,0,0,0,0,0,0,0,0,0,0,0,0,0,0,0,0,0,0,0,0,0,0,0,2020/01/22 00:00:00,2020/01/22 00:00:00,2,3,Fenitrothion,1,ha,3,l,3,ha,0,1,0,0,0,85,Band
41.536944444,18.7952777780001,24671,2020/01/22 00:00:00,17:57,2020/01/22 00:00:00,17:57,No,Late,AlSabtah,600,Exact,SA,431853,RAMSES38_SAU20-04.XL, ,1,0,1,2,1,0,0,0,0,0,0,0,0,0,0,0,0,0,0,0,0,0,0,0,0,0,0,0,0,0,0,0,0,0,0,0,0,0,1,0,0,0,0,-1,0,0,0,0,0,1,1,0,3,0,0,1,0,0.001,0.001,1,0,0,0,0,0,0,0,0,0,0,0,0,0,0,0,0,0,0,0,0,0,0,0,0,0,0,0,0,0,0,0,0,0,0,0,0,0,0,0,0,0,0,0,0,0,0,0,0,0,0,0,0,0,0,0,0,0,0,1899/12/30 00:00:00,1899/12/30 00:00:00,0,0, ,0, ,0, ,0, ,0,0,0,0,0,0,Band
41.965833333,17.837222222,24672,2020/01/06 00:00:00,10:27,2020/01/06 00:00:00,10:27,No,Early,albadwah,400,Exact,SA,429826,RAMSES38_SAU20-02.XL, ,1,0,1,2,1,0,0,0,0,0,0,0,0,0,0,0,0,0,0,0,0,0,0,0,0,0,0,0,0,0,0,0,0,0,0,0,0,0,0,1,0,0,4,-1,0,0,1,0,0,0,0,0,0,0,0,0,1,0.0049999999,0.0049999999,0,1,0,0,0,0,0,0,0,0,0,0,0,0,0,0,0,0,0,0,0,0,0,0,0,0,0,0,0,0,0,0,0,0,0,0,0,0,0,0,0,0,0,0,0,0,0,0,0,0,0,0,0,0,0,0,0,0,0,2020/01/06 00:00:00,2020/01/06 00:00:00,2,1,Fenitrothion,1,ha,10,l,10,ha,1,0,0,0,0,90,Band
41.1725,19.4330555560001,24673,2020/01/08 00:00:00,08:49,2020/01/08 00:00:00,08:49,No,Early,omalkhashab,20,Exact,SA,429834,RAMSES38_SAU20-02.XL, ,1,0,1,2,1,0,0,0,0,0,0,0,0,0,0,0,0,0,0,0,0,0,0,0,0,0,0,0,0,0,0,0,0,0,0,0,0,0,0,1,0,0,0,-1,0,0,0,0,3,1,0,0,0,0,0,1,0,0.00030000001,0.00030000001,1,0,0,0,0,0,0,0,0,0,0,0,0,0,0,0,0,0,0,0,0,0,0,0,0,0,0,0,0,0,0,0,0,0,0,0,0,0,0,0,0,0,0,0,0,0,0,0,0,0,0,0,0,0,0,0,0,0,0,2020/01/08 00:00:00,2020/01/08 00:00:00,2,1,Fenitrothion,1,ha,3,l,3,ha,0,1,0,0,0,90,Band
41.4208333330001,18.7266666670001,24674,2020/01/07 00:00:00,18:11,2020/01/07 00:00:00,18:11,No,Early,alahenienh,500,Exact,SA,429849,RAMSES38_SAU20-02.XL, ,1,0,1,2,1,0,0,0,0,0,0,0,0,0,0,0,0,0,0,0,0,0,0,0,0,0,0,0,0,0,0,0,0,0,0,0,0,0,0,0,1,0,0,-1,0,0,0,0,1,1,3,0,0,0,0,1,0,0.050000001,0.050000001,0,1,0,0,0,0,0,0,0,0,0,0,0,0,0,0,0,0,0,0,0,0,0,0,0,0,0,0,0,0,0,0,0,0,0,0,0,0,0,0,0,0,0,0,0,0,0,0,0,0,0,0,0,0,0,0,0,0,0,2020/01/07 00:00:00,2020/01/07 00:00:00,2,1,Deltamethrin,1,ha,400,l,400,ha,0,1,0,0,0,80,Band
41.9958333330001,17.835555556,24675,2020/01/07 00:00:00,18:16,2020/01/07 00:00:00,18:16,No,Early,almaslwm,300,Exact,SA,429850,RAMSES38_SAU20-02.XL, ,1,0,1,2,1,0,0,0,0,0,0,0,0,0,0,0,0,0,0,0,0,0,0,0,0,0,0,0,0,0,0,0,0,0,0,0,0,0,0,1,0,0,1,-1,0,0,0,0,0,1,0,0,0,0,0,1,0,0.0049999999,0.0049999999,0,1,0,0,0,0,0,0,0,0,0,0,0,0,0,0,0,0,0,0,0,0,0,0,0,0,0,0,0,0,0,0,0,0,0,0,0,0,0,0,0,0,0,0,0,0,0,0,0,0,0,0,0,0,0,0,0,0,0,2020/01/07 00:00:00,2020/01/07 00:00:00,2,1,Fenitrothion,1,ha,5,l,5,ha,0,1,0,0,0,80,Band
41.3652777780001,18.8669444440001,24676,2020/01/21 00:00:00,08:29,2020/01/21 00:00:00,08:29,No,Late,AlMagawi,400,Exact,SA,431879,RAMSES38_SAU20-04.XL, ,1,0,1,2,1,0,0,0,0,0,0,0,0,0,0,0,0,0,0,0,0,0,0,0,0,0,0,0,0,0,0,0,0,0,0,0,0,0,0,1,0,0,0,-1,0,1,3,1,0,0,0,0,0,0,0,0,1,0.029999999,0.029999999,0,1,0,0,0,0,0,0,0,0,0,0,0,0,0,0,0,0,0,0,0,0,0,0,0,0,0,0,0,0,0,0,0,0,0,0,0,0,0,0,0,0,0,0,0,0,0,0,0,0,0,0,0,0,0,0,0,0,0,1899/12/30 00:00:00,1899/12/30 00:00:00,0,0, ,0, ,0, ,0, ,0,0,0,0,0,0,Band
41.6177777780001,18.08,24677,2020/01/21 00:00:00,09:51,2020/01/21 00:00:00,09:51,No,Late,dahban,500,Exact,SA,431894,RAMSES38_SAU20-04.XL, ,1,0,1,2,1,0,0,0,0,0,0,0,0,0,0,0,0,0,0,0,0,0,0,0,0,0,0,0,0,0,0,0,0,0,0,0,0,0,1,0,0,0,2,-1,0,0,0,0,1,1,3,0,0,0,0,1,0,0.003,0.003,0,1,0,0,0,0,0,0,0,0,0,0,0,0,0,0,0,0,0,0,0,0,0,0,0,0,0,0,0,0,0,0,0,0,0,0,0,0,0,0,0,0,0,0,0,0,0,0,0,0,0,0,0,0,0,0,0,0,0,2020/01/21 00:00:00,2020/01/21 00:00:00,2,3,Fenitrothion,1,ha,1,l,1,ha,0,1,0,0,0,90,Band
41.5636111110001,18.758055556,24678,2020/01/29 00:00:00,10:38,2020/01/29 00:00:00,10:38,No,Late,Khabt AlEinah,500,Exact,SA,432773,RAMSES38_SAU20-05.XL, ,1,0,1,2,1,0,0,0,0,0,0,0,0,0,0,0,0,0,0,0,0,0,0,0,0,0,0,0,0,0,0,0,0,0,0,0,0,0,0,1,0,0,0,-1,0,0,0,0,0,0,0,0,1,0,0,1,0,0.0020000001,0.0020000001,1,0,0,0,0,0,0,0,0,0,0,0,0,0,0,0,0,0,0,0,0,0,0,0,0,0,0,0,0,0,0,0,0,0,0,0,0,0,0,0,0,0,0,0,0,0,0,0,0,0,0,0,0,0,0,0,0,0,0,1899/12/30 00:00:00,1899/12/30 00:00:00,0,0, ,0, ,0, ,0, ,0,0,0,0,0,0,Band
41.4911111110001,18.8108333330001,24679,2020/01/23 00:00:00,10:21,2020/01/23 00:00:00,10:21,No,Late,Khabt Shia,300,Exact,SA,432795,RAMSES38_SAU20-05.XL, ,1,0,1,2,1,0,0,0,0,0,0,0,0,0,0,0,0,0,0,0,0,0,0,0,0,0,0,0,0,0,0,0,0,0,0,0,0,0,0,1,0,0,0,-1,0,0,0,0,0,3,1,0,3,0,0,1,0,0.0049999999,0.0049999999,0,1,0,0,0,0,0,0,0,0,0,0,0,0,0,0,0,0,0,0,0,0,0,0,0,0,0,0,0,0,0,0,0,0,0,0,0,0,0,0,0,0,0,0,0,0,0,0,0,0,0,0,0,0,0,0,0,0,0,2020/01/23 00:00:00,2020/01/23 00:00:00,2,3,Deltamethrin,1,ha,100,l,100,ha,0,1,0,0,0,90,Band
41.506388889,18.8138888890001,24680,2020/01/23 00:00:00,10:58,2020/01/23 00:00:00,10:58,No,Late,Khabt Shia,300,Exact,SA,432800,RAMSES38_SAU20-05.XL, ,1,0,1,2,1,0,0,0,0,0,0,0,0,0,0,0,0,0,0,0,0,0,0,0,0,0,0,0,0,0,0,0,0,0,0,0,0,0,0,1,0,0,0,-1,0,0,0,0,0,1,1,0,3,0,0,1,0,0.0099999998,0.0099999998,0,1,0,0,0,0,0,0,0,0,0,0,0,0,0,0,0,0,0,0,0,0,0,0,0,0,0,0,0,0,0,0,0,0,0,0,0,0,0,0,0,0,0,0,0,0,0,0,0,0,0,0,0,0,0,0,0,0,0,1899/12/30 00:00:00,1899/12/30 00:00:00,0,0, ,0, ,0, ,0, ,0,0,0,0,0,0,Band
41.4833333330001,18.7408333330001,24681,2020/01/11 00:00:00,10:50,2020/01/11 00:00:00,10:50,No,Middle,alaoiniah,500,Exact,SA,429874,RAMSES38_SAU20-02.XL, ,1,0,1,2,1,0,0,0,0,0,0,0,0,0,0,0,0,0,0,0,0,0,0,0,0,0,0,0,0,0,0,0,0,0,0,0,0,0,0,0,1,0,0,-1,0,0,0,0,1,1,3,0,0,0,0,1,0,0.035,0.035,0,1,0,0,0,0,0,0,0,0,0,0,0,0,0,0,0,0,0,0,0,0,0,0,0,0,0,0,0,0,0,0,0,0,0,0,0,0,0,0,0,0,0,0,0,0,0,0,0,0,0,0,0,0,0,0,0,0,0,2020/01/11 00:00:00,2020/01/11 00:00:00,2,2,Deltamethrin,1,ha,300,l,300,ha,0,1,0,0,0,95,Band
41.7933333330001,17.9958333330001,24682,2020/01/06 00:00:00,17:26,2020/01/06 00:00:00,17:26,No,Early,alzoora,400,Exact,SA,429886,RAMSES38_SAU20-02.XL,Gregarious appearing,1,0,1,1,1,0,0,0,0,0,0,0,0,0,0,0,0,0,0,0,0,0,0,0,0,0,0,0,0,0,0,0,0,0,0,0,0,0,0,1,0,0,3,-1,0,0,1,3,1,0,0,0,0,0,0,1,0,50,50,0,0,0,1,0,0,0,0,0,0,1,0,0,1,0,0,1,1,1,0,1,0,0,0,0,0,0,1,0,0,0,0,0,0,0,0,0,0,0,0,0,0,0,0,0,0,0,0,0,0,0,0,0,0,0,0,0,0,0,2020/01/06 00:00:00,2020/01/06 00:00:00,2,1,Fenitrothion,1,ha,10,l,10,ha,0,1,0,0,0,80,Band
41.474722222,18.8747222220001,24683,2020/01/12 00:00:00,07:24,2020/01/12 00:00:00,07:24,No,Middle,AlHarigah,300,Exact,SA,429896,RAMSES38_SAU20-02.XL, ,1,0,1,2,1,0,0,0,0,0,0,0,0,0,0,0,0,0,0,0,0,0,0,0,0,0,0,0,0,0,0,0,0,0,0,0,0,0,0,1,0,0,0,-1,0,0,0,0,0,1,3,0,0,0,0,1,0,0.029999999,0.029999999,0,1,0,0,0,0,0,0,0,0,0,0,0,0,0,0,0,0,0,0,0,0,0,0,0,0,0,0,0,0,0,0,0,0,0,0,0,0,0,0,0,0,0,0,0,0,0,0,0,0,0,0,0,0,0,0,0,0,0,2020/01/12 00:00:00,2020/01/12 00:00:00,2,2,Fenitrothion,1,ha,60,l,60,ha,0,1,0,0,0,90,Band
41.4794444440001,18.9358333330001,24684,2020/01/12 00:00:00,08:14,2020/01/12 00:00:00,08:14,No,Middle,AlThegah,500,Exact,SA,429902,RAMSES38_SAU20-02.XL, ,1,0,1,2,1,0,0,0,0,0,0,0,0,0,0,0,0,0,0,0,0,0,0,0,0,0,0,0,0,0,0,0,0,0,0,0,0,0,0,1,0,0,0,-1,0,0,0,0,0,1,3,0,0,0,0,1,0,0.029999999,0.029999999,0,1,0,0,0,0,0,0,0,0,0,0,0,0,0,0,0,0,0,0,0,0,0,0,0,0,0,0,0,0,0,0,0,0,0,0,0,0,0,0,0,0,0,0,0,0,0,0,0,0,0,0,0,0,0,0,0,0,0,2020/01/12 00:00:00,2020/01/12 00:00:00,2,2,Deltamethrin,1,ha,200,l,200,ha,0,1,0,0,0,90,Band
41.4322222220001,18.961388889,24685,2020/01/17 00:00:00,17:00,2020/01/17 00:00:00,17:00,No,Middle,AlGard,800,Exact,SA,431300,RAMSES38_SAU20-03.XL, ,1,0,1,2,1,0,0,0,0,0,0,0,0,0,0,0,0,0,0,0,0,0,0,0,0,0,0,0,0,0,0,0,0,0,0,0,0,0,0,1,0,0,0,-1,0,0,0,0,0,1,3,0,1,0,0,1,0,0.029999999,0.029999999,0,1,0,0,0,0,0,0,0,0,0,0,0,0,0,0,0,0,0,0,0,0,0,0,0,0,0,0,0,0,0,0,0,0,0,0,0,0,0,0,0,0,0,0,0,0,0,0,0,0,0,0,0,0,0,0,0,0,0,2020/01/17 00:00:00,2020/01/17 00:00:00,2,2,Deltamethrin,1,ha,500,l,500,ha,0,1,0,0,0,90,Band
41.1525,19.385,24686,2020/01/14 00:00:00,08:29,2020/01/14 00:00:00,08:29,No,Middle,sabia bloma,10,Exact,SA,431311,RAMSES38_SAU20-03.XL, ,1,0,1,2,1,0,0,0,0,0,0,0,0,0,0,0,0,0,0,0,0,0,0,0,0,0,0,0,0,0,0,0,0,0,0,0,0,0,0,0,1,0,0,-1,0,0,0,0,0,1,3,0,1,0,0,1,0,0.001,0.001,1,0,0,0,0,0,0,0,0,0,0,0,0,0,0,0,0,0,0,0,0,0,0,0,0,0,0,0,0,0,0,0,0,0,0,0,0,0,0,0,0,0,0,0,0,0,0,0,0,0,0,0,0,0,0,0,0,0,0,2020/01/14 00:00:00,2020/01/14 00:00:00,2,2,Fenitrothion,1,ha,10,l,10,ha,0,1,0,0,0,80,Band
41.153333333,19.3847222220001,24687,2020/01/14 00:00:00,08:37,2020/01/14 00:00:00,08:37,No,Middle,sabia bloma,10,Exact,SA,431313,RAMSES38_SAU20-03.XL, ,1,0,1,2,1,0,0,0,0,0,0,0,0,0,0,0,0,0,0,0,0,0,0,0,0,0,0,0,0,0,0,0,0,0,0,0,0,0,0,1,0,0,0,-1,0,0,0,0,0,1,3,0,1,0,0,1,0,0.0015,0.0015,1,0,0,0,0,0,0,0,0,0,0,0,0,0,0,0,0,0,0,0,0,0,0,0,0,0,0,0,0,0,0,0,0,0,0,0,0,0,0,0,0,0,0,0,0,0,0,0,0,0,0,0,0,0,0,0,0,0,0,2020/01/14 00:00:00,2020/01/14 00:00:00,2,2,Fenitrothion,1,ha,15,l,15,ha,0,1,0,0,0,80,Band
41.151944444,19.3811111110001,24688,2020/01/14 00:00:00,08:43,2020/01/14 00:00:00,08:43,No,Middle,sabia bloma,10,Exact,SA,431315,RAMSES38_SAU20-03.XL, ,1,0,1,2,1,0,0,0,0,0,0,0,0,0,0,0,0,0,0,0,0,0,0,0,0,0,0,0,0,0,0,0,0,0,0,0,0,0,0,1,0,0,0,-1,0,0,0,0,1,3,0,0,3,0,0,1,0,0.00079999998,0.00079999998,1,0,0,0,0,0,0,0,0,0,0,0,0,0,0,0,0,0,0,0,0,0,0,0,0,0,0,0,0,0,0,0,0,0,0,0,0,0,0,0,0,0,0,0,0,0,0,0,0,0,0,0,0,0,0,0,0,0,0,2020/01/14 00:00:00,2020/01/14 00:00:00,2,2,Fenitrothion,1,ha,8,l,8,ha,0,1,0,0,0,80,Band
40.706944444,20.1097222220001,24689,2020/01/15 00:00:00,10:24,2020/01/15 00:00:00,10:24,No,Middle,Alhsah,600,Exact,SA,431321,RAMSES38_SAU20-03.XL, ,1,0,1,2,1,0,0,0,0,0,0,0,0,0,0,0,0,0,0,0,0,0,0,0,0,0,0,0,0,0,0,0,0,0,0,0,0,0,0,1,0,0,50,-1,0,0,0,0,0,0,3,0,1,0,0,1,0,15,15,0,0,0,1,0,0,0,0,0,0,0,0,0,0,0,0,0,0,0,0,0,0,0,0,0,0,0,0,0,0,0,0,0,0,0,0,0,0,0,0,0,0,0,0,0,0,0,0,0,0,0,0,0,0,0,0,0,0,0,2020/01/15 00:00:00,2020/01/15 00:00:00,2,2,Fenitrothion,1,ha,200,l,200,ha,0,1,0,0,0,80,Band
41.4238888890001,18.9313888890001,24690,2020/01/15 00:00:00,10:46,2020/01/15 00:00:00,10:46,No,Middle,AlSer,300,Exact,SA,431327,RAMSES38_SAU20-03.XL, ,1,0,1,2,1,0,0,0,0,0,0,0,0,0,0,0,0,0,0,0,0,0,0,0,0,0,0,0,0,0,0,0,0,0,0,0,0,0,0,1,0,0,0,-1,0,0,0,0,1,3,1,0,3,0,0,1,0,0.029999999,0.029999999,0,1,0,0,0,0,0,0,0,0,0,0,0,0,0,0,0,0,0,0,0,0,0,0,0,0,0,0,0,0,0,0,0,0,0,0,0,0,0,0,0,0,0,0,0,0,0,0,0,0,0,0,0,0,0,0,0,0,0,2020/01/15 00:00:00,2020/01/15 00:00:00,2,2,Fenitrothion,1,ha,60,l,60,ha,0,1,0,0,0,85,Band
41.42,18.717777778,24691,2020/01/17 00:00:00,17:31,2020/01/17 00:00:00,17:31,No,Middle,alainh,300,Exact,SA,431328,RAMSES38_SAU20-03.XL, ,1,0,1,2,1,0,0,0,0,0,0,0,0,0,0,0,0,0,0,0,0,0,0,0,0,0,0,0,0,0,0,0,0,0,0,0,0,0,0,0,1,0,0,-1,0,0,0,0,1,1,3,0,1,0,0,1,0,0.025,0.025,0,1,0,0,0,0,0,0,0,0,0,0,0,0,0,0,0,0,0,0,0,0,0,0,0,0,0,0,0,0,0,0,0,0,0,0,0,0,0,0,0,0,0,0,0,0,0,0,0,0,0,0,0,0,0,0,0,0,0,2020/01/17 00:00:00,2020/01/17 00:00:00,2,2,Deltamethrin,1,ha,120,l,120,ha,0,1,0,0,0,90,Band
41.4752777780001,18.7286111110001,24692,2020/01/17 00:00:00,17:59,2020/01/17 00:00:00,17:59,No,Middle,alainh,100,Exact,SA,431330,RAMSES38_SAU20-03.XL, ,1,0,1,2,1,0,0,0,0,0,0,0,0,0,0,0,0,0,0,0,0,0,0,0,0,0,0,0,0,0,0,0,0,0,0,0,0,0,0,0,1,0,0,-1,0,0,0,0,0,1,1,0,3,0,0,1,0,0.02,0.02,0,1,0,0,0,0,0,0,0,0,0,0,0,0,0,0,0,0,0,0,0,0,0,0,0,0,0,0,0,0,0,0,0,0,0,0,0,0,0,0,0,0,0,0,0,0,0,0,0,0,0,0,0,0,0,0,0,0,0,2020/01/17 00:00:00,2020/01/17 00:00:00,2,2,Deltamethrin,1,ha,40,l,40,ha,0,1,0,0,0,90,Band
59.6133333330001,22.2522222220001,24693,2020/01/07 00:00:00,13:18,2020/01/07 00:00:00,13:18,No,Early,Abu Fshiqah,100,Exact,OM,432112,RAMSES38_OMN20-09.XL,Gregarious appearing,1,0,1,2,1,0,0,0,0,0,0,1,0,0,-1,0,0,0,0,0,0,0,0,0,0,0,0,0,1,0,0,0,1,0,0,0,0,0,0,1,0,0,4,-1,0,0,0,0,0,1,3,0,1,0,0,1,0,1,1,0,0,1,0,0,0,0,0,0,0,1,0,0,2,1,0,0,0,0,0,0,0,1,0,0,0,0,1,0,0,0,0,0,0,0,0,0,0,0,0,0,0,0,0,0,0,0,0,0,0,0,0,0,0,0,0,0,0,0,2020/01/07 00:00:00,2020/01/07 00:00:00,2,1,Deltamethrin,1,ha,22,l,22,ha,0,1,0,0,0,0,Band
41.2255555560001,19.142222222,24694,2020/01/27 00:00:00,12:19,2020/01/27 00:00:00,12:19,No,Late,alqunfedah,900,Exact,SA,432823,RAMSES38_SAU20-05.XL,Gregarious appearing,1,0,1,2,1,0,0,0,0,0,0,0,0,0,0,0,0,0,0,0,0,0,0,0,0,0,0,0,0,0,0,0,0,0,0,0,0,0,0,1,0,0,0,-1,0,0,0,0,0,3,1,0,3,0,0,1,0,100,100,0,0,0,0,1,0,0,0,0,0,1,0,0,2,1,0,0,0,0,0,0,0,1,0,0,0,0,1,0,0,0,0,0,0,0,0,0,0,0,0,0,0,0,0,0,0,0,0,0,0,0,0,0,0,0,0,0,0,0,2020/01/27 00:00:00,2020/01/27 00:00:00,2,3,Fenitrothion,1,ha,500,l,500,ha,0,0,1,0,0,85,Band
41.098333333,19.4819444440001,24695,2020/01/28 00:00:00,12:05,2020/01/28 00:00:00,12:05,No,Late,almzealf,700,Exact,SA,432824,RAMSES38_SAU20-05.XL,Gregarious appearing,1,0,1,2,1,0,0,0,0,0,0,0,0,0,0,0,0,0,0,0,0,0,0,0,0,0,0,0,0,0,0,0,0,0,0,0,0,0,0,1,0,0,0,-1,0,0,0,0,0,3,1,0,3,0,0,1,0,40,40,0,0,0,1,0,0,0,0,0,0,1,0,0,2,1,0,0,0,0,0,0,0,1,0,0,0,0,1,0,0,0,0,0,0,0,0,0,0,0,0,0,0,0,0,0,0,0,0,0,0,0,0,0,0,0,0,0,0,0,2020/01/28 00:00:00,2020/01/28 00:00:00,2,3,Fenitrothion,1,ha,500,l,500,ha,0,0,1,0,0,85,Band
41.445277778,18.9422222220001,24696,2020/01/28 00:00:00,12:14,2020/01/28 00:00:00,12:14,No,Late,alqoz,600,Exact,SA,432825,RAMSES38_SAU20-05.XL,Gregarious appearing,1,0,1,2,1,0,0,0,0,0,0,0,0,0,0,0,0,0,0,0,0,0,0,0,0,0,0,0,0,0,0,0,0,0,0,0,0,0,0,1,0,0,0,-1,0,0,0,0,0,3,1,0,3,0,0,1,0,50,50,0,0,0,1,0,0,0,0,0,0,1,0,0,2,1,0,0,0,0,0,0,0,1,0,0,0,0,1,0,0,0,0,0,0,0,0,0,0,0,0,0,0,0,0,0,0,0,0,0,0,0,0,0,0,0,0,0,0,0,2020/01/28 00:00:00,2020/01/28 00:00:00,2,3,Fenitrothion,1,ha,500,l,500,ha,0,0,1,0,0,85,Band
40.2275,20.3147222220001,24697,2020/01/08 00:00:00,11:03,2020/01/08 00:00:00,11:03,No,Early,Alkalah,100,Exact,SA,429917,RAMSES38_SAU20-02.XL, ,1,0,1,2,1,0,0,0,0,0,0,0,0,0,0,0,0,0,0,0,0,0,0,0,0,0,0,0,0,0,0,0,0,0,0,0,0,0,0,1,0,0,50,-1,0,0,0,0,3,1,0,0,0,0,0,1,0,1,1,0,0,1,0,0,0,0,0,0,0,0,0,0,0,0,0,0,0,0,0,0,0,0,0,0,0,0,0,0,0,0,0,0,0,0,0,0,0,0,0,0,0,0,0,0,0,0,0,0,0,0,0,0,0,0,0,0,0,0,2020/01/08 00:00:00,2020/01/08 00:00:00,2,1,Fenitrothion,1,ha,100,l,100,ha,0,1,0,0,0,85,Band
41.9994444440001,17.826111111,24698,2020/01/08 00:00:00,11:43,2020/01/08 00:00:00,11:43,No,Early,almaslwm,300,Exact,SA,429922,RAMSES38_SAU20-02.XL, ,1,0,1,2,1,0,0,0,0,0,0,0,0,0,0,0,0,0,0,0,0,0,0,0,0,0,0,0,0,0,0,0,0,0,0,0,0,0,0,1,0,0,3,-1,0,0,0,3,1,0,0,0,0,0,0,0,1,0.0049999999,0.0049999999,0,1,0,0,0,0,0,0,0,0,0,0,0,0,0,0,0,0,0,0,0,0,0,0,0,0,0,0,0,0,0,0,0,0,0,0,0,0,0,0,0,0,0,0,0,0,0,0,0,0,0,0,0,0,0,0,0,0,0,2020/01/08 00:00:00,2020/01/08 00:00:00,2,1,Fenitrothion,1,ha,5,l,5,ha,0,1,0,0,0,90,Band
41.4447222220001,18.9811111110001,24699,2020/01/12 00:00:00,08:28,2020/01/12 00:00:00,08:28,No,Middle,Algarad,300,Exact,SA,429924,RAMSES38_SAU20-02.XL, ,1,0,1,2,1,0,0,0,0,0,0,0,0,0,0,0,0,0,0,0,0,0,0,0,0,0,0,0,0,0,0,0,0,0,0,0,0,0,0,1,0,0,0,-1,0,0,0,0,0,1,3,0,0,0,0,1,0,0.029999999,0.029999999,0,1,0,0,0,0,0,0,0,0,0,0,0,0,0,0,0,0,0,0,0,0,0,0,0,0,0,0,0,0,0,0,0,0,0,0,0,0,0,0,0,0,0,0,0,0,0,0,0,0,0,0,0,0,0,0,0,0,0,2020/01/12 00:00:00,2020/01/12 00:00:00,2,2,Deltamethrin,1,ha,100,l,100,ha,0,1,0,0,0,95,Band
41.5497222220001,18.845,24700,2020/01/18 00:00:00,08:37,2020/01/18 00:00:00,08:37,No,Middle,AlAni,400,Exact,SA,431364,RAMSES38_SAU20-03.XL, ,1,0,1,2,1,0,0,0,0,0,0,0,0,0,0,0,0,0,0,0,0,0,0,0,0,0,0,0,0,0,0,0,0,0,0,0,0,0,0,1,0,0,0,-1,0,0,0,0,0,1,1,0,3,0,0,1,0,0.003,0.003,0,1,0,0,0,0,0,0,0,0,0,0,0,0,0,0,0,0,0,0,0,0,0,0,0,0,0,0,0,0,0,0,0,0,0,0,0,0,0,0,0,0,0,0,0,0,0,0,0,0,0,0,0,0,0,0,0,0,0,1899/12/30 00:00:00,1899/12/30 00:00:00,0,0, ,0, ,0, ,0, ,0,0,0,0,0,0,Band
41.518333333,18.821666667,24701,2020/01/18 00:00:00,09:06,2020/01/18 00:00:00,09:06,No,Middle,Khabt Shea,300,Exact,SA,431368,RAMSES38_SAU20-03.XL, ,1,0,1,2,1,0,0,0,0,0,0,0,0,0,0,0,0,0,0,0,0,0,0,0,0,0,0,0,0,0,0,0,0,0,0,0,0,0,1,0,0,0,0,-1,0,0,0,0,0,3,1,0,3,0,0,1,0,0.001,0.001,1,0,0,0,0,0,0,0,0,0,0,0,0,0,0,0,0,0,0,0,0,0,0,0,0,0,0,0,0,0,0,0,0,0,0,0,0,0,0,0,0,0,0,0,0,0,0,0,0,0,0,0,0,0,0,0,0,0,0,1899/12/30 00:00:00,1899/12/30 00:00:00,0,0, ,0, ,0, ,0, ,0,0,0,0,0,0,Band
41.516666667,18.805,24702,2020/01/18 00:00:00,09:16,2020/01/18 00:00:00,09:16,No,Middle,Khbt Shea,200,Exact,SA,431370,RAMSES38_SAU20-03.XL, ,1,0,1,2,1,0,0,0,0,0,0,0,0,0,0,0,0,0,0,0,0,0,0,0,0,0,0,0,0,0,0,0,0,0,0,0,0,0,0,1,0,0,0,-1,0,0,0,0,0,3,1,0,3,0,0,1,0,0.003,0.003,0,1,0,0,0,0,0,0,0,0,0,0,0,0,0,0,0,0,0,0,0,0,0,0,0,0,0,0,0,0,0,0,0,0,0,0,0,0,0,0,0,0,0,0,0,0,0,0,0,0,0,0,0,0,0,0,0,0,0,1899/12/30 00:00:00,1899/12/30 00:00:00,0,0, ,0, ,0, ,0, ,0,0,0,0,0,0,Band
41.506388889,18.789444444,24703,2020/01/18 00:00:00,09:33,2020/01/18 00:00:00,09:33,No,Middle,Khabt AlSabtah,300,Exact,SA,431372,RAMSES38_SAU20-03.XL, ,1,0,1,2,1,0,0,0,0,0,0,0,0,0,0,0,0,0,0,0,0,0,0,0,0,0,0,0,0,0,0,0,0,0,0,0,0,0,0,1,0,0,0,-1,0,0,0,0,1,1,3,0,1,0,0,1,0,0.029999999,0.029999999,0,1,0,0,0,0,0,0,0,0,0,0,0,0,0,0,0,0,0,0,0,0,0,0,0,0,0,0,0,0,0,0,0,0,0,0,0,0,0,0,0,0,0,0,0,0,0,0,0,0,0,0,0,0,0,0,0,0,0,1899/12/30 00:00:00,1899/12/30 00:00:00,0,0, ,0, ,0, ,0, ,0,0,0,0,0,0,Band
41.2944444440001,18.8113888890001,24704,2020/01/25 00:00:00,08:43,2020/01/25 00:00:00,08:43,No,Late,Sahel Hali AlShmali,800,Exact,SA,432848,RAMSES38_SAU20-05.XL, ,1,0,1,2,1,0,0,0,0,0,0,0,0,0,0,0,0,0,0,0,0,0,0,0,0,0,0,0,0,0,0,0,0,0,0,0,0,0,0,1,0,0,0,-1,0,0,0,0,1,3,1,0,3,0,0,1,0,0.029999999,0.029999999,0,1,0,0,0,0,0,0,0,0,0,0,0,0,0,0,0,0,0,0,0,0,0,0,0,0,0,0,0,0,0,0,0,0,0,0,0,0,0,0,0,0,0,0,0,0,0,0,0,0,0,0,0,0,0,0,0,0,0,2020/01/25 00:00:00,2020/01/25 00:00:00,2,3,Fenitrothion,1,ha,60,l,60,ha,0,1,0,0,0,90,Band
41.7994444440001,17.9886111110001,24705,2020/01/23 00:00:00,16:57,2020/01/23 00:00:00,16:57,No,Late,alzawra,200,Exact,SA,432884,RAMSES38_SAU20-05.XL, ,1,0,1,2,1,0,0,0,0,0,0,0,0,0,0,0,0,0,0,0,0,0,0,0,0,0,0,0,0,0,0,0,0,0,0,0,0,0,1,0,0,0,2,-1,0,0,0,0,0,1,3,0,0,0,0,1,0,0.003,0.003,0,1,0,0,0,0,0,0,0,0,0,0,0,0,0,0,0,0,0,0,0,0,0,0,0,0,0,0,0,0,0,0,0,0,0,0,0,0,0,0,0,0,0,0,0,0,0,0,0,0,0,0,0,0,0,0,0,0,0,2020/01/23 00:00:00,2020/01/23 00:00:00,2,3,Fenitrothion,1,ha,10,l,10,ha,0,1,0,0,0,90,Band
41.4938888890001,18.7355555560001,24706,2020/01/24 00:00:00,16:47,2020/01/24 00:00:00,16:47,No,Late,AlEinah,200,Exact,SA,432889,RAMSES38_SAU20-05.XL, ,1,0,1,2,1,0,0,0,0,0,0,0,0,0,0,0,0,0,0,0,0,0,0,0,0,0,0,0,0,0,0,0,0,0,0,0,0,0,0,1,0,0,0,-1,0,0,0,0,0,3,1,0,3,0,0,1,0,0.0049999999,0.0049999999,0,1,0,0,0,0,0,0,0,0,0,0,0,0,0,0,0,0,0,0,0,0,0,0,0,0,0,0,0,0,0,0,0,0,0,0,0,0,0,0,0,0,0,0,0,0,0,0,0,0,0,0,0,0,0,0,0,0,0,1899/12/30 00:00:00,1899/12/30 00:00:00,0,0, ,0, ,0, ,0, ,0,0,0,0,0,0,Band
41.508055556,18.7358333330001,24707,2020/01/24 00:00:00,16:58,2020/01/24 00:00:00,16:58,No,Late,AlEinah,200,Exact,SA,432891,RAMSES38_SAU20-05.XL, ,1,0,1,2,1,0,0,0,0,0,0,0,0,0,0,0,0,0,0,0,0,0,0,0,0,0,0,0,0,0,0,0,0,0,0,0,0,0,0,1,0,0,0,-1,0,0,0,0,0,1,1,0,3,0,0,1,0,0.0099999998,0.0099999998,0,1,0,0,0,0,0,0,0,0,0,0,0,0,0,0,0,0,0,0,0,0,0,0,0,0,0,0,0,0,0,0,0,0,0,0,0,0,0,0,0,0,0,0,0,0,0,0,0,0,0,0,0,0,0,0,0,0,0,1899/12/30 00:00:00,1899/12/30 00:00:00,0,0, ,0, ,0, ,0, ,0,0,0,0,0,0,Band
41.198055556,19.4788888890001,24708,2020/01/12 00:00:00,10:46,2020/01/12 00:00:00,10:46,No,Middle,alshaghaz,10,Exact,SA,429951,RAMSES38_SAU20-02.XL, ,1,0,1,2,1,0,0,0,0,0,0,0,0,0,0,0,0,0,0,0,0,0,0,0,0,0,0,0,0,0,0,0,0,0,0,0,0,0,0,1,0,0,0,-1,0,0,0,0,3,1,0,0,0,0,0,1,0,0.00050000002,0.00050000002,1,0,0,0,0,0,0,0,0,0,0,0,0,0,0,0,0,0,0,0,0,0,0,0,0,0,0,0,0,0,0,0,0,0,0,0,0,0,0,0,0,0,0,0,0,0,0,0,0,0,0,0,0,0,0,0,0,0,0,2020/01/12 00:00:00,2020/01/12 00:00:00,2,2,Fenitrothion,1,ha,5,l,5,ha,0,1,0,0,0,85,Band
41.0044444440001,19.4980555560001,24709,2020/01/09 00:00:00,10:58,2020/01/09 00:00:00,10:58,No,Early,alzarabiah,10,Exact,SA,429955,RAMSES38_SAU20-02.XL, ,1,0,1,2,1,0,0,0,0,0,0,0,0,0,0,0,0,0,0,0,0,0,0,0,0,0,0,0,0,0,0,0,0,0,0,0,0,0,0,1,0,0,0,-1,0,0,1,3,0,0,0,0,0,0,0,0,1,0.00050000002,0.00050000002,1,0,0,0,0,0,0,0,0,0,0,0,0,0,0,0,0,0,0,0,0,0,0,0,0,0,0,0,0,0,0,0,0,0,0,0,0,0,0,0,0,0,0,0,0,0,0,0,0,0,0,0,0,0,0,0,0,0,0,2020/01/09 00:00:00,2020/01/09 00:00:00,2,1,Fenitrothion,5,ha,5,l,5,ha,0,1,0,0,0,95,Band
41.9991666670001,17.8219444440001,24710,2020/01/09 00:00:00,11:04,2020/01/09 00:00:00,11:04,No,Early,almaslom,200,Exact,SA,429956,RAMSES38_SAU20-02.XL, ,1,0,1,2,1,0,0,0,0,0,0,0,0,0,0,0,0,0,0,0,0,0,0,0,0,0,0,0,0,0,0,0,0,0,0,0,0,0,0,1,0,0,5,-1,0,0,1,3,1,0,0,0,0,0,0,1,0,0.0049999999,0.0049999999,0,1,0,0,0,0,0,0,0,0,0,0,0,0,0,0,0,0,0,0,0,0,0,0,0,0,0,0,0,0,0,0,0,0,0,0,0,0,0,0,0,0,0,0,0,0,0,0,0,0,0,0,0,0,0,0,0,0,0,2020/01/09 00:00:00,2020/01/09 00:00:00,2,1,Fenitrothion,1,ha,5,l,5,ha,0,1,0,0,0,95,Band
41.3491666670001,18.9905555560001,24711,2020/01/14 00:00:00,09:42,2020/01/14 00:00:00,09:42,No,Middle,AlQuz-AlHabil,700,Exact,SA,431384,RAMSES38_SAU20-03.XL, ,1,0,1,2,1,0,0,0,0,0,0,0,0,0,0,0,0,0,0,0,0,0,0,0,0,0,0,0,0,0,0,0,0,0,0,0,0,0,0,1,0,0,0,-1,0,0,0,0,1,1,3,0,1,0,0,1,0,0.029999999,0.029999999,0,1,0,0,0,0,0,0,0,0,0,0,0,0,0,0,0,0,0,0,0,0,0,0,0,0,0,0,0,0,0,0,0,0,0,0,0,0,0,0,0,0,0,0,0,0,0,0,0,0,0,0,0,0,0,0,0,0,0,2020/01/14 00:00:00,2020/01/14 00:00:00,2,2,Deltamethrin,1,ha,400,l,400,ha,0,1,0,0,0,85,Band
41.146111111,19.274444444,24712,2020/01/14 00:00:00,09:56,2020/01/14 00:00:00,09:56,No,Middle,aja,10,Exact,SA,431387,RAMSES38_SAU20-03.XL, ,1,0,1,2,1,0,0,0,0,0,0,0,0,0,0,0,0,0,0,0,0,0,0,0,0,0,0,0,0,0,0,0,0,0,0,0,0,0,0,1,0,0,0,-1,0,0,0,0,1,3,0,0,3,0,0,1,0,0.00089999998,0.00089999998,1,0,0,0,0,0,0,0,0,0,0,0,0,0,0,0,0,0,0,0,0,0,0,0,0,0,0,0,0,0,0,0,0,0,0,0,0,0,0,0,0,0,0,0,0,0,0,0,0,0,0,0,0,0,0,0,0,0,0,2020/01/14 00:00:00,2020/01/14 00:00:00,2,2,Fenitrothion,5,ha,9,l,9,ha,0,1,0,0,0,85,Band
41.146388889,19.273888889,24713,2020/01/14 00:00:00,10:02,2020/01/14 00:00:00,10:02,No,Middle,aja,10,Exact,SA,431389,RAMSES38_SAU20-03.XL, ,1,0,1,2,1,0,0,0,0,0,0,0,0,0,0,0,0,0,0,0,0,0,0,0,0,0,0,0,0,0,0,0,0,0,0,0,0,0,0,1,0,0,0,-1,0,0,0,0,1,3,0,0,3,0,0,1,0,0.00089999998,0.00089999998,1,0,0,0,0,0,0,0,0,0,0,0,0,0,0,0,0,0,0,0,0,0,0,0,0,0,0,0,0,0,0,0,0,0,0,0,0,0,0,0,0,0,0,0,0,0,0,0,0,0,0,0,0,0,0,0,0,0,0,2020/01/14 00:00:00,2020/01/14 00:00:00,2,2,Fenitrothion,5,ha,20,l,20,ha,0,1,0,0,0,90,Band
41.6194444440001,18.085555556,24714,2020/01/15 00:00:00,11:31,2020/01/15 00:00:00,11:31,No,Middle,dahban,300,Exact,SA,431391,RAMSES38_SAU20-03.XL, ,1,0,1,2,1,0,0,0,0,0,0,0,0,0,0,0,0,0,0,0,0,0,0,0,0,0,0,0,0,0,0,0,0,0,0,0,0,0,0,1,0,0,2,-1,0,0,0,1,3,1,0,0,0,0,0,1,0,0.0070000002,0.0070000002,0,1,0,0,0,0,0,0,0,0,0,0,0,0,0,0,0,0,0,0,0,0,0,0,0,0,0,0,0,0,0,0,0,0,0,0,0,0,0,0,0,0,0,0,0,0,0,0,0,0,0,0,0,0,0,0,0,0,0,1899/12/30 00:00:00,1899/12/30 00:00:00,0,0, ,0, ,0, ,0, ,0,0,0,0,0,0,Band
41.144444444,19.4225,24715,2020/01/15 00:00:00,16:24,2020/01/15 00:00:00,16:24,No,Middle,om alkhashab,10,Exact,SA,431399,RAMSES38_SAU20-03.XL, ,1,0,1,2,1,0,0,0,0,0,0,0,0,0,0,0,0,0,0,0,0,0,0,0,0,0,0,0,0,0,0,0,0,0,0,0,0,0,0,0,1,0,0,-1,0,0,0,0,0,3,1,0,3,0,0,1,0,0.001,0.001,1,0,0,0,0,0,0,0,0,0,0,0,0,0,0,0,0,0,0,0,0,0,0,0,0,0,0,0,0,0,0,0,0,0,0,0,0,0,0,0,0,0,0,0,0,0,0,0,0,0,0,0,0,0,0,0,0,0,0,2020/01/15 00:00:00,2020/01/15 00:00:00,2,2,Fenitrothion,1,ha,10,l,10,ha,0,1,0,0,0,80,Band
41.6177777780001,18.076944444,24716,2020/01/18 00:00:00,10:44,2020/01/18 00:00:00,10:44,No,Middle,dahdan,400,Exact,SA,431404,RAMSES38_SAU20-03.XL, ,1,0,1,2,1,0,0,0,0,0,0,0,0,0,0,0,0,0,0,0,0,0,0,0,0,0,0,0,0,0,0,0,0,0,0,0,0,0,0,1,0,0,3,-1,0,0,0,0,3,1,0,0,0,0,0,1,0,0.0049999999,0.0049999999,0,1,0,0,0,0,0,0,0,0,0,0,0,0,0,0,0,0,0,0,0,0,0,0,0,0,0,0,0,0,0,0,0,0,0,0,0,0,0,0,0,0,0,0,0,0,0,0,0,0,0,0,0,0,0,0,0,0,0,2020/01/18 00:00:00,2020/01/18 00:00:00,2,2,Fenitrothion,1,ha,10,l,10,ha,0,1,0,0,0,90,Band
41.9772222220001,17.832222222,24717,2020/01/14 00:00:00,17:53,2020/01/14 00:00:00,17:53,No,Middle,albdwah,200,Exact,SA,431411,RAMSES38_SAU20-03.XL, ,1,0,1,2,1,0,0,0,0,0,0,0,0,0,0,0,0,0,0,0,0,0,0,0,0,0,0,0,0,0,0,0,0,0,0,0,0,0,0,1,0,0,3,-1,0,0,1,3,0,0,0,0,0,0,0,0,1,0.0049999999,0.0049999999,0,1,0,0,0,0,0,0,0,0,0,0,0,0,0,0,0,0,0,0,0,0,0,0,0,0,0,0,0,0,0,0,0,0,0,0,0,0,0,0,0,0,0,0,0,0,0,0,0,0,0,0,0,0,0,0,0,0,0,2020/01/14 00:00:00,2020/01/14 00:00:00,2,2,Fenitrothion,1,ha,40,l,40,ha,0,1,0,0,0,90,Band
41.3844444440001,19.9152777780001,24718,2020/01/14 00:00:00,09:30,2020/01/14 00:00:00,09:30,No,Middle,aja,10,Exact,SA,431412,RAMSES38_SAU20-03.XL, ,1,0,1,2,1,0,0,0,0,0,0,0,0,0,0,0,0,0,0,0,0,0,0,0,0,0,0,0,0,0,0,0,0,0,0,0,0,0,0,1,0,0,0,-1,0,0,0,0,1,3,0,0,3,0,0,1,0,0.00079999998,0.00079999998,1,0,0,0,0,0,0,0,0,0,0,0,0,0,0,0,0,0,0,0,0,0,0,0,0,0,0,0,0,0,0,0,0,0,0,0,0,0,0,0,0,0,0,0,0,0,0,0,0,0,0,0,0,0,0,0,0,0,0,2020/01/14 00:00:00,2020/01/14 00:00:00,2,2,Fenitrothion,4,ha,8,l,8,ha,0,1,0,0,0,90,Band
41.6311111110001,18.081111111,24719,2020/01/25 00:00:00,11:39,2020/01/25 00:00:00,11:39,No,Late,dahban,300,Exact,SA,432895,RAMSES38_SAU20-05.XL, ,1,0,1,2,1,0,0,0,0,0,0,0,0,0,0,0,0,0,0,0,0,0,0,0,0,0,0,0,0,0,0,0,0,0,0,0,0,0,0,1,0,0,1,-1,0,0,0,0,0,3,1,0,3,0,0,1,0,0.0049999999,0.0049999999,0,1,0,0,0,0,0,0,0,0,0,0,0,0,0,0,0,0,0,0,0,0,0,0,0,0,0,0,0,0,0,0,0,0,0,0,0,0,0,0,0,0,0,0,0,0,0,0,0,0,0,0,0,0,0,0,0,0,0,2020/01/25 00:00:00,2020/01/25 00:00:00,2,3,Fenitrothion,1,ha,3,l,3,ha,0,1,0,0,0,90,Band
41.3677777780001,18.87,24720,2020/01/29 00:00:00,08:31,2020/01/29 00:00:00,08:31,No,Late,AlQuz-AlMgawi,800,Exact,SA,432911,RAMSES38_SAU20-05.XL, ,1,0,1,2,1,0,0,0,0,0,0,0,0,0,0,0,0,0,0,0,0,0,0,0,0,0,0,0,0,0,0,0,0,0,0,0,0,0,0,1,0,0,0,-1,0,0,0,0,1,1,3,0,1,0,0,1,0,0.029999999,0.029999999,0,1,0,0,0,0,0,0,0,0,0,0,0,0,0,0,0,0,0,0,0,0,0,0,0,0,0,0,0,0,0,0,0,0,0,0,0,0,0,0,0,0,0,0,0,0,0,0,0,0,0,0,0,0,0,0,0,0,0,1899/12/30 00:00:00,1899/12/30 00:00:00,0,0, ,0, ,0, ,0, ,0,0,0,0,0,0,Band
41.450277778,18.8069444440001,24721,2020/01/23 00:00:00,09:28,2020/01/23 00:00:00,09:28,No,Late,Hali - Khabt Hadab,500,Exact,SA,432928,RAMSES38_SAU20-05.XL, ,1,0,1,2,1,0,0,0,0,0,0,0,0,0,0,0,0,0,0,0,0,0,0,0,0,0,0,0,0,0,0,0,0,0,0,0,0,0,0,1,0,0,0,-1,0,0,0,0,1,1,3,0,1,0,0,1,0,0.029999999,0.029999999,0,1,0,0,0,0,0,0,0,0,0,0,0,0,0,0,0,0,0,0,0,0,0,0,0,0,0,0,0,0,0,0,0,0,0,0,0,0,0,0,0,0,0,0,0,0,0,0,0,0,0,0,0,0,0,0,0,0,0,2020/01/23 00:00:00,2020/01/23 00:00:00,2,3,Fenitrothion,1,ha,50,l,50,ha,0,1,0,0,0,90,Band
41.756666667,17.9361111110001,24722,2020/01/05 00:00:00,08:48,2020/01/05 00:00:00,08:48,No,Early,alhomah,200,Exact,SA,430001,RAMSES38_SAU20-02.XL, ,1,0,1,2,1,0,0,0,0,0,0,0,0,0,0,0,0,0,0,0,0,0,0,0,0,0,0,0,0,0,0,0,0,0,0,0,0,0,1,0,0,0,1,-1,0,0,1,0,0,0,0,0,0,0,0,0,1,0.0049999999,0.0049999999,0,1,0,0,0,0,0,0,0,0,0,0,0,0,0,0,0,0,0,0,0,0,0,0,0,0,0,0,0,0,0,0,0,0,0,0,0,0,0,0,0,0,0,0,0,0,0,0,0,0,0,0,0,0,0,0,0,0,0,1899/12/30 00:00:00,1899/12/30 00:00:00,0,0, ,0, ,0, ,0, ,0,0,0,0,0,0,Band
40.8719444440001,19.7386111110001,24723,2020/01/05 00:00:00,09:00,2020/01/05 00:00:00,09:00,No,Early,Hafar,400,Exact,SA,430004,RAMSES38_SAU20-02.XL, ,1,0,1,2,1,0,0,0,0,0,0,0,0,0,0,0,0,0,0,0,0,0,0,0,0,0,0,0,0,0,0,0,0,0,0,0,0,0,0,1,0,0,0,-1,0,0,0,0,1,3,0,0,3,0,0,1,0,50,50,0,0,0,1,0,0,0,0,0,0,0,0,0,0,0,0,0,0,0,0,0,0,0,0,0,0,0,0,0,0,0,0,0,0,0,0,0,0,0,0,0,0,0,0,0,0,0,0,0,0,0,0,0,0,0,0,0,0,0,2020/01/05 00:00:00,2020/01/05 00:00:00,2,1,Fenitrothion,1,ha,100,l,100,ha,0,1,0,0,0,85,Band
40.896944444,19.716944444,24724,2020/01/05 00:00:00,10:10,2020/01/05 00:00:00,10:10,No,Early,Mthebah,200,Exact,SA,430012,RAMSES38_SAU20-02.XL, ,1,0,1,2,1,0,0,0,0,0,0,0,0,0,0,0,0,0,0,0,0,0,0,0,0,0,0,0,0,0,0,0,0,0,0,0,0,0,0,1,0,0,0,-1,0,0,0,0,1,3,0,0,3,0,0,1,0,15,15,0,0,0,1,0,0,0,0,0,0,0,0,0,0,0,0,0,0,0,0,0,0,0,0,0,0,0,0,0,0,0,0,0,0,0,0,0,0,0,0,0,0,0,0,0,0,0,0,0,0,0,0,0,0,0,0,0,0,0,2020/01/05 00:00:00,2020/01/05 00:00:00,2,1,Fenitrothion,1,ha,100,l,100,ha,0,1,0,0,0,80,Band
40.2175,20.325833333,24725,2020/01/05 00:00:00,10:13,2020/01/05 00:00:00,10:13,No,Early,Alqalah,300,Exact,SA,430013,RAMSES38_SAU20-02.XL, ,1,0,1,2,1,0,0,0,0,0,0,0,0,0,0,0,0,0,0,0,0,0,0,0,0,0,0,0,0,0,0,0,0,0,0,0,0,0,0,1,0,0,0,-1,0,0,0,0,1,3,0,0,3,0,0,1,0,40,40,0,0,0,1,0,0,0,0,0,0,0,0,0,0,0,0,0,0,0,0,0,0,0,0,0,0,0,0,0,0,0,0,0,0,0,0,0,0,0,0,0,0,0,0,0,0,0,0,0,0,0,0,0,0,0,0,0,0,0,2020/01/05 00:00:00,2020/01/05 00:00:00,2,1,Fenitrothion,1,ha,100,l,100,ha,0,1,0,0,0,80,Band
40.528611111,20.148888889,24726,2020/01/05 00:00:00,10:19,2020/01/05 00:00:00,10:19,No,Early,Almsma,300,Exact,SA,430015,RAMSES38_SAU20-02.XL, ,1,0,1,2,1,0,0,0,0,0,0,0,0,0,0,0,0,0,0,0,0,0,0,0,0,0,0,0,0,0,0,0,0,0,0,0,0,0,0,1,0,0,0,-1,0,0,0,0,0,3,1,0,3,0,0,1,0,50,50,0,0,0,1,0,0,0,0,0,0,0,0,0,0,0,0,0,0,0,0,0,0,0,0,0,0,0,0,0,0,0,0,0,0,0,0,0,0,0,0,0,0,0,0,0,0,0,0,0,0,0,0,0,0,0,0,0,0,0,2020/01/05 00:00:00,2020/01/05 00:00:00,2,1,Fenitrothion,1,ha,200,l,200,ha,0,1,0,0,0,80,Band
41.1888888890001,19.473888889,24727,2020/01/12 00:00:00,09:39,2020/01/12 00:00:00,09:39,No,Middle,alshaghaz,10,Exact,SA,430018,RAMSES38_SAU20-02.XL, ,1,0,1,2,1,0,0,0,0,0,0,0,0,0,0,0,0,0,0,0,0,0,0,0,0,0,0,0,0,0,0,0,0,0,0,0,0,0,0,1,0,0,0,-1,0,0,0,0,3,1,0,0,0,0,0,1,0,0.00050000002,0.00050000002,1,0,0,0,0,0,0,0,0,0,0,0,0,0,0,0,0,0,0,0,0,0,0,0,0,0,0,0,0,0,0,0,0,0,0,0,0,0,0,0,0,0,0,0,0,0,0,0,0,0,0,0,0,0,0,0,0,0,0,2020/01/12 00:00:00,2020/01/12 00:00:00,2,2,Fenitrothion,1,ha,5,l,5,ha,0,1,0,0,0,85,Band
41.3477777780001,18.8811111110001,24728,2020/01/14 00:00:00,10:23,2020/01/14 00:00:00,10:23,No,Middle,AlMahbt,200,Exact,SA,431419,RAMSES38_SAU20-03.XL, ,1,0,1,2,1,0,0,0,0,0,0,0,0,0,0,0,0,0,0,0,0,0,0,0,0,0,0,0,0,0,0,0,0,0,0,0,0,0,0,1,0,0,0,-1,0,1,1,3,0,0,0,0,0,0,0,0,1,0.029999999,0.029999999,0,1,0,0,0,0,0,0,0,0,0,0,0,0,0,0,0,0,0,0,0,0,0,0,0,0,0,0,0,0,0,0,0,0,0,0,0,0,0,0,0,0,0,0,0,0,0,0,0,0,0,0,0,0,0,0,0,0,0,2020/01/14 00:00:00,2020/01/14 00:00:00,2,2,Fenitrothion,1,ha,40,l,40,ha,0,1,0,0,0,80,Band
41.6197222220001,18.086111111,24729,2020/01/14 00:00:00,10:58,2020/01/14 00:00:00,10:58,No,Middle,dahban,200,Exact,SA,431423,RAMSES38_SAU20-03.XL, ,1,0,1,2,1,0,0,0,0,0,0,0,0,0,0,0,0,0,0,0,0,0,0,0,0,0,0,0,0,0,0,0,0,0,0,0,0,0,0,1,0,0,5,-1,0,0,0,1,3,1,0,0,0,0,0,1,0,0.0099999998,0.0099999998,0,1,0,0,0,0,0,0,0,0,0,0,0,0,0,0,0,0,0,0,0,0,0,0,0,0,0,0,0,0,0,0,0,0,0,0,0,0,0,0,0,0,0,0,0,0,0,0,0,0,0,0,0,0,0,0,0,0,0,2020/01/14 00:00:00,2020/01/14 00:00:00,2,2,Fenitrothion,1,ha,30,l,30,ha,0,1,0,0,0,90,Band
41.144444444,19.4219444440001,24730,2020/01/15 00:00:00,16:29,2020/01/15 00:00:00,16:29,No,Middle,om alkhashab,10,Exact,SA,431424,RAMSES38_SAU20-03.XL, ,1,0,1,2,1,0,0,0,0,0,0,0,0,0,0,0,0,0,0,0,0,0,0,0,0,0,0,0,0,0,0,0,0,0,0,0,0,0,0,0,1,0,0,-1,0,0,0,0,0,3,1,0,3,0,0,1,0,0.001,0.001,1,0,0,0,0,0,0,0,0,0,0,0,0,0,0,0,0,0,0,0,0,0,0,0,0,0,0,0,0,0,0,0,0,0,0,0,0,0,0,0,0,0,0,0,0,0,0,0,0,0,0,0,0,0,0,0,0,0,0,2020/01/15 00:00:00,2020/01/15 00:00:00,2,2,Fenitrothion,1,ha,10,l,10,ha,0,1,0,0,0,80,Band
41.343888889,19.012222222,24731,2020/01/15 00:00:00,16:32,2020/01/15 00:00:00,16:32,No,Middle,AlMafarg,800,Exact,SA,431425,RAMSES38_SAU20-03.XL, ,1,0,1,2,1,0,0,0,0,0,0,0,0,0,0,0,0,0,0,0,0,0,0,0,0,0,0,0,0,0,0,0,0,0,0,0,0,0,0,1,0,0,0,-1,0,0,0,0,0,1,3,0,1,0,0,1,0,0.029999999,0.029999999,0,1,0,0,0,0,0,0,0,0,0,0,0,0,0,0,0,0,0,0,0,0,0,0,0,0,0,0,0,0,0,0,0,0,0,0,0,0,0,0,0,0,0,0,0,0,0,0,0,0,0,0,0,0,0,0,0,0,0,2020/01/15 00:00:00,2020/01/15 00:00:00,2,2,Deltamethrin,1,ha,600,l,600,ha,0,1,0,0,0,80,Band
41.144166667,19.4213888890001,24732,2020/01/15 00:00:00,16:32,2020/01/15 00:00:00,16:32,No,Middle,om alkhashab,10,Exact,SA,431426,RAMSES38_SAU20-03.XL, ,1,0,1,2,1,0,0,0,0,0,0,0,0,0,0,0,0,0,0,0,0,0,0,0,0,0,0,0,0,0,0,0,0,0,0,0,0,0,0,0,1,0,0,-1,0,0,0,0,0,3,1,0,3,0,0,1,0,0.001,0.001,1,0,0,0,0,0,0,0,0,0,0,0,0,0,0,0,0,0,0,0,0,0,0,0,0,0,0,0,0,0,0,0,0,0,0,0,0,0,0,0,0,0,0,0,0,0,0,0,0,0,0,0,0,0,0,0,0,0,0,2020/01/15 00:00:00,2020/01/15 00:00:00,2,2,Fenitrothion,1,ha,10,l,10,ha,0,1,0,0,0,80,Band
41.143333333,19.4213888890001,24733,2020/01/15 00:00:00,16:35,2020/01/15 00:00:00,16:35,No,Middle,om alkhashab,10,Exact,SA,431427,RAMSES38_SAU20-03.XL, ,1,0,1,2,1,0,0,0,0,0,0,0,0,0,0,0,0,0,0,0,0,0,0,0,0,0,0,0,0,0,0,0,0,0,0,0,0,0,0,0,1,0,0,-1,0,0,0,0,0,3,1,0,3,0,0,1,0,0.0015,0.0015,1,0,0,0,0,0,0,0,0,0,0,0,0,0,0,0,0,0,0,0,0,0,0,0,0,0,0,0,0,0,0,0,0,0,0,0,0,0,0,0,0,0,0,0,0,0,0,0,0,0,0,0,0,0,0,0,0,0,0,2020/01/15 00:00:00,2020/01/15 00:00:00,2,2,Fenitrothion,1,ha,15,l,15,ha,0,1,0,0,0,80,Band
41.144444444,19.4213888890001,24734,2020/01/15 00:00:00,16:41,2020/01/15 00:00:00,16:41,No,Middle,om alkhashab,10,Exact,SA,431428,RAMSES38_SAU20-03.XL, ,1,0,1,2,1,0,0,0,0,0,0,0,0,0,0,0,0,0,0,0,0,0,0,0,0,0,0,0,0,0,0,0,0,0,0,0,0,0,0,0,1,0,0,-1,0,0,0,0,0,3,1,0,3,0,0,1,0,0.0015,0.0015,1,0,0,0,0,0,0,0,0,0,0,0,0,0,0,0,0,0,0,0,0,0,0,0,0,0,0,0,0,0,0,0,0,0,0,0,0,0,0,0,0,0,0,0,0,0,0,0,0,0,0,0,0,0,0,0,0,0,0,2020/01/15 00:00:00,2020/01/15 00:00:00,2,2,Fenitrothion,1,ha,15,l,15,ha,0,1,0,0,0,80,Band
41.1052777780001,19.410833333,24735,2020/01/15 00:00:00,17:25,2020/01/15 00:00:00,17:25,No,Middle,sabia bloma,20,Exact,SA,431430,RAMSES38_SAU20-03.XL, ,1,0,1,2,1,0,0,0,0,0,0,0,0,0,0,0,0,0,0,0,0,0,0,0,0,0,0,0,0,0,0,0,0,0,0,0,0,0,0,0,1,0,0,-1,0,0,0,0,0,3,1,0,3,0,0,1,0,0.0015,0.0015,1,0,0,0,0,0,0,0,0,0,0,0,0,0,0,0,0,0,0,0,0,0,0,0,0,0,0,0,0,0,0,0,0,0,0,0,0,0,0,0,0,0,0,0,0,0,0,0,0,0,0,0,0,0,0,0,0,0,0,2020/01/15 00:00:00,2020/01/15 00:00:00,2,2,Fenitrothion,1,ha,15,l,15,ha,0,1,0,0,0,80,Band
41.3719444440001,18.9919444440001,24736,2020/01/13 00:00:00,08:09,2020/01/13 00:00:00,08:09,No,Middle,AlQuz-Mishref,500,Exact,SA,431444,RAMSES38_SAU20-03.XL, ,1,0,1,2,1,0,0,0,0,0,0,0,0,0,0,0,0,0,0,0,0,0,0,0,0,0,0,0,0,0,0,0,0,0,0,0,0,0,0,1,0,0,0,-1,0,1,0,0,1,3,0,0,3,0,0,1,0,0.029999999,0.029999999,0,1,0,0,0,0,0,0,0,0,0,0,0,0,0,0,0,0,0,0,0,0,0,0,0,0,0,0,0,0,0,0,0,0,0,0,0,0,0,0,0,0,0,0,0,0,0,0,0,0,0,0,0,0,0,0,0,0,0,2020/01/13 00:00:00,2020/01/13 00:00:00,2,2,Deltamethrin,1,ha,300,l,300,ha,0,1,0,0,0,0,Band
41.5594444440001,18.7427777780001,24737,2020/01/24 00:00:00,17:28,2020/01/24 00:00:00,17:28,No,Late,AlEinah,400,Exact,SA,432939,RAMSES38_SAU20-05.XL, ,1,0,1,2,1,0,0,0,0,0,0,0,0,0,0,0,0,0,0,0,0,0,0,0,0,0,0,0,0,0,0,0,0,0,0,0,0,0,1,0,0,0,0,-1,0,0,0,0,0,0,0,0,1,0,0,1,0,0.001,0.001,1,0,0,0,0,0,0,0,0,0,0,0,0,0,0,0,0,0,0,0,0,0,0,0,0,0,0,0,0,0,0,0,0,0,0,0,0,0,0,0,0,0,0,0,0,0,0,0,0,0,0,0,0,0,0,0,0,0,0,1899/12/30 00:00:00,1899/12/30 00:00:00,0,0, ,0, ,0, ,0, ,0,0,0,0,0,0,Band
41.532222222,18.7916666670001,24738,2020/01/24 00:00:00,17:46,2020/01/24 00:00:00,17:46,No,Late,Khabi AlSabtah,300,Exact,SA,432941,RAMSES38_SAU20-05.XL, ,1,0,1,2,1,0,0,0,0,0,0,0,0,0,0,0,0,0,0,0,0,0,0,0,0,0,0,0,0,0,0,0,0,0,0,0,0,0,1,0,0,0,0,-1,0,0,0,0,0,3,1,0,3,0,0,1,0,0.0020000001,0.0020000001,1,0,0,0,0,0,0,0,0,0,0,0,0,0,0,0,0,0,0,0,0,0,0,0,0,0,0,0,0,0,0,0,0,0,0,0,0,0,0,0,0,0,0,0,0,0,0,0,0,0,0,0,0,0,0,0,0,0,0,1899/12/30 00:00:00,1899/12/30 00:00:00,0,0, ,0, ,0, ,0, ,0,0,0,0,0,0,Band
41.5011111110001,18.789444444,24739,2020/01/24 00:00:00,18:02,2020/01/24 00:00:00,18:02,No,Late,Khabt AlSabtah,700,Exact,SA,432942,RAMSES38_SAU20-05.XL, ,1,0,1,2,1,0,0,0,0,0,0,0,0,0,0,0,0,0,0,0,0,0,0,0,0,0,0,0,0,0,0,0,0,0,0,0,0,0,0,1,0,0,0,-1,0,0,0,0,0,1,1,0,3,0,0,1,0,0.0099999998,0.0099999998,0,1,0,0,0,0,0,0,0,0,0,0,0,0,0,0,0,0,0,0,0,0,0,0,0,0,0,0,0,0,0,0,0,0,0,0,0,0,0,0,0,0,0,0,0,0,0,0,0,0,0,0,0,0,0,0,0,0,0,2020/01/24 00:00:00,2020/01/24 00:00:00,2,3,Deltamethrin,1,ha,400,l,400,ha,0,1,0,0,0,90,Band
41.5038888890001,18.7969444440001,24740,2020/01/24 00:00:00,19:07,2020/01/24 00:00:00,19:07,No,Late,AlSabtah,200,Exact,SA,432943,RAMSES38_SAU20-05.XL, ,1,0,1,2,1,0,0,0,0,0,0,0,0,0,0,0,0,0,0,0,0,0,0,0,0,0,0,0,0,0,0,0,0,0,0,0,0,0,0,1,0,0,0,-1,0,0,0,0,0,3,1,0,3,0,0,1,0,0.0049999999,0.0049999999,0,1,0,0,0,0,0,0,0,0,0,0,0,0,0,0,0,0,0,0,0,0,0,0,0,0,0,0,0,0,0,0,0,0,0,0,0,0,0,0,0,0,0,0,0,0,0,0,0,0,0,0,0,0,0,0,0,0,0,2020/01/24 00:00:00,2020/01/24 00:00:00,2,3,Fenitrothion,1,ha,40,l,40,ha,0,1,0,0,0,90,Band
41.7930555560001,17.9955555560001,24741,2020/01/09 00:00:00,09:36,2020/01/09 00:00:00,09:36,No,Early,alzora,300,Exact,SA,430037,RAMSES38_SAU20-02.XL, ,1,0,1,2,1,0,0,0,0,0,0,0,0,0,0,0,0,0,0,0,0,0,0,0,0,0,0,0,0,0,0,0,0,0,0,0,0,0,0,1,0,0,4,-1,0,0,1,3,1,0,0,0,0,0,0,1,0,0.0099999998,0.0099999998,0,1,0,0,0,0,0,0,0,0,0,0,0,0,0,0,0,0,0,0,0,0,0,0,0,0,0,0,0,0,0,0,0,0,0,0,0,0,0,0,0,0,0,0,0,0,0,0,0,0,0,0,0,0,0,0,0,0,0,1899/12/30 00:00:00,1899/12/30 00:00:00,0,0, ,0, ,0, ,0, ,0,0,0,0,0,0,Band
41.023611111,19.4836111110001,24742,2020/01/09 00:00:00,09:39,2020/01/09 00:00:00,09:39,No,Early,aljaho,7,Exact,SA,430038,RAMSES38_SAU20-02.XL, ,1,0,1,2,1,0,0,0,0,0,0,0,0,0,0,0,0,0,0,0,0,0,0,0,0,0,0,0,0,0,0,0,0,0,0,0,0,0,0,1,0,0,0,-1,0,0,1,3,0,0,0,0,0,0,0,0,1,0.00019999999,0.00019999999,1,0,0,0,0,0,0,0,0,0,0,0,0,0,0,0,0,0,0,0,0,0,0,0,0,0,0,0,0,0,0,0,0,0,0,0,0,0,0,0,0,0,0,0,0,0,0,0,0,0,0,0,0,0,0,0,0,0,0,2020/01/09 00:00:00,2020/01/09 00:00:00,2,1,Fenitrothion,2,ha,2,l,2,ha,0,1,0,0,0,85,Band
41.025277778,19.4916666670001,24743,2020/01/09 00:00:00,09:55,2020/01/09 00:00:00,09:55,No,Early,aljaho,8,Exact,SA,430044,RAMSES38_SAU20-02.XL, ,1,0,1,2,1,0,0,0,0,0,0,0,0,0,0,0,0,0,0,0,0,0,0,0,0,0,0,0,0,0,0,0,0,0,0,0,0,0,0,1,0,0,0,-1,0,0,0,1,3,0,0,0,0,0,0,1,0,0.00030000001,0.00030000001,1,0,0,0,0,0,0,0,0,0,0,0,0,0,0,0,0,0,0,0,0,0,0,0,0,0,0,0,0,0,0,0,0,0,0,0,0,0,0,0,0,0,0,0,0,0,0,0,0,0,0,0,0,0,0,0,0,0,0,2020/01/09 00:00:00,2020/01/09 00:00:00,2,1,Fenitrothion,3,ha,3,l,3,ha,0,1,0,0,0,95,Band
41.1886111110001,19.474444444,24744,2020/01/12 00:00:00,10:15,2020/01/12 00:00:00,10:15,No,Middle,alshaghaz,20,Exact,SA,430060,RAMSES38_SAU20-02.XL, ,1,0,1,2,1,0,0,0,0,0,0,0,0,0,0,0,0,0,0,0,0,0,0,0,0,0,0,0,0,0,0,0,0,0,0,0,0,0,0,1,0,0,0,-1,0,0,0,0,3,1,0,0,0,0,0,1,0,0.00069999998,0.00069999998,1,0,0,0,0,0,0,0,0,0,0,0,0,0,0,0,0,0,0,0,0,0,0,0,0,0,0,0,0,0,0,0,0,0,0,0,0,0,0,0,0,0,0,0,0,0,0,0,0,0,0,0,0,0,0,0,0,0,0,2020/01/12 00:00:00,2020/01/12 00:00:00,2,2,Fenitrothion,1,ha,7,l,7,ha,0,1,0,0,0,80,Band
41.4991666670001,18.789444444,24745,2020/01/12 00:00:00,10:21,2020/01/12 00:00:00,10:21,No,Middle,alahabt,200,Exact,SA,430061,RAMSES38_SAU20-02.XL, ,1,0,1,2,1,0,0,0,0,0,0,0,0,0,0,0,0,0,0,0,0,0,0,0,0,0,0,0,0,0,0,0,0,0,0,0,0,0,0,0,1,0,0,-1,0,0,0,0,1,3,1,0,3,0,0,1,0,0.029999999,0.029999999,0,1,0,0,0,0,0,0,0,0,0,0,0,0,0,0,0,0,0,0,0,0,0,0,0,0,0,0,0,0,0,0,0,0,0,0,0,0,0,0,0,0,0,0,0,0,0,0,0,0,0,0,0,0,0,0,0,0,0,2020/01/12 00:00:00,2020/01/12 00:00:00,2,2,Fenitrothion,1,ha,120,l,120,ha,0,1,0,0,0,80,Band
41.031944444,19.4808333330001,24746,2020/01/09 00:00:00,10:10,2020/01/09 00:00:00,10:10,No,Early,aljaho,7,Exact,SA,430075,RAMSES38_SAU20-02.XL, ,1,0,1,2,1,0,0,0,0,0,0,0,0,0,0,0,0,0,0,0,0,0,0,0,0,0,0,0,0,0,0,0,0,0,0,0,0,0,0,1,0,0,0,-1,0,0,1,3,0,0,0,0,0,0,0,0,1,0.00019999999,0.00019999999,1,0,0,0,0,0,0,0,0,0,0,0,0,0,0,0,0,0,0,0,0,0,0,0,0,0,0,0,0,0,0,0,0,0,0,0,0,0,0,0,0,0,0,0,0,0,0,0,0,0,0,0,0,0,0,0,0,0,0,2020/01/09 00:00:00,2020/01/09 00:00:00,2,1,Fenitrothion,2,ha,2,l,2,ha,0,1,0,0,0,95,Band
41.386111111,18.894444444,24747,2020/01/16 00:00:00,07:47,2020/01/16 00:00:00,07:47,No,Middle,Hadab,600,Exact,SA,431463,RAMSES38_SAU20-03.XL, ,1,0,1,2,1,0,0,0,0,0,0,0,0,0,0,0,0,0,0,0,0,0,0,0,0,0,0,0,0,0,0,0,0,0,0,0,0,0,0,1,0,0,0,-1,0,0,0,0,0,1,3,0,1,0,0,1,0,0.029999999,0.029999999,0,1,0,0,0,0,0,0,0,0,0,0,0,0,0,0,0,0,0,0,0,0,0,0,0,0,0,0,0,0,0,0,0,0,0,0,0,0,0,0,0,0,0,0,0,0,0,0,0,0,0,0,0,0,0,0,0,0,0,2020/01/16 00:00:00,2020/01/16 00:00:00,2,2,Fenitrothion,1,ha,60,l,60,ha,0,1,0,0,0,80,Band
41.9969444440001,17.8222222220001,24748,2020/01/13 00:00:00,09:14,2020/01/13 00:00:00,09:14,No,Middle,almaslom,200,Exact,SA,431486,RAMSES38_SAU20-03.XL, ,1,0,1,2,1,0,0,0,0,0,0,0,0,0,0,0,0,0,0,0,0,0,0,0,0,0,0,0,0,0,0,0,0,0,0,0,0,0,0,1,0,0,2,-1,0,0,1,3,0,0,0,0,0,0,0,0,1,0.0049999999,0.0049999999,0,1,0,0,0,0,0,0,0,0,0,0,0,0,0,0,0,0,0,0,0,0,0,0,0,0,0,0,0,0,0,0,0,0,0,0,0,0,0,0,0,0,0,0,0,0,0,0,0,0,0,0,0,0,0,0,0,0,0,2020/01/13 00:00:00,2020/01/13 00:00:00,2,2,Fenitrothion,1,ha,1,l,1,ha,0,1,0,0,0,0,Band
41.3208333330001,19.027777778,24749,2020/01/14 00:00:00,16:24,2020/01/14 00:00:00,16:24,No,Middle,AlQuz-Eriga,300,Exact,SA,431490,RAMSES38_SAU20-03.XL, ,1,0,1,2,1,0,0,0,0,0,0,0,0,0,0,0,0,0,0,0,0,0,0,0,0,0,0,0,0,0,0,0,0,0,0,0,0,0,0,1,0,0,0,-1,0,0,0,0,1,3,1,0,3,0,0,1,0,0.029999999,0.029999999,0,1,0,0,0,0,0,0,0,0,0,0,0,0,0,0,0,0,0,0,0,0,0,0,0,0,0,0,0,0,0,0,0,0,0,0,0,0,0,0,0,0,0,0,0,0,0,0,0,0,0,0,0,0,0,0,0,0,0,2020/01/14 00:00:00,2020/01/14 00:00:00,2,2,Deltamethrin,1,ha,200,l,200,ha,0,1,0,0,0,90,Band
41.327222222,19.0483333330001,24750,2020/01/14 00:00:00,17:25,2020/01/14 00:00:00,17:25,No,Middle,AlQuz-Eriga,300,Exact,SA,431492,RAMSES38_SAU20-03.XL, ,1,0,1,2,1,0,0,0,0,0,0,0,0,0,0,0,0,0,0,0,0,0,0,0,0,0,0,0,0,0,0,0,0,0,0,0,0,0,0,1,0,0,0,-1,0,0,0,0,0,1,3,0,1,0,0,1,0,0.029999999,0.029999999,0,1,0,0,0,0,0,0,0,0,0,0,0,0,0,0,0,0,0,0,0,0,0,0,0,0,0,0,0,0,0,0,0,0,0,0,0,0,0,0,0,0,0,0,0,0,0,0,0,0,0,0,0,0,0,0,0,0,0,2020/01/14 00:00:00,2020/01/14 00:00:00,2,2,Fenitrothion,1,ha,80,l,80,ha,0,1,0,0,0,90,Band
41.4402777780001,19.462222222,24751,2020/01/14 00:00:00,17:34,2020/01/14 00:00:00,17:34,No,Middle,thltha bni esaa,10,Exact,SA,431493,RAMSES38_SAU20-03.XL, ,1,0,1,2,1,0,0,0,0,0,0,0,0,0,0,0,0,0,0,0,0,0,0,0,0,0,0,0,0,0,0,0,0,0,0,0,0,0,0,0,1,0,0,-1,0,0,0,0,1,3,0,0,3,0,0,1,0,0.001,0.001,1,0,0,0,0,0,0,0,0,0,0,0,0,0,0,0,0,0,0,0,0,0,0,0,0,0,0,0,0,0,0,0,0,0,0,0,0,0,0,0,0,0,0,0,0,0,0,0,0,0,0,0,0,0,0,0,0,0,0,2020/01/14 00:00:00,2020/01/14 00:00:00,2,2,Fenitrothion,1,ha,10,l,10,ha,0,1,0,0,0,90,Band
59.767222222,22.288611111,24752,2020/01/13 00:00:00,13:12,2020/01/13 00:00:00,13:12,No,Middle,Al Dafah,20,Exact,OM,432283,RAMSES38_OMN20-09.XL,Gregarious appearing,1,0,1,2,1,0,0,0,0,0,0,1,0,0,-1,0,0,0,0,0,0,0,0,0,0,0,0,0,1,0,0,0,1,0,0,0,0,0,0,1,0,0,0,-1,0,0,0,0,0,3,1,0,3,0,0,1,0,1,1,0,0,1,0,0,0,0,0,0,0,1,0,0,2,1,0,0,0,0,0,0,0,1,0,0,0,0,1,0,0,0,0,0,0,0,0,0,0,0,0,0,0,0,0,0,0,0,0,0,0,0,0,0,0,0,0,0,0,0,2020/01/13 00:00:00,2020/01/13 00:00:00,2,2,Other,2.5,ha,35,l,7,ha,0,1,0,0,0,0,Band
41.028055556,19.473333333,24753,2020/01/09 00:00:00,10:24,2020/01/09 00:00:00,10:24,No,Early,aljaho,5,Exact,SA,430078,RAMSES38_SAU20-02.XL, ,1,0,1,2,1,0,0,0,0,0,0,0,0,0,0,0,0,0,0,0,0,0,0,0,0,0,0,0,0,0,0,0,0,0,0,0,0,0,0,1,0,0,0,-1,0,0,1,3,0,0,0,0,0,0,0,0,1,0.00050000002,0.00050000002,1,0,0,0,0,0,0,0,0,0,0,0,0,0,0,0,0,0,0,0,0,0,0,0,0,0,0,0,0,0,0,0,0,0,0,0,0,0,0,0,0,0,0,0,0,0,0,0,0,0,0,0,0,0,0,0,0,0,0,2020/01/09 00:00:00,2020/01/09 00:00:00,2,1,Fenitrothion,5,ha,5,l,5,ha,0,1,0,0,0,95,Band
41.5072222220001,18.7913888890001,24754,2020/01/07 00:00:00,08:48,2020/01/07 00:00:00,08:48,No,Early,alsabtah,300,Exact,SA,430081,RAMSES38_SAU20-02.XL, ,1,0,1,2,1,0,0,0,0,0,0,0,0,0,0,0,0,0,0,0,0,0,0,0,0,0,0,0,0,0,0,0,0,0,0,0,0,0,0,0,1,0,0,-1,0,0,0,0,1,3,1,0,3,0,0,1,0,0.025,0.025,0,1,0,0,0,0,0,0,0,0,0,0,0,0,0,0,0,0,0,0,0,0,0,0,0,0,0,0,0,0,0,0,0,0,0,0,0,0,0,0,0,0,0,0,0,0,0,0,0,0,0,0,0,0,0,0,0,0,0,1899/12/30 00:00:00,1899/12/30 00:00:00,0,0, ,0, ,0, ,0, ,0,0,0,0,0,0,Band
41.1925,19.4786111110001,24755,2020/01/12 00:00:00,10:30,2020/01/12 00:00:00,10:30,No,Middle,alshaghaz,10,Exact,SA,430091,RAMSES38_SAU20-02.XL, ,1,0,1,2,1,0,0,0,0,0,0,0,0,0,0,0,0,0,0,0,0,0,0,0,0,0,0,0,0,0,0,0,0,0,0,0,0,0,0,1,0,0,0,-1,0,0,0,0,3,1,0,0,0,0,0,1,0,0.00060000003,0.00060000003,1,0,0,0,0,0,0,0,0,0,0,0,0,0,0,0,0,0,0,0,0,0,0,0,0,0,0,0,0,0,0,0,0,0,0,0,0,0,0,0,0,0,0,0,0,0,0,0,0,0,0,0,0,0,0,0,0,0,0,2020/01/12 00:00:00,2020/01/12 00:00:00,2,2,Fenitrothion,1,ha,6,l,6,ha,0,1,0,0,0,80,Band
41.4997222220001,18.775277778,24756,2020/01/12 00:00:00,10:32,2020/01/12 00:00:00,10:32,No,Middle,alahabt,300,Exact,SA,430092,RAMSES38_SAU20-02.XL, ,1,0,1,2,1,0,0,0,0,0,0,0,0,0,0,0,0,0,0,0,0,0,0,0,0,0,0,0,0,0,0,0,0,0,0,0,0,0,0,0,1,0,0,-1,0,0,0,0,1,3,1,0,3,0,0,1,0,0.025,0.025,0,1,0,0,0,0,0,0,0,0,0,0,0,0,0,0,0,0,0,0,0,0,0,0,0,0,0,0,0,0,0,0,0,0,0,0,0,0,0,0,0,0,0,0,0,0,0,0,0,0,0,0,0,0,0,0,0,0,0,2020/01/12 00:00:00,2020/01/12 00:00:00,2,2,Deltamethrin,1,ha,160,l,160,ha,0,1,0,0,0,80,Band
41.196666667,19.4791666670001,24757,2020/01/12 00:00:00,10:44,2020/01/12 00:00:00,10:44,No,Middle,alshaghaz,10,Exact,SA,430096,RAMSES38_SAU20-02.XL, ,1,0,1,2,1,0,0,0,0,0,0,0,0,0,0,0,0,0,0,0,0,0,0,0,0,0,0,0,0,0,0,0,0,0,0,0,0,0,0,1,0,0,0,-1,0,0,0,0,3,1,0,0,0,0,0,1,0,0.00060000003,0.00060000003,1,0,0,0,0,0,0,0,0,0,0,0,0,0,0,0,0,0,0,0,0,0,0,0,0,0,0,0,0,0,0,0,0,0,0,0,0,0,0,0,0,0,0,0,0,0,0,0,0,0,0,0,0,0,0,0,0,0,0,2020/01/12 00:00:00,2020/01/12 00:00:00,2,2,Fenitrothion,1,ha,6,l,6,ha,0,1,0,0,0,80,Band
40.256666667,20.2961111110001,24758,2020/01/02 00:00:00,10:09,2020/01/02 00:00:00,10:09,No,Early,ALKILH,500,Exact,SA,430120,RAMSES38_SAU20-02.XL, ,1,0,1,2,1,0,0,0,0,0,0,0,0,0,0,0,0,0,0,0,0,0,0,0,0,0,0,0,0,0,0,0,0,0,0,0,0,0,0,1,0,0,0,-1,0,1,1,1,3,0,0,0,0,0,0,1,0,0.0024999999,0.0024999999,0,1,0,0,0,0,0,0,0,0,0,0,0,0,0,0,0,0,0,0,0,0,0,0,0,0,0,0,0,0,0,0,0,0,0,0,0,0,0,0,0,0,0,0,0,0,0,0,0,0,0,0,0,0,0,0,0,0,0,1899/12/30 00:00:00,1899/12/30 00:00:00,0,0, ,0, ,0, ,0, ,0,0,0,0,0,0,Band
41.7944444440001,18.0027777780001,24759,2020/01/16 00:00:00,11:26,2020/01/16 00:00:00,11:26,No,Middle,alzora,300,Exact,SA,431522,RAMSES38_SAU20-03.XL, ,1,0,1,2,1,0,0,0,0,0,0,0,0,0,0,0,0,0,0,0,0,0,0,0,0,0,0,0,0,0,0,0,0,0,0,0,0,0,0,1,0,0,2,-1,0,0,0,1,3,1,0,0,0,0,0,1,0,0.0099999998,0.0099999998,0,1,0,0,0,0,0,0,0,0,0,0,0,0,0,0,0,0,0,0,0,0,0,0,0,0,0,0,0,0,0,0,0,0,0,0,0,0,0,0,0,0,0,0,0,0,0,0,0,0,0,0,0,0,0,0,0,0,0,2020/01/16 00:00:00,2020/01/16 00:00:00,2,2,Fenitrothion,1,ha,5,l,5,ha,0,1,0,0,0,85,Band
41.082777778,19.331111111,24760,2020/01/16 00:00:00,16:41,2020/01/16 00:00:00,16:41,No,Middle,algaima,10,Exact,SA,431527,RAMSES38_SAU20-03.XL, ,1,0,1,2,1,0,0,0,0,0,0,0,0,0,0,0,0,0,0,0,0,0,0,0,0,0,0,0,0,0,0,0,0,0,0,0,0,0,0,0,1,0,0,-1,0,0,0,0,3,1,0,0,0,0,0,1,0,0.001,0.001,1,0,0,0,0,0,0,0,0,0,0,0,0,0,0,0,0,0,0,0,0,0,0,0,0,0,0,0,0,0,0,0,0,0,0,0,0,0,0,0,0,0,0,0,0,0,0,0,0,0,0,0,0,0,0,0,0,0,0,2020/01/16 00:00:00,2020/01/16 00:00:00,2,2,Fenitrothion,1,ha,10,l,10,ha,0,1,0,0,0,85,Band
41.025555556,19.441666667,24761,2020/01/16 00:00:00,16:57,2020/01/16 00:00:00,16:57,No,Middle,algaima,40,Exact,SA,431528,RAMSES38_SAU20-03.XL, ,1,0,1,2,1,0,0,0,0,0,0,0,0,0,0,0,0,0,0,0,0,0,0,0,0,0,0,0,0,0,0,0,0,0,0,0,0,0,0,0,1,0,0,-1,0,0,0,0,1,3,0,0,3,0,0,1,0,0.0015,0.0015,1,0,0,0,0,0,0,0,0,0,0,0,0,0,0,0,0,0,0,0,0,0,0,0,0,0,0,0,0,0,0,0,0,0,0,0,0,0,0,0,0,0,0,0,0,0,0,0,0,0,0,0,0,0,0,0,0,0,0,2020/01/16 00:00:00,2020/01/16 00:00:00,2,2,Fenitrothion,1,ha,15,l,15,ha,0,1,0,0,0,85,Band
41.025555556,19.441666667,24762,2020/01/16 00:00:00,17:09,2020/01/16 00:00:00,17:09,No,Middle,algaima,30,Exact,SA,431529,RAMSES38_SAU20-03.XL, ,1,0,1,2,1,0,0,0,0,0,0,0,0,0,0,0,0,0,0,0,0,0,0,0,0,0,0,0,0,0,0,0,0,0,0,0,0,0,0,0,1,0,0,-1,0,0,0,0,1,3,0,0,3,0,0,1,0,0.0020000001,0.0020000001,1,0,0,0,0,0,0,0,0,0,0,0,0,0,0,0,0,0,0,0,0,0,0,0,0,0,0,0,0,0,0,0,0,0,0,0,0,0,0,0,0,0,0,0,0,0,0,0,0,0,0,0,0,0,0,0,0,0,0,2020/01/16 00:00:00,2020/01/16 00:00:00,2,2,Fenitrothion,2,ha,20,l,20,ha,0,1,0,0,0,85,Band
40.3636111110001,20.3275,24763,2020/01/19 00:00:00,09:51,2020/01/19 00:00:00,09:51,No,Middle,Shabwah,400,Exact,SA,431530,RAMSES38_SAU20-03.XL,Gregarious appearing,1,0,1,2,1,0,0,0,0,0,0,0,0,0,0,0,0,0,0,0,0,0,0,0,0,0,0,0,0,0,0,0,0,0,0,0,0,0,0,1,0,0,0,-1,0,0,0,0,0,0,0,0,1,0,0,1,0,10,10,0,0,0,1,0,0,0,0,0,0,1,0,0,1,1,0,0,0,0,0,0,0,1,0,0,0,0,1,0,0,0,0,0,0,0,0,0,0,0,0,0,0,0,0,0,0,0,0,0,0,0,0,0,0,0,0,0,0,0,2020/01/19 00:00:00,2020/01/19 00:00:00,2,2,Fenitrothion,1,ha,100,l,100,ha,0,1,0,0,0,85,Band
40.3636111110001,20.210833333,24764,2020/01/19 00:00:00,09:53,2020/01/19 00:00:00,09:53,No,Middle,Tareaq Alksara,400,Exact,SA,431531,RAMSES38_SAU20-03.XL,Gregarious appearing,1,0,1,2,1,0,0,0,0,0,0,0,0,0,0,0,0,0,0,0,0,0,0,0,0,0,0,0,0,0,0,0,0,0,0,0,0,0,0,1,0,0,0,-1,0,0,0,0,0,0,0,0,1,0,0,1,0,20,20,0,0,0,1,0,0,0,0,0,0,1,0,0,1,1,0,0,0,0,0,0,0,1,0,0,0,0,1,0,0,0,0,0,0,0,0,0,0,0,0,0,0,0,0,0,0,0,0,0,0,0,0,0,0,0,0,0,0,0,2020/01/19 00:00:00,2020/01/19 00:00:00,2,2,Fenitrothion,1,ha,200,l,200,ha,0,1,0,0,0,85,Band
40.4302777780001,20.594166667,24765,2020/01/19 00:00:00,09:56,2020/01/19 00:00:00,09:56,No,Middle,Gadam,300,Exact,SA,431532,RAMSES38_SAU20-03.XL,Gregarious appearing,1,0,1,2,1,0,0,0,0,0,0,0,0,0,0,0,0,0,0,0,0,0,0,0,0,0,0,0,0,0,0,0,0,0,0,0,0,0,1,0,0,0,0,-1,0,0,0,0,0,0,0,0,1,0,0,1,0,5,5,0,0,1,0,0,0,0,0,0,0,1,0,0,1,1,0,0,0,0,0,0,0,1,0,0,0,0,1,0,0,0,0,0,0,0,0,0,0,0,0,0,0,0,0,0,0,0,0,0,0,0,0,0,0,0,0,0,0,0,2020/01/19 00:00:00,2020/01/19 00:00:00,2,2,Fenitrothion,1,ha,100,l,100,ha,0,1,0,0,0,85,Band
40.2469444440001,20.3275,24766,2020/01/19 00:00:00,09:56,2020/01/19 00:00:00,09:56,No,Middle,Algalah,300,Exact,SA,431534,RAMSES38_SAU20-03.XL,Gregarious appearing,1,0,1,2,1,0,0,0,0,0,0,0,0,0,0,0,0,0,0,0,0,0,0,0,0,0,0,0,0,0,0,0,0,0,0,0,0,0,1,0,0,0,0,-1,0,0,0,0,0,0,0,0,1,0,0,1,0,3,3,0,0,1,0,0,0,0,0,0,0,1,0,0,1,1,0,0,0,0,0,0,0,1,0,0,0,0,1,0,0,0,0,0,0,0,0,0,0,0,0,0,0,0,0,0,0,0,0,0,0,0,0,0,0,0,0,0,0,0,2020/01/19 00:00:00,2020/01/19 00:00:00,2,2,Fenitrothion,1,ha,100,l,100,ha,0,1,0,0,0,85,Band
39.9802777780001,20.661111111,24767,2020/01/19 00:00:00,09:59,2020/01/19 00:00:00,09:59,No,Middle,Alsadiah,600,Exact,SA,431536,RAMSES38_SAU20-03.XL, ,1,0,1,2,1,0,0,0,0,0,0,0,0,0,0,0,0,0,0,0,0,0,0,0,0,0,0,0,0,0,0,0,0,0,0,0,0,0,1,0,0,0,0,-1,0,0,0,0,3,1,0,0,0,0,0,1,0,50,50,0,0,0,1,0,0,0,0,0,0,0,0,0,0,0,0,0,0,0,0,0,0,0,0,0,0,0,0,0,0,0,0,0,0,0,0,0,0,0,0,0,0,0,0,0,0,0,0,0,0,0,0,0,0,0,0,0,0,0,2020/01/19 00:00:00,2020/01/19 00:00:00,2,2,Fenitrothion,1,ha,200,l,200,ha,0,1,0,0,0,85,Band
41.9988888890001,17.826666667,24768,2020/01/19 00:00:00,10:15,2020/01/19 00:00:00,10:15,No,Middle,almaslom,300,Exact,SA,431538,RAMSES38_SAU20-03.XL, ,1,0,1,2,1,0,0,0,0,0,0,0,0,0,0,0,0,0,0,0,0,0,0,0,0,0,0,0,0,0,0,0,0,0,0,0,0,0,0,1,0,0,2,-1,0,0,1,3,1,0,0,0,0,0,0,0,1,0.0049999999,0.0049999999,0,1,0,0,0,0,0,0,0,0,0,0,0,0,0,0,0,0,0,0,0,0,0,0,0,0,0,0,0,0,0,0,0,0,0,0,0,0,0,0,0,0,0,0,0,0,0,0,0,0,0,0,0,0,0,0,0,0,0,2020/01/19 00:00:00,2020/01/19 00:00:00,2,2,Fenitrothion,1,ha,5,l,5,ha,0,1,0,0,0,85,Band
41.31,19.4186111110001,24769,2020/01/14 00:00:00,08:04,2020/01/14 00:00:00,08:04,No,Middle,bahir,10,Exact,SA,431543,RAMSES38_SAU20-03.XL, ,1,0,1,2,1,0,0,0,0,0,0,0,0,0,0,0,0,0,0,0,0,0,0,0,0,0,0,0,0,0,0,0,0,0,0,0,0,0,0,1,0,0,0,-1,0,0,0,0,3,1,0,0,0,0,0,1,0,0.00050000002,0.00050000002,1,0,0,0,0,0,0,0,0,0,0,0,0,0,0,0,0,0,0,0,0,0,0,0,0,0,0,0,0,0,0,0,0,0,0,0,0,0,0,0,0,0,0,0,0,0,0,0,0,0,0,0,0,0,0,0,0,0,0,2020/01/14 00:00:00,2020/01/14 00:00:00,2,2,Fenitrothion,1,ha,5,l,5,ha,0,1,0,0,0,90,Band
41.382777778,19.0058333330001,24770,2020/01/14 00:00:00,08:09,2020/01/14 00:00:00,08:09,No,Middle,AlQuz-Mshref,800,Exact,SA,431545,RAMSES38_SAU20-03.XL, ,1,0,1,2,1,0,0,0,0,0,0,0,0,0,0,0,0,0,0,0,0,0,0,0,0,0,0,0,0,0,0,0,0,0,0,0,0,0,0,1,0,0,0,-1,0,0,0,0,0,1,3,0,1,0,0,1,0,0.029999999,0.029999999,0,1,0,0,0,0,0,0,0,0,0,0,0,0,0,0,0,0,0,0,0,0,0,0,0,0,0,0,0,0,0,0,0,0,0,0,0,0,0,0,0,0,0,0,0,0,0,0,0,0,0,0,0,0,0,0,0,0,0,2020/01/14 00:00:00,2020/01/14 00:00:00,2,2,Deltamethrin,1,ha,600,l,600,ha,0,1,0,0,0,90,Band
41.395833333,18.956944444,24771,2020/01/15 00:00:00,09:56,2020/01/15 00:00:00,09:56,No,Middle,AlGbanah,700,Exact,SA,431549,RAMSES38_SAU20-03.XL, ,1,0,1,2,1,0,0,0,0,0,0,0,0,0,0,0,0,0,0,0,0,0,0,0,0,0,0,0,0,0,0,0,0,0,0,0,0,0,0,1,0,0,0,-1,0,0,0,0,0,3,1,0,3,0,0,1,0,0.029999999,0.029999999,0,1,0,0,0,0,0,0,0,0,0,0,0,0,0,0,0,0,0,0,0,0,0,0,0,0,0,0,0,0,0,0,0,0,0,0,0,0,0,0,0,0,0,0,0,0,0,0,0,0,0,0,0,0,0,0,0,0,0,1899/12/30 00:00:00,1899/12/30 00:00:00,0,0, ,0, ,0, ,0, ,0,0,0,0,0,0,Band
41.4936111110001,18.7372222220001,24772,2020/01/29 00:00:00,11:12,2020/01/29 00:00:00,11:12,No,Late,AlEinah,300,Exact,SA,432576,RAMSES38_SAU20-05.XL, ,1,0,1,2,1,0,0,0,0,0,0,0,0,0,0,0,0,0,0,0,0,0,0,0,0,0,0,0,0,0,0,0,0,0,0,0,0,0,1,0,0,0,0,-1,0,0,0,0,0,0,0,0,1,0,0,1,0,0.001,0.001,1,0,0,0,0,0,0,0,0,0,0,0,0,0,0,0,0,0,0,0,0,0,0,0,0,0,0,0,0,0,0,0,0,0,0,0,0,0,0,0,0,0,0,0,0,0,0,0,0,0,0,0,0,0,0,0,0,0,0,1899/12/30 00:00:00,1899/12/30 00:00:00,0,0, ,0, ,0, ,0, ,0,0,0,0,0,0,Band
41.9788888890001,17.8033333330001,24773,2020/01/02 00:00:00,11:04,2020/01/02 00:00:00,11:04,No,Early,aljar,300,Exact,SA,430127,RAMSES38_SAU20-02.XL, ,1,0,1,2,1,0,0,0,0,0,0,0,0,0,0,0,0,0,0,0,0,0,0,0,0,0,0,0,0,0,0,0,0,0,0,0,0,0,0,1,0,0,5,-1,0,0,3,1,0,0,0,0,0,0,0,0,1,0.0049999999,0.0049999999,0,1,0,0,0,0,0,0,0,0,0,0,0,0,0,0,0,0,0,0,0,0,0,0,0,0,0,0,0,0,0,0,0,0,0,0,0,0,0,0,0,0,0,0,0,0,0,0,0,0,0,0,0,0,0,0,0,0,0,2020/01/02 00:00:00,2020/01/02 00:00:00,2,1,Fenitrothion,1,ha,3,l,3,ha,0,1,0,0,0,90,Band
41.022777778,19.473888889,24774,2020/01/09 00:00:00,09:25,2020/01/09 00:00:00,09:25,No,Early,aljaho,6,Exact,SA,430155,RAMSES38_SAU20-02.XL, ,1,0,1,2,1,0,0,0,0,0,0,0,0,0,0,0,0,0,0,0,0,0,0,0,0,0,0,0,0,0,0,0,0,0,0,0,0,0,0,1,0,0,0,-1,0,0,0,1,3,0,0,0,0,0,0,1,0,0.00039999999,0.00039999999,1,0,0,0,0,0,0,0,0,0,0,0,0,0,0,0,0,0,0,0,0,0,0,0,0,0,0,0,0,0,0,0,0,0,0,0,0,0,0,0,0,0,0,0,0,0,0,0,0,0,0,0,0,0,0,0,0,0,0,2020/01/09 00:00:00,2020/01/09 00:00:00,2,1,Fenitrothion,1,ha,4,l,4,ha,0,1,0,0,0,85,Band
41.789444444,17.9980555560001,24775,2020/01/16 00:00:00,17:20,2020/01/16 00:00:00,17:20,No,Middle,alzora,400,Exact,SA,431557,RAMSES38_SAU20-03.XL, ,1,0,1,2,1,0,0,0,0,0,0,0,0,0,0,0,0,0,0,0,0,0,0,0,0,0,0,0,0,0,0,0,0,0,0,0,0,0,0,1,0,0,4,-1,0,0,0,1,3,1,0,0,0,0,0,1,0,0.0099999998,0.0099999998,0,1,0,0,0,0,0,0,0,0,0,0,0,0,0,0,0,0,0,0,0,0,0,0,0,0,0,0,0,0,0,0,0,0,0,0,0,0,0,0,0,0,0,0,0,0,0,0,0,0,0,0,0,0,0,0,0,0,0,2020/01/16 00:00:00,2020/01/16 00:00:00,2,2,Fenitrothion,1,ha,30,l,30,ha,0,1,0,0,0,85,Band
41.023888889,19.4408333330001,24776,2020/01/16 00:00:00,17:46,2020/01/16 00:00:00,17:46,No,Middle,algaima,40,Exact,SA,431559,RAMSES38_SAU20-03.XL, ,1,0,1,2,1,0,0,0,0,0,0,0,0,0,0,0,0,0,0,0,0,0,0,0,0,0,0,0,0,0,0,0,0,0,0,0,0,0,0,1,0,0,0,-1,0,0,0,0,1,3,0,0,3,0,0,1,0,0.0020000001,0.0020000001,1,0,0,0,0,0,0,0,0,0,0,0,0,0,0,0,0,0,0,0,0,0,0,0,0,0,0,0,0,0,0,0,0,0,0,0,0,0,0,0,0,0,0,0,0,0,0,0,0,0,0,0,0,0,0,0,0,0,0,2020/01/16 00:00:00,2020/01/16 00:00:00,2,2,Fenitrothion,2,ha,20,l,20,ha,0,1,0,0,0,85,Band
41.3480555560001,18.8772222220001,24777,2020/01/17 00:00:00,15:59,2020/01/17 00:00:00,15:59,No,Middle,AlMagawi,900,Exact,SA,431563,RAMSES38_SAU20-03.XL, ,1,0,1,2,1,0,0,0,0,0,0,0,0,0,0,0,0,0,0,0,0,0,0,0,0,0,0,0,0,0,0,0,0,0,0,0,0,0,0,1,0,0,0,-1,0,0,0,0,0,1,3,0,1,0,0,1,0,0.029999999,0.029999999,0,1,0,0,0,0,0,0,0,0,0,0,0,0,0,0,0,0,0,0,0,0,0,0,0,0,0,0,0,0,0,0,0,0,0,0,0,0,0,0,0,0,0,0,0,0,0,0,0,0,0,0,0,0,0,0,0,0,0,2020/01/17 00:00:00,2020/01/17 00:00:00,2,2,Deltamethrin,1,ha,500,l,500,ha,0,1,0,0,0,90,Band
41.395,18.965,24778,2020/01/17 00:00:00,16:32,2020/01/17 00:00:00,16:32,No,Middle,AlGbanah,700,Exact,SA,431564,RAMSES38_SAU20-03.XL, ,1,0,1,2,1,0,0,0,0,0,0,0,0,0,0,0,0,0,0,0,0,0,0,0,0,0,0,0,0,0,0,0,0,0,0,0,0,0,0,1,0,0,0,-1,0,0,0,0,0,1,3,0,1,0,0,1,0,0.035,0.035,0,1,0,0,0,0,0,0,0,0,0,0,0,0,0,0,0,0,0,0,0,0,0,0,0,0,0,0,0,0,0,0,0,0,0,0,0,0,0,0,0,0,0,0,0,0,0,0,0,0,0,0,0,0,0,0,0,0,0,2020/01/17 00:00:00,2020/01/17 00:00:00,2,2,Fenitrothion,1,ha,100,l,100,ha,0,1,0,0,0,90,Band
41.5058333330001,18.726111111,24779,2020/01/13 00:00:00,09:16,2020/01/13 00:00:00,09:16,No,Middle,alahmerh,300,Exact,SA,431566,RAMSES38_SAU20-03.XL, ,1,0,1,2,1,0,0,0,0,0,0,0,0,0,0,0,0,0,0,0,0,0,0,0,0,0,0,0,0,0,0,0,0,0,0,0,0,0,0,0,1,0,0,-1,0,0,0,0,1,1,3,0,0,0,0,1,0,0.02,0.02,0,1,0,0,0,0,0,0,0,0,0,0,0,0,0,0,0,0,0,0,0,0,0,0,0,0,0,0,0,0,0,0,0,0,0,0,0,0,0,0,0,0,0,0,0,0,0,0,0,0,0,0,0,0,0,0,0,0,0,2020/01/13 00:00:00,2020/01/13 00:00:00,2,2,Fenitrothion,1,ha,120,l,120,ha,0,1,0,0,0,0,Band
41.273333333,19.015833333,24780,2020/01/13 00:00:00,09:42,2020/01/13 00:00:00,09:42,No,Middle,AlDar AlBitha,600,Exact,SA,431573,RAMSES38_SAU20-03.XL, ,1,0,1,2,1,0,0,0,0,0,0,0,0,0,0,0,0,0,0,0,0,0,0,0,0,0,0,0,0,0,0,0,0,0,0,0,0,0,0,1,0,0,0,-1,0,0,0,0,1,3,1,0,3,0,0,1,0,0.029999999,0.029999999,0,1,0,0,0,0,0,0,0,0,0,0,0,0,0,0,0,0,0,0,0,0,0,0,0,0,0,0,0,0,0,0,0,0,0,0,0,0,0,0,0,0,0,0,0,0,0,0,0,0,0,0,0,0,0,0,0,0,0,2020/01/13 00:00:00,2020/01/13 00:00:00,2,2,Deltamethrin,1,ha,400,l,400,ha,0,1,0,0,0,90,Band
41.4283333330001,18.899444444,24781,2020/01/15 00:00:00,07:38,2020/01/15 00:00:00,07:38,No,Middle,Hadab,200,Exact,SA,431579,RAMSES38_SAU20-03.XL, ,1,0,1,2,1,0,0,0,0,0,0,0,0,0,0,0,0,0,0,0,0,0,0,0,0,0,0,0,0,0,0,0,0,0,0,0,0,0,0,1,0,0,0,-1,0,0,0,0,0,3,1,0,3,0,0,1,0,0.029999999,0.029999999,0,1,0,0,0,0,0,0,0,0,0,0,0,0,0,0,0,0,0,0,0,0,0,0,0,0,0,0,0,0,0,0,0,0,0,0,0,0,0,0,0,0,0,0,0,0,0,0,0,0,0,0,0,0,0,0,0,0,0,2020/01/15 00:00:00,2020/01/15 00:00:00,2,2,Fenitrothion,1,ha,40,l,40,ha,0,1,0,0,0,90,Band
41.147222222,19.4163888890001,24782,2020/01/15 00:00:00,07:58,2020/01/15 00:00:00,07:58,No,Middle,sabia bloma,10,Exact,SA,431581,RAMSES38_SAU20-03.XL, ,1,0,1,2,1,0,0,0,0,0,0,0,0,0,0,0,0,0,0,0,0,0,0,0,0,0,0,0,0,0,0,0,0,0,0,0,0,0,0,1,0,0,0,-1,0,0,0,0,1,3,0,0,3,0,0,1,0,0.00050000002,0.00050000002,1,0,0,0,0,0,0,0,0,0,0,0,0,0,0,0,0,0,0,0,0,0,0,0,0,0,0,0,0,0,0,0,0,0,0,0,0,0,0,0,0,0,0,0,0,0,0,0,0,0,0,0,0,0,0,0,0,0,0,2020/01/15 00:00:00,2020/01/15 00:00:00,2,2,Fenitrothion,5,ha,5,l,5,ha,0,1,0,0,0,90,Band
41.461666667,18.9141666670001,24783,2020/01/15 00:00:00,08:00,2020/01/15 00:00:00,08:00,No,Middle,AlHeisan,600,Exact,SA,431582,RAMSES38_SAU20-03.XL, ,1,0,1,2,1,0,0,0,0,0,0,0,0,0,0,0,0,0,0,0,0,0,0,0,0,0,0,0,0,0,0,0,0,0,0,0,0,0,0,1,0,0,0,-1,0,0,0,0,0,1,3,0,1,0,0,1,0,0.029999999,0.029999999,0,1,0,0,0,0,0,0,0,0,0,0,0,0,0,0,0,0,0,0,0,0,0,0,0,0,0,0,0,0,0,0,0,0,0,0,0,0,0,0,0,0,0,0,0,0,0,0,0,0,0,0,0,0,0,0,0,0,0,2020/01/15 00:00:00,2020/01/15 00:00:00,2,2,Deltamethrin,1,ha,400,l,400,ha,0,1,0,0,0,90,Band
41.522222222,18.784722222,24784,2020/01/16 00:00:00,09:00,2020/01/16 00:00:00,09:00,No,Middle,alsabath,200,Exact,SA,431588,RAMSES38_SAU20-03.XL, ,1,0,1,2,1,0,0,0,0,0,0,0,0,0,0,0,0,0,0,0,0,0,0,0,0,0,0,0,0,0,0,0,0,0,0,0,0,0,0,0,1,0,0,-1,0,0,0,0,1,1,3,0,0,0,0,1,0,0.025,0.025,0,1,0,0,0,0,0,0,0,0,0,0,0,0,0,0,0,0,0,0,0,0,0,0,0,0,0,0,0,0,0,0,0,0,0,0,0,0,0,0,0,0,0,0,0,0,0,0,0,0,0,0,0,0,0,0,0,0,0,2020/01/16 00:00:00,2020/01/16 00:00:00,2,2,Deltamethrin,1,ha,80,l,80,ha,0,1,0,0,0,90,Band
41.4225,18.966388889,24785,2020/01/16 00:00:00,09:08,2020/01/16 00:00:00,09:08,No,Middle,AlGrad,900,Exact,SA,431591,RAMSES38_SAU20-03.XL, ,1,0,1,2,1,0,0,0,0,0,0,0,0,0,0,0,0,0,0,0,0,0,0,0,0,0,0,0,0,0,0,0,0,0,0,0,0,0,0,1,0,0,0,-1,0,0,0,0,0,1,3,0,1,0,0,1,0,0.029999999,0.029999999,0,1,0,0,0,0,0,0,0,0,0,0,0,0,0,0,0,0,0,0,0,0,0,0,0,0,0,0,0,0,0,0,0,0,0,0,0,0,0,0,0,0,0,0,0,0,0,0,0,0,0,0,0,0,0,0,0,0,0,2020/01/16 00:00:00,2020/01/16 00:00:00,2,2,Deltamethrin,1,ha,600,l,600,ha,0,1,0,0,0,80,Band
40.695,20.131666667,24786,2020/01/15 00:00:00,08:43,2020/01/15 00:00:00,08:43,No,Middle,Kashrah,500,Exact,SA,431644,RAMSES38_SAU20-03.XL, ,1,0,1,2,1,0,0,0,0,0,0,0,0,0,0,0,0,0,0,0,0,0,0,0,0,0,0,0,0,0,0,0,0,0,0,0,0,0,0,1,0,0,80,-1,0,0,0,0,0,3,1,0,3,0,0,1,0,0.0060000001,0.0060000001,0,1,0,0,0,0,0,0,0,0,0,0,0,0,0,0,0,0,0,0,0,0,0,0,0,0,0,0,0,0,0,0,0,0,0,0,0,0,0,0,0,0,0,0,0,0,0,0,0,0,0,0,0,0,0,0,0,0,0,2020/01/15 00:00:00,2020/01/15 00:00:00,2,2,Fenitrothion,1,ha,200,l,200,ha,0,1,0,0,0,90,Band
41.1158333330001,19.264166667,24787,2020/01/15 00:00:00,08:48,2020/01/15 00:00:00,08:48,No,Middle,aja,10,Exact,SA,431647,RAMSES38_SAU20-03.XL, ,1,0,1,2,1,0,0,0,0,0,0,0,0,0,0,0,0,0,0,0,0,0,0,0,0,0,0,0,0,0,0,0,0,0,0,0,0,0,0,1,0,0,0,-1,0,0,0,1,3,0,0,0,0,0,0,1,0,0.001,0.001,1,0,0,0,0,0,0,0,0,0,0,0,0,0,0,0,0,0,0,0,0,0,0,0,0,0,0,0,0,0,0,0,0,0,0,0,0,0,0,0,0,0,0,0,0,0,0,0,0,0,0,0,0,0,0,0,0,0,0,2020/01/15 00:00:00,2020/01/15 00:00:00,2,2,Fenitrothion,1,ha,10,l,10,ha,0,1,0,0,0,90,Band
41.3808333330001,19.0044444440001,24788,2020/01/16 00:00:00,10:16,2020/01/16 00:00:00,10:16,No,Middle,Mshrf,900,Exact,SA,431656,RAMSES38_SAU20-03.XL, ,1,0,1,2,1,0,0,0,0,0,0,0,0,0,0,0,0,0,0,0,0,0,0,0,0,0,0,0,0,0,0,0,0,0,0,0,0,0,0,1,0,0,0,-1,0,0,0,0,0,1,3,0,1,0,0,1,0,0.029999999,0.029999999,0,1,0,0,0,0,0,0,0,0,0,0,0,0,0,0,0,0,0,0,0,0,0,0,0,0,0,0,0,0,0,0,0,0,0,0,0,0,0,0,0,0,0,0,0,0,0,0,0,0,0,0,0,0,0,0,0,0,0,2020/01/16 00:00:00,2020/01/16 00:00:00,2,2,Deltamethrin,1,ha,600,l,600,ha,0,1,0,0,0,85,Band
41.5033333330001,18.698611111,24789,2020/01/13 00:00:00,11:09,2020/01/13 00:00:00,11:09,No,Middle,habt  alahamerah,200,Exact,SA,431659,RAMSES38_SAU20-03.XL, ,1,0,1,2,1,0,0,0,0,0,0,0,0,0,0,0,0,0,0,0,0,0,0,0,0,0,0,0,0,0,0,0,0,0,0,0,0,0,0,0,1,0,0,-1,0,0,0,0,1,1,3,0,0,0,0,1,0,0.025,0.025,0,1,0,0,0,0,0,0,0,0,0,0,0,0,0,0,0,0,0,0,0,0,0,0,0,0,0,0,0,0,0,0,0,0,0,0,0,0,0,0,0,0,0,0,0,0,0,0,0,0,0,0,0,0,0,0,0,0,0,2020/01/13 00:00:00,2020/01/13 00:00:00,2,2,Fenitrothion,1,ha,100,l,100,ha,0,1,0,0,0,90,Band
41.471944444,18.7175,24790,2020/01/13 00:00:00,11:26,2020/01/13 00:00:00,11:26,No,Middle,alahamerh,200,Exact,SA,431664,RAMSES38_SAU20-03.XL, ,1,0,1,2,1,0,0,0,0,0,0,0,0,0,0,0,0,0,0,0,0,0,0,0,0,0,0,0,0,0,0,0,0,0,0,0,0,0,0,0,1,0,0,-1,0,0,0,0,1,3,1,0,3,0,0,1,0,0.029999999,0.029999999,0,1,0,0,0,0,0,0,0,0,0,0,0,0,0,0,0,0,0,0,0,0,0,0,0,0,0,0,0,0,0,0,0,0,0,0,0,0,0,0,0,0,0,0,0,0,0,0,0,0,0,0,0,0,0,0,0,0,0,2020/01/13 00:00:00,2020/01/13 00:00:00,2,2,Deltamethrin,1,ha,120,l,120,ha,0,1,0,0,0,90,Band
41.1130555560001,19.265,24791,2020/01/15 00:00:00,09:00,2020/01/15 00:00:00,09:00,No,Middle,aja,10,Exact,SA,431669,RAMSES38_SAU20-03.XL, ,1,0,1,2,1,0,0,0,0,0,0,0,0,0,0,0,0,0,0,0,0,0,0,0,0,0,0,0,0,0,0,0,0,0,0,0,0,0,0,1,0,0,0,-1,0,0,0,1,3,0,0,0,0,0,0,1,0,0.00079999998,0.00079999998,1,0,0,0,0,0,0,0,0,0,0,0,0,0,0,0,0,0,0,0,0,0,0,0,0,0,0,0,0,0,0,0,0,0,0,0,0,0,0,0,0,0,0,0,0,0,0,0,0,0,0,0,0,0,0,0,0,0,0,2020/01/15 00:00:00,2020/01/15 00:00:00,2,2,Fenitrothion,4,ha,8,l,8,ha,0,1,0,0,0,90,Band
41.4772222220001,18.878055556,24792,2020/01/29 00:00:00,17:00,2020/01/29 00:00:00,17:00,No,Late,AlHrigah,600,Exact,SA,432599,RAMSES38_SAU20-05.XL, ,1,0,1,2,1,0,0,0,0,0,0,0,0,0,0,0,0,0,0,0,0,0,0,0,0,0,0,0,0,0,0,0,0,0,0,0,0,0,1,0,0,0,0,-1,0,0,0,0,0,0,0,0,1,0,0,1,0,0.0020000001,0.0020000001,1,0,0,0,0,0,0,0,0,0,0,0,0,0,0,0,0,0,0,0,0,0,0,0,0,0,0,0,0,0,0,0,0,0,0,0,0,0,0,0,0,0,0,0,0,0,0,0,0,0,0,0,0,0,0,0,0,0,0,1899/12/30 00:00:00,1899/12/30 00:00:00,0,0, ,0, ,0, ,0, ,0,0,0,0,0,0,Band
41.5461111110001,18.8569444440001,24793,2020/01/29 00:00:00,17:20,2020/01/29 00:00:00,17:20,No,Late,AlAni,500,Exact,SA,432620,RAMSES38_SAU20-05.XL, ,1,0,1,2,1,0,0,0,0,0,0,0,0,0,0,0,0,0,0,0,0,0,0,0,0,0,0,0,0,0,0,0,0,0,0,0,0,0,1,0,0,0,0,-1,0,0,0,0,0,0,0,0,1,0,0,1,0,0.0020000001,0.0020000001,1,0,0,0,0,0,0,0,0,0,0,0,0,0,0,0,0,0,0,0,0,0,0,0,0,0,0,0,0,0,0,0,0,0,0,0,0,0,0,0,0,0,0,0,0,0,0,0,0,0,0,0,0,0,0,0,0,0,0,1899/12/30 00:00:00,1899/12/30 00:00:00,0,0, ,0, ,0, ,0, ,0,0,0,0,0,0,Band
41.521944444,18.790833333,24794,2020/01/29 00:00:00,18:02,2020/01/29 00:00:00,18:02,No,Late,AlSabtah - AlThy,600,Exact,SA,432622,RAMSES38_SAU20-05.XL, ,1,0,1,2,1,0,0,0,0,0,0,0,0,0,0,0,0,0,0,0,0,0,0,0,0,0,0,0,0,0,0,0,0,0,0,0,0,0,0,1,0,0,0,-1,0,0,0,0,0,3,1,0,3,0,0,1,0,0.0049999999,0.0049999999,0,1,0,0,0,0,0,0,0,0,0,0,0,0,0,0,0,0,0,0,0,0,0,0,0,0,0,0,0,0,0,0,0,0,0,0,0,0,0,0,0,0,0,0,0,0,0,0,0,0,0,0,0,0,0,0,0,0,0,2020/01/29 00:00:00,2020/01/29 00:00:00,2,3,Lambdacyhalothrin,1,ha,200,l,200,ha,0,1,0,0,0,85,Band
41.518333333,18.8116666670001,24795,2020/01/29 00:00:00,18:27,2020/01/29 00:00:00,18:27,No,Late,AlSabtah,600,Exact,SA,432623,RAMSES38_SAU20-05.XL, ,1,0,1,2,1,0,0,0,0,0,0,0,0,0,0,0,0,0,0,0,0,0,0,0,0,0,0,0,0,0,0,0,0,0,0,0,0,0,0,1,0,0,0,-1,0,0,0,0,0,3,1,0,3,0,0,1,0,0.0049999999,0.0049999999,0,1,0,0,0,0,0,0,0,0,0,0,0,0,0,0,0,0,0,0,0,0,0,0,0,0,0,0,0,0,0,0,0,0,0,0,0,0,0,0,0,0,0,0,0,0,0,0,0,0,0,0,0,0,0,0,0,0,0,2020/01/29 00:00:00,2020/01/29 00:00:00,2,3,Fenitrothion,1,ha,400,l,400,ha,0,1,0,0,0,85,Band
38.1333333330001,-0.166666666999959,24796,2020/02/17 00:00:00,08:25,2020/02/17 00:00:00,08:25,No,Middle,Kamaguna.,100,Exact,KE,435348,RAMSES38_KEN20-24.XL, ,1,0,1,2,1,0,0,0,0,0,0,0,0,0,0,0,0,0,0,0,0,0,0,0,0,0,0,0,0,0,0,0,0,0,0,0,0,0,0,0,0,0,0,-1,0,0,1,1,0,0,0,0,0,0,0,0,0,0,0,0,0,0,0,0,0,0,0,0,0,0,0,0,0,0,0,0,0,0,0,0,0,0,0,0,0,0,0,0,0,0,0,0,0,0,0,0,0,0,0,0,0,0,0,0,0,0,0,0,0,0,0,0,0,0,0,0,0,0,1899/12/30 00:00:00,1899/12/30 00:00:00,0,0, ,0, ,0, ,0, ,0,0,0,0,0,0,Band
37.066666667,3.31666666700005,24797,2020/02/17 00:00:00,09:12,2020/02/17 00:00:00,09:12,No,Middle,North horr,100,Exact,KE,435350,RAMSES38_KEN20-24.XL, ,1,0,1,2,1,0,0,0,0,0,0,0,0,0,0,0,0,0,0,0,0,0,0,0,0,0,0,0,0,0,0,0,0,0,0,0,0,0,0,0,0,0,0,-1,0,0,1,1,0,0,0,0,0,0,0,0,1,0,0,0,0,0,0,0,0,0,0,0,0,0,0,0,0,0,0,0,0,0,0,0,0,0,0,0,0,0,0,0,0,0,0,0,0,0,0,0,0,0,0,0,0,0,0,0,0,0,0,0,0,0,0,0,0,0,0,0,0,0,1899/12/30 00:00:00,1899/12/30 00:00:00,0,0, ,0, ,0, ,0, ,0,0,0,0,0,0,Band
37.25,0.6,24798,2020/02/29 00:00:00,10:27,2020/02/29 00:00:00,10:27,No,Late,Kipsing Isiolo 1 Spr,100,Exact,KE,438072,RAMSES38_KEN20-30.XL, ,1,0,1,2,1,0,0,0,0,0,0,0,0,0,0,0,0,0,0,0,0,0,0,0,0,0,0,0,0,0,0,0,0,0,0,0,0,0,0,1,0,0,0,-1,0,0,1,1,0,0,0,0,0,0,0,0,1,0,0,0,0,0,0,0,1,0,0,0,0,0,0,0,0,0,0,0,0,0,0,0,0,0,0,0,0,0,0,0,0,0,0,0,0,0,0,0,0,0,0,0,0,0,0,0,0,0,0,0,0,0,0,0,0,0,0,0,0,0,1899/12/30 00:00:00,1899/12/30 00:00:00,0,0, ,0, ,0, ,0, ,0,0,0,0,0,0,Band
37.2333333330001,0.583333333000041,24799,2020/02/29 00:00:00,10:29,2020/02/29 00:00:00,10:29,No,Late,Kipsing Isiolo 2 Spr,100,Exact,KE,438073,RAMSES38_KEN20-30.XL, ,1,0,1,2,1,0,0,0,0,0,0,0,0,0,0,0,0,0,0,0,0,0,0,0,0,0,0,0,0,0,0,0,0,0,0,0,0,0,0,1,0,0,0,-1,0,0,1,1,0,0,0,0,0,0,0,0,1,0,0,0,0,0,0,0,1,0,0,0,0,0,0,0,0,0,0,0,0,0,0,0,0,0,0,0,0,0,0,0,0,0,0,0,0,0,0,0,0,0,0,0,0,0,0,0,0,0,0,0,0,0,0,0,0,0,0,0,0,0,1899/12/30 00:00:00,1899/12/30 00:00:00,0,0, ,0, ,0, ,0, ,0,0,0,0,0,0,Band
37.216666667,0.56666666700005,24800,2020/02/29 00:00:00,10:30,2020/02/29 00:00:00,10:30,No,Late,Kipsing Isiolo 3 Spr,100,Exact,KE,438074,RAMSES38_KEN20-30.XL, ,1,0,1,2,1,0,0,0,0,0,0,0,0,0,0,0,0,0,0,0,0,0,0,0,0,0,0,0,0,0,0,0,0,0,0,0,0,0,0,1,0,0,0,-1,0,0,1,1,0,0,0,0,0,0,0,0,1,0,0,0,0,0,0,0,1,0,0,0,0,0,0,0,0,0,0,0,0,0,0,0,0,0,0,0,0,0,0,0,0,0,0,0,0,0,0,0,0,0,0,0,0,0,0,0,0,0,0,0,0,0,0,0,0,0,0,0,0,0,1899/12/30 00:00:00,1899/12/30 00:00:00,0,0, ,0, ,0, ,0, ,0,0,0,0,0,0,Band
36.95,3.21666666700003,24801,2020/02/29 00:00:00,10:25,2020/02/29 00:00:00,10:25,No,Late,North horr,100,Exact,KE,438078,RAMSES38_KEN20-30.XL, ,1,0,1,2,1,0,0,0,0,0,0,0,0,0,0,0,0,0,0,0,0,0,0,0,0,0,0,0,0,0,0,0,0,0,0,0,0,0,0,0,0,0,0,-1,0,0,0,0,0,1,1,0,0,0,0,0,0,0,0,0,0,0,0,0,0,0,0,0,0,0,0,0,0,0,0,0,0,0,0,0,0,0,0,0,0,0,0,0,0,0,0,0,0,0,0,0,0,0,0,0,0,0,0,0,0,0,0,0,0,0,0,0,0,0,0,0,0,0,1899/12/30 00:00:00,1899/12/30 00:00:00,0,0, ,0, ,0, ,0, ,0,0,0,0,0,0,Band
37.316666667,0.866666667000061,24802,2020/02/18 00:00:00,09:06,2020/02/18 00:00:00,09:06,No,Middle,Lerata Wamba,100,Exact,KE,435363,RAMSES38_KEN20-24.XL, ,1,0,1,2,1,0,0,0,0,0,0,0,0,0,0,0,0,0,0,0,0,0,0,0,0,0,0,0,0,0,0,0,0,0,0,0,0,0,0,0,0,0,0,-1,0,0,0,1,1,0,0,0,0,0,0,1,0,0,0,0,0,0,0,0,0,0,0,0,0,0,0,0,0,0,0,0,0,0,0,0,0,0,0,0,0,0,0,0,0,0,0,0,0,0,0,0,0,0,0,0,0,0,0,0,0,0,0,0,0,0,0,0,0,0,0,0,0,0,1899/12/30 00:00:00,1899/12/30 00:00:00,0,0, ,0, ,0, ,0, ,0,0,0,0,0,0,Band
44.846388889,13.0455555560001,24803,2020/02/27 00:00:00,07:44,2020/02/27 00:00:00,07:44,No,Late,abr slom,100,Exact,YE,438087,RAMSES38_YEM20-12.XL,Gregarious & transie,1,0,1,2,1,0,0,0,0,0,1,0,0,0,-1,0,0,0,0,0,0,0,0,0,0,0,0,0,0,1,0,0,1,0,0,0,0,0,0,1,0,0,3,-1,0,0,0,1,3,0,0,0,0,0,0,0,1,0.0020000001,0.0020000001,1,0,0,0,0,0,0,0,0,1,0,0,0,1,1,0,0,0,0,0,0,0,1,0,0,0,1,1,0,0,0,0,0,0,0,0,0,0,0,0,0,0,0,0,0,0,0,0,0,0,0,0,0,0,0,0,0,0,0,1899/12/30 00:00:00,1899/12/30 00:00:00,0,0, ,0, ,0, ,0, ,0,0,0,0,0,0,Band
44.8622222220001,13.0580555560001,24804,2020/02/27 00:00:00,07:57,2020/02/27 00:00:00,07:57,No,Late,shodaeef,200,Exact,YE,438088,RAMSES38_YEM20-12.XL, ,1,0,1,2,1,0,0,0,0,0,0,0,0,0,0,0,0,0,0,0,0,0,0,0,0,0,0,0,0,0,0,0,0,0,0,0,0,0,0,1,0,0,10,-1,0,0,0,1,3,0,0,0,0,0,0,0,1,0.001,0.001,1,0,0,0,0,0,0,0,0,0,0,0,0,0,0,0,0,0,0,0,0,0,0,0,0,0,0,0,0,0,0,0,0,0,0,0,0,0,0,0,0,0,0,0,0,0,0,0,0,0,0,0,0,0,0,0,0,0,0,2020/02/27 00:00:00,2020/02/27 00:00:00,2,3,Deltamethrin,1.2,ha,75,l,50,ha,1,0,0,0,0,80,Band
44.75,13.085833333,24805,2020/02/27 00:00:00,09:36,2020/02/27 00:00:00,09:36,No,Late,abreen1,100,Exact,YE,438090,RAMSES38_YEM20-12.XL,Gregarious appearing,1,0,1,2,1,0,0,0,0,0,0,0,0,0,0,0,0,0,0,0,0,0,0,0,0,0,0,0,0,0,0,0,0,0,0,0,0,0,0,1,0,0,3,-1,0,0,0,1,3,0,0,0,0,0,0,0,1,0.0049999999,0.0049999999,0,1,0,0,0,0,0,0,0,1,0,0,0,1,1,0,0,0,0,0,0,0,1,0,0,0,0,1,0,0,0,0,0,0,0,0,0,0,0,0,0,0,0,0,0,0,0,0,0,0,0,0,0,0,0,0,0,0,0,1899/12/30 00:00:00,1899/12/30 00:00:00,0,0, ,0, ,0, ,0, ,0,0,0,0,0,0,Band
44.828611111,13.0825,24806,2020/02/27 00:00:00,08:32,2020/02/27 00:00:00,08:32,No,Late,alzyadi,80,Exact,YE,438091,RAMSES38_YEM20-12.XL,Gregarious appearing,1,0,1,2,1,0,0,0,0,0,1,0,0,0,-1,0,0,0,0,0,0,0,0,0,0,0,0,0,0,1,0,0,1,0,0,0,0,0,0,1,0,0,3,-1,0,0,0,1,3,0,0,0,1,0,0,0,1,0.003,0.003,0,1,0,0,0,0,0,0,0,1,0,0,0,1,1,0,0,0,0,0,0,0,1,0,0,0,0,1,0,0,0,0,0,0,0,0,0,0,0,0,0,0,0,0,0,0,0,0,0,0,0,0,0,0,0,0,0,0,0,2020/02/27 00:00:00,2020/02/27 00:00:00,2,3,Deltamethrin,1,ha,150,l,160,ha,1,0,0,0,0,80,Band
44.778611111,13.029722222,24807,2020/02/27 00:00:00,10:21,2020/02/27 00:00:00,10:21,No,Late,abreen3,100,Exact,YE,438093,RAMSES38_YEM20-12.XL,Gregarious & transie,1,0,1,2,1,0,0,0,0,0,1,0,0,0,1,0,0,0,1,3,0,0,0,0,0,0,0,0,0,1,0,1,1,0,0,0,0,0,0,1,0,0,2,-1,0,0,0,1,3,0,0,0,0,0,0,0,1,0.003,0.003,0,1,0,0,0,0,0,0,0,1,0,0,0,1,1,0,0,0,0,0,0,0,0,0,1,1,1,1,0,0,0,0,0,0,0,0,0,0,0,0,0,0,0,0,0,0,0,0,0,0,0,0,0,0,0,0,0,0,0,1899/12/30 00:00:00,1899/12/30 00:00:00,0,0, ,0, ,0, ,0, ,0,0,0,0,0,0,Band
44.8516666670001,13.0575,24808,2020/02/27 00:00:00,11:51,2020/02/27 00:00:00,11:51,No,Late,al shodaeef1,100,Exact,YE,438098,RAMSES38_YEM20-12.XL,Gregarious & transie,1,0,1,2,1,0,0,0,0,0,1,0,0,0,-1,0,0,0,0,0,0,0,0,0,0,0,0,0,0,1,0,0,1,0,0,0,0,0,0,1,0,0,3,-1,0,0,0,1,3,0,0,0,1,0,0,0,1,0.001,0.001,1,0,0,0,0,0,0,0,0,1,0,0,0,1,1,0,0,0,0,0,0,0,1,0,0,0,1,1,0,0,0,0,0,0,0,0,0,0,0,0,0,0,0,0,0,0,0,0,0,0,0,0,0,0,0,0,0,0,0,2020/02/27 00:00:00,2020/02/27 00:00:00,2,3,Deltamethrin,1.2,ha,120,l,90,ha,1,0,0,0,0,80,Band
44.725,13.065,24809,2020/02/28 00:00:00,08:45,2020/02/28 00:00:00,08:45,No,Late,abreen6,200,Exact,YE,438103,RAMSES38_YEM20-12.XL,Gregarious appearing,1,0,1,2,1,0,0,0,0,0,0,0,0,0,0,0,0,0,0,0,0,0,0,0,0,0,0,0,0,0,0,0,0,0,10,20,0,0,0,1,0,0,15,-1,0,0,0,1,3,0,0,0,1,0,0,0,1,0.0015,0.0015,1,0,0,0,0,0,0,0,0,1,0,0,0,1,1,0,0,0,0,0,0,0,1,0,0,0,0,1,0,0,0,0,0,0,0,0,0,0,0,0,0,0,0,0,0,0,0,0,0,0,0,0,0,0,0,0,0,0,0,1899/12/30 00:00:00,1899/12/30 00:00:00,0,0, ,0, ,0, ,0, ,0,0,0,0,0,0,Band
44.701388889,13.068888889,24810,2020/02/28 00:00:00,09:00,2020/02/28 00:00:00,09:00,No,Late,arsan,100,Exact,YE,438104,RAMSES38_YEM20-12.XL, ,1,0,1,2,1,0,0,0,0,0,0,0,0,0,0,0,0,0,0,0,0,0,0,0,0,0,0,0,0,0,0,0,0,0,15,25,0,0,0,1,0,0,3,-1,0,0,0,1,3,0,0,0,0,0,0,0,1,0.003,0.003,0,1,0,0,0,0,0,0,0,0,0,0,0,0,0,0,0,0,0,0,0,0,0,0,0,0,0,0,0,0,0,0,0,0,0,0,0,0,0,0,0,0,0,0,0,0,0,0,0,0,0,0,0,0,0,0,0,0,0,1899/12/30 00:00:00,1899/12/30 00:00:00,0,0, ,0, ,0, ,0, ,0,0,0,0,0,0,Band
44.6958333330001,13.0472222220001,24811,2020/02/28 00:00:00,09:47,2020/02/28 00:00:00,09:47,No,Late,khazan,90,Exact,YE,438106,RAMSES38_YEM20-12.XL,Gregarious & transie,1,0,1,2,1,0,0,0,0,0,0,0,0,0,0,0,0,0,0,0,0,0,0,0,0,0,0,0,0,0,0,0,0,0,0,0,0,0,1,0,0,0,2,-1,0,0,0,1,3,0,0,0,0,0,0,0,1,0.001,0.001,1,0,0,0,0,0,0,0,0,1,0,0,0,1,1,0,3,0,0,0,0,0,0,0,1,1,1,1,0,0,0,0,0,0,0,0,0,0,0,0,0,0,0,0,0,0,0,0,0,0,0,0,0,0,0,0,0,0,0,1899/12/30 00:00:00,1899/12/30 00:00:00,0,0, ,0, ,0, ,0, ,0,0,0,0,0,0,Band
44.6961111110001,13.101111111,24812,2020/02/28 00:00:00,11:40,2020/02/28 00:00:00,11:40,No,Late,am shaebi,100,Exact,YE,438109,RAMSES38_YEM20-12.XL, ,1,0,1,2,1,0,0,0,0,0,0,0,0,0,0,0,0,0,0,0,0,0,0,0,0,0,0,0,0,0,0,0,0,0,0,0,0,0,1,0,0,0,3,-1,0,0,0,1,3,0,0,0,0,0,0,0,1,0.0020000001,0.0020000001,1,0,0,0,0,0,0,0,0,0,0,0,0,0,0,0,0,0,0,0,0,0,0,0,0,0,0,0,0,0,0,0,0,0,0,0,0,0,0,0,0,0,0,0,0,0,0,0,0,0,0,0,0,0,0,0,0,0,0,1899/12/30 00:00:00,1899/12/30 00:00:00,0,0, ,0, ,0, ,0, ,0,0,0,0,0,0,Band
44.4788888890001,13.0366666670001,24813,2020/02/29 00:00:00,15:53,2020/02/29 00:00:00,15:53,No,Late,rosakhy,200,Exact,YE,438116,RAMSES38_YEM20-12.XL,Gregarious & transie,1,0,1,2,1,0,0,0,0,0,0,1,0,0,-1,0,0,0,0,0,1,1,0,3,0,0,0,0,1,0,0,1,1,0,0,0,0,0,0,1,0,0,5,-1,0,0,0,0,1,1,3,0,3,0,0,0,1,0.00030000001,0.00030000001,1,0,0,0,0,0,0,0,0,0,1,0,0,2,1,0,0,0,0,0,0,0,1,0,0,0,1,1,0,0,0,0,0,0,0,0,0,0,0,0,0,0,0,0,0,0,0,0,0,0,0,0,0,0,0,0,0,0,0,1899/12/30 00:00:00,1899/12/30 00:00:00,0,0, ,0, ,0, ,0, ,0,0,0,0,0,0,Band
44.3580555560001,13.033888889,24814,2020/02/29 00:00:00,16:52,2020/02/29 00:00:00,16:52,No,Late,wadi al khadi,200,Exact,YE,438117,RAMSES38_YEM20-12.XL,Gregarious appearing,1,0,1,2,1,0,0,0,0,0,0,0,0,0,0,0,0,0,0,0,0,0,0,0,0,0,0,0,0,0,0,0,0,0,0,0,0,0,1,0,0,0,2,-1,0,0,1,3,1,0,0,0,0,0,0,0,1,0.001,0.001,1,0,0,0,0,0,0,0,0,1,0,0,0,1,1,0,0,0,0,0,0,0,0,0,1,1,0,1,0,0,0,0,0,0,0,0,0,0,0,0,0,0,0,0,0,0,0,0,0,0,0,0,0,0,0,0,0,0,0,1899/12/30 00:00:00,1899/12/30 00:00:00,0,0, ,0, ,0, ,0, ,0,0,0,0,0,0,Band
44.508888889,13.033888889,24815,2020/02/29 00:00:00,15:14,2020/02/29 00:00:00,15:14,No,Late,central,200,Exact,YE,438118,RAMSES38_YEM20-12.XL,Gregarious & transie,1,0,1,2,1,0,0,0,0,0,1,0,0,0,2,0,0,0,1,3,0,0,0,1,0,0,0,0,0,1,0,1,1,0,15,25,0,0,0,1,0,0,2,-1,0,0,0,1,3,3,0,0,1,0,0,0,1,1,1,0,0,1,0,0,0,0,0,0,1,0,0,0,2,1,0,0,0,0,0,0,0,1,0,0,0,1,1,0,0,0,0,0,0,0,0,0,0,0,0,0,0,0,0,0,0,0,0,0,0,0,0,0,0,0,0,0,0,0,1899/12/30 00:00:00,1899/12/30 00:00:00,0,0, ,0, ,0, ,0, ,0,0,0,0,0,0,Band
44.3661111110001,13.024166667,24816,2020/02/29 00:00:00,17:03,2020/02/29 00:00:00,17:03,No,Late,wadi khadi,100,Exact,YE,438119,RAMSES38_YEM20-12.XL,Gregarious & transie,1,0,1,2,1,0,0,0,0,0,0,0,0,0,0,0,0,0,0,0,0,0,0,0,0,0,0,0,0,0,0,0,0,0,50,70,0,0,0,1,1,0,2,-1,0,0,0,1,3,0,0,0,0,0,0,0,1,0.0040000002,0.0040000002,0,1,0,0,0,0,0,0,0,1,0,0,0,1,1,0,0,0,0,0,0,0,1,0,0,0,1,1,0,0,0,0,0,0,0,0,0,0,0,0,0,0,0,0,0,0,0,0,0,0,0,0,0,0,0,0,0,0,0,1899/12/30 00:00:00,1899/12/30 00:00:00,0,0, ,0, ,0, ,0, ,0,0,0,0,0,0,Band
44.4269444440001,13.0547222220001,24817,2020/02/29 00:00:00,15:25,2020/02/29 00:00:00,15:25,No,Late,central,90,Exact,YE,438121,RAMSES38_YEM20-12.XL,Gregarious & transie,1,0,1,2,1,0,0,0,0,0,0,0,0,0,0,0,0,0,0,0,0,0,0,0,0,0,0,0,0,0,0,0,0,0,0,0,0,0,1,0,0,0,2,-1,0,0,0,1,1,3,0,0,3,0,0,0,1,1,1,0,0,1,0,0,0,0,0,0,1,0,0,0,1,1,0,0,0,0,0,0,0,0,1,0,0,1,1,0,0,0,0,0,0,0,0,0,0,0,0,0,0,0,0,0,0,0,0,0,0,0,0,0,0,0,0,0,0,0,1899/12/30 00:00:00,1899/12/30 00:00:00,0,0, ,0, ,0, ,0, ,0,0,0,0,0,0,Band
44.833333333,13.0625,24818,2020/02/27 00:00:00,08:49,2020/02/27 00:00:00,08:49,No,Late,alnobah,60,Exact,YE,438122,RAMSES38_YEM20-12.XL,Gregarious appearing,1,0,1,2,1,0,0,0,0,0,0,0,0,0,0,0,0,0,0,0,0,0,0,0,0,0,0,0,0,0,0,0,0,0,0,0,0,0,0,1,0,0,5,-1,0,0,0,1,3,0,0,0,0,0,0,0,1,0.0020000001,0.0020000001,1,0,0,0,0,0,0,0,0,1,0,0,0,1,1,0,0,0,0,0,0,0,1,0,0,0,0,1,0,0,0,0,0,0,0,0,0,0,0,0,0,0,0,0,0,0,0,0,0,0,0,0,0,0,0,0,0,0,0,2020/02/27 00:00:00,2020/02/27 00:00:00,2,3,Deltamethrin,1.2,ha,100,l,100,ha,1,0,0,0,0,80,Band
44.8738888890001,13.032777778,24819,2020/02/29 00:00:00,08:56,2020/02/29 00:00:00,08:56,No,Late,baeyteayad,100,Exact,YE,438125,RAMSES38_YEM20-12.XL,Gregarious appearing,1,0,1,2,1,0,0,0,0,0,1,0,0,0,2,0,0,0,1,3,0,0,0,1,0,0,0,0,0,1,0,1,1,0,0,0,0,0,0,1,0,0,6,-1,0,0,0,1,3,1,0,0,1,0,0,0,1,0.0049999999,0.0049999999,0,1,0,0,0,0,0,0,0,1,0,0,0,1,1,0,0,0,0,0,0,0,1,0,0,0,0,1,0,0,0,0,0,0,0,0,0,0,0,0,0,0,0,0,0,0,0,0,0,0,0,0,0,0,0,0,0,0,0,2020/02/29 00:00:00,2020/02/29 00:00:00,2,3,Deltamethrin,1,ha,175,l,175,ha,1,0,0,0,0,80,Band
44.8733333330001,13.033333333,24820,2020/02/29 00:00:00,10:13,2020/02/29 00:00:00,10:13,No,Late,alshodaef,80,Exact,YE,438126,RAMSES38_YEM20-12.XL,Gregarious & transie,1,0,1,2,1,0,0,0,0,0,0,0,0,0,0,0,0,0,0,0,0,0,0,0,0,0,0,0,0,0,0,0,0,0,0,0,0,0,0,1,0,0,5,-1,0,0,0,1,3,1,0,0,0,0,0,0,1,0.0049999999,0.0049999999,0,1,0,0,0,0,0,0,0,1,0,0,0,2,1,0,0,0,0,0,0,0,1,0,0,0,1,1,0,0,0,0,0,0,0,0,0,0,0,0,0,0,0,0,0,0,0,0,0,0,0,0,0,0,0,0,0,0,0,2020/02/29 00:00:00,2020/02/29 00:00:00,2,3,Deltamethrin,1,ha,150,l,150,ha,1,0,0,0,0,80,Band
44.8775,12.968888889,24821,2020/02/29 00:00:00,13:47,2020/02/29 00:00:00,13:47,No,Late,alwhat,100,Exact,YE,438127,RAMSES38_YEM20-12.XL,Gregarious appearing,1,0,1,2,1,0,0,0,0,0,0,0,0,0,0,0,0,0,0,0,0,0,0,0,0,0,0,0,0,0,0,0,0,0,0,0,0,0,0,1,0,0,3,-1,0,0,0,1,3,0,0,0,0,0,0,0,1,0.003,0.003,0,1,0,0,0,0,0,0,0,1,0,0,0,1,1,0,0,0,0,0,0,0,1,0,0,0,0,1,0,0,0,0,0,0,0,0,0,0,0,0,0,0,0,0,0,0,0,0,0,0,0,0,0,0,0,0,0,0,0,1899/12/30 00:00:00,1899/12/30 00:00:00,0,0, ,0, ,0, ,0, ,0,0,0,0,0,0,Band
42.9,15.75,24822,2020/02/23 00:00:00,10:35,2020/02/23 00:00:00,10:35,No,Late,W. Aean,100,Exact,YE,438129,RAMSES38_YEM20-12.XL, ,1,0,1,2,1,0,0,0,0,0,0,0,0,0,0,0,0,0,0,0,0,0,0,0,0,0,0,0,0,0,0,0,0,0,0,0,0,0,0,0,1,0,0,-1,0,1,3,0,0,0,0,0,0,0,0,0,1,0.001,0.001,1,0,0,0,0,0,0,0,0,0,0,0,0,0,0,0,0,0,0,0,0,0,0,0,0,0,0,0,0,0,0,0,0,0,0,0,0,0,0,0,0,0,0,0,0,0,0,0,0,0,0,0,0,0,0,0,0,0,0,1899/12/30 00:00:00,1899/12/30 00:00:00,0,0, ,0, ,0, ,0, ,0,0,0,0,0,0,Band
43.093333333,15.084166667,24823,2020/02/02 00:00:00,08:51,2020/02/02 00:00:00,08:51,No,Early,NE. Kadaneya,200,Exact,YE,438133,RAMSES38_YEM20-12.XL,Gregarious & transie,1,0,1,2,1,0,0,0,0,0,0,0,0,0,0,0,0,0,0,0,0,0,0,0,0,0,0,0,0,0,0,0,0,0,0,0,0,0,0,1,0,0,3,-1,0,0,0,0,0,1,3,0,1,0,0,1,0,0.003,0.003,0,1,0,0,0,0,0,0,0,1,0,0,0,2,3,0,1,0,0,0,0,0,0,0,1,1,1,1,0,0,0,0,0,0,0,0,0,0,0,0,0,0,0,0,0,0,0,0,0,0,0,0,0,0,0,0,0,0,0,2020/02/02 00:00:00,2020/02/02 00:00:00,2,1,Malathion,1,ha,20,l,20,ha,0,1,0,0,0,80,Band
43.1061111110001,15.094444444,24824,2020/02/02 00:00:00,09:19,2020/02/02 00:00:00,09:19,No,Early,W. Deer Huzail,100,Exact,YE,438135,RAMSES38_YEM20-12.XL,Gregarious & transie,1,0,1,2,1,0,0,0,0,0,0,0,0,0,0,0,0,0,0,0,0,0,0,0,0,0,0,0,0,0,0,0,0,0,0,0,0,0,0,0,1,0,2,-1,0,0,0,0,0,1,3,0,1,0,0,1,0,1,1,0,0,1,0,0,0,0,0,0,1,0,0,0,2,3,0,1,0,0,0,0,0,0,0,1,1,1,1,0,0,0,0,0,0,0,0,0,0,0,0,0,0,0,0,0,0,0,0,0,0,0,0,0,0,0,0,0,0,0,2020/02/02 00:00:00,2020/02/02 00:00:00,2,1,Other,1,ha,6,l,30,ha,0,1,0,0,0,80,Band
43.075,15.094166667,24825,2020/02/01 00:00:00,07:12,2020/02/01 00:00:00,07:12,No,Early,W.Hasaneya,100,Exact,YE,438141,RAMSES38_YEM20-12.XL,Gregarious & transie,1,0,1,2,1,0,0,0,0,0,0,0,0,0,0,0,0,0,0,0,0,0,0,0,0,0,0,0,0,0,0,0,0,0,0,0,0,0,0,1,0,0,3,-1,0,0,0,0,0,1,3,0,1,0,0,1,0,0.003,0.003,0,1,0,0,0,0,0,0,0,1,0,0,0,2,3,0,1,0,0,0,0,0,0,0,1,1,1,1,0,0,0,0,0,0,0,0,0,0,0,0,0,0,0,0,0,0,0,0,0,0,0,0,0,0,0,0,0,0,0,2020/02/01 00:00:00,2020/02/01 00:00:00,2,1,Other,1,ha,4,l,25,ha,0,1,0,0,0,80,Band
43.099722222,15.084444444,24826,2020/02/01 00:00:00,08:03,2020/02/01 00:00:00,08:03,No,Early,W. Deer Al-Hum,200,Exact,YE,438142,RAMSES38_YEM20-12.XL,Gregarious & transie,1,0,1,2,1,0,0,0,0,0,0,0,0,0,0,0,0,0,0,0,0,0,0,0,0,0,0,0,0,0,0,0,0,0,0,0,0,0,0,1,0,0,10,-1,0,0,0,0,0,1,3,0,1,0,0,1,0,0.0020000001,0.0020000001,1,0,0,0,0,0,0,0,0,1,0,0,0,2,3,0,1,0,0,0,0,0,0,0,1,1,1,1,0,0,0,0,0,0,0,0,0,0,0,0,0,0,0,0,0,0,0,0,0,0,0,0,0,0,0,0,0,0,0,2020/02/01 00:00:00,2020/02/01 00:00:00,2,1,Malathion,1,ha,40,l,40,ha,0,1,0,0,0,80,Band
43.090833333,15.079722222,24827,2020/02/01 00:00:00,08:14,2020/02/01 00:00:00,08:14,No,Early,Kadaneya,100,Exact,YE,438143,RAMSES38_YEM20-12.XL,Gregarious & transie,1,0,1,2,1,0,0,0,0,0,0,0,0,0,0,0,0,0,0,0,0,0,0,0,0,0,0,0,0,0,0,0,0,0,0,0,0,0,0,1,0,0,5,-1,0,0,0,0,0,1,3,0,1,0,0,1,0,0.0015,0.0015,1,0,0,0,0,0,0,0,0,1,0,0,0,2,3,0,1,0,0,0,0,0,0,0,1,1,1,1,0,0,0,0,0,0,0,0,0,0,0,0,0,0,0,0,0,0,0,0,0,0,0,0,0,0,0,0,0,0,0,2020/02/01 00:00:00,2020/02/01 00:00:00,2,1,Malathion,0.5,ha,20,l,40,ha,0,1,0,0,0,80,Band
43.082222222,15.088055556,24828,2020/02/01 00:00:00,08:31,2020/02/01 00:00:00,08:31,No,Early,S. Hasaney,200,Exact,YE,438144,RAMSES38_YEM20-12.XL,Gregarious & transie,1,0,1,2,1,0,0,0,0,0,0,0,0,0,0,0,0,0,0,0,0,0,0,0,0,0,0,0,0,0,0,0,0,0,0,0,0,0,0,0,1,0,2,-1,0,0,0,0,0,1,3,0,1,0,0,1,0,1,1,0,0,1,0,0,0,0,0,0,1,0,0,0,2,3,0,1,0,0,0,0,0,0,0,1,1,1,1,0,0,0,0,0,0,0,0,0,0,0,0,0,0,0,0,0,0,0,0,0,0,0,0,0,0,0,0,0,0,0,2020/02/01 00:00:00,2020/02/01 00:00:00,2,1,Other,1,ha,8,l,30,ha,0,1,0,0,0,80,Band
43.095833333,15.092222222,24829,2020/02/01 00:00:00,08:42,2020/02/01 00:00:00,08:42,No,Early,E. Hasaneya,100,Exact,YE,438145,RAMSES38_YEM20-12.XL,Gregarious & transie,1,0,1,2,1,0,0,0,0,0,0,0,0,0,0,0,0,0,0,0,0,0,0,0,0,0,0,0,0,0,0,0,0,0,0,0,0,0,0,0,1,0,3,-1,0,0,0,0,0,1,3,0,1,0,0,1,0,0.0020000001,0.0020000001,1,0,0,0,0,0,0,0,0,1,0,0,0,2,3,0,1,0,0,0,0,0,0,0,1,1,1,1,0,0,0,0,0,0,0,0,0,0,0,0,0,0,0,0,0,0,0,0,0,0,0,0,0,0,0,0,0,0,0,2020/02/01 00:00:00,2020/02/01 00:00:00,2,1,Other,1,ha,4,l,25,ha,0,1,0,0,0,80,Band
43.1025,15.093333333,24830,2020/02/02 00:00:00,08:00,2020/02/02 00:00:00,08:00,No,Early,Asemeya,100,Exact,YE,438153,RAMSES38_YEM20-12.XL,Gregarious & transie,1,0,1,2,1,0,0,0,0,0,0,0,0,0,0,0,0,0,0,0,0,0,0,0,0,0,0,0,0,0,0,0,0,0,0,0,0,0,0,0,1,0,2,-1,0,0,0,0,0,1,3,0,1,0,0,1,0,0.0099999998,0.0099999998,0,1,0,0,0,0,0,0,0,1,0,0,0,2,3,0,1,0,0,0,0,0,0,0,1,1,1,1,0,0,0,0,0,0,0,0,0,0,0,0,0,0,0,0,0,0,0,0,0,0,0,0,0,0,0,0,0,0,0,2020/02/02 00:00:00,2020/02/02 00:00:00,2,1,Other,1,ha,5,l,20,ha,0,1,0,0,0,80,Band
44.85,13.05,24831,2020/02/24 00:00:00,10:46,2020/02/24 00:00:00,10:46,No,Late,Aash Shuzayf,200,Exact,YE,438156,RAMSES38_YEM20-12.XL,Gregarious & transie,1,0,1,2,1,0,0,0,0,0,0,0,0,0,0,0,0,0,0,0,0,0,0,0,0,0,0,0,0,0,0,0,0,0,0,0,0,0,0,0,1,0,2,-1,0,0,0,1,3,0,0,0,0,0,0,0,1,0.0024999999,0.0024999999,0,1,0,0,0,0,0,0,0,1,0,0,0,1,1,0,0,0,0,0,0,0,1,0,0,0,1,1,0,0,0,0,0,0,0,0,0,0,0,0,0,0,0,0,0,0,0,0,0,0,0,0,0,0,0,0,0,0,0,1899/12/30 00:00:00,1899/12/30 00:00:00,0,0, ,0, ,0, ,0, ,0,0,0,0,0,0,Band
41.3505555560001,18.8691666670001,24832,2020/02/21 00:00:00,15:59,2020/02/21 00:00:00,15:59,No,Late,Janob AlMahbat,300,Exact,SA,439647,RAMSES38_SAU20-13.XL, ,1,0,1,2,1,0,0,0,0,0,0,0,0,0,0,0,0,0,0,0,0,0,0,0,0,0,0,0,0,0,0,0,0,0,0,0,0,0,1,0,0,0,0,-1,0,0,0,0,0,0,0,0,1,0,0,1,0,0.00050000002,0.00050000002,1,0,0,0,0,0,0,0,0,0,0,0,0,0,0,0,0,0,0,0,0,0,0,0,0,0,0,0,0,0,0,0,0,0,0,0,0,0,0,0,0,0,0,0,0,0,0,0,0,0,0,0,0,0,0,0,0,0,0,1899/12/30 00:00:00,1899/12/30 00:00:00,0,0, ,0, ,0, ,0, ,0,0,0,0,0,0,Band
41.4980555560001,18.841388889,24833,2020/02/21 00:00:00,16:23,2020/02/21 00:00:00,16:23,No,Late,Shea AlGdem,500,Exact,SA,439648,RAMSES38_SAU20-13.XL, ,1,0,1,2,1,0,0,0,0,0,0,0,0,0,0,0,0,0,0,0,0,0,0,0,0,0,0,0,0,0,0,0,0,0,0,0,0,0,1,0,0,0,0,-1,0,0,0,0,0,0,0,0,1,0,0,1,0,0.00050000002,0.00050000002,1,0,0,0,0,0,0,0,0,0,0,0,0,0,0,0,0,0,0,0,0,0,0,0,0,0,0,0,0,0,0,0,0,0,0,0,0,0,0,0,0,0,0,0,0,0,0,0,0,0,0,0,0,0,0,0,0,0,0,2020/02/21 00:00:00,2020/02/21 00:00:00,2,3,Lambdacyhalothrin,1,ha,40,l,40,ha,0,1,0,0,0,90,Band
41.529722222,18.822777778,24834,2020/02/21 00:00:00,16:33,2020/02/21 00:00:00,16:33,No,Late,Khabt Shea,300,Exact,SA,439649,RAMSES38_SAU20-13.XL, ,1,0,1,2,1,0,0,0,0,0,0,0,0,0,0,0,0,0,0,0,0,0,0,0,0,0,0,0,0,0,0,0,0,0,0,0,0,0,1,0,0,0,0,-1,0,0,0,0,0,0,0,0,1,0,0,1,0,0.00019999999,0.00019999999,1,0,0,0,0,0,0,0,0,0,0,0,0,0,0,0,0,0,0,0,0,0,0,0,0,0,0,0,0,0,0,0,0,0,0,0,0,0,0,0,0,0,0,0,0,0,0,0,0,0,0,0,0,0,0,0,0,0,0,1899/12/30 00:00:00,1899/12/30 00:00:00,0,0, ,0, ,0, ,0, ,0,0,0,0,0,0,Band
41.5027777780001,18.79,24835,2020/02/21 00:00:00,17:06,2020/02/21 00:00:00,17:06,No,Late,Khabt AlSabtah,500,Exact,SA,439650,RAMSES38_SAU20-13.XL, ,1,0,1,2,1,0,0,0,0,0,0,0,0,0,0,0,0,0,0,0,0,0,0,0,0,0,0,0,0,0,0,0,0,0,0,0,0,0,1,0,0,0,0,-1,0,0,0,0,0,0,0,0,1,0,0,1,0,0.001,0.001,1,0,0,0,0,0,0,0,0,0,0,0,0,0,0,0,0,0,0,0,0,0,0,0,0,0,0,0,0,0,0,0,0,0,0,0,0,0,0,0,0,0,0,0,0,0,0,0,0,0,0,0,0,0,0,0,0,0,0,2020/02/21 00:00:00,2020/02/21 00:00:00,2,3,Lambdacyhalothrin,1,ha,60,l,60,ha,0,1,0,0,0,90,Band
41.461666667,18.8705555560001,24836,2020/02/11 00:00:00,09:38,2020/02/11 00:00:00,09:38,No,Middle,Shia,300,Exact,SA,439666,RAMSES38_SAU20-13.XL, ,1,0,1,2,1,0,0,0,0,0,0,0,0,0,0,0,0,0,0,0,0,0,0,0,0,0,0,0,0,0,0,0,0,0,0,0,0,0,1,0,0,0,0,-1,0,0,0,0,0,0,0,0,1,0,0,1,0,0.00050000002,0.00050000002,1,0,0,0,0,0,0,0,0,0,0,0,0,0,0,0,0,0,0,0,0,0,0,0,0,0,0,0,0,0,0,0,0,0,0,0,0,0,0,0,0,0,0,0,0,0,0,0,0,0,0,0,0,0,0,0,0,0,0,1899/12/30 00:00:00,1899/12/30 00:00:00,0,0, ,0, ,0, ,0, ,0,0,0,0,0,0,Band
38.0,-1.28333333299997,24837,2020/02/21 00:00:00,09:27,2020/02/21 00:00:00,09:27,No,Late,Maseki,100,Exact,KE,435974,RAMSES38_KEN20-27.XL, ,1,0,1,1,1,0,0,0,0,0,0,0,0,0,0,0,0,0,0,0,0,0,0,0,0,0,0,0,0,0,0,0,0,0,0,0,0,0,0,0,0,0,0,-1,0,0,1,1,0,0,0,0,0,0,0,0,0,0,0,0,0,0,0,0,0,0,0,0,0,0,0,0,0,0,0,0,0,0,0,0,0,0,0,0,0,0,0,0,0,0,0,0,0,0,0,-1,0,0,1,1,1,0,1,0,0,0,0,0,0,0,0,0,0,0,0,0,0,0,1899/12/30 00:00:00,1899/12/30 00:00:00,0,0, ,0, ,0, ,0, ,0,0,0,0,0,0,Band
38.033333333,-0.65,24838,2020/02/21 00:00:00,10:50,2020/02/21 00:00:00,10:50,No,Late,Kyandali,100,Exact,KE,435979,RAMSES38_KEN20-27.XL, ,1,0,1,1,1,0,0,0,0,0,0,0,0,0,0,0,0,0,0,0,0,0,0,0,0,0,0,0,0,0,0,0,0,0,0,0,0,0,0,0,0,0,0,-1,0,0,1,1,0,0,0,0,0,0,0,0,0,0,0,0,0,0,0,0,0,0,0,0,0,0,0,0,0,0,0,0,0,0,0,0,0,0,0,0,0,0,0,0,0,0,0,0,0,0,0,-1,0,0,1,1,1,0,1,0,0,0,0,0,0,0,0,0,0,0,0,0,0,0,1899/12/30 00:00:00,1899/12/30 00:00:00,0,0, ,0, ,0, ,0, ,0,0,0,0,0,0,Band
37.85,-1.06666666699994,24839,2020/02/21 00:00:00,10:52,2020/02/21 00:00:00,10:52,No,Late,Nguutani,100,Exact,KE,435980,RAMSES38_KEN20-27.XL, ,1,0,1,1,1,0,0,0,0,0,0,0,0,0,0,0,0,0,0,0,0,0,0,0,0,0,0,0,0,0,0,0,0,0,0,0,0,0,0,0,0,0,0,-1,0,0,1,1,0,0,0,0,0,0,0,0,0,0,0,0,0,0,0,0,0,0,0,0,0,0,0,0,0,0,0,0,0,0,0,0,0,0,0,0,0,0,0,0,0,0,0,0,0,0,0,-1,0,0,1,1,1,0,1,0,0,0,0,0,0,0,0,0,0,0,0,0,0,0,1899/12/30 00:00:00,1899/12/30 00:00:00,0,0, ,0, ,0, ,0, ,0,0,0,0,0,0,Band
37.8,1.58333333300004,24840,2020/02/21 00:00:00,10:38,2020/02/21 00:00:00,10:38,No,Late,Laisamis.,100,Exact,KE,435984,RAMSES38_KEN20-27.XL, ,1,0,1,2,1,0,0,0,0,0,0,0,0,0,0,0,0,0,0,0,0,0,0,0,0,0,0,0,0,0,0,0,0,0,0,0,0,0,0,0,1,0,0,-1,0,0,1,1,0,0,0,0,0,0,0,0,0,0,0,0,0,0,0,0,1,0,0,0,0,0,0,0,0,0,0,0,0,0,0,0,0,0,0,0,0,0,0,0,0,0,0,0,0,0,0,0,0,0,0,0,0,0,0,0,0,0,0,0,0,0,0,0,0,0,0,0,0,0,1899/12/30 00:00:00,1899/12/30 00:00:00,0,0, ,0, ,0, ,0, ,0,0,0,0,0,0,Band
39.833333333,-0.733333332999962,24841,2020/02/21 00:00:00,16:03,2020/02/21 00:00:00,16:03,No,Late,Mohdqani,100,Exact,KE,435988,RAMSES38_KEN20-27.XL, ,1,0,1,2,1,0,0,0,0,0,0,0,0,0,0,0,0,0,0,0,0,0,0,0,0,0,0,0,0,0,0,0,0,0,0,0,0,0,0,0,0,0,0,-1,0,0,1,1,0,0,0,0,0,0,0,0,0,0,0,0,0,0,0,0,0,0,0,0,0,0,0,0,0,0,0,0,0,0,0,0,0,0,0,0,0,0,0,0,0,0,0,0,0,0,0,0,0,0,0,0,0,0,0,0,0,0,0,0,0,0,0,0,0,0,0,0,0,0,1899/12/30 00:00:00,1899/12/30 00:00:00,0,0, ,0, ,0, ,0, ,0,0,0,0,0,0,Band
39.833333333,-0.75,24842,2020/02/21 00:00:00,16:05,2020/02/21 00:00:00,16:05,No,Late,Sankuri,100,Exact,KE,435989,RAMSES38_KEN20-27.XL, ,1,0,1,2,1,0,0,0,0,0,0,0,0,0,0,0,0,0,0,0,0,0,0,0,0,0,0,0,0,0,0,0,0,0,0,0,0,0,0,0,0,0,0,-1,0,0,1,1,0,0,0,0,0,0,0,0,0,0,0,0,0,0,0,0,0,0,0,0,0,0,0,0,0,0,0,0,0,0,0,0,0,0,0,0,0,0,0,0,0,0,0,0,0,0,0,0,0,0,0,0,0,0,0,0,0,0,0,0,0,0,0,0,0,0,0,0,0,0,1899/12/30 00:00:00,1899/12/30 00:00:00,0,0, ,0, ,0, ,0, ,0,0,0,0,0,0,Band
37.55,0.4,24843,2020/02/21 00:00:00,16:06,2020/02/21 00:00:00,16:06,No,Late,Alamach,100,Exact,KE,435990,RAMSES38_KEN20-27.XL, ,1,0,1,2,1,0,0,0,0,0,0,0,0,0,0,0,0,0,0,0,0,0,0,0,0,0,0,0,0,0,0,0,0,0,0,0,0,0,0,0,1,0,0,-1,0,0,1,1,0,0,0,0,0,0,0,0,0,0,0,0,0,0,0,0,1,0,0,0,0,0,0,0,0,0,0,0,0,0,0,0,0,0,0,0,0,0,0,0,0,0,0,0,0,0,0,0,0,0,0,0,0,0,0,0,0,0,0,0,0,0,0,0,0,0,0,0,0,0,1899/12/30 00:00:00,1899/12/30 00:00:00,0,0, ,0, ,0, ,0, ,0,0,0,0,0,0,Band
36.333333333,-1.31666666699994,24844,2020/02/21 00:00:00,16:08,2020/02/21 00:00:00,16:08,No,Late,Eremiet,100,Exact,KE,435991,RAMSES38_KEN20-27.XL, ,1,0,1,2,1,0,0,0,0,0,0,0,0,0,0,0,0,0,0,0,0,0,0,0,0,0,0,0,0,0,0,0,0,0,0,0,0,0,0,0,1,0,0,-1,0,0,1,1,0,0,0,0,0,0,0,0,0,0,0,0,0,0,0,0,1,0,0,0,0,0,0,0,0,0,0,0,0,0,0,0,0,0,0,0,0,0,0,0,0,0,0,0,0,0,0,0,0,0,0,0,0,0,0,0,0,0,0,0,0,0,0,0,0,0,0,0,0,0,1899/12/30 00:00:00,1899/12/30 00:00:00,0,0, ,0, ,0, ,0, ,0,0,0,0,0,0,Band
36.95,3.21666666700003,24845,2020/02/21 00:00:00,16:13,2020/02/21 00:00:00,16:13,No,Late,North horr,100,Exact,KE,435995,RAMSES38_KEN20-27.XL, ,1,0,1,2,1,0,0,0,0,0,0,0,0,0,0,0,0,0,0,0,0,0,0,0,0,0,0,0,0,0,0,0,0,0,0,0,0,0,0,0,1,0,0,-1,0,0,1,1,0,0,0,0,0,0,0,0,0,0,0,0,0,0,0,0,1,0,0,0,0,0,0,0,0,0,0,0,0,0,0,0,0,0,0,0,0,0,0,0,0,0,0,0,0,0,0,0,0,0,0,0,0,0,0,0,0,0,0,0,0,0,0,0,0,0,0,0,0,0,1899/12/30 00:00:00,1899/12/30 00:00:00,0,0, ,0, ,0, ,0, ,0,0,0,0,0,0,Band
41.3663888890001,18.8672222220001,24846,2020/02/14 00:00:00,16:27,2020/02/14 00:00:00,16:27,No,Middle,AlMagawi,600,Exact,SA,439675,RAMSES38_SAU20-13.XL, ,1,0,1,2,1,0,0,0,0,0,0,0,0,0,0,0,0,0,0,0,0,0,0,0,0,0,0,0,0,0,0,0,0,0,0,0,0,0,1,0,0,0,0,-1,0,0,0,0,0,0,0,0,1,0,0,1,0,0.00050000002,0.00050000002,1,0,0,0,0,0,0,0,0,0,0,0,0,0,0,0,0,0,0,0,0,0,0,0,0,0,0,0,0,0,0,0,0,0,0,0,0,0,0,0,0,0,0,0,0,0,0,0,0,0,0,0,0,0,0,0,0,0,0,1899/12/30 00:00:00,1899/12/30 00:00:00,0,0, ,0, ,0, ,0, ,0,0,0,0,0,0,Band
41.468333333,18.8725,24847,2020/02/22 00:00:00,09:05,2020/02/22 00:00:00,09:05,No,Late,Shea - AlHarigal,600,Exact,SA,439688,RAMSES38_SAU20-13.XL, ,1,0,1,2,1,0,0,0,0,0,0,0,0,0,0,0,0,0,0,0,0,0,0,0,0,0,0,0,0,0,0,0,0,0,0,0,0,0,1,0,0,0,0,-1,0,0,0,0,0,0,0,0,1,0,0,1,0,0.00050000002,0.00050000002,1,0,0,0,0,0,0,0,0,0,0,0,0,0,0,0,0,0,0,0,0,0,0,0,0,0,0,0,0,0,0,0,0,0,0,0,0,0,0,0,0,0,0,0,0,0,0,0,0,0,0,0,0,0,0,0,0,0,0,2020/02/22 00:00:00,2020/02/22 00:00:00,2,3,Lambdacyhalothrin,1,ha,40,l,40,ha,0,1,0,0,0,90,Band
41.4269444440001,18.819166667,24848,2020/02/22 00:00:00,09:30,2020/02/22 00:00:00,09:30,No,Late,Khabt Shea,400,Exact,SA,439689,RAMSES38_SAU20-13.XL, ,1,0,1,2,1,0,0,0,0,0,0,0,0,0,0,0,0,0,0,0,0,0,0,0,0,0,0,0,0,0,0,0,0,0,0,0,0,0,1,0,0,0,0,-1,0,0,0,0,0,0,0,0,1,0,0,1,0,0.00050000002,0.00050000002,1,0,0,0,0,0,0,0,0,0,0,0,0,0,0,0,0,0,0,0,0,0,0,0,0,0,0,0,0,0,0,0,0,0,0,0,0,0,0,0,0,0,0,0,0,0,0,0,0,0,0,0,0,0,0,0,0,0,0,1899/12/30 00:00:00,1899/12/30 00:00:00,0,0, ,0, ,0, ,0, ,0,0,0,0,0,0,Band
41.3716666670001,18.81,24849,2020/02/22 00:00:00,09:48,2020/02/22 00:00:00,09:48,No,Late,Shea AlGaded,600,Exact,SA,439690,RAMSES38_SAU20-13.XL, ,1,0,1,2,1,0,0,0,0,0,0,0,0,0,0,0,0,0,0,0,0,0,0,0,0,0,0,0,0,0,0,0,0,0,0,0,0,0,1,0,0,0,0,-1,0,0,0,0,0,0,0,0,1,0,0,1,0,0.00030000001,0.00030000001,1,0,0,0,0,0,0,0,0,0,0,0,0,0,0,0,0,0,0,0,0,0,0,0,0,0,0,0,0,0,0,0,0,0,0,0,0,0,0,0,0,0,0,0,0,0,0,0,0,0,0,0,0,0,0,0,0,0,0,1899/12/30 00:00:00,1899/12/30 00:00:00,0,0, ,0, ,0, ,0, ,0,0,0,0,0,0,Band
41.463333333,18.783888889,24850,2020/02/22 00:00:00,17:34,2020/02/22 00:00:00,17:34,No,Late,Khabt AlOmor,300,Exact,SA,439692,RAMSES38_SAU20-13.XL, ,1,0,1,2,1,0,0,0,0,0,0,0,0,0,0,0,0,0,0,0,0,0,0,0,0,0,0,0,0,0,0,0,0,0,0,0,0,0,1,0,0,0,0,-1,0,0,0,0,0,0,0,0,1,0,0,1,0,0.00050000002,0.00050000002,1,0,0,0,0,0,0,0,0,0,0,0,0,0,0,0,0,0,0,0,0,0,0,0,0,0,0,0,0,0,0,0,0,0,0,0,0,0,0,0,0,0,0,0,0,0,0,0,0,0,0,0,0,0,0,0,0,0,0,1899/12/30 00:00:00,1899/12/30 00:00:00,0,0, ,0, ,0, ,0, ,0,0,0,0,0,0,Band
41.4911111110001,18.781388889,24851,2020/02/22 00:00:00,18:10,2020/02/22 00:00:00,18:10,No,Late,Khabt AlSabtah,800,Exact,SA,439693,RAMSES38_SAU20-13.XL, ,1,0,1,2,1,0,0,0,0,0,0,0,0,0,0,0,0,0,0,0,0,0,0,0,0,0,0,0,0,0,0,0,0,0,0,0,0,0,0,1,0,0,0,-1,0,0,0,0,0,0,0,0,1,0,0,1,0,0.0020000001,0.0020000001,1,0,0,0,0,0,0,0,0,0,0,0,0,0,0,0,0,0,0,0,0,0,0,0,0,0,0,0,0,0,0,0,0,0,0,0,0,0,0,0,0,0,0,0,0,0,0,0,0,0,0,0,0,0,0,0,0,0,0,2020/02/22 00:00:00,2020/02/22 00:00:00,2,3,Lambdacyhalothrin,1,ha,80,l,80,ha,0,1,0,0,0,90,Band
37.8,1.58333333300004,24852,2020/02/23 00:00:00,08:24,2020/02/23 00:00:00,08:24,No,Late,Tirgamo,100,Exact,KE,436002,RAMSES38_KEN20-27.XL, ,1,0,1,2,1,0,0,0,0,0,0,0,0,0,0,0,0,0,0,0,0,0,0,0,0,0,0,0,0,0,0,0,0,0,0,0,0,0,0,0,0,0,0,-1,0,0,1,1,0,0,0,0,0,0,0,0,0,0,0,0,0,0,0,0,0,0,0,0,0,0,0,0,0,0,0,0,0,0,0,0,0,0,0,0,0,0,0,0,0,0,0,0,0,0,0,0,0,0,0,0,0,0,0,0,0,0,0,0,0,0,0,0,0,0,0,0,0,0,1899/12/30 00:00:00,1899/12/30 00:00:00,0,0, ,0, ,0, ,0, ,0,0,0,0,0,0,Band
37.6166666670001,0.9,24853,2020/02/23 00:00:00,09:26,2020/02/23 00:00:00,09:26,No,Late,Laresoro,100,Exact,KE,436003,RAMSES38_KEN20-27.XL, ,1,0,1,2,1,0,0,0,0,0,0,0,0,0,0,0,0,0,0,0,0,0,0,0,0,0,0,0,0,0,0,0,0,0,0,0,0,0,0,0,0,0,0,-1,0,0,0,0,0,0,1,0,0,0,0,0,0,0,0,0,0,0,0,0,0,0,0,0,0,0,0,0,0,0,0,0,0,0,0,0,0,0,0,0,0,0,0,0,0,0,0,0,0,0,0,0,0,0,0,0,0,0,0,0,0,0,0,0,0,0,0,0,0,0,0,0,0,0,1899/12/30 00:00:00,1899/12/30 00:00:00,0,0, ,0, ,0, ,0, ,0,0,0,0,0,0,Band
41.5125,18.788611111,24854,2020/02/16 00:00:00,18:02,2020/02/16 00:00:00,18:02,No,Middle,Khabt AlSabtah,300,Exact,SA,438905,RAMSES38_SAU20-13.XL,Gregarious appearing,1,0,1,2,1,0,0,0,0,0,0,0,0,0,0,0,0,0,0,0,0,0,0,0,0,0,0,0,0,0,0,0,0,0,0,0,0,0,1,0,0,0,0,-1,0,0,0,0,0,0,0,0,1,0,0,1,0,0.0020000001,0.0020000001,1,0,0,0,0,0,0,0,0,0,1,0,0,1,0,0,1,0,0,0,0,0,0,1,0,0,0,1,0,0,0,0,0,0,0,0,0,0,0,0,0,0,0,0,0,0,0,0,0,0,0,0,0,0,0,0,0,0,0,2020/02/16 00:00:00,2020/02/16 00:00:00,2,2,Lambdacyhalothrin,1,ha,40,l,40,ha,0,1,0,0,0,90,Band
41.408611111,18.8172222220001,24855,2020/02/19 00:00:00,09:10,2020/02/19 00:00:00,09:10,No,Middle,Shia algded,500,Exact,SA,438920,RAMSES38_SAU20-13.XL, ,1,0,1,2,1,0,0,0,0,0,0,0,0,0,0,0,0,0,0,0,0,0,0,0,0,0,0,0,0,0,0,0,0,0,0,0,0,0,1,0,0,0,0,-1,0,0,0,0,0,0,0,0,1,0,0,1,0,0.00050000002,0.00050000002,1,0,0,0,0,0,0,0,0,0,0,0,0,0,0,0,0,0,0,0,0,0,0,0,0,0,0,0,0,0,0,0,0,0,0,0,0,0,0,0,0,0,0,0,0,0,0,0,0,0,0,0,0,0,0,0,0,0,0,1899/12/30 00:00:00,1899/12/30 00:00:00,0,0, ,0, ,0, ,0, ,0,0,0,0,0,0,Band
34.823888889,24.076388889,24856,2020/02/05 00:00:00,12:08,2020/02/05 00:00:00,12:08,No,Early,Alkaret,300,Exact,EG,436395,RAMSES38_EGY20-04.XL, ,1,0,1,2,1,0,0,0,0,0,0,0,0,0,0,0,0,0,0,0,0,0,0,0,0,0,0,0,0,0,0,0,0,0,0,0,0,0,0,1,0,0,10,-1,0,0,1,3,1,0,0,0,0,0,0,1,0,0.0099999998,0.0099999998,0,1,0,0,0,0,0,0,0,0,0,0,0,0,0,0,0,0,0,0,0,0,0,0,0,0,0,0,0,0,0,0,0,0,0,0,0,0,0,0,0,0,0,0,0,0,0,0,0,0,0,0,0,0,0,0,0,0,0,2020/02/05 00:00:00,2020/02/05 00:00:00,2,1,Other,1,ha,20,l,20,ha,0,1,0,0,0,90,Band
56.589722222,18.411111111,24857,2020/02/26 00:00:00,09:00,2020/02/26 00:00:00,09:00,No,Late,Al Khadra,200,Exact,OM,436291,RAMSES38_OMN20-15.XL, ,1,0,1,2,1,0,0,0,0,0,0,0,0,0,0,0,0,0,0,0,0,0,0,0,0,0,0,0,0,0,0,0,0,0,0,0,0,0,0,1,0,0,60,-1,0,0,0,1,1,0,0,0,0,0,0,1,0,0.0020000001,0.0020000001,1,0,0,0,0,0,0,0,0,0,0,0,0,0,0,0,0,0,0,0,0,0,0,0,0,0,0,0,0,0,0,0,0,0,0,0,0,0,0,0,0,0,0,0,0,0,0,0,0,0,0,0,0,0,0,0,0,0,0,2020/02/26 00:00:00,2020/02/26 00:00:00,2,3,Deltamethrin,1,ha,75,l,75,ha,0,1,0,0,0,0,Band
41.3611111110001,18.8194444440001,24858,2020/02/10 00:00:00,09:50,2020/02/10 00:00:00,09:50,No,Early,Shia AlGadid,400,Exact,SA,438943,RAMSES38_SAU20-13.XL, ,1,0,1,2,1,0,0,0,0,0,0,0,0,0,0,0,0,0,0,0,0,0,0,0,0,0,0,0,0,0,0,0,0,0,0,0,0,0,1,0,0,0,0,-1,0,0,0,0,0,3,1,0,1,0,0,1,0,0.0049999999,0.0049999999,0,1,0,0,0,0,0,0,0,0,0,0,0,0,0,0,0,0,0,0,0,0,0,0,0,0,0,0,0,0,0,0,0,0,0,0,0,0,0,0,0,0,0,0,0,0,0,0,0,0,0,0,0,0,0,0,0,0,0,2020/02/10 00:00:00,2020/02/10 00:00:00,2,1,Lambdacyhalothrin,1,ha,40,l,40,ha,0,1,0,0,0,90,Band
35.881666667,22.5683333330001,24859,2020/02/01 00:00:00,08:45,2020/02/01 00:00:00,08:45,No,Early,Nadiat,300,Exact,EG,436478,RAMSES38_EGY20-04.XL,Gregarious appearing,1,0,1,2,1,0,0,0,0,0,0,1,0,0,-1,0,0,0,0,0,0,0,0,0,0,0,0,0,1,0,0,0,1,0,0,0,0,0,1,0,0,0,10,-1,0,0,0,0,0,3,1,0,3,0,0,1,0,0.0049999999,0.0049999999,0,1,0,0,0,0,0,0,0,0,1,0,0,1,1,0,0,0,0,0,0,0,1,0,0,0,0,1,0,0,0,0,0,0,0,0,0,0,0,0,0,0,0,0,0,0,0,0,0,0,0,0,0,0,0,0,0,0,0,2020/02/01 00:00:00,2020/02/01 00:00:00,2,1,Chlorpyrifos,1,ha,20,l,20,ha,0,1,0,0,0,0,Band
41.5455555560001,18.8572222220001,24860,2020/02/11 00:00:00,10:52,2020/02/11 00:00:00,10:52,No,Middle,AlAni,700,Exact,SA,439046,RAMSES38_SAU20-13.XL, ,1,0,1,2,1,0,0,0,0,0,0,0,0,0,0,0,0,0,0,0,0,0,0,0,0,0,0,0,0,0,0,0,0,0,0,0,0,0,0,1,0,0,0,-1,0,0,0,0,0,0,0,0,1,0,0,1,0,0.0020000001,0.0020000001,1,0,0,0,0,0,0,0,0,0,0,0,0,0,0,0,0,0,0,0,0,0,0,0,0,0,0,0,0,0,0,0,0,0,0,0,0,0,0,0,0,0,0,0,0,0,0,0,0,0,0,0,0,0,0,0,0,0,0,1899/12/30 00:00:00,1899/12/30 00:00:00,0,0, ,0, ,0, ,0, ,0,0,0,0,0,0,Band
41.4997222220001,18.841944444,24861,2020/02/23 00:00:00,09:20,2020/02/23 00:00:00,09:20,No,Late,Khabt Shea AlGdem,800,Exact,SA,439069,RAMSES38_SAU20-13.XL, ,1,0,1,2,1,0,0,0,0,0,0,0,0,0,0,0,0,0,0,0,0,0,0,0,0,0,0,0,0,0,0,0,0,0,0,0,0,0,1,0,0,0,0,-1,0,0,0,0,0,0,0,0,1,0,0,1,0,0.001,0.001,1,0,0,0,0,0,0,0,0,0,0,0,0,0,0,0,0,0,0,0,0,0,0,0,0,0,0,0,0,0,0,0,0,0,0,0,0,0,0,0,0,0,0,0,0,0,0,0,0,0,0,0,0,0,0,0,0,0,0,1899/12/30 00:00:00,1899/12/30 00:00:00,0,0, ,0, ,0, ,0, ,0,0,0,0,0,0,Band
41.513055556,18.786388889,24862,2020/02/23 00:00:00,10:04,2020/02/23 00:00:00,10:04,No,Late,Khabt AlSabtah,800,Exact,SA,439073,RAMSES38_SAU20-13.XL, ,1,0,1,2,1,0,0,0,0,0,0,0,0,0,0,0,0,0,0,0,0,0,0,0,0,0,0,0,0,0,0,0,0,0,0,0,0,0,1,0,0,0,0,-1,0,0,0,0,0,0,0,0,1,0,0,1,0,0.001,0.001,1,0,0,0,0,0,0,0,0,0,1,0,0,-1,0,0,0,0,0,0,0,0,0,1,0,0,0,0,0,0,0,0,0,0,0,0,0,0,0,0,0,0,0,0,0,0,0,0,0,0,0,0,0,0,0,0,0,0,0,1899/12/30 00:00:00,1899/12/30 00:00:00,0,0, ,0, ,0, ,0, ,0,0,0,0,0,0,Band
41.4705555560001,18.8011111110001,24863,2020/02/23 00:00:00,10:30,2020/02/23 00:00:00,10:30,No,Late,Khabt AlSabtah,400,Exact,SA,439074,RAMSES38_SAU20-13.XL, ,1,0,1,2,1,0,0,0,0,0,0,0,0,0,0,0,0,0,0,0,0,0,0,0,0,0,0,0,0,0,0,0,0,0,0,0,0,0,0,1,0,0,0,-1,0,0,0,0,0,0,0,0,1,0,0,1,0,0.001,0.001,1,0,0,0,0,0,0,0,0,0,0,0,0,0,0,0,0,0,0,0,0,0,0,0,0,0,0,0,0,0,0,0,0,0,0,0,0,0,0,0,0,0,0,0,0,0,0,0,0,0,0,0,0,0,0,0,0,0,0,1899/12/30 00:00:00,1899/12/30 00:00:00,0,0, ,0, ,0, ,0, ,0,0,0,0,0,0,Band
41.468611111,18.774166667,24864,2020/02/23 00:00:00,10:49,2020/02/23 00:00:00,10:49,No,Late,Khabt AlSalalemah,200,Exact,SA,439075,RAMSES38_SAU20-13.XL, ,1,0,1,2,1,0,0,0,0,0,0,0,0,0,0,0,0,0,0,0,0,0,0,0,0,0,0,0,0,0,0,0,0,0,0,0,0,0,1,0,0,0,0,-1,0,0,0,0,0,0,0,0,1,0,0,1,0,0.00050000002,0.00050000002,1,0,0,0,0,0,0,0,0,0,0,0,0,0,0,0,0,0,0,0,0,0,0,0,0,0,0,0,0,0,0,0,0,0,0,0,0,0,0,0,0,0,0,0,0,0,0,0,0,0,0,0,0,0,0,0,0,0,0,1899/12/30 00:00:00,1899/12/30 00:00:00,0,0, ,0, ,0, ,0, ,0,0,0,0,0,0,Band
35.516388889,0.732222222000075,24865,2020/02/26 00:00:00,00:00,2020/02/26 00:00:00,00:00,No,Late,Kapkonga,5,Exact,KE,445490,RAMSES38_KEN20-47.XL, ,1,0,1,2,1,0,0,0,0,0,0,0,0,0,0,0,0,0,0,0,0,0,0,0,0,0,0,0,0,0,0,0,0,0,0,0,0,0,0,0,0,0,0,-1,0,0,0,0,0,0,0,0,0,1,0,0,0,0,0,0,0,0,0,0,0,0,0,0,0,0,0,0,0,0,0,0,0,0,0,0,0,0,0,0,0,0,0,0,0,0,0,0,0,0,0,0,0,0,0,0,0,0,0,0,0,0,0,0,0,0,0,0,0,0,0,0,0,0,1899/12/30 00:00:00,1899/12/30 00:00:00,0,0, ,0, ,0, ,0, ,0,0,0,0,0,0,Band
41.5008333330001,18.783333333,24866,2020/02/26 00:00:00,09:08,2020/02/26 00:00:00,09:08,No,Late,Khabt AlSabtah,700,Exact,SA,439126,RAMSES38_SAU20-13.XL,Gregarious appearing,1,0,1,2,1,0,0,0,0,0,0,0,0,0,0,0,0,0,0,0,0,0,0,0,0,0,0,0,0,0,0,0,0,0,0,0,0,0,1,0,0,0,0,-1,0,0,0,0,0,0,0,0,1,0,0,1,0,0.0020000001,0.0020000001,1,0,0,0,0,0,0,0,0,0,1,0,0,1,0,0,1,0,0,0,0,0,0,1,0,0,0,1,0,0,0,0,0,0,0,0,0,0,0,0,0,0,0,0,0,0,0,0,0,0,0,0,0,0,0,0,0,0,0,1899/12/30 00:00:00,1899/12/30 00:00:00,0,0, ,0, ,0, ,0, ,0,0,0,0,0,0,Band
35.151666667,-0.081388888999925,24867,2020/02/20 00:00:00,00:00,2020/02/20 00:00:00,00:00,No,Middle,God Abuoro,5,Exact,KE,445559,RAMSES38_KEN20-47.XL, ,1,0,1,2,1,0,0,0,0,0,0,0,0,0,0,0,0,0,0,0,0,0,0,0,0,0,0,0,0,0,0,0,0,0,0,0,0,0,0,0,0,0,0,-1,0,0,0,0,0,0,0,0,0,1,0,0,0,0,0,0,0,0,0,0,0,0,0,0,0,0,0,0,0,0,0,0,0,0,0,0,0,0,0,0,0,0,0,0,0,0,0,0,0,0,0,0,0,0,0,0,0,0,0,0,0,0,0,0,0,0,0,0,0,0,0,0,0,0,1899/12/30 00:00:00,1899/12/30 00:00:00,0,0, ,0, ,0, ,0, ,0,0,0,0,0,0,Band
34.839722222,1.19527777800005,24868,2020/02/21 00:00:00,00:00,2020/02/21 00:00:00,00:00,No,Late,Kaptega,250,Exact,KE,445571,RAMSES38_KEN20-47.XL, ,1,0,1,2,1,0,0,0,0,0,0,0,0,0,0,0,0,0,0,0,0,0,0,0,0,0,0,0,0,0,0,0,0,0,0,0,0,0,0,0,0,0,0,-1,0,0,0,0,1,0,0,0,0,1,0,0,0,0,0,0,0,0,0,0,0,0,0,0,0,0,0,0,0,0,0,0,0,0,0,0,0,0,0,0,0,0,0,0,0,0,0,0,0,0,0,0,0,0,0,0,0,0,0,0,0,0,0,0,0,0,0,0,0,0,0,0,0,0,1899/12/30 00:00:00,1899/12/30 00:00:00,0,0, ,0, ,0, ,0, ,0,0,0,0,0,0,Band
38.324166667,17.9152777780001,24869,2020/02/06 00:00:00,11:51,2020/02/06 00:00:00,11:51,No,Early,Owbalai,200,Exact,SU,437636,RAMSES38_SUD20-16.XL, ,1,0,1,2,1,0,0,0,0,0,0,0,0,0,0,0,0,0,0,0,0,0,0,0,0,0,0,0,0,0,0,0,0,0,0,0,0,0,0,1,0,0,0,-1,0,0,1,3,0,0,0,0,0,0,0,0,1,0.00050000002,0.00050000002,1,0,0,0,0,0,0,0,0,0,0,0,0,0,0,0,0,0,0,0,0,0,0,0,0,0,0,0,0,0,0,0,0,0,0,0,0,0,0,0,0,0,0,0,0,0,0,0,0,0,0,0,0,0,0,0,0,0,0,2020/02/06 00:00:00,2020/02/06 00:00:00,2,1,Other,0.5,ha,25,l,50,ha,1,0,0,0,0,0,Band
38.275833333,18.1744444440001,24870,2020/02/06 00:00:00,13:52,2020/02/06 00:00:00,13:52,No,Early,algga,200,Exact,SU,437639,RAMSES38_SUD20-16.XL, ,1,0,1,2,1,0,0,0,0,0,0,0,0,0,0,0,0,0,0,0,0,0,0,0,0,0,0,0,0,0,0,0,0,0,0,0,0,0,1,0,0,0,10,-1,0,0,1,0,0,0,0,0,0,0,0,0,1,1,1,0,0,1,0,0,0,0,0,0,0,0,0,0,0,0,0,0,0,0,0,0,0,0,0,0,0,0,0,0,0,0,0,0,0,0,0,0,0,0,0,0,0,0,0,0,0,0,0,0,0,0,0,0,0,0,0,0,0,0,1899/12/30 00:00:00,1899/12/30 00:00:00,0,0, ,0, ,0, ,0, ,0,0,0,0,0,0,Band
41.5325,18.7352777780001,24871,2020/02/16 00:00:00,09:08,2020/02/16 00:00:00,09:08,No,Middle,Khabt AlEinah,800,Exact,SA,439145,RAMSES38_SAU20-13.XL, ,1,0,1,2,1,0,0,0,0,0,0,0,0,0,0,0,0,0,0,0,0,0,0,0,0,0,0,0,0,0,0,0,0,0,0,0,0,0,1,0,0,0,0,-1,0,0,0,0,0,0,0,0,1,0,0,1,0,0.0020000001,0.0020000001,1,0,0,0,0,0,0,0,0,0,0,0,0,0,0,0,0,0,0,0,0,0,0,0,0,0,0,0,0,0,0,0,0,0,0,0,0,0,0,0,0,0,0,0,0,0,0,0,0,0,0,0,0,0,0,0,0,0,0,2020/02/16 00:00:00,2020/02/16 00:00:00,2,2,Lambdacyhalothrin,1,ha,60,l,60,ha,0,1,0,0,0,90,Band
35.200277778,1.04,24872,2020/02/25 00:00:00,00:00,2020/02/25 00:00:00,00:00,No,Late,Biribiriet,5,Exact,KE,445595,RAMSES38_KEN20-47.XL, ,1,0,1,2,1,0,0,0,0,0,0,0,0,0,0,0,0,0,0,0,0,0,0,0,0,0,0,0,0,0,0,0,0,0,0,0,0,0,0,0,0,0,0,-1,0,0,0,0,0,0,0,0,0,1,0,0,0,0,0,0,0,0,0,0,0,0,0,0,0,0,0,0,0,0,0,0,0,0,0,0,0,0,0,0,0,0,0,0,0,0,0,0,0,0,0,0,0,0,0,0,0,0,0,0,0,0,0,0,0,0,0,0,0,0,0,0,0,0,1899/12/30 00:00:00,1899/12/30 00:00:00,0,0, ,0, ,0, ,0, ,0,0,0,0,0,0,Band
34.8811111110001,0.145833333000041,24873,2020/02/25 00:00:00,00:00,2020/02/25 00:00:00,00:00,No,Late,Shiaviringa,5,Exact,KE,445597,RAMSES38_KEN20-47.XL, ,1,0,1,2,1,0,0,0,0,0,0,0,0,0,0,0,0,0,0,0,0,0,0,0,0,0,0,0,0,0,0,0,0,0,0,0,0,0,0,0,0,0,0,-1,0,0,0,0,0,0,0,0,0,1,0,0,0,0,0,0,0,0,0,0,0,0,0,0,0,0,0,0,0,0,0,0,0,0,0,0,0,0,0,0,0,0,0,0,0,0,0,0,0,0,0,0,0,0,0,0,0,0,0,0,0,0,0,0,0,0,0,0,0,0,0,0,0,0,1899/12/30 00:00:00,1899/12/30 00:00:00,0,0, ,0, ,0, ,0, ,0,0,0,0,0,0,Band
41.518333333,18.7255555560001,24874,2020/02/26 00:00:00,10:23,2020/02/26 00:00:00,10:23,No,Late,Khab AlEinah,400,Exact,SA,439222,RAMSES38_SAU20-13.XL, ,1,0,1,2,1,0,0,0,0,0,0,0,0,0,0,0,0,0,0,0,0,0,0,0,0,0,0,0,0,0,0,0,0,0,0,0,0,0,1,0,0,0,0,-1,0,0,0,0,0,0,0,0,1,0,0,1,0,0.00050000002,0.00050000002,1,0,0,0,0,0,0,0,0,0,0,0,0,0,0,0,0,0,0,0,0,0,0,0,0,0,0,0,0,0,0,0,0,0,0,0,0,0,0,0,0,0,0,0,0,0,0,0,0,0,0,0,0,0,0,0,0,0,0,1899/12/30 00:00:00,1899/12/30 00:00:00,0,0, ,0, ,0, ,0, ,0,0,0,0,0,0,Band
41.521944444,18.712222222,24875,2020/02/26 00:00:00,11:03,2020/02/26 00:00:00,11:03,No,Late,Khabt AlEinah,100,Exact,SA,439226,RAMSES38_SAU20-13.XL, ,1,0,1,2,1,0,0,0,0,0,0,0,0,0,0,0,0,0,0,0,0,0,0,0,0,0,0,0,0,0,0,0,0,0,0,0,0,0,1,0,0,0,0,-1,0,0,0,0,0,0,0,0,1,0,0,1,0,0.00050000002,0.00050000002,1,0,0,0,0,0,0,0,0,0,1,0,0,-1,0,0,0,0,0,0,0,0,0,1,0,0,0,0,0,0,0,0,0,0,0,0,0,0,0,0,0,0,0,0,0,0,0,0,0,0,0,0,0,0,0,0,0,0,0,1899/12/30 00:00:00,1899/12/30 00:00:00,0,0, ,0, ,0, ,0, ,0,0,0,0,0,0,Band
41.5072222220001,18.895277778,24876,2020/02/26 00:00:00,18:36,2020/02/26 00:00:00,18:36,No,Late,AlRihabah,800,Exact,SA,439228,RAMSES38_SAU20-13.XL, ,1,0,1,2,1,0,0,0,0,0,0,0,0,0,0,0,0,0,0,0,0,0,0,0,0,0,0,0,0,0,0,0,0,0,0,0,0,0,1,0,0,0,0,-1,0,0,0,0,0,0,0,0,1,0,0,1,0,0.00050000002,0.00050000002,1,0,0,0,0,0,0,0,0,0,1,0,0,-1,0,0,0,0,0,0,0,0,0,1,0,0,0,0,0,0,0,0,0,0,0,0,0,0,0,0,0,0,0,0,0,0,0,0,0,0,0,0,0,0,0,0,0,0,0,2020/02/26 00:00:00,2020/02/26 00:00:00,2,3,Lambdacyhalothrin,1,ha,80,l,80,ha,0,1,0,0,0,90,Band
38.3625,17.828888889,24877,2020/02/24 00:00:00,09:25,2020/02/24 00:00:00,09:25,No,Late,Merammer,200,Exact,SU,437707,RAMSES38_SUD20-16.XL, ,1,0,1,2,1,0,0,0,0,0,0,0,0,0,0,0,0,0,0,0,0,0,0,0,0,0,0,0,0,0,0,0,0,0,0,0,0,0,0,1,0,0,0,-1,0,0,0,0,1,3,1,0,3,0,0,1,0,0.00050000002,0.00050000002,1,0,0,0,0,0,0,0,0,0,0,0,0,0,0,0,0,0,0,0,0,0,0,0,0,0,0,0,0,0,0,0,0,0,0,0,0,0,0,0,0,0,0,0,0,0,0,0,0,0,0,0,0,0,0,0,0,0,0,2020/02/24 00:00:00,2020/02/24 00:00:00,2,3,Fenitrothion,0.5,ha,20,l,40,ha,0,1,0,0,0,90,Band
38.3525,17.8672222220001,24878,2020/02/10 00:00:00,12:48,2020/02/10 00:00:00,12:48,No,Early,Gadem Bawer,300,Exact,SU,437719,RAMSES38_SUD20-16.XL, ,1,0,1,2,1,0,0,0,0,0,0,0,0,0,0,0,0,0,0,0,0,0,0,0,0,0,0,0,0,0,0,0,0,0,0,0,0,0,0,1,0,0,0,-1,0,0,1,3,1,0,0,0,0,0,0,0,1,0.00069999998,0.00069999998,1,0,0,0,0,0,0,0,0,0,0,0,0,0,0,0,0,0,0,0,0,0,0,0,0,0,0,0,0,0,0,0,0,0,0,0,0,0,0,0,0,0,0,0,0,0,0,0,0,0,0,0,0,0,0,0,0,0,0,2020/02/10 00:00:00,2020/02/10 00:00:00,2,1,Other,0.5,ha,30,l,60,ha,0,1,0,0,0,0,Band
38.4433333330001,17.951666667,24879,2020/02/16 00:00:00,13:16,2020/02/16 00:00:00,13:16,No,Middle,Halaibai North,200,Exact,SU,437724,RAMSES38_SUD20-16.XL, ,1,0,1,2,1,0,0,0,0,0,0,0,0,0,0,0,0,0,0,0,0,0,0,0,0,0,0,0,0,0,0,0,0,0,0,0,0,0,1,0,0,0,0,-1,0,0,0,1,3,0,0,0,0,0,0,0,1,0.00030000001,0.00030000001,1,0,0,0,0,0,0,0,0,0,0,0,0,0,0,0,0,0,0,0,0,0,0,0,0,0,0,0,0,0,0,0,0,0,0,0,0,0,0,0,0,0,0,0,0,0,0,0,0,0,0,0,0,0,0,0,0,0,0,2020/02/16 00:00:00,2020/02/16 00:00:00,2,2,Fenitrothion,0.5,ha,15,l,30,ha,0,1,0,0,0,0,Band
41.3066666670001,18.7963888890001,24880,2020/02/10 00:00:00,09:00,2020/02/10 00:00:00,09:00,No,Early,Sahel Hali AlShmali,900,Exact,SA,439238,RAMSES38_SAU20-13.XL, ,1,0,1,2,1,0,0,0,0,0,0,0,0,0,0,0,0,0,0,0,0,0,0,0,0,0,0,0,0,0,0,0,0,0,0,0,0,0,0,1,0,0,0,-1,0,0,0,0,0,1,3,0,1,0,0,1,0,0.029999999,0.029999999,0,1,0,0,0,0,0,0,0,0,0,0,0,0,0,0,0,0,0,0,0,0,0,0,0,0,0,0,0,0,0,0,0,0,0,0,0,0,0,0,0,0,0,0,0,0,0,0,0,0,0,0,0,0,0,0,0,0,0,2020/02/10 00:00:00,2020/02/10 00:00:00,2,1,Lambdacyhalothrin,1,ha,120,l,120,ha,0,1,0,0,0,90,Band
38.338333333,17.825833333,24881,2020/02/01 00:00:00,11:23,2020/02/01 00:00:00,11:23,No,Early,Megal,300,Exact,SU,437784,RAMSES38_SUD20-16.XL,Gregarious appearing,1,0,1,2,1,0,0,0,0,0,0,0,0,0,0,0,0,0,0,0,0,0,0,0,0,0,0,0,0,0,0,0,0,0,0,0,0,0,0,1,0,0,0,-1,0,0,3,1,0,0,0,0,0,0,0,0,1,0.00069999998,0.00069999998,1,0,0,0,0,0,0,0,0,1,0,0,0,1,0,0,1,0,0,0,1,0,0,0,0,0,0,1,0,0,0,0,0,0,0,0,0,0,0,0,0,0,0,0,0,0,0,0,0,0,0,0,0,0,0,0,0,0,0,2020/02/01 00:00:00,2020/02/01 00:00:00,2,1,Other,0.5,ha,35,l,70,ha,0,1,0,0,0,0,Band
41.512222222,18.790833333,24882,2020/02/16 00:00:00,11:12,2020/02/16 00:00:00,11:12,No,Middle,Khabt AlSabtah,1000,Exact,SA,439305,RAMSES38_SAU20-13.XL, ,1,0,1,2,1,0,0,0,0,0,0,0,0,0,0,0,0,0,0,0,0,0,0,0,0,0,0,0,0,0,0,0,0,0,0,0,0,0,0,1,0,0,0,-1,0,0,0,0,0,0,0,0,1,0,0,1,0,0.0099999998,0.0099999998,0,1,0,0,0,0,0,0,0,0,0,0,0,0,0,0,0,0,0,0,0,0,0,0,0,0,0,0,0,0,0,0,0,0,0,0,0,0,0,0,0,0,0,0,0,0,0,0,0,0,0,0,0,0,0,0,0,0,0,2020/02/16 00:00:00,2020/02/16 00:00:00,2,2,Lambdacyhalothrin,1,ha,60,l,60,ha,0,1,0,0,0,90,Band
41.513333333,18.826666667,24883,2020/02/15 00:00:00,08:48,2020/02/15 00:00:00,08:48,No,Middle,Shea,1000,Exact,SA,439325,RAMSES38_SAU20-13.XL, ,1,0,1,2,1,0,0,0,0,0,0,0,0,0,0,0,0,0,0,0,0,0,0,0,0,0,0,0,0,0,0,0,0,0,0,0,0,0,1,0,0,0,0,-1,0,0,0,0,0,0,0,0,1,0,0,1,0,0.00050000002,0.00050000002,1,0,0,0,0,0,0,0,0,0,0,0,0,0,0,0,0,0,0,0,0,0,0,0,0,0,0,0,0,0,0,0,0,0,0,0,0,0,0,0,0,0,0,0,0,0,0,0,0,0,0,0,0,0,0,0,0,0,0,1899/12/30 00:00:00,1899/12/30 00:00:00,0,0, ,0, ,0, ,0, ,0,0,0,0,0,0,Band
41.4952777780001,18.781666667,24884,2020/02/15 00:00:00,09:20,2020/02/15 00:00:00,09:20,No,Middle,AlSabtah,900,Exact,SA,439326,RAMSES38_SAU20-13.XL, ,1,0,1,2,1,0,0,0,0,0,0,0,0,0,0,0,0,0,0,0,0,0,0,0,0,0,0,0,0,0,0,0,0,0,0,0,0,0,0,1,0,0,0,-1,0,0,0,0,0,0,0,0,1,0,0,1,0,0.0049999999,0.0049999999,0,1,0,0,0,0,0,0,0,0,0,0,0,0,0,0,0,0,0,0,0,0,0,0,0,0,0,0,0,0,0,0,0,0,0,0,0,0,0,0,0,0,0,0,0,0,0,0,0,0,0,0,0,0,0,0,0,0,0,2020/02/15 00:00:00,2020/02/15 00:00:00,2,2,Lambdacyhalothrin,1,ha,80,l,80,ha,0,1,0,0,0,90,Band
38.4355555560001,17.9797222220001,24885,2020/02/02 00:00:00,11:14,2020/02/02 00:00:00,11:14,No,Early,platat,200,Exact,SU,437796,RAMSES38_SUD20-16.XL,Gregarious appearing,1,0,1,2,1,0,0,0,0,0,0,0,0,0,0,0,0,0,0,0,0,0,0,0,0,0,0,0,0,0,0,0,0,0,0,0,0,0,1,0,0,0,0,-1,0,0,3,1,0,0,0,0,0,0,0,0,1,0.00030000001,0.00030000001,1,0,0,0,0,0,0,0,0,1,0,0,0,2,0,0,1,0,0,0,1,0,0,0,0,0,0,1,0,0,0,0,0,0,0,0,0,0,0,0,0,0,0,0,0,0,0,0,0,0,0,0,0,0,0,0,0,0,0,2020/02/02 00:00:00,2020/02/02 00:00:00,2,1,Other,0.5,ha,30,l,60,ha,1,0,0,0,0,0,Band
41.4919444440001,18.784444444,24886,2020/02/15 00:00:00,18:00,2020/02/15 00:00:00,18:00,No,Middle,Hali  Alsabtah,400,Exact,SA,439330,RAMSES38_SAU20-13.XL, ,1,0,1,2,1,0,0,0,0,0,0,0,0,0,0,0,0,0,0,0,0,0,0,0,0,0,0,0,0,0,0,0,0,0,0,0,0,0,1,0,0,0,0,-1,0,0,0,0,0,0,0,0,1,0,0,1,0,0.003,0.003,0,1,0,0,0,0,0,0,0,0,0,0,0,0,0,0,0,0,0,0,0,0,0,0,0,0,0,0,0,0,0,0,0,0,0,0,0,0,0,0,0,0,0,0,0,0,0,0,0,0,0,0,0,0,0,0,0,0,0,2020/02/15 00:00:00,2020/02/15 00:00:00,2,2,Lambdacyhalothrin,1,ha,40,l,40,ha,0,1,0,0,0,90,Band
41.4886111110001,18.8086111110001,24887,2020/02/19 00:00:00,09:25,2020/02/19 00:00:00,09:25,No,Middle,shia agdem,900,Exact,SA,439366,RAMSES38_SAU20-13.XL, ,1,0,1,2,1,0,0,0,0,0,0,0,0,0,0,0,0,0,0,0,0,0,0,0,0,0,0,0,0,0,0,0,0,0,0,0,0,0,1,0,0,0,0,-1,0,0,0,0,0,0,0,0,1,0,0,1,0,0.0020000001,0.0020000001,1,0,0,0,0,0,0,0,0,0,0,0,0,0,0,0,0,0,0,0,0,0,0,0,0,0,0,0,0,0,0,0,0,0,0,0,0,0,0,0,0,0,0,0,0,0,0,0,0,0,0,0,0,0,0,0,0,0,0,2020/02/19 00:00:00,2020/02/19 00:00:00,2,2,Lambdacyhalothrin,1,ha,40,l,40,ha,0,1,0,0,0,90,Band
38.3225,17.9172222220001,24888,2020/02/04 00:00:00,08:51,2020/02/04 00:00:00,08:51,No,Early,Oplai,200,Exact,SU,437532,RAMSES38_SUD20-16.XL,Gregarious appearing,1,0,1,2,1,0,0,0,0,0,0,0,0,0,0,0,0,0,0,0,0,0,0,0,0,0,0,0,0,0,0,0,0,0,0,0,0,0,0,1,0,0,0,-1,0,0,3,1,0,0,0,0,0,0,0,0,1,0.00069999998,0.00069999998,1,0,0,0,0,0,0,0,0,1,0,0,0,-1,0,0,1,0,0,0,1,0,0,0,0,0,0,1,0,0,0,0,0,0,0,0,0,0,0,0,0,0,0,0,0,0,0,0,0,0,0,0,0,0,0,0,0,0,0,1899/12/30 00:00:00,1899/12/30 00:00:00,0,0, ,0, ,0, ,0, ,0,0,0,0,0,0,Band
38.4494444440001,17.9180555560001,24889,2020/02/18 00:00:00,12:13,2020/02/18 00:00:00,12:13,No,Middle,Halebai,200,Exact,SU,437548,RAMSES38_SUD20-16.XL, ,1,0,1,2,1,0,0,0,0,0,0,0,0,0,0,0,0,0,0,0,0,0,0,0,0,0,0,0,0,0,0,0,0,0,0,0,0,0,0,1,0,0,0,-1,0,0,0,1,3,1,0,0,0,0,0,1,0,0.00069999998,0.00069999998,1,0,0,0,0,0,0,0,0,0,0,0,0,0,0,0,0,0,0,0,0,0,0,0,0,0,0,0,0,0,0,0,0,0,0,0,0,0,0,0,0,0,0,0,0,0,0,0,0,0,0,0,0,0,0,0,0,0,0,2020/02/18 00:00:00,2020/02/18 00:00:00,2,2,Fenitrothion,0.5,ha,30,l,60,ha,0,1,0,0,0,90,Band
38.380555556,17.825277778,24890,2020/02/04 00:00:00,10:02,2020/02/04 00:00:00,10:02,No,Early,Gadef,200,Exact,SU,437550,RAMSES38_SUD20-16.XL,Gregarious appearing,1,0,1,2,1,0,0,0,0,0,0,0,0,0,0,0,0,0,0,0,0,0,0,0,0,0,0,0,0,0,0,0,0,0,0,0,0,0,1,0,0,0,0,-1,0,0,1,3,0,0,0,0,0,0,0,0,1,0.00030000001,0.00030000001,1,0,0,0,0,0,0,0,0,1,0,0,0,-1,0,0,1,0,0,0,1,0,0,0,0,0,0,1,0,0,0,0,0,0,0,0,0,0,0,0,0,0,0,0,0,0,0,0,0,0,0,0,0,0,0,0,0,0,0,1899/12/30 00:00:00,1899/12/30 00:00:00,0,0, ,0, ,0, ,0, ,0,0,0,0,0,0,Band
41.4783333330001,18.8727777780001,24891,2020/02/08 00:00:00,08:28,2020/02/08 00:00:00,08:28,No,Early,Shia - AlHarigah,800,Exact,SA,438609,RAMSES38_SAU20-13.XL, ,1,0,1,2,1,0,0,0,0,0,0,0,0,0,0,0,0,0,0,0,0,0,0,0,0,0,0,0,0,0,0,0,0,0,0,0,0,0,1,0,0,0,0,-1,0,0,0,0,0,0,0,0,1,0,0,1,0,0.00050000002,0.00050000002,1,0,0,0,0,0,0,0,0,0,0,0,0,0,0,0,0,0,0,0,0,0,0,0,0,0,0,0,0,0,0,0,0,0,0,0,0,0,0,0,0,0,0,0,0,0,0,0,0,0,0,0,0,0,0,0,0,0,0,1899/12/30 00:00:00,1899/12/30 00:00:00,0,0, ,0, ,0, ,0, ,0,0,0,0,0,0,Band
41.4975,18.843333333,24892,2020/02/08 00:00:00,09:28,2020/02/08 00:00:00,09:28,No,Early,Shia AlGadim,900,Exact,SA,438610,RAMSES38_SAU20-13.XL, ,1,0,1,2,1,0,0,0,0,0,0,0,0,0,0,0,0,0,0,0,0,0,0,0,0,0,0,0,0,0,0,0,0,0,0,0,0,0,0,1,0,0,0,-1,0,0,0,0,0,0,0,0,1,0,0,1,0,0.0049999999,0.0049999999,0,1,0,0,0,0,0,0,0,0,0,0,0,0,0,0,0,0,0,0,0,0,0,0,0,0,0,0,0,0,0,0,0,0,0,0,0,0,0,0,0,0,0,0,0,0,0,0,0,0,0,0,0,0,0,0,0,0,0,1899/12/30 00:00:00,1899/12/30 00:00:00,0,0, ,0, ,0, ,0, ,0,0,0,0,0,0,Band
41.518055556,18.8116666670001,24893,2020/02/08 00:00:00,10:04,2020/02/08 00:00:00,10:04,No,Early,Shia,400,Exact,SA,438611,RAMSES38_SAU20-13.XL, ,1,0,1,2,1,0,0,0,0,0,0,0,0,0,0,0,0,0,0,0,0,0,0,0,0,0,0,0,0,0,0,0,0,0,0,0,0,0,0,1,0,0,0,-1,0,0,0,0,0,0,0,0,1,0,0,1,0,0.0049999999,0.0049999999,0,1,0,0,0,0,0,0,0,0,0,0,0,0,0,0,0,0,0,0,0,0,0,0,0,0,0,0,0,0,0,0,0,0,0,0,0,0,0,0,0,0,0,0,0,0,0,0,0,0,0,0,0,0,0,0,0,0,0,1899/12/30 00:00:00,1899/12/30 00:00:00,0,0, ,0, ,0, ,0, ,0,0,0,0,0,0,Band
41.513055556,18.786111111,24894,2020/02/08 00:00:00,10:38,2020/02/08 00:00:00,10:38,No,Early,AlSabtah,500,Exact,SA,438612,RAMSES38_SAU20-13.XL, ,1,0,1,2,1,0,0,0,0,0,0,0,0,0,0,0,0,0,0,0,0,0,0,0,0,0,0,0,0,0,0,0,0,0,0,0,0,0,0,1,0,0,0,-1,0,0,0,0,0,0,0,0,1,0,0,1,0,0.0049999999,0.0049999999,0,1,0,0,0,0,0,0,0,0,0,0,0,0,0,0,0,0,0,0,0,0,0,0,0,0,0,0,0,0,0,0,0,0,0,0,0,0,0,0,0,0,0,0,0,0,0,0,0,0,0,0,0,0,0,0,0,0,0,1899/12/30 00:00:00,1899/12/30 00:00:00,0,0, ,0, ,0, ,0, ,0,0,0,0,0,0,Band
41.525555556,18.722222222,24895,2020/02/08 00:00:00,19:24,2020/02/08 00:00:00,19:24,No,Early,Khabt AlEinah,900,Exact,SA,438613,RAMSES38_SAU20-13.XL, ,1,0,1,2,1,0,0,0,0,0,0,0,0,0,0,0,0,0,0,0,0,0,0,0,0,0,0,0,0,0,0,0,0,0,0,0,0,0,0,1,0,0,0,-1,0,0,0,0,0,0,0,0,1,0,0,1,0,0.0049999999,0.0049999999,0,1,0,0,0,0,0,0,0,0,0,0,0,0,0,0,0,0,0,0,0,0,0,0,0,0,0,0,0,0,0,0,0,0,0,0,0,0,0,0,0,0,0,0,0,0,0,0,0,0,0,0,0,0,0,0,0,0,0,1899/12/30 00:00:00,1899/12/30 00:00:00,0,0, ,0, ,0, ,0, ,0,0,0,0,0,0,Band
40.819166667,19.636388889,24896,2020/02/25 00:00:00,10:24,2020/02/25 00:00:00,10:24,No,Late,Janob shrg Ras Mehes,1000,Exact,SA,439382,RAMSES38_SAU20-13.XL, ,1,0,1,2,1,0,0,0,0,0,0,0,0,0,0,0,0,0,0,0,0,0,0,0,0,0,0,0,0,0,0,0,0,0,0,0,0,0,0,1,0,0,0,-1,0,0,0,0,1,1,3,0,1,0,0,1,0,0.015,0.015,0,1,0,0,0,0,0,0,0,0,0,0,0,0,0,0,0,0,0,0,0,0,0,0,0,0,0,0,0,0,0,0,0,0,0,0,0,0,0,0,0,0,0,0,0,0,0,0,0,0,0,0,0,0,0,0,0,0,0,2020/02/25 00:00:00,2020/02/25 00:00:00,2,3,Lambdacyhalothrin,1,ha,200,l,200,ha,0,1,0,0,0,90,Band
41.4858333330001,18.768055556,24897,2020/02/10 00:00:00,10:44,2020/02/10 00:00:00,10:44,No,Early,Hali-AlSabtah-Goz Al,200,Exact,SA,439398,RAMSES38_SAU20-13.XL, ,1,0,1,2,1,0,0,0,0,0,0,0,0,0,0,0,0,0,0,0,0,0,0,0,0,0,0,0,0,0,0,0,0,0,0,0,0,0,1,0,0,0,0,-1,0,0,0,0,0,0,0,0,1,0,0,1,0,0.003,0.003,0,1,0,0,0,0,0,0,0,0,0,0,0,0,0,0,0,0,0,0,0,0,0,0,0,0,0,0,0,0,0,0,0,0,0,0,0,0,0,0,0,0,0,0,0,0,0,0,0,0,0,0,0,0,0,0,0,0,0,2020/02/10 00:00:00,2020/02/10 00:00:00,2,1,Lambdacyhalothrin,1,ha,60,l,60,ha,0,1,0,0,0,90,Band
40.8647222220001,19.6841666670001,24898,2020/02/25 00:00:00,13:21,2020/02/25 00:00:00,13:21,No,Late,Shmal Garb Dogah,500,Exact,SA,439427,RAMSES38_SAU20-13.XL, ,1,0,1,2,1,0,0,0,0,0,0,0,0,0,0,0,0,0,0,0,0,0,0,0,0,0,0,0,0,0,0,0,0,0,0,0,0,0,1,0,0,0,0,-1,0,0,0,0,0,0,0,0,1,0,0,1,0,0.001,0.001,1,0,0,0,0,0,0,0,0,0,0,0,0,0,0,0,0,0,0,0,0,0,0,0,0,0,0,0,0,0,0,0,0,0,0,0,0,0,0,0,0,0,0,0,0,0,0,0,0,0,0,0,0,0,0,0,0,0,0,2020/02/25 00:00:00,2020/02/25 00:00:00,2,3,Lambdacyhalothrin,1,ha,80,l,80,ha,0,1,0,0,0,90,Band
41.4841666670001,18.8869444440001,24899,2020/02/17 00:00:00,10:21,2020/02/17 00:00:00,10:21,No,Middle,AlRehabah,300,Exact,SA,439428,RAMSES38_SAU20-13.XL,Gregarious appearing,1,0,1,2,1,0,0,0,0,0,0,0,0,0,0,0,0,0,0,0,0,0,0,0,0,0,0,0,0,0,0,0,0,0,0,0,0,0,1,0,0,0,0,-1,0,0,0,0,0,0,0,0,1,0,0,1,0,0.001,0.001,1,0,0,0,0,0,0,0,0,0,1,0,0,1,0,0,1,0,0,0,0,0,0,1,0,0,0,1,0,0,0,0,0,0,0,0,0,0,0,0,0,0,0,0,0,0,0,0,0,0,0,0,0,0,0,0,0,0,0,2020/02/17 00:00:00,2020/02/17 00:00:00,2,2,Lambdacyhalothrin,1,ha,40,l,40,ha,0,1,0,0,0,90,Band
38.3641666670001,17.8275,24900,2020/02/12 00:00:00,11:51,2020/02/12 00:00:00,11:51,No,Middle,Gadef,200,Exact,SU,437559,RAMSES38_SUD20-16.XL, ,1,0,1,2,1,0,0,0,0,0,0,0,0,0,0,0,0,0,0,0,0,0,0,0,0,0,0,0,0,0,0,0,0,0,0,0,0,0,0,1,0,0,0,-1,0,0,1,3,1,0,0,0,0,0,0,0,1,0.00050000002,0.00050000002,1,0,0,0,0,0,0,0,0,0,0,0,0,0,0,0,0,0,0,0,0,0,0,0,0,0,0,0,0,0,0,0,0,0,0,0,0,0,0,0,0,0,0,0,0,0,0,0,0,0,0,0,0,0,0,0,0,0,0,2020/02/12 00:00:00,2020/02/12 00:00:00,2,2,Other,0.5,ha,15,l,30,ha,1,0,0,0,0,0,Band
38.344722222,17.820277778,24901,2020/02/12 00:00:00,13:19,2020/02/12 00:00:00,13:19,No,Middle,Magel,300,Exact,SU,437566,RAMSES38_SUD20-16.XL, ,1,0,1,2,1,0,0,0,0,0,0,0,0,0,0,0,0,0,0,0,0,0,0,0,0,0,0,0,0,0,0,0,0,0,0,0,0,0,0,1,0,0,0,-1,0,0,1,3,1,0,0,0,0,0,0,0,1,0.00060000003,0.00060000003,1,0,0,0,0,0,0,0,0,0,0,0,0,0,0,0,0,0,0,0,0,0,0,0,0,0,0,0,0,0,0,0,0,0,0,0,0,0,0,0,0,0,0,0,0,0,0,0,0,0,0,0,0,0,0,0,0,0,0,2020/02/12 00:00:00,2020/02/12 00:00:00,2,2,Other,0.5,ha,20,l,40,ha,0,1,0,0,0,0,Band
38.348611111,17.759166667,24902,2020/02/04 00:00:00,12:16,2020/02/04 00:00:00,12:16,No,Early,Shabri,200,Exact,SU,437577,RAMSES38_SUD20-16.XL,Gregarious appearing,1,0,1,2,1,0,0,0,0,0,0,0,0,0,0,0,0,0,0,0,0,0,0,0,0,0,0,0,0,0,0,0,0,0,0,0,0,0,1,0,0,0,0,-1,0,0,1,3,0,0,0,0,0,0,0,0,1,0.00030000001,0.00030000001,1,0,0,0,0,0,0,0,0,1,0,0,0,-1,0,0,1,0,0,0,1,0,0,0,0,0,0,1,0,0,0,0,0,0,0,0,0,0,0,0,0,0,0,0,0,0,0,0,0,0,0,0,0,0,0,0,0,0,0,1899/12/30 00:00:00,1899/12/30 00:00:00,0,0, ,0, ,0, ,0, ,0,0,0,0,0,0,Band
41.4788888890001,18.8013888890001,24903,2020/02/10 00:00:00,11:18,2020/02/10 00:00:00,11:18,No,Early,Hali - AlThi,800,Exact,SA,439439,RAMSES38_SAU20-13.XL, ,1,0,1,2,1,0,0,0,0,0,0,0,0,0,0,0,0,0,0,0,0,0,0,0,0,0,0,0,0,0,0,0,0,0,0,0,0,0,0,1,0,0,0,-1,0,0,0,0,0,3,1,0,3,0,0,1,0,0.0099999998,0.0099999998,0,1,0,0,0,0,0,0,0,0,0,0,0,0,0,0,0,0,0,0,0,0,0,0,0,0,0,0,0,0,0,0,0,0,0,0,0,0,0,0,0,0,0,0,0,0,0,0,0,0,0,0,0,0,0,0,0,0,0,2020/02/10 00:00:00,2020/02/10 00:00:00,2,1,Lambdacyhalothrin,1,ha,80,l,80,ha,0,1,0,0,0,90,Band
41.4980555560001,18.892222222,24904,2020/02/17 00:00:00,09:16,2020/02/17 00:00:00,09:16,No,Middle,AlRehabah,800,Exact,SA,439454,RAMSES38_SAU20-13.XL, ,1,0,1,2,1,0,0,0,0,0,0,0,0,0,0,0,0,0,0,0,0,0,0,0,0,0,0,0,0,0,0,0,0,0,0,0,0,0,1,0,0,0,0,-1,0,0,0,0,0,0,0,0,1,0,0,1,0,0.001,0.001,1,0,0,0,0,0,0,0,0,0,0,0,0,0,0,0,0,0,0,0,0,0,0,0,0,0,0,0,0,0,0,0,0,0,0,0,0,0,0,0,0,0,0,0,0,0,0,0,0,0,0,0,0,0,0,0,0,0,0,2020/02/17 00:00:00,2020/02/17 00:00:00,2,2,Lambdacyhalothrin,1,ha,60,l,60,ha,0,1,0,0,0,90,Band
41.387777778,18.891944444,24905,2020/02/19 00:00:00,17:39,2020/02/19 00:00:00,17:39,No,Middle,AlMagawi,900,Exact,SA,439463,RAMSES38_SAU20-13.XL, ,1,0,1,2,1,0,0,0,0,0,0,0,0,0,0,0,0,0,0,0,0,0,0,0,0,0,0,0,0,0,0,0,0,0,0,0,0,0,1,0,0,0,0,-1,0,0,0,0,0,0,0,0,1,0,0,1,0,0.0020000001,0.0020000001,1,0,0,0,0,0,0,0,0,0,0,0,0,0,0,0,0,0,0,0,0,0,0,0,0,0,0,0,0,0,0,0,0,0,0,0,0,0,0,0,0,0,0,0,0,0,0,0,0,0,0,0,0,0,0,0,0,0,0,2020/02/19 00:00:00,2020/02/19 00:00:00,2,2,Lambdacyhalothrin,1,ha,60,l,60,ha,0,1,0,0,0,90,Band
41.458055556,18.906944444,24906,2020/02/19 00:00:00,18:11,2020/02/19 00:00:00,18:11,No,Middle,AlHesan,800,Exact,SA,439464,RAMSES38_SAU20-13.XL, ,1,0,1,2,1,0,0,0,0,0,0,0,0,0,0,0,0,0,0,0,0,0,0,0,0,0,0,0,0,0,0,0,0,0,0,0,0,0,1,0,0,0,0,-1,0,0,0,0,0,0,0,0,1,0,0,1,0,0.00050000002,0.00050000002,1,0,0,0,0,0,0,0,0,0,0,0,0,0,0,0,0,0,0,0,0,0,0,0,0,0,0,0,0,0,0,0,0,0,0,0,0,0,0,0,0,0,0,0,0,0,0,0,0,0,0,0,0,0,0,0,0,0,0,2020/02/19 00:00:00,2020/02/19 00:00:00,2,2,Lambdacyhalothrin,1,ha,40,l,40,ha,0,1,0,0,0,90,Band
41.456944444,18.82,24907,2020/02/10 00:00:00,16:55,2020/02/10 00:00:00,16:55,No,Early,Shia,700,Exact,SA,439484,RAMSES38_SAU20-13.XL, ,1,0,1,2,1,0,0,0,0,0,0,0,0,0,0,0,0,0,0,0,0,0,0,0,0,0,0,0,0,0,0,0,0,0,0,0,0,0,1,0,0,0,0,-1,0,0,0,0,0,0,0,0,1,0,0,1,0,0.00050000002,0.00050000002,1,0,0,0,0,0,0,0,0,0,0,0,0,0,0,0,0,0,0,0,0,0,0,0,0,0,0,0,0,0,0,0,0,0,0,0,0,0,0,0,0,0,0,0,0,0,0,0,0,0,0,0,0,0,0,0,0,0,0,1899/12/30 00:00:00,1899/12/30 00:00:00,0,0, ,0, ,0, ,0, ,0,0,0,0,0,0,Band
41.505,18.818055556,24908,2020/02/10 00:00:00,17:09,2020/02/10 00:00:00,17:09,No,Early,Shia,300,Exact,SA,439486,RAMSES38_SAU20-13.XL, ,1,0,1,2,1,0,0,0,0,0,0,0,0,0,0,0,0,0,0,0,0,0,0,0,0,0,0,0,0,0,0,0,0,0,0,0,0,0,1,0,0,0,0,-1,0,0,0,0,0,0,0,0,1,0,0,1,0,0.001,0.001,1,0,0,0,0,0,0,0,0,0,0,0,0,0,0,0,0,0,0,0,0,0,0,0,0,0,0,0,0,0,0,0,0,0,0,0,0,0,0,0,0,0,0,0,0,0,0,0,0,0,0,0,0,0,0,0,0,0,0,1899/12/30 00:00:00,1899/12/30 00:00:00,0,0, ,0, ,0, ,0, ,0,0,0,0,0,0,Band
41.5016666670001,18.8113888890001,24909,2020/02/10 00:00:00,17:32,2020/02/10 00:00:00,17:32,No,Early,Hali - AlSabtah,400,Exact,SA,439525,RAMSES38_SAU20-13.XL, ,1,0,1,2,1,0,0,0,0,0,0,0,0,0,0,0,0,0,0,0,0,0,0,0,0,0,0,0,0,0,0,0,0,0,0,0,0,0,1,0,0,0,0,-1,0,0,0,0,0,0,0,0,1,0,0,1,0,0.00050000002,0.00050000002,1,0,0,0,0,0,0,0,0,0,0,0,0,0,0,0,0,0,0,0,0,0,0,0,0,0,0,0,0,0,0,0,0,0,0,0,0,0,0,0,0,0,0,0,0,0,0,0,0,0,0,0,0,0,0,0,0,0,0,1899/12/30 00:00:00,1899/12/30 00:00:00,0,0, ,0, ,0, ,0, ,0,0,0,0,0,0,Band
41.4991666670001,18.784722222,24910,2020/02/10 00:00:00,18:02,2020/02/10 00:00:00,18:02,No,Early,Hali - AlSabtah,500,Exact,SA,439527,RAMSES38_SAU20-13.XL, ,1,0,1,2,1,0,0,0,0,0,0,0,0,0,0,0,0,0,0,0,0,0,0,0,0,0,0,0,0,0,0,0,0,0,0,0,0,0,1,0,0,0,0,-1,0,0,0,0,0,0,0,0,1,0,0,1,0,0.00050000002,0.00050000002,1,0,0,0,0,0,0,0,0,0,0,0,0,0,0,0,0,0,0,0,0,0,0,0,0,0,0,0,0,0,0,0,0,0,0,0,0,0,0,0,0,0,0,0,0,0,0,0,0,0,0,0,0,0,0,0,0,0,0,1899/12/30 00:00:00,1899/12/30 00:00:00,0,0, ,0, ,0, ,0, ,0,0,0,0,0,0,Band
41.3777777780001,18.8733333330001,24911,2020/02/17 00:00:00,10:30,2020/02/17 00:00:00,10:30,No,Middle,AlMagawi,300,Exact,SA,439541,RAMSES38_SAU20-13.XL, ,1,0,1,2,1,0,0,0,0,0,0,0,0,0,0,0,0,0,0,0,0,0,0,0,0,0,0,0,0,0,0,0,0,0,0,0,0,0,1,0,0,0,0,-1,0,0,0,0,0,0,0,0,1,0,0,1,0,0.0020000001,0.0020000001,1,0,0,0,0,0,0,0,0,0,0,0,0,0,0,0,0,0,0,0,0,0,0,0,0,0,0,0,0,0,0,0,0,0,0,0,0,0,0,0,0,0,0,0,0,0,0,0,0,0,0,0,0,0,0,0,0,0,0,2020/02/17 00:00:00,2020/02/17 00:00:00,2,2,Lambdacyhalothrin,1,ha,40,l,40,ha,0,1,0,0,0,90,Band
46.1961111110001,10.1263888890001,24912,2020/02/28 00:00:00,06:02,2020/02/28 00:00:00,06:02,No,Late,Raar buul{[2]}- 1,20,Exact,SO,437421,RAMSES38_SOM20-07.XL,Gregarious appearing,1,0,1,1,1,0,0,0,0,0,0,1,0,0,-1,0,0,0,0,0,0,0,0,0,0,0,0,1,0,0,0,0,1,0,0,0,0,0,0,1,0,0,5,-1,0,0,0,0,0,0,3,0,1,0,0,1,0,0.02,0.02,0,1,0,0,0,0,0,0,0,0,1,0,0,2,0,0,1,1,1,0,0,1,0,0,0,0,0,1,0,0,0,0,0,0,0,0,0,0,0,0,0,0,0,0,0,0,0,0,0,0,0,0,0,0,0,0,0,0,0,1899/12/30 00:00:00,1899/12/30 00:00:00,0,0, ,0, ,0, ,0, ,0,0,0,0,0,0,Band
45.9394444440001,10.153055556,24913,2020/02/28 00:00:00,14:34,2020/02/28 00:00:00,14:34,No,Late,Quud Xiraad,40,Exact,SO,437439,RAMSES38_SOM20-07.XL,Gregarious appearing,1,0,1,2,1,0,0,0,0,0,0,1,0,0,-1,0,0,0,0,0,0,0,0,0,0,0,1,0,0,0,0,0,1,0,0,0,0,0,0,1,0,0,10,-1,0,0,0,0,0,0,3,0,1,0,0,1,0,0.0099999998,0.0099999998,0,1,0,0,0,0,0,0,0,0,1,0,0,2,1,0,0,0,0,0,0,0,1,0,0,0,0,1,0,0,0,0,0,0,0,0,0,0,0,0,0,0,0,0,0,0,0,0,0,0,0,0,0,0,0,0,0,0,0,1899/12/30 00:00:00,1899/12/30 00:00:00,0,0, ,0, ,0, ,0, ,0,0,0,0,0,0,Band
45.283611111,10.4352777780001,24914,2020/02/29 00:00:00,08:45,2020/02/29 00:00:00,08:45,No,Late,Goobaare,30,Exact,SO,437460,RAMSES38_SOM20-07.XL, ,1,0,1,2,1,0,0,0,0,0,0,1,0,0,-1,0,0,0,0,0,0,0,0,0,0,1,0,0,0,0,0,0,1,0,0,0,0,0,0,0,1,0,10,-1,0,0,0,0,0,3,1,0,3,0,1,0,0,100,100,0,0,0,0,1,0,0,0,0,0,0,0,0,0,0,0,0,0,0,0,0,0,0,0,0,0,0,0,0,0,0,0,0,0,0,0,0,0,0,0,0,0,0,0,0,0,0,0,0,0,0,0,0,0,0,0,0,0,0,1899/12/30 00:00:00,1899/12/30 00:00:00,0,0, ,0, ,0, ,0, ,0,0,0,0,0,0,Band
45.202777778,10.455277778,24915,2020/02/29 00:00:00,09:31,2020/02/29 00:00:00,09:31,No,Late,Xiiirinle,40,Exact,SO,437461,RAMSES38_SOM20-07.XL, ,1,0,1,2,1,0,0,0,0,0,0,1,0,0,-1,0,0,0,0,0,0,0,0,0,0,0,0,1,0,0,0,0,1,0,0,0,0,0,0,0,1,0,0,-1,0,0,0,0,0,0,3,0,1,0,1,0,0,0.015,0.015,0,1,0,0,0,0,0,0,0,0,0,0,0,0,0,0,0,0,0,0,0,0,0,0,0,0,0,0,0,0,0,0,0,0,0,0,0,0,0,0,0,0,0,0,0,0,0,0,0,0,0,0,0,0,0,0,0,0,0,1899/12/30 00:00:00,1899/12/30 00:00:00,0,0, ,0, ,0, ,0, ,0,0,0,0,0,0,Band
37.316666667,0.583333333000041,24916,2020/02/06 00:00:00,09:02,2020/02/06 00:00:00,09:02,No,Early,Ndonyo Lengala,100,Exact,KE,434140,RAMSES38_KEN20-21.XL, ,1,0,1,2,1,0,0,0,0,0,0,0,0,0,0,0,0,0,0,0,0,0,0,0,0,0,0,0,0,0,0,0,0,0,0,0,0,0,0,0,0,0,0,-1,0,0,3,1,0,0,0,0,0,0,0,0,0,0,0,0,0,0,0,0,0,0,0,0,0,0,0,0,0,0,0,0,0,0,0,0,0,0,0,0,0,0,0,0,0,0,0,0,0,0,0,-1,1,0,0,0,0,0,0,1,0,0,0,0,0,0,0,0,0,0,0,0,0,1,1899/12/30 00:00:00,1899/12/30 00:00:00,0,0, ,0, ,0, ,0, ,0,0,0,0,0,0,Band
37.2333333330001,0.8,24917,2020/02/07 00:00:00,10:39,2020/02/07 00:00:00,10:39,No,Early,Meibaei_Conservancy,100,Exact,KE,434152,RAMSES38_KEN20-21.XL, ,1,0,1,2,1,0,0,0,0,0,0,0,0,0,0,0,0,0,0,0,0,0,0,0,0,0,0,0,0,0,0,0,0,0,0,0,0,0,0,0,0,0,0,-1,0,0,1,1,0,0,0,0,0,0,0,0,1,0,0,0,0,0,0,0,0,0,0,0,0,0,0,0,0,0,0,0,0,0,0,0,0,0,0,0,0,0,0,0,0,0,0,0,0,0,0,0,0,0,0,0,0,0,0,0,0,0,0,0,0,0,0,0,0,0,0,0,0,0,1899/12/30 00:00:00,1899/12/30 00:00:00,0,0, ,0, ,0, ,0, ,0,0,0,0,0,0,Band
37.316666667,0.583333333000041,24918,2020/02/10 00:00:00,09:30,2020/02/10 00:00:00,09:30,No,Early,Ndonyo Lengala,100,Exact,KE,434156,RAMSES38_KEN20-22.XL, ,1,0,1,2,1,0,0,0,0,0,0,0,0,0,0,0,0,0,0,0,0,0,0,0,0,0,0,0,0,0,0,0,0,0,0,0,0,0,0,0,0,0,0,-1,0,0,1,1,0,0,0,0,0,0,0,0,0,0,0,0,0,0,0,0,0,0,0,0,0,0,0,0,0,0,0,0,0,0,0,0,0,0,0,0,0,0,0,0,0,0,0,0,0,0,0,0,0,0,0,0,0,0,0,0,0,0,0,0,0,0,0,0,0,0,0,0,0,0,1899/12/30 00:00:00,1899/12/30 00:00:00,0,0, ,0, ,0, ,0, ,0,0,0,0,0,0,Band
36.9166666670001,0.333333333000041,24919,2020/02/11 00:00:00,10:50,2020/02/11 00:00:00,10:50,No,Middle,Lekiji school,100,Exact,KE,434160,RAMSES38_KEN20-22.XL, ,1,0,1,2,1,0,0,0,0,0,0,0,0,0,0,0,0,0,0,0,0,0,0,0,0,0,0,0,0,0,0,0,0,0,0,0,0,0,0,0,0,0,0,-1,0,0,1,1,0,0,0,0,0,0,0,0,0,0,0,0,0,0,0,0,0,0,0,0,0,0,0,0,0,0,0,0,0,0,0,0,0,0,0,0,0,0,0,0,0,0,0,0,0,0,0,0,0,0,0,0,0,0,0,0,0,0,0,0,0,0,0,0,0,0,0,0,0,0,1899/12/30 00:00:00,1899/12/30 00:00:00,0,0, ,0, ,0, ,0, ,0,0,0,0,0,0,Band
35.4166666670001,2.05,24920,2020/02/10 00:00:00,11:14,2020/02/10 00:00:00,11:14,No,Early,Nakwamoru,100,Exact,KE,434172,RAMSES38_KEN20-22.XL, ,1,0,1,2,1,0,0,0,0,0,0,0,0,0,0,0,0,0,0,0,0,0,0,0,0,0,0,0,0,0,0,0,0,0,0,0,0,0,0,0,0,0,0,-1,0,0,1,1,0,0,0,0,0,0,0,0,1,0,0,0,0,0,0,0,0,0,0,0,0,0,0,0,0,0,0,0,0,0,0,0,0,0,0,0,0,0,0,0,0,0,0,0,0,0,0,-1,0,0,1,0,0,0,1,0,0,0,0,0,0,0,0,0,0,0,0,0,0,0,1899/12/30 00:00:00,1899/12/30 00:00:00,0,0, ,0, ,0, ,0, ,0,0,0,0,0,0,Band
36.566666667,1.2,24921,2020/02/11 00:00:00,10:17,2020/02/11 00:00:00,10:17,No,Middle,Porro Sprayed,100,Exact,KE,434173,RAMSES38_KEN20-22.XL, ,2,0,1,2,1,0,0,0,0,0,0,0,0,0,0,0,0,0,0,0,0,0,0,0,0,0,0,0,0,0,0,0,0,0,0,0,0,0,0,0,0,0,0,-1,0,0,1,1,0,0,0,0,0,0,0,0,0,0,0,0,0,0,0,0,0,0,0,0,0,0,0,0,0,0,0,0,0,0,0,0,0,0,0,0,0,0,0,0,0,0,0,0,0,0,0,-1,0,0,1,0,0,0,1,0,0,0,0,0,0,0,0,0,0,0,0,0,0,0,1899/12/30 00:00:00,1899/12/30 00:00:00,0,0, ,0, ,0, ,0, ,0,0,0,0,0,0,Band
37.4833333330001,0.083333333000041,24922,2020/02/12 00:00:00,09:07,2020/02/12 00:00:00,09:07,No,Middle,Ndonyo_wasin,100,Exact,KE,434174,RAMSES38_KEN20-22.XL, ,1,0,1,2,1,0,0,0,0,0,0,0,0,0,0,0,0,0,0,0,0,0,0,0,0,0,0,0,0,0,0,0,0,0,0,0,0,0,0,0,0,0,0,-1,0,0,1,1,0,0,0,0,0,0,0,0,0,0,0,0,0,0,0,0,0,0,0,0,0,0,0,0,0,0,0,0,0,0,0,0,0,0,0,0,0,0,0,0,0,0,0,0,0,0,0,-1,0,0,1,0,0,0,1,0,0,0,0,0,0,0,0,0,0,0,0,0,0,0,1899/12/30 00:00:00,1899/12/30 00:00:00,0,0, ,0, ,0, ,0, ,0,0,0,0,0,0,Band
37.15,0.833333333000041,24923,2020/02/12 00:00:00,09:10,2020/02/12 00:00:00,09:10,No,Middle,Sesia,100,Exact,KE,434175,RAMSES38_KEN20-22.XL, ,1,0,1,2,1,0,0,0,0,0,0,0,0,0,0,0,0,0,0,0,0,0,0,0,0,0,0,0,0,0,0,0,0,0,0,0,0,0,0,0,0,0,0,-1,0,0,1,1,0,0,0,0,0,0,0,0,0,0,0,0,0,0,0,0,0,0,0,0,0,0,0,0,0,0,0,0,0,0,0,0,0,0,0,0,0,0,0,0,0,0,0,0,0,0,0,-1,0,0,1,0,0,0,1,0,0,0,0,0,0,0,0,0,0,0,0,0,0,0,1899/12/30 00:00:00,1899/12/30 00:00:00,0,0, ,0, ,0, ,0, ,0,0,0,0,0,0,Band
37.333333333,0.716666667000027,24924,2020/02/12 00:00:00,09:12,2020/02/12 00:00:00,09:12,No,Middle,Ngutuk Ongiron Spray,100,Exact,KE,434176,RAMSES38_KEN20-22.XL, ,1,0,1,2,1,0,0,0,0,0,0,0,0,0,0,0,0,0,0,0,0,0,0,0,0,0,0,0,0,0,0,0,0,0,0,0,0,0,0,0,0,0,0,-1,0,0,1,1,0,0,0,0,0,0,0,0,0,0,0,0,0,0,0,0,0,0,0,0,0,0,0,0,0,0,0,0,0,0,0,0,0,0,0,0,0,0,0,0,0,0,0,0,0,0,0,-1,0,0,1,0,0,0,1,0,0,0,0,0,0,0,0,0,0,0,0,0,0,0,1899/12/30 00:00:00,1899/12/30 00:00:00,0,0, ,0, ,0, ,0, ,0,0,0,0,0,0,Band
39.6,0.633333333000053,24925,2020/02/12 00:00:00,16:27,2020/02/12 00:00:00,16:27,No,Middle,Lorian swamp,100,Exact,KE,434183,RAMSES38_KEN20-22.XL, ,1,0,1,2,1,0,0,0,0,0,0,0,0,0,0,0,0,0,0,0,0,0,0,0,0,0,0,0,0,0,0,0,0,0,0,0,0,0,0,0,0,0,0,-1,0,0,1,1,0,0,0,0,0,0,0,0,1,0,0,0,0,0,0,0,0,0,0,0,0,0,0,0,0,0,0,0,0,0,0,0,0,0,0,0,0,0,0,0,0,0,0,0,0,0,0,0,0,0,0,0,0,0,0,0,0,0,0,0,0,0,0,0,0,0,0,0,0,0,1899/12/30 00:00:00,1899/12/30 00:00:00,0,0, ,0, ,0, ,0, ,0,0,0,0,0,0,Band
37.25,0.633333333000053,24926,2020/02/15 00:00:00,09:03,2020/02/15 00:00:00,09:03,No,Middle,Kipsing center,100,Exact,KE,435158,RAMSES38_KEN20-23.XL, ,1,0,1,2,1,0,0,0,0,0,0,0,0,0,0,0,0,0,0,0,0,0,0,0,0,0,0,0,0,0,0,0,0,0,0,0,0,0,0,0,0,0,0,-1,0,0,1,1,0,0,0,0,0,0,0,0,0,0,0,0,0,0,0,0,0,0,0,0,0,0,0,0,0,0,0,0,0,0,0,0,0,0,0,0,0,0,0,0,0,0,0,0,0,0,0,0,0,0,0,0,0,0,0,0,0,0,0,0,0,0,0,0,0,0,0,0,0,0,1899/12/30 00:00:00,1899/12/30 00:00:00,0,0, ,0, ,0, ,0, ,0,0,0,0,0,0,Band
37.466666667,0.616666667000061,24927,2020/02/15 00:00:00,09:59,2020/02/15 00:00:00,09:59,No,Middle,Kiltamany village,100,Exact,KE,435160,RAMSES38_KEN20-23.XL, ,1,0,1,2,1,0,0,0,0,0,0,0,0,0,0,0,0,0,0,0,0,0,0,0,0,0,0,0,0,0,0,0,0,0,0,0,0,0,0,1,0,0,0,-1,0,0,1,0,0,0,0,0,0,0,0,0,1,0,0,0,0,0,0,0,1,0,0,0,0,0,0,0,0,0,0,0,0,0,0,0,0,0,0,0,0,0,0,0,0,0,0,0,0,0,0,0,0,0,0,0,0,0,0,0,0,0,0,0,0,0,0,0,0,0,0,0,0,0,1899/12/30 00:00:00,1899/12/30 00:00:00,0,0, ,0, ,0, ,0, ,0,0,0,0,0,0,Band
57.710555556,19.394444444,24928,2020/02/05 00:00:00,08:00,2020/02/05 00:00:00,08:00,No,Early,Al Roud,100,Exact,OM,436195,RAMSES38_OMN20-14.XL, ,1,0,1,2,1,0,0,0,0,0,0,0,0,0,0,0,0,0,0,0,0,0,0,0,0,0,0,0,0,0,0,0,0,0,0,0,0,0,0,1,0,0,100,-1,0,0,3,1,0,0,0,0,0,0,0,0,1,0.0040000002,0.0040000002,0,1,0,0,0,0,0,0,0,0,0,0,0,0,0,0,0,0,0,0,0,0,0,0,0,0,0,0,0,0,0,0,0,0,0,0,0,0,0,0,0,0,0,0,0,0,0,0,0,0,0,0,0,0,0,0,0,0,0,2020/02/05 00:00:00,2020/02/05 00:00:00,2,1,Other,1,ha,25,l,25,ha,0,1,0,0,0,0,Band
38.1,-0.233333332999962,24929,2020/02/20 00:00:00,09:05,2020/02/20 00:00:00,09:05,No,Middle,Kamaguna.,100,Exact,KE,435889,RAMSES38_KEN20-26.XL, ,1,0,1,2,1,0,0,0,0,0,0,0,0,0,0,0,0,0,0,0,0,0,0,0,0,0,0,0,0,0,0,0,0,0,0,0,0,0,0,0,0,0,0,-1,0,0,1,1,0,0,0,0,0,0,0,0,0,0,0,0,0,0,0,0,0,0,0,0,0,0,0,0,0,0,0,0,0,0,0,0,0,0,0,0,0,0,0,0,0,0,0,0,0,0,0,0,0,0,0,0,0,0,0,0,0,0,0,0,0,0,0,0,0,0,0,0,0,0,1899/12/30 00:00:00,1899/12/30 00:00:00,0,0, ,0, ,0, ,0, ,0,0,0,0,0,0,Band
36.95,3.21666666700003,24930,2020/02/20 00:00:00,16:11,2020/02/20 00:00:00,16:11,No,Middle,North horr Sprayed,100,Exact,KE,435893,RAMSES38_KEN20-26.XL, ,1,0,1,2,1,0,0,0,0,0,0,0,0,0,0,0,0,0,0,0,0,0,0,0,0,0,0,0,0,0,0,0,0,0,0,0,0,0,0,0,0,0,0,-1,0,0,1,1,0,0,0,0,0,0,0,0,0,0,0,0,0,0,0,0,0,0,0,0,0,0,0,0,0,0,0,0,0,0,0,0,0,0,0,0,0,0,0,0,0,0,0,0,0,0,0,0,0,0,0,0,0,0,0,0,0,0,0,0,0,0,0,0,0,0,0,0,0,0,1899/12/30 00:00:00,1899/12/30 00:00:00,0,0, ,0, ,0, ,0, ,0,0,0,0,0,0,Band
37.333333333,0.866666667000061,24931,2020/02/20 00:00:00,09:13,2020/02/20 00:00:00,09:13,No,Middle,Ngutuk Ongiron.,100,Exact,KE,435897,RAMSES38_KEN20-26.XL, ,1,0,1,2,1,0,0,0,0,0,0,0,0,0,0,0,0,0,0,0,0,0,0,0,0,0,0,0,0,0,0,0,0,0,0,0,0,0,0,0,0,0,0,-1,0,0,0,0,0,1,0,0,0,0,0,0,0,0,0,0,0,0,0,0,0,0,0,0,0,0,0,0,0,0,0,0,0,0,0,0,0,0,0,0,0,0,0,0,0,0,0,0,0,0,0,0,0,0,0,0,0,0,0,0,0,0,0,0,0,0,0,0,0,0,0,0,0,0,1899/12/30 00:00:00,1899/12/30 00:00:00,0,0, ,0, ,0, ,0, ,0,0,0,0,0,0,Band
37.85,1.55,24932,2020/02/25 00:00:00,09:23,2020/02/25 00:00:00,09:23,No,Late,Laisamis.,100,Exact,KE,436055,RAMSES38_KEN20-28.XL, ,1,0,1,2,1,0,0,0,0,0,0,0,0,0,0,0,0,0,0,0,0,0,0,0,0,0,0,0,0,0,0,0,0,0,0,0,0,0,0,0,1,0,0,-1,0,0,0,1,0,0,0,0,0,0,0,0,0,0,0,0,0,0,0,0,1,0,0,0,0,0,0,0,0,0,0,0,0,0,0,0,0,0,0,0,0,0,0,0,0,0,0,0,0,0,0,0,0,0,0,0,0,0,0,0,0,0,0,0,0,0,0,0,0,0,0,0,0,0,1899/12/30 00:00:00,1899/12/30 00:00:00,0,0, ,0, ,0, ,0, ,0,0,0,0,0,0,Band
37.55,0.4,24933,2020/02/25 00:00:00,09:37,2020/02/25 00:00:00,09:37,No,Late,Alamach,100,Exact,KE,436056,RAMSES38_KEN20-28.XL, ,1,0,1,2,1,0,0,0,0,0,0,0,0,0,0,0,0,0,0,0,0,0,0,0,0,0,0,0,0,0,0,0,0,0,0,0,0,0,0,0,1,0,0,-1,0,0,1,1,0,0,0,0,0,0,0,0,0,0,0,0,0,0,0,0,1,0,0,0,0,0,0,0,0,0,0,0,0,0,0,0,0,0,0,0,0,0,0,0,0,0,0,0,0,0,0,0,0,0,0,0,0,0,0,0,0,0,0,0,0,0,0,0,0,0,0,0,0,0,1899/12/30 00:00:00,1899/12/30 00:00:00,0,0, ,0, ,0, ,0, ,0,0,0,0,0,0,Band
37.216666667,1.88333333300005,24934,2020/02/25 00:00:00,10:03,2020/02/25 00:00:00,10:03,No,Late,Arsim,100,Exact,KE,436057,RAMSES38_KEN20-28.XL, ,1,0,1,2,1,0,0,0,0,0,0,0,0,0,0,0,0,0,0,0,0,0,0,0,0,0,0,0,0,0,0,0,0,0,0,0,0,0,0,0,0,0,0,-1,0,0,1,1,0,0,0,0,0,0,0,0,0,0,0,0,0,0,0,0,0,0,0,0,0,0,0,0,0,0,0,0,0,0,0,0,0,0,0,0,0,0,0,0,0,0,0,0,0,0,0,0,0,0,0,0,0,0,0,0,0,0,0,0,0,0,0,0,0,0,0,0,0,0,1899/12/30 00:00:00,1899/12/30 00:00:00,0,0, ,0, ,0, ,0, ,0,0,0,0,0,0,Band
38.05,-0.93333333299995,24935,2020/02/25 00:00:00,16:06,2020/02/25 00:00:00,16:06,No,Late,Mwingi,100,Exact,KE,436059,RAMSES38_KEN20-28.XL, ,1,0,1,2,1,0,0,0,0,0,0,0,0,0,0,0,0,0,0,0,0,0,0,0,0,0,0,0,0,0,0,0,0,0,0,0,0,0,0,0,0,0,0,-1,0,0,1,3,0,0,0,0,0,0,0,0,0,0,0,0,0,0,0,0,0,0,0,0,0,0,0,0,0,0,0,0,0,0,0,0,0,0,0,0,0,0,0,0,0,0,0,0,0,0,0,0,0,0,0,0,0,0,0,0,0,0,0,0,0,0,0,0,0,0,0,0,0,0,1899/12/30 00:00:00,1899/12/30 00:00:00,0,0, ,0, ,0, ,0, ,0,0,0,0,0,0,Band
37.95,1.38333333300005,24936,2020/02/24 00:00:00,10:39,2020/02/24 00:00:00,10:39,No,Late,Koya,100,Exact,KE,436062,RAMSES38_KEN20-28.XL, ,1,0,1,2,1,0,0,0,0,0,0,0,0,0,0,0,0,0,0,0,0,0,0,0,0,0,0,0,0,0,0,0,0,0,0,0,0,0,0,0,0,0,0,-1,0,0,0,0,1,0,0,0,0,0,0,1,0,0,0,0,0,0,0,0,0,0,0,0,0,0,0,0,0,0,0,0,0,0,0,0,0,0,0,0,0,0,0,0,0,0,0,0,0,0,0,0,0,0,0,0,0,0,0,0,0,0,0,0,0,0,0,0,0,0,0,0,0,0,1899/12/30 00:00:00,1899/12/30 00:00:00,0,0, ,0, ,0, ,0, ,0,0,0,0,0,0,Band
37.316666667,0.583333333000041,24937,2020/02/02 00:00:00,10:41,2020/02/02 00:00:00,10:41,No,Early,Ndonyo Lengala,100,Exact,KE,434096,RAMSES38_KEN20-17.XL, ,1,0,1,2,1,0,0,0,0,0,0,0,0,0,0,0,0,0,0,0,0,0,0,0,0,0,0,0,0,0,0,0,0,0,0,0,0,0,0,0,0,0,0,-1,0,0,3,1,0,0,0,0,0,0,0,0,1,0,0,0,0,0,0,0,0,0,0,0,0,0,0,0,0,0,0,0,0,0,0,0,0,0,0,0,0,0,0,0,0,0,0,0,0,0,0,0,0,0,0,0,0,0,0,0,0,0,0,0,0,0,0,0,0,0,0,0,0,0,1899/12/30 00:00:00,1899/12/30 00:00:00,0,0, ,0, ,0, ,0, ,0,0,0,0,0,0,Band
37.316666667,0.583333333000041,24938,2020/02/03 00:00:00,10:20,2020/02/03 00:00:00,10:20,No,Early,Ndonyo Lengala,100,Exact,KE,434099,RAMSES38_KEN20-17.XL, ,1,0,1,2,1,0,0,0,0,0,0,0,0,0,0,0,0,0,0,0,0,0,0,0,0,0,0,0,0,0,0,0,0,0,0,0,0,0,0,0,0,0,0,-1,0,0,1,0,0,0,0,0,0,0,1,0,0,0,0,0,0,0,0,0,0,0,0,0,0,0,0,0,0,0,0,0,0,0,0,0,0,0,0,0,0,0,0,0,0,0,0,0,0,0,0,0,0,0,0,0,0,0,0,0,0,0,0,0,0,0,0,0,0,0,0,0,0,0,1899/12/30 00:00:00,1899/12/30 00:00:00,0,0, ,0, ,0, ,0, ,0,0,0,0,0,0,Band
37.2333333330001,0.8,24939,2020/02/05 00:00:00,10:20,2020/02/05 00:00:00,10:20,No,Early,Meibaei_Conservancy,100,Exact,KE,434110,RAMSES38_KEN20-19.XL, ,1,0,1,2,1,0,0,0,0,0,0,0,0,0,0,0,0,0,0,0,0,0,0,0,0,0,0,0,0,0,0,0,0,0,0,0,0,0,0,0,0,0,0,-1,0,0,1,1,0,0,0,0,0,0,0,0,0,0,0,0,0,0,0,0,0,0,0,0,0,0,0,0,0,0,0,0,0,0,0,0,0,0,0,0,0,0,0,0,0,0,0,0,0,0,0,0,0,0,0,0,0,0,0,0,0,0,0,0,0,0,0,0,0,0,0,0,0,0,1899/12/30 00:00:00,1899/12/30 00:00:00,0,0, ,0, ,0, ,0, ,0,0,0,0,0,0,Band
36.828055556,5.46666666700003,24940,2020/02/29 00:00:00,07:27,2020/02/29 00:00:00,07:27,No,Late,keyafer luka kebele,200,Exact,ET,437905,RAMSES38_ETH20-13.XL, ,1,0,1,2,1,0,0,0,0,0,0,1,0,0,-1,0,0,0,0,0,0,0,0,0,0,0,0,0,0,1,0,0,1,0,0,0,0,0,0,1,0,0,3,-1,0,0,1,0,0,0,0,0,0,0,0,0,1,0.02,0.02,0,1,0,0,0,0,0,0,0,0,0,0,0,0,0,0,0,0,0,0,0,0,0,0,0,0,0,0,0,0,0,0,0,0,0,0,0,0,0,0,0,0,0,0,0,0,0,0,0,0,0,0,0,0,0,0,0,0,0,1899/12/30 00:00:00,1899/12/30 00:00:00,0,0, ,0, ,0, ,0, ,0,0,0,0,0,0,Band
36.831944444,5.49333333300007,24941,2020/02/29 00:00:00,07:44,2020/02/29 00:00:00,07:44,No,Late,Key afer citymba keb,200,Exact,ET,437906,RAMSES38_ETH20-13.XL, ,1,0,1,2,1,0,0,0,0,0,0,1,0,0,-1,0,0,0,0,0,0,0,0,0,0,0,0,0,0,1,0,0,1,0,0,0,0,0,0,1,0,0,0,-1,0,0,1,0,0,0,0,0,0,0,0,0,1,0.0099999998,0.0099999998,0,1,0,0,0,0,0,0,0,0,0,0,0,0,0,0,0,0,0,0,0,0,0,0,0,0,0,0,0,0,0,0,0,0,0,0,0,0,0,0,0,0,0,0,0,0,0,0,0,0,0,0,0,0,0,0,0,0,0,1899/12/30 00:00:00,1899/12/30 00:00:00,0,0, ,0, ,0, ,0, ,0,0,0,0,0,0,Band
36.829444444,5.51666666700004,24942,2020/02/29 00:00:00,07:55,2020/02/29 00:00:00,07:55,No,Late,Key afer citymba keb,500,Exact,ET,437907,RAMSES38_ETH20-13.XL, ,1,0,1,2,1,0,0,0,0,0,0,1,0,0,-1,0,0,0,0,0,0,0,0,0,0,0,0,0,0,1,0,0,1,0,0,0,0,0,0,0,0,0,10,-1,0,0,1,0,0,0,0,0,0,0,0,0,1,0.050000001,0.050000001,0,1,0,0,0,0,0,0,0,0,0,0,0,0,0,0,0,0,0,0,0,0,0,0,0,0,0,0,0,0,0,0,0,0,0,0,0,0,0,0,0,0,0,0,0,0,0,0,0,0,0,0,0,0,0,0,0,0,0,1899/12/30 00:00:00,1899/12/30 00:00:00,0,0, ,0, ,0, ,0, ,0,0,0,0,0,0,Band
36.942777778,5.31194444400006,24943,2020/02/29 00:00:00,09:08,2020/02/29 00:00:00,09:08,No,Late,Benatsemay Duma kebe,800,Exact,ET,437908,RAMSES38_ETH20-13.XL, ,1,0,1,2,1,0,0,0,0,0,0,1,0,0,-1,0,0,0,0,0,0,0,0,0,0,0,0,0,0,1,0,0,1,0,0,0,0,0,0,1,0,0,0,-1,0,0,1,0,0,0,0,0,0,0,0,0,1,0.0049999999,0.0049999999,0,1,0,0,0,0,0,0,0,0,0,0,0,0,0,0,0,0,0,0,0,0,0,0,0,0,0,0,0,0,0,0,0,0,0,0,0,0,0,0,0,0,0,0,0,0,0,0,0,0,0,0,0,0,0,0,0,0,0,1899/12/30 00:00:00,1899/12/30 00:00:00,0,0, ,0, ,0, ,0, ,0,0,0,0,0,0,Band
37.388888889,0.405555556000024,24944,2020/02/28 00:00:00,10:02,2020/02/28 00:00:00,10:02,No,Late,Burat ward,100,Exact,KE,436772,RAMSES38_KEN20-29.XL, ,1,0,1,2,1,0,0,0,0,0,0,0,0,0,0,0,0,0,0,0,0,0,0,0,0,0,0,0,0,0,0,0,0,0,0,0,0,0,0,0,1,0,0,-1,0,0,0,0,1,0,0,0,0,0,0,1,0,0,0,0,0,0,0,0,1,0,0,0,0,0,0,0,0,0,0,0,0,0,0,0,0,0,0,0,0,0,0,0,0,0,0,0,0,0,0,0,0,0,0,0,0,0,0,0,0,0,0,0,0,0,0,0,0,0,0,0,0,0,1899/12/30 00:00:00,1899/12/30 00:00:00,0,0, ,0, ,0, ,0, ,0,0,0,0,0,0,Band
37.339722222,3.0475,24945,2020/02/28 00:00:00,11:09,2020/02/28 00:00:00,11:09,No,Late,Chalbi areas,100,Exact,KE,436775,RAMSES38_KEN20-29.XL, ,1,0,1,2,1,0,0,0,0,0,0,0,0,0,0,0,0,0,0,0,0,0,0,0,0,0,0,0,0,0,0,0,0,0,0,0,0,0,0,0,1,0,0,-1,0,0,0,1,0,0,0,0,0,0,0,0,0,0,0,0,0,0,0,0,1,0,0,0,0,0,0,0,0,0,0,0,0,0,0,0,0,0,0,0,0,0,0,0,0,0,0,0,0,0,0,0,0,0,0,0,0,0,0,0,0,0,0,0,0,0,0,0,0,0,0,0,0,0,1899/12/30 00:00:00,1899/12/30 00:00:00,0,0, ,0, ,0, ,0, ,0,0,0,0,0,0,Band
37.2333333330001,0.8,24946,2020/03/01 00:00:00,10:41,2020/03/01 00:00:00,10:41,No,Early,Meibae Conservancy,100,Exact,KE,438083,RAMSES38_KEN20-30.XL, ,1,0,1,2,1,0,0,0,0,0,0,0,0,0,0,0,0,0,0,0,0,0,0,0,0,0,0,0,0,0,0,0,0,0,0,0,0,0,0,0,1,0,0,-1,0,0,0,0,0,0,1,0,0,0,0,0,0,0,0,0,0,0,0,0,1,0,0,0,0,0,0,0,0,0,0,0,0,0,0,0,0,0,0,0,0,0,0,0,0,0,0,0,0,0,0,0,0,0,0,0,0,0,0,0,0,0,0,0,0,0,0,0,0,0,0,0,0,0,1899/12/30 00:00:00,1899/12/30 00:00:00,0,0, ,0, ,0, ,0, ,0,0,0,0,0,0,Band
38.0,-0.283333332999973,24947,2020/03/01 00:00:00,18:40,2020/03/01 00:00:00,18:40,No,Early,Tharaka nithi Spraye,100,Exact,KE,438084,RAMSES38_KEN20-30.XL, ,1,0,1,2,1,0,0,0,0,0,0,0,0,0,0,0,0,0,0,0,0,0,0,0,0,0,0,0,0,0,0,0,0,0,0,0,0,0,0,0,0,0,0,-1,0,0,0,1,0,0,0,0,0,0,0,0,0,0,0,0,0,0,0,0,0,0,0,0,0,0,0,0,0,0,0,0,0,0,0,0,0,0,0,0,0,0,0,0,0,0,0,0,0,0,0,0,0,0,0,0,0,0,0,0,0,0,0,0,0,0,0,0,0,0,0,0,0,0,1899/12/30 00:00:00,1899/12/30 00:00:00,0,0, ,0, ,0, ,0, ,0,0,0,0,0,0,Band
36.9297222220001,5.31444444400006,24948,2020/03/02 00:00:00,12:03,2020/03/02 00:00:00,12:03,No,Early,Benatsemay duma kebe,400,Exact,ET,438286,RAMSES38_ETH20-14.XL, ,1,0,1,2,1,0,0,0,0,0,0,1,0,0,-1,0,0,0,0,0,0,0,0,0,0,0,0,0,0,1,0,0,1,0,0,0,0,0,0,1,0,0,0,-1,0,0,3,1,0,0,0,0,0,0,0,0,1,0.025,0.025,0,1,0,0,0,0,0,0,0,0,0,0,0,0,0,0,0,0,0,0,0,0,0,0,0,0,0,0,0,0,0,0,0,0,0,0,0,0,0,0,0,0,0,0,0,0,0,0,0,0,0,0,0,0,0,0,0,0,0,1899/12/30 00:00:00,1899/12/30 00:00:00,0,0, ,0, ,0, ,0, ,0,0,0,0,0,0,Band
37.953611111,5.06888888900005,24949,2020/03/05 00:00:00,12:59,2020/03/05 00:00:00,12:59,No,Early,Borena zone,1000,Exact,ET,441029,RAMSES38_ETH20-17.XL, ,1,0,1,2,1,0,0,0,0,0,0,0,0,0,0,0,0,0,0,0,0,0,0,0,0,0,0,0,0,0,0,0,0,0,0,0,0,0,0,0,0,0,0,-1,0,0,1,0,0,0,0,0,0,0,0,0,1,0,0,0,0,0,0,0,0,0,0,0,0,0,0,0,0,0,0,0,0,0,0,0,0,0,0,0,0,0,0,0,0,0,0,0,0,0,0,-1,1,0,0,0,0,0,0,1,0,0,0,0,0,0,0,0,0,0,0,0,0,0,1899/12/30 00:00:00,1899/12/30 00:00:00,0,0, ,0, ,0, ,0, ,0,0,0,0,0,0,Band
36.951666667,5.33944444400004,24950,2020/03/15 00:00:00,13:06,2020/03/15 00:00:00,13:06,No,Middle,South Omo zone,9999,Exact,ET,441032,RAMSES38_ETH20-17.XL, ,1,0,1,2,1,0,0,0,0,0,0,0,0,0,-1,0,0,0,0,0,0,0,0,0,0,0,0,0,0,0,0,0,1,1,0,0,0,0,0,0,0,0,0,-1,0,0,0,0,1,3,0,0,3,0,0,0,0,0,0,0,0,0,0,0,0,0,0,0,0,0,0,0,0,0,0,0,0,0,0,0,0,0,0,0,0,0,0,0,0,0,0,0,0,0,0,0,0,0,0,0,0,0,0,0,0,0,0,0,0,0,0,0,0,0,0,0,0,0,1899/12/30 00:00:00,1899/12/30 00:00:00,0,0, ,0, ,0, ,0, ,0,0,0,0,0,0,Band
36.9675,5.40111111100003,24951,2020/03/15 00:00:00,13:08,2020/03/15 00:00:00,13:08,No,Middle,South Omo zone,100,Exact,ET,441033,RAMSES38_ETH20-17.XL, ,1,0,1,2,1,0,0,0,0,0,0,0,0,0,0,0,0,0,0,0,0,0,0,0,0,0,0,0,0,0,0,0,0,0,0,0,0,0,0,0,0,0,0,-1,0,0,0,0,1,3,0,0,3,0,0,0,0,0,0,0,0,0,0,0,0,0,0,0,0,0,0,0,0,0,0,0,0,0,0,0,0,0,0,0,0,0,0,0,0,0,0,0,0,0,0,0,0,0,0,0,0,0,0,0,0,0,0,0,0,0,0,0,0,0,0,0,0,0,1899/12/30 00:00:00,1899/12/30 00:00:00,0,0, ,0, ,0, ,0, ,0,0,0,0,0,0,Band
36.8502777780001,5.47194444400003,24952,2020/03/15 00:00:00,13:10,2020/03/15 00:00:00,13:10,No,Middle,South Omo zone,9999,Exact,ET,441034,RAMSES38_ETH20-17.XL, ,1,0,1,2,1,0,0,0,0,0,0,0,0,0,0,0,0,0,0,0,0,0,0,0,0,0,0,0,0,0,0,0,0,0,0,0,0,0,0,0,0,0,0,-1,0,0,0,0,1,3,0,0,3,0,0,0,0,0,0,0,0,0,0,0,0,0,0,0,0,0,0,0,0,0,0,0,0,0,0,0,0,0,0,0,0,0,0,0,0,0,0,0,0,0,0,0,0,0,0,0,0,0,0,0,0,0,0,0,0,0,0,0,0,0,0,0,0,0,1899/12/30 00:00:00,1899/12/30 00:00:00,0,0, ,0, ,0, ,0, ,0,0,0,0,0,0,Band
37.4833333330001,0.56666666700005,24953,2020/03/02 00:00:00,10:45,2020/03/02 00:00:00,10:45,No,Early,Samburu National Res,100,Exact,KE,438086,RAMSES38_KEN20-30.XL, ,1,0,1,2,1,0,0,0,0,0,0,0,0,0,0,0,0,0,0,0,0,0,0,0,0,0,0,0,0,0,0,0,0,0,0,0,0,0,0,1,0,0,0,-1,0,0,1,3,0,0,0,0,0,0,0,0,1,0,0,0,0,1,0,0,0,0,0,0,0,0,0,0,0,0,0,0,0,0,0,0,0,0,0,0,0,0,0,0,0,0,0,0,0,0,0,0,0,0,0,0,0,0,0,0,0,0,0,0,0,0,0,0,0,0,0,0,0,0,1899/12/30 00:00:00,1899/12/30 00:00:00,0,0, ,0, ,0, ,0, ,0,0,0,0,0,0,Band
36.582777778,5.76388888900004,24954,2020/03/02 00:00:00,11:35,2020/03/02 00:00:00,11:35,No,Early,Benatsemay luka kebe,200,Exact,ET,438292,RAMSES38_ETH20-14.XL, ,1,0,1,2,1,0,0,0,0,0,0,1,0,0,-1,0,0,0,0,0,0,0,0,0,0,0,0,0,0,1,0,0,1,0,0,0,0,0,0,1,0,0,0,-1,0,0,3,1,0,0,0,0,0,0,0,0,1,0.0099999998,0.0099999998,0,1,0,0,0,0,0,0,0,0,0,0,0,0,0,0,0,0,0,0,0,0,0,0,0,0,0,0,0,0,0,0,0,0,0,0,0,0,0,0,0,0,0,0,0,0,0,0,0,0,0,0,0,0,0,0,0,0,0,1899/12/30 00:00:00,1899/12/30 00:00:00,0,0, ,0, ,0, ,0, ,0,0,0,0,0,0,Band
36.75,2.4,24955,2020/03/03 00:00:00,09:00,2020/03/03 00:00:00,09:00,No,Early,Lonjorin,100,Exact,KE,438298,RAMSES38_KEN20-31.XL, ,1,0,1,2,1,0,0,0,0,0,0,0,0,0,0,0,0,0,0,0,0,0,0,0,0,0,0,0,0,0,0,0,0,0,0,0,0,0,0,0,1,0,0,-1,0,0,0,0,0,1,1,0,0,0,0,0,0,0,0,0,0,0,0,0,1,0,0,0,0,0,0,0,-1,0,0,0,0,0,0,0,0,0,0,0,0,0,1,0,0,0,0,0,1,0,0,-1,0,0,1,0,0,0,1,0,0,0,0,0,0,0,0,1,0,0,0,0,0,0,1899/12/30 00:00:00,1899/12/30 00:00:00,0,0, ,0, ,0, ,0, ,0,0,0,0,0,0,Band
37.783333333,-0.68333333299995,24956,2020/03/04 00:00:00,10:09,2020/03/04 00:00:00,10:09,No,Early,Kiambere ward,100,Exact,KE,438301,RAMSES38_KEN20-31.XL, ,1,0,1,2,1,0,0,0,0,0,0,0,0,0,0,0,0,0,0,0,0,0,0,0,0,0,0,0,0,0,0,0,0,0,0,0,0,0,0,1,0,0,0,-1,0,0,1,3,0,0,0,0,0,0,0,0,0,0,0,0,0,1,0,0,0,0,0,0,0,0,0,0,0,0,0,0,0,0,0,0,0,0,0,0,0,0,0,0,0,0,0,0,0,0,0,0,0,0,0,0,0,0,0,0,0,0,0,0,0,0,0,0,0,0,0,0,0,0,1899/12/30 00:00:00,1899/12/30 00:00:00,0,0, ,0, ,0, ,0, ,0,0,0,0,0,0,Band
38.3616666670001,17.833333333,24957,2020/03/01 00:00:00,10:21,2020/03/01 00:00:00,10:21,No,Early,Gadef,200,Exact,SU,438311,RAMSES38_SUD20-18.XL, ,1,0,1,2,1,0,0,0,0,0,0,0,0,0,0,0,0,0,0,0,0,0,0,0,0,0,0,0,0,0,0,0,0,0,0,0,0,0,0,1,0,0,0,-1,0,0,0,0,0,3,1,0,3,0,0,1,0,0.00039999999,0.00039999999,1,0,0,0,0,0,0,0,0,0,0,0,0,0,0,0,0,0,0,0,0,0,0,0,0,0,0,0,0,0,0,0,0,0,0,0,0,0,0,0,0,0,0,0,0,0,0,0,0,0,0,0,0,0,0,0,0,0,0,2020/03/01 00:00:00,2020/03/01 00:00:00,2,1,Other,0.5,ha,25,l,50,ha,0,1,0,0,0,0,Band
57.573611111,25.831666667,24958,2020/03/25 00:00:00,12:41,2020/03/25 00:00:00,12:41,No,Late,Negar Baloochi 1,300,Exact,IR,442655,RAMSES38_IRN20-30.XL,Gregarious & transie,1,0,1,1,1,0,0,0,0,0,0,1,0,0,-1,0,0,0,0,0,0,0,0,0,0,0,0,0,1,0,0,0,1,0,0,0,0,0,0,1,0,0,1,-1,0,0,0,0,0,1,0,0,0,0,0,1,0,1,1,0,0,1,0,0,0,0,0,0,1,0,0,0,1,0,1,3,1,1,0,0,0,0,1,0,0,1,1,0,0,0,0,0,0,0,0,0,0,0,0,0,0,0,0,0,0,0,0,0,0,0,0,0,0,0,0,0,0,0,2020/03/25 00:00:00,2020/03/25 00:00:00,2,3,Deltamethrin,1,ha,50,l,50,ha,0,1,0,0,0,15,Band
57.408611111,25.882777778,24959,2020/03/12 00:00:00,12:02,2020/03/12 00:00:00,12:02,No,Middle,Garok Bala,400,Exact,IR,442643,RAMSES38_IRN20-30.XL, ,1,0,1,2,1,0,0,0,0,0,0,1,0,0,-1,0,0,0,0,0,0,0,0,0,0,0,0,0,1,0,0,0,1,0,0,0,0,0,0,0,1,0,1,-1,0,0,1,1,1,3,1,0,3,0,0,1,0,1,1,0,0,1,0,0,0,0,0,0,0,0,0,0,0,0,0,0,0,0,0,0,0,0,0,0,0,0,0,0,0,0,0,0,0,0,0,0,0,0,0,0,0,0,0,0,0,0,0,0,0,0,0,0,0,0,0,0,0,0,2020/03/12 00:00:00,2020/03/12 00:00:00,2,2,Malathion,1.5,ha,120,l,80,ha,1,0,0,0,0,85,Band
57.388333333,25.9313888890001,24960,2020/03/12 00:00:00,15:59,2020/03/12 00:00:00,15:59,No,Middle,Sorkh Kooh,400,Exact,IR,442673,RAMSES38_IRN20-30.XL, ,1,0,1,2,1,0,0,0,0,0,0,1,0,0,-1,0,0,0,0,0,0,0,0,0,0,0,0,0,1,0,0,0,1,0,0,0,0,0,0,0,1,0,1,-1,0,0,0,0,0,3,1,0,3,0,0,1,0,1,1,0,0,1,0,0,0,0,0,0,0,0,0,0,0,0,0,0,0,0,0,0,0,0,0,0,0,0,0,0,0,0,0,0,0,0,0,0,0,0,0,0,0,0,0,0,0,0,0,0,0,0,0,0,0,0,0,0,0,0,2020/03/12 00:00:00,2020/03/12 00:00:00,2,2,Malathion,1.5,ha,120,l,80,ha,0,1,0,0,0,85,Band
57.5005555560001,25.855,24961,2020/03/31 00:00:00,14:09,2020/03/31 00:00:00,14:09,No,Late,Pazard 2,200,Exact,IR,442682,RAMSES38_IRN20-30.XL,Gregarious & transie,1,0,1,2,1,0,0,0,0,0,0,1,0,0,-1,0,0,0,0,0,0,0,0,0,0,0,0,0,1,0,0,0,1,0,0,0,0,0,0,0,1,0,1,-1,0,0,0,0,0,1,3,0,0,0,0,1,0,1,1,0,0,1,0,0,0,0,0,1,0,0,0,0,1,1,0,0,0,0,0,0,0,0,1,0,0,1,1,0,0,0,0,0,0,0,0,0,0,0,0,0,0,0,0,0,0,0,0,0,0,0,0,0,0,0,0,0,0,0,2020/03/31 00:00:00,2020/03/31 00:00:00,2,3,Deltamethrin,1,ha,30,l,30,ha,0,1,0,0,0,15,Band
57.586944444,25.841666667,24962,2020/03/26 00:00:00,13:07,2020/03/26 00:00:00,13:07,No,Late,Negar baloochi 1,300,Exact,IR,442690,RAMSES38_IRN20-30.XL,Gregarious & transie,1,0,1,1,1,0,0,0,0,0,0,1,0,0,-1,0,0,0,0,0,0,0,0,0,0,0,0,0,1,0,0,0,1,0,0,0,0,0,0,1,0,0,1,-1,0,0,0,1,3,1,1,0,0,0,0,1,0,1,1,0,0,1,0,0,0,0,0,0,1,0,0,0,1,0,1,3,1,1,0,0,0,0,1,0,0,1,1,0,0,0,0,0,0,0,0,0,0,0,0,0,0,0,0,0,0,0,0,0,0,0,0,0,0,0,0,0,0,0,2020/03/26 00:00:00,2020/03/26 00:00:00,2,3,Deltamethrin,1,ha,60,l,60,ha,0,1,0,0,0,15,Band
57.5561111110001,25.823055556,24963,2020/03/26 00:00:00,17:17,2020/03/26 00:00:00,17:17,No,Late,Tabarkan,300,Exact,IR,442692,RAMSES38_IRN20-30.XL, ,1,0,1,2,1,0,0,0,0,0,0,1,0,0,-1,0,0,0,0,0,0,0,0,0,0,0,0,0,1,0,0,0,1,0,0,0,0,0,0,1,0,0,1,-1,0,0,0,0,0,3,1,0,3,0,0,1,0,1,1,0,0,1,0,0,0,0,0,0,0,0,0,0,0,0,0,0,0,0,0,0,0,0,0,0,0,0,0,0,0,0,0,0,0,0,0,0,0,0,0,0,0,0,0,0,0,0,0,0,0,0,0,0,0,0,0,0,0,0,2020/03/26 00:00:00,2020/03/26 00:00:00,2,3,Deltamethrin,1,ha,50,l,50,ha,0,1,0,0,0,15,Band
57.2913888890001,26.1105555560001,24964,2020/03/18 00:00:00,18:03,2020/03/18 00:00:00,18:03,No,Middle,Gavan,400,Exact,IR,442740,RAMSES38_IRN20-30.XL,Transiens appearing,1,0,1,2,1,0,0,0,0,0,0,1,0,0,-1,0,0,0,0,0,0,0,0,0,0,0,0,0,1,0,0,0,1,0,0,0,0,0,0,0,1,0,1,-1,0,0,0,0,0,0,1,0,0,0,0,1,0,1,1,0,0,1,0,0,0,0,0,0,0,1,0,0,-1,1,0,0,0,0,0,0,0,1,0,0,0,1,0,0,0,0,0,0,0,0,0,0,0,0,0,0,0,0,0,0,0,0,0,0,0,0,0,0,0,0,0,0,0,0,2020/03/18 00:00:00,2020/03/18 00:00:00,2,2,Malathion,1.5,ha,120,l,80,ha,0,1,0,0,0,15,Band
57.342222222,25.8844444440001,24965,2020/03/19 00:00:00,15:02,2020/03/19 00:00:00,15:02,No,Middle,Bonji Miski,200,Exact,IR,442745,RAMSES38_IRN20-30.XL,Transiens appearing,1,0,1,2,1,0,0,0,0,0,0,1,0,0,-1,0,0,0,0,0,0,0,0,0,0,0,0,0,1,0,0,0,1,0,0,0,0,0,0,0,1,0,1,-1,0,0,0,0,0,0,1,0,0,0,0,1,0,1,1,0,0,1,0,0,0,0,0,1,0,0,0,0,-1,1,0,0,0,0,0,0,0,1,0,0,0,1,0,0,0,0,0,0,0,0,0,0,0,0,0,0,0,0,0,0,0,0,0,0,0,0,0,0,0,0,0,0,0,0,2020/03/19 00:00:00,2020/03/19 00:00:00,2,2,Deltamethrin,0.5,ha,50,l,100,ha,0,1,0,0,0,15,Band
57.2972222220001,26.032777778,24966,2020/03/19 00:00:00,18:00,2020/03/19 00:00:00,18:00,No,Middle,Gattan,1000,Exact,IR,442746,RAMSES38_IRN20-30.XL,Transiens appearing,1,0,1,2,1,0,0,0,0,0,0,1,0,0,-1,0,0,0,0,0,0,0,0,0,0,0,0,0,1,0,0,0,1,0,0,0,0,0,0,0,1,0,1,-1,0,0,0,0,0,0,1,0,0,0,0,1,0,2,2,0,0,1,0,0,0,0,0,0,1,0,0,0,-1,1,0,0,0,0,0,0,0,1,0,0,0,1,0,0,0,0,0,0,0,0,0,0,0,0,0,0,0,0,0,0,0,0,0,0,0,0,0,0,0,0,0,0,0,0,2020/03/19 00:00:00,2020/03/19 00:00:00,2,2,Deltamethrin,0.5,ha,78.5,l,157,ha,0,1,0,0,0,15,Band
57.3033333330001,26.021666667,24967,2020/03/20 00:00:00,17:48,2020/03/20 00:00:00,17:48,No,Middle,Gattan,400,Exact,IR,442776,RAMSES38_IRN20-30.XL,Transiens appearing,1,0,1,2,1,0,0,0,0,0,0,1,0,0,-1,0,0,0,0,0,0,0,0,0,0,0,0,0,1,0,0,0,1,0,0,0,0,0,0,0,1,0,1,-1,0,0,0,0,0,0,1,0,0,0,0,1,0,1,1,0,0,1,0,0,0,0,0,1,0,0,0,0,-1,1,0,0,0,0,0,0,0,1,0,0,0,1,0,0,0,0,0,0,0,0,0,0,0,0,0,0,0,0,0,0,0,0,0,0,0,0,0,0,0,0,0,0,0,0,2020/03/20 00:00:00,2020/03/20 00:00:00,2,2,Deltamethrin,0.5,ha,20,l,40,ha,0,1,0,0,0,15,Band
57.2980555560001,26.028333333,24968,2020/03/06 00:00:00,15:31,2020/03/06 00:00:00,15:31,No,Early,Gattan 1,300,Exact,IR,442836,RAMSES38_IRN20-30.XL, ,1,0,1,2,1,0,0,0,0,0,0,1,0,0,-1,0,0,0,0,0,0,0,0,0,0,0,1,0,0,0,0,0,1,0,0,0,0,0,0,0,1,0,1,-1,0,0,0,0,0,3,1,0,3,0,0,1,0,1,1,0,0,1,0,0,0,0,0,0,0,0,0,0,0,0,0,0,0,0,0,0,0,0,0,0,0,0,0,0,0,0,0,0,0,0,0,0,0,0,0,0,0,0,0,0,0,0,0,0,0,0,0,0,0,0,0,0,0,0,2020/03/06 00:00:00,2020/03/06 00:00:00,2,1,Malathion,1.5,ha,24,l,16,ha,1,0,0,0,0,90,Band
57.588611111,25.834444444,24969,2020/03/28 00:00:00,18:30,2020/03/28 00:00:00,18:30,No,Late,Negar Baloochi,400,Exact,IR,442843,RAMSES38_IRN20-30.XL, ,1,0,1,2,1,0,0,0,0,0,0,1,0,0,-1,0,0,0,0,0,0,0,0,0,0,0,0,0,1,0,0,0,1,0,0,0,0,0,0,0,1,0,1,-1,0,0,0,0,0,0,1,0,0,0,0,1,0,1,1,0,0,1,0,0,0,0,0,1,0,0,0,0,-1,1,0,0,0,0,0,0,0,0,0,1,1,0,0,0,0,0,0,0,0,0,0,0,0,0,0,0,0,0,0,0,0,0,0,0,0,0,0,0,0,0,0,0,0,0,2020/03/28 00:00:00,2020/03/28 00:00:00,2,3,Deltamethrin,1,ha,50,l,50,ha,0,1,0,0,0,15,Band
61.2433333330001,26.157777778,24970,2020/03/30 00:00:00,08:55,2020/03/30 00:00:00,08:55,No,Late,Karkhane Siman,300,Exact,IR,442922,RAMSES38_IRN20-30.XL, ,1,0,1,2,1,0,0,0,0,0,0,1,0,0,-1,0,0,0,0,1,3,0,0,3,0,0,0,0,1,0,0,1,0,1,0,0,0,0,0,0,1,0,0,-1,0,0,0,0,1,1,0,0,0,0,0,1,0,0,0,0,0,1,0,0,0,0,0,0,0,0,0,0,0,0,0,0,0,0,0,0,0,0,0,0,0,0,0,0,0,0,0,0,0,0,0,0,0,0,0,0,0,0,0,0,0,0,0,0,0,0,0,0,0,0,0,0,0,0,2020/03/30 00:00:00,2020/03/30 00:00:00,2,3,Deltamethrin,1,ha,300,l,300,ha,0,1,0,0,0,90,Band
57.566666667,25.835833333,24971,2020/03/29 00:00:00,12:20,2020/03/29 00:00:00,12:20,No,Late,Negar Baloochi,300,Exact,IR,442929,RAMSES38_IRN20-30.XL,Gregarious appearing,1,0,1,2,1,0,0,0,0,0,0,1,0,0,-1,0,0,0,0,0,0,0,0,0,0,0,0,0,1,0,0,0,1,0,0,0,0,0,0,0,1,0,2,-1,0,0,0,0,0,1,3,0,0,0,0,1,0,2,2,0,0,1,0,0,0,0,0,1,0,0,0,0,1,1,0,0,0,0,0,0,0,1,0,0,0,0,1,0,0,0,0,0,0,0,0,0,0,0,0,0,0,0,0,0,0,0,0,0,0,0,0,0,0,0,0,0,0,0,2020/03/29 00:00:00,2020/03/29 00:00:00,2,3,Deltamethrin,1,ha,30,l,30,ha,0,1,0,0,0,15,Band
57.393888889,25.891111111,24972,2020/03/15 00:00:00,11:09,2020/03/15 00:00:00,11:09,No,Middle,Garok Bala,200,Exact,IR,442948,RAMSES38_IRN20-30.XL, ,1,0,1,2,1,0,0,0,0,0,0,1,0,0,-1,0,0,0,0,0,0,0,0,0,0,0,0,0,1,0,0,0,1,0,0,0,0,0,0,1,0,0,1,-1,0,0,0,0,0,0,1,0,0,0,0,1,0,1,1,0,0,1,0,0,0,0,0,0,0,0,0,0,0,0,0,0,0,0,0,0,0,0,0,0,0,0,0,0,0,0,0,0,0,0,0,0,0,0,0,0,0,0,0,0,0,0,0,0,0,0,0,0,0,0,0,0,0,0,2020/03/15 00:00:00,2020/03/15 00:00:00,2,2,Malathion,1.5,ha,12,l,8,ha,1,0,0,0,0,85,Band
57.408611111,25.9075,24973,2020/03/08 00:00:00,08:43,2020/03/08 00:00:00,08:43,No,Early,Garok Bala 1,200,Exact,IR,442964,RAMSES38_IRN20-30.XL, ,1,0,1,2,1,0,0,0,0,0,0,1,0,0,-1,0,0,0,0,0,0,0,0,0,0,0,0,0,1,0,0,0,1,0,0,0,0,0,0,0,1,0,1,-1,0,0,0,1,3,1,0,0,0,0,0,0,1,2,2,0,0,1,0,0,0,0,0,0,0,0,0,0,0,0,0,0,0,0,0,0,0,0,0,0,0,0,0,0,0,0,0,0,0,0,0,0,0,0,0,0,0,0,0,0,0,0,0,0,0,0,0,0,0,0,0,0,0,0,1899/12/30 00:00:00,1899/12/30 00:00:00,0,0, ,0, ,0, ,0, ,0,0,0,0,0,0,Band
57.406388889,25.899722222,24974,2020/03/08 00:00:00,11:57,2020/03/08 00:00:00,11:57,No,Early,Garok Bala 2,200,Exact,IR,442966,RAMSES38_IRN20-30.XL, ,1,0,1,2,1,0,0,0,0,0,0,1,0,0,-1,0,0,0,0,0,0,0,0,0,0,0,0,0,1,0,0,0,1,0,0,0,0,0,0,0,1,0,1,-1,0,0,0,1,3,1,0,0,0,0,0,0,1,1,1,0,0,1,0,0,0,0,0,0,0,0,0,0,0,0,0,0,0,0,0,0,0,0,0,0,0,0,0,0,0,0,0,0,0,0,0,0,0,0,0,0,0,0,0,0,0,0,0,0,0,0,0,0,0,0,0,0,0,0,2020/03/08 00:00:00,2020/03/08 00:00:00,2,1,Malathion,1.5,ha,36,l,24,ha,1,0,0,0,0,85,Band
57.3622222220001,25.9752777780001,24975,2020/03/15 00:00:00,13:13,2020/03/15 00:00:00,13:13,No,Middle,Zahraki 1,200,Exact,IR,442970,RAMSES38_IRN20-30.XL, ,1,0,1,2,1,0,0,0,0,0,0,1,0,0,-1,0,0,0,0,0,0,0,0,0,0,0,0,0,1,0,0,0,1,0,0,0,0,0,0,0,1,0,1,-1,0,0,0,0,1,3,1,0,3,0,0,1,0,1,1,0,0,1,0,0,0,0,0,0,0,0,0,0,0,0,0,0,0,0,0,0,0,0,0,0,0,0,0,0,0,0,0,0,0,0,0,0,0,0,0,0,0,0,0,0,0,0,0,0,0,0,0,0,0,0,0,0,0,0,2020/03/15 00:00:00,2020/03/15 00:00:00,2,2,Malathion,1.5,ha,54,l,36,ha,1,0,0,0,0,85,Band
57.3736111110001,25.9319444440001,24976,2020/03/16 00:00:00,13:10,2020/03/16 00:00:00,13:10,No,Middle,SHirahen 2,200,Exact,IR,442975,RAMSES38_IRN20-30.XL, ,1,0,1,2,1,0,0,0,0,0,0,1,0,0,-1,0,0,0,0,0,0,0,0,0,0,0,0,0,1,0,0,0,1,0,0,0,0,0,0,0,1,0,2,-1,0,0,1,1,3,1,1,0,0,0,0,0,1,3,3,0,0,1,0,0,0,0,0,0,0,0,0,0,0,0,0,0,0,0,0,0,0,0,0,0,0,0,0,0,0,0,0,0,0,0,0,0,0,0,0,0,0,0,0,0,0,0,0,0,0,0,0,0,0,0,0,0,0,0,2020/03/16 00:00:00,2020/03/16 00:00:00,2,2,Malathion,1,ha,60,l,40,ha,0,1,0,0,0,10,Band
57.4055555560001,25.885555556,24977,2020/03/08 00:00:00,17:29,2020/03/08 00:00:00,17:29,No,Early,Garok Bala 4,200,Exact,IR,442986,RAMSES38_IRN20-30.XL, ,1,0,1,2,1,0,0,0,0,0,0,1,0,0,-1,0,0,0,0,0,0,0,0,0,0,0,0,0,1,0,0,0,1,0,0,0,0,0,0,0,1,0,1,-1,0,0,0,0,0,1,3,0,0,0,0,1,0,1,1,0,0,1,0,0,0,0,0,0,0,0,0,0,0,0,0,0,0,0,0,0,0,0,0,0,0,0,0,0,0,0,0,0,0,0,0,0,0,0,0,0,0,0,0,0,0,0,0,0,0,0,0,0,0,0,0,0,0,0,2020/03/08 00:00:00,2020/03/08 00:00:00,2,1,Malathion,1.5,ha,34,l,16,ha,1,0,0,0,0,85,Band
57.408611111,25.9075,24978,2020/03/07 00:00:00,08:43,2020/03/07 00:00:00,08:43,No,Early,Garok Bala 1,200,Exact,IR,442990,RAMSES38_IRN20-30.XL, ,1,0,1,2,1,0,0,0,0,0,0,1,0,0,-1,0,0,0,0,0,0,0,0,0,0,0,0,0,1,0,0,0,1,0,0,0,0,0,0,0,1,0,1,-1,0,0,0,1,3,1,0,0,0,0,0,0,1,2,2,0,0,1,0,0,0,0,0,0,0,0,0,0,0,0,0,0,0,0,0,0,0,0,0,0,0,0,0,0,0,0,0,0,0,0,0,0,0,0,0,0,0,0,0,0,0,0,0,0,0,0,0,0,0,0,0,0,0,0,1899/12/30 00:00:00,1899/12/30 00:00:00,0,0, ,0, ,0, ,0, ,0,0,0,0,0,0,Band
57.406388889,25.899722222,24979,2020/03/07 00:00:00,11:57,2020/03/07 00:00:00,11:57,No,Early,Garok Bala 2,200,Exact,IR,442992,RAMSES38_IRN20-30.XL, ,1,0,1,2,1,0,0,0,0,0,0,1,0,0,-1,0,0,0,0,0,0,0,0,0,0,0,0,0,1,0,0,0,1,0,0,0,0,0,0,0,1,0,1,-1,0,0,0,1,3,1,0,0,0,0,0,0,1,1,1,0,0,1,0,0,0,0,0,0,0,0,0,0,0,0,0,0,0,0,0,0,0,0,0,0,0,0,0,0,0,0,0,0,0,0,0,0,0,0,0,0,0,0,0,0,0,0,0,0,0,0,0,0,0,0,0,0,0,0,2020/03/07 00:00:00,2020/03/07 00:00:00,2,1,Malathion,1.5,ha,32,l,24,ha,1,0,0,0,0,10,Band
57.4055555560001,25.885555556,24980,2020/03/07 00:00:00,17:29,2020/03/07 00:00:00,17:29,No,Early,Garok Bala 4,200,Exact,IR,442994,RAMSES38_IRN20-30.XL, ,1,0,1,2,1,0,0,0,0,0,0,1,0,0,-1,0,0,0,0,0,0,0,0,0,0,0,0,0,1,0,0,0,1,0,0,0,0,0,0,0,1,0,1,-1,0,0,0,0,0,1,3,0,0,0,0,1,0,1,1,0,0,1,0,0,0,0,0,0,0,0,0,0,0,0,0,0,0,0,0,0,0,0,0,0,0,0,0,0,0,0,0,0,0,0,0,0,0,0,0,0,0,0,0,0,0,0,0,0,0,0,0,0,0,0,0,0,0,0,2020/03/07 00:00:00,2020/03/07 00:00:00,2,1,Malathion,1.5,ha,24,l,16,ha,1,0,0,0,0,10,Band
57.505,25.8725,24981,2020/03/17 00:00:00,12:44,2020/03/17 00:00:00,12:44,No,Middle,Pazard,200,Exact,IR,442996,RAMSES38_IRN20-30.XL, ,1,0,1,2,1,0,0,0,0,0,0,1,0,0,-1,0,0,0,0,0,0,0,0,0,0,0,0,0,1,0,0,0,1,0,0,0,0,0,0,0,1,0,1,-1,0,0,0,0,1,3,0,0,3,0,0,1,0,1,1,0,0,1,0,0,0,0,0,0,0,0,0,0,0,0,0,0,0,0,0,0,0,0,0,0,0,0,0,0,0,0,0,0,0,0,0,0,0,0,0,0,0,0,0,0,0,0,0,0,0,0,0,0,0,0,0,0,0,0,2020/03/17 00:00:00,2020/03/17 00:00:00,2,2,Malathion,1.5,ha,60,l,40,ha,0,1,0,0,0,10,Band
57.3730555560001,25.9325,24982,2020/03/17 00:00:00,18:08,2020/03/17 00:00:00,18:08,No,Middle,SHirahen,200,Exact,IR,442998,RAMSES38_IRN20-30.XL, ,1,0,1,2,1,0,0,0,0,0,0,1,0,0,-1,0,0,0,0,0,0,0,0,0,0,0,0,0,1,0,0,0,1,0,0,0,0,0,0,1,0,0,1,-1,0,0,0,1,1,3,1,0,3,0,0,1,0,1,1,0,0,1,0,0,0,0,0,0,0,0,0,0,0,0,0,0,0,0,0,0,0,0,0,0,0,0,0,0,0,0,0,0,0,0,0,0,0,0,0,0,0,0,0,0,0,0,0,0,0,0,0,0,0,0,0,0,0,0,2020/03/17 00:00:00,2020/03/17 00:00:00,2,2,Malathion,1.5,ha,59,l,40,ha,0,1,0,0,0,15,Band
57.329444444,25.9177777780001,24983,2020/03/18 00:00:00,15:41,2020/03/18 00:00:00,15:41,No,Middle,Bonji Karbasi,200,Exact,IR,443007,RAMSES38_IRN20-30.XL, ,1,0,1,2,1,0,0,0,0,0,0,1,0,0,-1,0,0,0,0,0,0,0,0,0,0,0,0,0,1,0,0,0,1,0,0,0,0,0,0,1,0,0,1,-1,0,0,0,0,0,0,1,0,0,0,0,1,0,1,1,0,0,1,0,0,0,0,0,1,0,0,0,0,-1,1,0,0,0,0,0,0,0,0,0,1,1,0,0,0,0,0,0,0,0,0,0,0,0,0,0,0,0,0,0,0,0,0,0,0,0,0,0,0,0,0,0,0,0,0,2020/03/18 00:00:00,2020/03/18 00:00:00,2,2,Malathion,1.5,ha,30,l,20,ha,0,1,0,0,0,20,Band
37.15,1.25,24984,2020/03/20 00:00:00,10:19,2020/03/20 00:00:00,10:19,No,Middle,Ndikir e ndia,80.937103,Exact,KE,441508,RAMSES38_KEN20-37.XL, ,1,0,1,2,1,0,0,0,0,0,0,0,0,0,0,0,0,0,0,0,0,0,0,0,0,0,0,0,0,0,0,0,0,0,0,0,0,0,0,0,0,0,0,-1,0,0,0,0,0,0,1,0,0,0,0,0,0,0,0,0,0,0,0,0,0,0,0,0,0,0,0,0,0,0,0,0,0,0,0,0,0,0,0,0,0,0,0,0,0,0,0,0,0,0,0,-1,1,0,0,0,0,0,0,1,0,0,0,0,0,0,0,0,0,0,0,0,0,0,2020/03/20 00:00:00,2020/03/20 00:00:00,2,2,Unknown,1, ,80.937103, ,80.937103,ha,0,0,0,0,1,0,Band
37.1333333330001,0.916666667000072,24985,2020/03/22 00:00:00,08:37,2020/03/22 00:00:00,08:37,No,Late,Samburu East,1000,Exact,KE,441517,RAMSES38_KEN20-37.XL, ,1,0,1,2,1,0,0,0,0,0,0,0,0,0,0,0,0,0,0,0,0,0,0,0,0,0,0,0,0,0,0,0,0,0,0,0,0,0,0,0,0,0,0,-1,0,0,0,0,0,0,1,0,0,0,0,0,0,0,0,0,0,0,0,0,0,0,0,0,0,0,0,0,0,0,0,0,0,0,0,0,0,0,0,0,0,0,0,0,0,0,0,0,0,0,0,-1,1,0,0,0,0,0,0,1,0,0,0,0,0,0,0,0,0,0,0,0,0,0,2020/03/22 00:00:00,2020/03/22 00:00:00,2,3,Other,1, ,1000, ,1000,ha,0,0,1,0,0,0,Band
37.1666666670001,0.916666667000072,24986,2020/03/22 00:00:00,08:42,2020/03/22 00:00:00,08:42,No,Late,Saramiti 1,1000,Exact,KE,441518,RAMSES38_KEN20-37.XL, ,1,0,1,2,1,0,0,0,0,0,0,0,0,0,0,0,0,0,0,0,0,0,0,0,0,0,0,0,0,0,0,0,0,0,0,0,0,0,0,0,0,0,0,-1,0,0,0,0,0,0,1,0,0,0,0,0,0,0,0,0,0,0,0,0,0,0,0,0,0,0,0,0,0,0,0,0,0,0,0,0,0,0,0,0,0,0,0,0,0,0,0,0,0,0,0,-1,1,0,0,0,0,0,0,1,0,0,0,0,0,0,0,0,0,0,0,0,0,0,2020/03/22 00:00:00,2020/03/22 00:00:00,2,3,Unknown,1, ,1000, ,1000,ha,0,0,1,0,0,0,Band
37.1333333330001,0.9,24987,2020/03/22 00:00:00,08:44,2020/03/22 00:00:00,08:44,No,Late,Saramiti 2,1000,Exact,KE,441519,RAMSES38_KEN20-37.XL, ,1,0,1,2,1,0,0,0,0,0,0,0,0,0,0,0,0,0,0,0,0,0,0,0,0,0,0,0,0,0,0,0,0,0,0,0,0,0,0,0,0,0,0,-1,0,0,0,0,0,0,1,0,0,0,0,0,0,0,0,0,0,0,0,0,0,0,0,0,0,0,0,0,0,0,0,0,0,0,0,0,0,0,0,0,0,0,0,0,0,0,0,0,0,0,0,-1,1,0,0,0,0,0,0,1,0,0,0,0,0,0,0,0,0,0,0,0,0,0,2020/03/22 00:00:00,2020/03/22 00:00:00,2,3,Other,1, ,1000, ,1000,ha,0,0,1,0,0,0,Band
37.316666667,0.966666667000027,24988,2020/03/22 00:00:00,08:46,2020/03/22 00:00:00,08:46,No,Late,Lusen Gap 1,100,Exact,KE,441520,RAMSES38_KEN20-37.XL, ,1,0,1,2,1,0,0,0,0,0,0,0,0,0,0,0,0,0,0,0,0,0,0,0,0,0,0,0,0,0,0,0,0,0,0,0,0,0,0,0,0,0,0,-1,0,0,0,0,0,0,1,0,0,0,0,0,0,0,0,0,0,0,0,0,0,0,0,0,0,0,0,0,0,0,0,0,0,0,0,0,0,0,0,0,0,0,0,0,0,0,0,0,0,0,0,-1,1,0,0,0,0,0,0,1,0,0,0,0,0,0,0,0,0,0,0,0,0,0,2020/03/22 00:00:00,2020/03/22 00:00:00,2,3,Unknown,1, ,100, ,100,ha,0,0,1,0,0,0,Band
37.0,0.833333333000041,24989,2020/03/22 00:00:00,08:51,2020/03/22 00:00:00,08:51,No,Late,Lusen Gap 2,100,Exact,KE,441521,RAMSES38_KEN20-37.XL, ,1,0,1,2,1,0,0,0,0,0,0,0,0,0,0,0,0,0,0,0,0,0,0,0,0,0,0,0,0,0,0,0,0,0,0,0,0,0,0,0,0,0,0,-1,0,0,0,0,0,0,1,0,0,0,0,0,0,0,0,0,0,0,0,0,0,0,0,0,0,0,0,0,0,0,0,0,0,0,0,0,0,0,0,0,0,0,0,0,0,0,0,0,0,0,0,-1,1,0,0,0,0,0,0,1,0,0,0,0,0,0,0,0,0,0,0,0,0,0,2020/03/22 00:00:00,2020/03/22 00:00:00,2,3,Other,1, ,100, ,100,ha,0,0,1,0,0,0,Band
37.216666667,0.933333333000064,24990,2020/03/22 00:00:00,08:57,2020/03/22 00:00:00,08:57,No,Late,Samburu area 5,250,Exact,KE,441522,RAMSES38_KEN20-37.XL, ,1,0,1,2,1,0,0,0,0,0,0,0,0,0,0,0,0,0,0,0,0,0,0,0,0,0,0,0,0,0,0,0,0,0,0,0,0,0,0,0,0,0,0,-1,0,0,0,0,0,0,1,0,0,0,0,0,0,0,0,0,0,0,0,0,0,0,0,0,0,0,0,0,0,0,0,0,0,0,0,0,0,0,0,0,0,0,0,0,0,0,0,0,0,0,0,-1,1,0,0,0,0,0,0,1,0,0,0,0,0,0,0,0,0,0,0,0,0,0,2020/03/22 00:00:00,2020/03/22 00:00:00,2,3,Unknown,1, ,250, ,250,ha,0,0,1,0,0,0,Band
37.25,1.01666666700004,24991,2020/03/22 00:00:00,09:01,2020/03/22 00:00:00,09:01,No,Late,Samburu area 6,42,Exact,KE,441523,RAMSES38_KEN20-37.XL, ,1,0,1,2,1,0,0,0,0,0,0,0,0,0,0,0,0,0,0,0,0,0,0,0,0,0,0,0,0,0,0,0,0,0,0,0,0,0,0,0,0,0,0,-1,0,0,0,0,0,1,0,0,0,0,0,0,0,0,0,0,0,0,0,0,0,0,0,0,0,0,0,0,0,0,0,0,0,0,0,0,0,0,0,0,0,0,0,0,0,0,0,0,0,0,0,0,0,0,0,0,0,0,0,0,0,0,0,0,0,0,0,0,0,0,0,0,0,0,2020/03/22 00:00:00,2020/03/22 00:00:00,2,3,Other,1, ,42, ,42,ha,0,0,1,0,0,0,Band
37.316666667,0.966666667000027,24992,2020/03/22 00:00:00,09:08,2020/03/22 00:00:00,09:08,No,Late,Samburu area 7,25,Exact,KE,441524,RAMSES38_KEN20-37.XL, ,1,0,1,2,1,0,0,0,0,0,0,0,0,0,0,0,0,0,0,0,0,0,0,0,0,0,0,0,0,0,0,0,0,0,0,0,0,0,0,0,0,0,0,-1,0,0,0,0,1,0,0,0,0,0,0,0,0,0,0,0,0,0,0,0,0,0,0,0,0,0,0,0,0,0,0,0,0,0,0,0,0,0,0,0,0,0,0,0,0,0,0,0,0,0,0,0,0,0,0,0,0,0,0,0,0,0,0,0,0,0,0,0,0,0,0,0,0,0,2020/03/22 00:00:00,2020/03/22 00:00:00,2,3,Other,1, ,25, ,25,ha,0,0,1,0,0,0,Band
37.1833333330001,0.933333333000064,24993,2020/03/22 00:00:00,09:10,2020/03/22 00:00:00,09:10,No,Late,Samburu area 8,100,Exact,KE,441525,RAMSES38_KEN20-37.XL, ,1,0,1,2,1,0,0,0,0,0,0,0,0,0,0,0,0,0,0,0,0,0,0,0,0,0,0,0,0,0,0,0,0,0,0,0,0,0,0,0,0,0,0,-1,0,0,0,0,0,1,0,0,0,0,0,0,0,0,0,0,0,0,0,0,0,0,0,0,0,0,0,0,0,0,0,0,0,0,0,0,0,0,0,0,0,0,0,0,0,0,0,0,0,0,0,0,0,0,0,0,0,0,0,0,0,0,0,0,0,0,0,0,0,0,0,0,0,0,2020/03/22 00:00:00,2020/03/22 00:00:00,2,3,Other,1, ,15, ,15,ha,0,0,1,0,0,0,Band
36.95,5.75,24994,2020/03/27 00:00:00,08:03,2020/03/27 00:00:00,08:03,No,Late,Ajo,101,Exact,ET,442373,RAMSES38_ETH20-21.XL, ,1,0,1,2,1,0,0,0,0,0,0,0,0,0,0,0,0,0,0,0,0,0,0,0,0,0,0,0,0,0,0,0,0,0,0,0,0,0,0,0,0,0,0,-1,0,0,1,0,0,0,0,0,0,0,0,0,0,0,0,0,0,0,0,0,0,0,0,0,0,0,0,0,0,0,0,0,0,0,0,0,0,0,0,0,0,0,0,0,0,0,0,0,0,0,0,0,0,0,0,0,0,0,0,0,0,0,0,0,0,0,0,0,0,0,0,0,0,0,2020/03/27 00:00:00,2020/03/27 00:00:00,2,3,Other,1, ,95, ,95,ha,1,0,0,0,0,0,Band
37.083333333,5.18333333300006,24995,2020/03/27 00:00:00,08:11,2020/03/27 00:00:00,08:11,No,Late,Tabel Kuchle,85,Exact,ET,442374,RAMSES38_ETH20-21.XL, ,1,0,1,2,1,0,0,0,0,0,0,0,0,0,0,0,0,0,0,0,0,0,0,0,0,0,0,0,0,0,0,0,0,0,0,0,0,0,0,0,0,0,0,-1,0,0,1,0,0,0,0,0,0,0,0,0,0,0,0,0,0,0,0,0,0,0,0,0,0,0,0,0,0,0,0,0,0,0,0,0,0,0,0,0,0,0,0,0,0,0,0,0,0,0,0,0,0,0,0,0,0,0,0,0,0,0,0,0,0,0,0,0,0,0,0,0,0,0,2020/03/27 00:00:00,2020/03/27 00:00:00,2,3,Other,1, ,33, ,33,ha,1,0,0,0,0,0,Band
36.816666667,5.51666666700004,24996,2020/03/27 00:00:00,08:30,2020/03/27 00:00:00,08:30,No,Late,Citi emba,50,Exact,ET,442375,RAMSES38_ETH20-21.XL, ,1,0,1,2,1,0,0,0,0,0,0,0,0,0,0,0,0,0,0,0,0,0,0,0,0,0,0,0,0,0,0,0,0,0,0,0,0,0,0,0,0,0,0,-1,0,0,0,0,0,1,0,0,0,0,0,1,0,0,0,0,0,0,0,0,0,0,0,0,0,0,0,0,0,0,0,0,0,0,0,0,0,0,0,0,0,0,0,0,0,0,0,0,0,0,0,0,0,0,0,0,0,0,0,0,0,0,0,0,0,0,0,0,0,0,0,0,0,0,2020/03/27 00:00:00,2020/03/27 00:00:00,2,3,Malathion,1,ha,10,l,10,ha,1,0,0,0,0,0,Band
36.966666667,5.91666666700007,24997,2020/03/27 00:00:00,08:39,2020/03/27 00:00:00,08:39,No,Late,Duma,40,Exact,ET,442376,RAMSES38_ETH20-21.XL, ,1,0,1,2,1,0,0,0,0,0,0,0,0,0,0,0,0,0,0,0,0,0,0,0,0,0,0,0,0,0,0,0,0,0,0,0,0,0,0,0,0,0,0,-1,0,0,1,0,0,0,0,0,0,0,0,0,0,0,0,0,0,0,0,0,0,0,0,0,0,0,0,0,0,0,0,0,0,0,0,0,0,0,0,0,0,0,0,0,0,0,0,0,0,0,0,0,0,0,0,0,0,0,0,0,0,0,0,0,0,0,0,0,0,0,0,0,0,0,2020/03/27 00:00:00,2020/03/27 00:00:00,2,3,Malathion,1,ha,40,l,40,ha,1,0,0,0,0,0,Band
37.016666667,5.3,24998,2020/03/27 00:00:00,08:44,2020/03/27 00:00:00,08:44,No,Late,Enchete,20,Exact,ET,442377,RAMSES38_ETH20-21.XL, ,1,0,1,2,1,0,0,0,0,0,0,0,0,0,0,0,0,0,0,0,0,0,0,0,0,0,0,0,0,0,0,0,0,0,0,0,0,0,0,0,0,0,0,-1,0,0,1,0,0,0,0,0,0,0,0,0,0,0,0,0,0,0,0,0,0,0,0,0,0,0,0,0,0,0,0,0,0,0,0,0,0,0,0,0,0,0,0,0,0,0,0,0,0,0,0,0,0,0,0,0,0,0,0,0,0,0,0,0,0,0,0,0,0,0,0,0,0,0,2020/03/27 00:00:00,2020/03/27 00:00:00,2,3,Other,0.5, ,8, ,16,ha,1,0,0,0,0,0,Band
36.8833333330001,5.1,24999,2020/03/27 00:00:00,08:46,2020/03/27 00:00:00,08:46,No,Late,Bura,35,Exact,ET,442378,RAMSES38_ETH20-21.XL, ,1,0,1,2,1,0,0,0,0,0,0,0,0,0,0,0,0,0,0,0,0,0,0,0,0,0,0,0,0,0,0,0,0,0,0,0,0,0,0,0,0,0,0,-1,0,0,1,0,0,0,0,0,0,0,0,0,0,0,0,0,0,0,0,0,0,0,0,0,0,0,0,0,0,0,0,0,0,0,0,0,0,0,0,0,0,0,0,0,0,0,0,0,0,0,0,0,0,0,0,0,0,0,0,0,0,0,0,0,0,0,0,0,0,0,0,0,0,0,2020/03/27 00:00:00,2020/03/27 00:00:00,2,3,Malathion,1,ha,5,l,5,ha,1,0,0,0,0,0,Band
36.9333333330001,5.61666666700006,25000,2020/03/27 00:00:00,08:54,2020/03/27 00:00:00,08:54,No,Late,Gongode,65,Exact,ET,442379,RAMSES38_ETH20-21.XL, ,1,0,1,2,1,0,0,0,0,0,0,0,0,0,0,0,0,0,0,0,0,0,0,0,0,0,0,0,0,0,0,0,0,0,0,0,0,0,0,0,0,0,0,-1,0,0,1,0,0,0,0,0,0,0,0,0,0,0,0,0,0,0,0,0,0,0,0,0,0,0,0,0,0,0,0,0,0,0,0,0,0,0,0,0,0,0,0,0,0,0,0,0,0,0,0,0,0,0,0,0,0,0,0,0,0,0,0,0,0,0,0,0,0,0,0,0,0,0,2020/03/27 00:00:00,2020/03/27 00:00:00,2,3,Other,1, ,50, ,50,ha,1,0,0,0,0,0,Band
36.8833333330001,5.63333333300005,25001,2020/03/27 00:00:00,08:58,2020/03/27 00:00:00,08:58,No,Late,Damiker,52,Exact,ET,442380,RAMSES38_ETH20-21.XL, ,1,0,1,2,1,0,0,0,0,0,0,0,0,0,0,0,0,0,0,0,0,0,0,0,0,0,0,0,0,0,0,0,0,0,0,0,0,0,0,0,0,0,0,-1,0,0,1,0,0,0,0,0,0,0,0,0,0,0,0,0,0,0,0,0,0,0,0,0,0,0,0,0,0,0,0,0,0,0,0,0,0,0,0,0,0,0,0,0,0,0,0,0,0,0,0,0,0,0,0,0,0,0,0,0,0,0,0,0,0,0,0,0,0,0,0,0,0,0,2020/03/27 00:00:00,2020/03/27 00:00:00,2,3,Other,1, ,40, ,40,ha,1,0,0,0,0,0,Band
36.9166666670001,4.95,25002,2020/03/27 00:00:00,09:06,2020/03/27 00:00:00,09:06,No,Late,Wayu.,234,Exact,ET,442381,RAMSES38_ETH20-21.XL, ,1,0,1,2,1,0,0,0,0,0,0,0,0,0,0,0,0,0,0,0,0,0,0,0,0,0,0,0,0,0,0,0,0,0,0,0,0,0,0,0,0,0,0,-1,0,0,0,0,1,0,0,0,0,0,0,1,0,0,0,0,0,0,0,0,0,0,0,0,0,0,0,0,0,0,0,0,0,0,0,0,0,0,0,0,0,0,0,0,0,0,0,0,0,0,0,0,0,0,0,0,0,0,0,0,0,0,0,0,0,0,0,0,0,0,0,0,0,0,2020/03/27 00:00:00,2020/03/27 00:00:00,2,3,Other,1.21, ,223, ,189,ha,1,0,0,0,0,0,Band
57.330555556,25.907777778,25003,2020/03/08 00:00:00,17:40,2020/03/08 00:00:00,17:40,No,Early,Bonji Karbasi,300,Exact,IR,443024,RAMSES38_IRN20-30.XL, ,1,0,1,2,1,0,0,0,0,0,0,1,0,0,-1,0,0,0,0,0,0,0,0,0,0,0,0,1,0,0,0,0,1,0,0,0,0,0,0,0,1,0,1,-1,0,0,0,0,0,3,1,0,3,0,0,1,0,1,1,0,0,1,0,0,0,0,0,0,0,0,0,0,0,0,0,0,0,0,0,0,0,0,0,0,0,0,0,0,0,0,0,0,0,0,0,0,0,0,0,0,0,0,0,0,0,0,0,0,0,0,0,0,0,0,0,0,0,0,2020/03/08 00:00:00,2020/03/08 00:00:00,2,1,Malathion,1.5,ha,85.5,l,24,ha,1,0,0,0,0,85,Band
57.3033333330001,26.021944444,25004,2020/03/09 00:00:00,12:16,2020/03/09 00:00:00,12:16,No,Early,Gattan,400,Exact,IR,443025,RAMSES38_IRN20-30.XL, ,1,0,1,2,1,0,0,0,0,0,0,1,0,0,-1,0,0,0,0,0,0,0,0,0,0,0,0,0,1,0,0,0,1,0,0,0,0,0,0,0,1,0,1,-1,0,0,0,0,0,1,3,0,0,0,0,1,0,1,1,0,0,1,0,0,0,0,0,0,0,0,0,0,0,0,0,0,0,0,0,0,0,0,0,0,0,0,0,0,0,0,0,0,0,0,0,0,0,0,0,0,0,0,0,0,0,0,0,0,0,0,0,0,0,0,0,0,0,0,2020/03/09 00:00:00,2020/03/09 00:00:00,2,1,Malathion,1.5,ha,42,l,28,ha,1,0,0,0,0,85,Band
57.404722222,25.891944444,25005,2020/03/10 00:00:00,12:45,2020/03/10 00:00:00,12:45,No,Early,Garok Bala 2,400,Exact,IR,443060,RAMSES38_IRN20-30.XL, ,1,0,1,2,1,0,0,0,0,0,0,1,0,0,-1,0,0,0,0,0,0,0,0,0,0,0,0,0,1,0,0,0,1,0,0,0,0,0,0,0,1,0,1,-1,0,0,0,0,0,1,3,0,0,0,0,1,0,1,1,0,0,1,0,0,0,0,0,0,0,0,0,0,0,0,0,0,0,0,0,0,0,0,0,0,0,0,0,0,0,0,0,0,0,0,0,0,0,0,0,0,0,0,0,0,0,0,0,0,0,0,0,0,0,0,0,0,0,0,2020/03/10 00:00:00,2020/03/10 00:00:00,2,1,Malathion,1.5,ha,85.5,l,52,ha,1,0,0,0,0,85,Band
36.9166666670001,5.28333333300003,25006,2020/03/27 00:00:00,09:08,2020/03/27 00:00:00,09:08,No,Late,Duma,350,Exact,ET,442382,RAMSES38_ETH20-21.XL, ,1,0,1,2,1,0,0,0,0,0,0,0,0,0,0,0,0,0,0,0,0,0,0,0,0,0,0,0,0,0,0,0,0,0,0,0,0,0,0,0,0,0,0,-1,0,0,0,0,0,1,0,0,0,0,0,1,0,0,0,0,0,0,0,0,0,0,0,0,0,0,0,0,0,0,0,0,0,0,0,0,0,0,0,0,0,0,0,0,0,0,0,0,0,0,0,0,0,0,0,0,0,0,0,0,0,0,0,0,0,0,0,0,0,0,0,0,0,0,2020/03/27 00:00:00,2020/03/27 00:00:00,2,3,Chlorpyrifos,1,ha,200,l,200,ha,0,0,1,0,0,0,Band
36.716666667,5.36666666700006,25007,2020/03/27 00:00:00,09:11,2020/03/27 00:00:00,09:11,No,Late,Wuriri,200,Exact,ET,442383,RAMSES38_ETH20-21.XL, ,1,0,1,2,1,0,0,0,0,0,0,0,0,0,0,0,0,0,0,0,0,0,0,0,0,0,0,0,0,0,0,0,0,0,0,0,0,0,0,0,0,0,0,-1,0,0,0,0,0,1,0,0,0,0,0,1,0,0,0,0,0,0,0,0,0,0,0,0,0,0,0,0,0,0,0,0,0,0,0,0,0,0,0,0,0,0,0,0,0,0,0,0,0,0,0,0,0,0,0,0,0,0,0,0,0,0,0,0,0,0,0,0,0,0,0,0,0,0,2020/03/27 00:00:00,2020/03/27 00:00:00,2,3,Chlorpyrifos,1,ha,200,l,200,ha,0,0,1,0,0,0,Band
36.75,5.31666666700005,25008,2020/03/27 00:00:00,09:13,2020/03/27 00:00:00,09:13,No,Late,Shala,350,Exact,ET,442384,RAMSES38_ETH20-21.XL, ,1,0,1,2,1,0,0,0,0,0,0,0,0,0,0,0,0,0,0,0,0,0,0,0,0,0,0,0,0,0,0,0,0,0,0,0,0,0,0,0,0,0,0,-1,0,0,0,0,0,1,0,0,0,0,0,1,0,0,0,0,0,0,0,0,0,0,0,0,0,0,0,0,0,0,0,0,0,0,0,0,0,0,0,0,0,0,0,0,0,0,0,0,0,0,0,0,0,0,0,0,0,0,0,0,0,0,0,0,0,0,0,0,0,0,0,0,0,0,2020/03/27 00:00:00,2020/03/27 00:00:00,2,3,Chlorpyrifos,1,ha,200,l,200,ha,0,0,1,0,0,0,Band
36.816666667,5.45,25009,2020/03/27 00:00:00,09:15,2020/03/27 00:00:00,09:15,No,Late,Luka,550,Exact,ET,442385,RAMSES38_ETH20-21.XL, ,1,0,1,2,1,0,0,0,0,0,0,0,0,0,0,0,0,0,0,0,0,0,0,0,0,0,0,0,0,0,0,0,0,0,0,0,0,0,0,0,0,0,0,-1,0,0,0,0,0,1,0,0,0,0,0,1,0,0,0,0,0,0,0,0,0,0,0,0,0,0,0,0,0,0,0,0,0,0,0,0,0,0,0,0,0,0,0,0,0,0,0,0,0,0,0,0,0,0,0,0,0,0,0,0,0,0,0,0,0,0,0,0,0,0,0,0,0,0,2020/03/27 00:00:00,2020/03/27 00:00:00,2,3,Chlorpyrifos,1,ha,400,l,400,ha,0,0,1,0,0,0,Band
38.4333333330001,5.21666666700003,25010,2020/03/27 00:00:00,09:17,2020/03/27 00:00:00,09:17,No,Late,Chame,750,Exact,ET,442386,RAMSES38_ETH20-21.XL, ,1,0,1,2,1,0,0,0,0,0,0,0,0,0,0,0,0,0,0,0,0,0,0,0,0,0,0,0,0,0,0,0,0,0,0,0,0,0,0,0,0,0,0,-1,0,0,0,0,0,1,0,0,0,0,0,1,0,0,0,0,0,0,0,0,0,0,0,0,0,0,0,0,0,0,0,0,0,0,0,0,0,0,0,0,0,0,0,0,0,0,0,0,0,0,0,0,0,0,0,0,0,0,0,0,0,0,0,0,0,0,0,0,0,0,0,0,0,0,2020/03/27 00:00:00,2020/03/27 00:00:00,2,3,Chlorpyrifos,1,ha,600,l,600,ha,0,0,1,0,0,0,Band
36.75,5.35,25011,2020/03/28 00:00:00,08:30,2020/03/28 00:00:00,08:30,No,Late,Shala,91,Exact,ET,442387,RAMSES38_ETH20-21.XL, ,1,0,1,2,1,0,0,0,0,0,0,0,0,0,0,0,0,0,0,0,0,0,0,0,0,0,0,0,0,0,0,0,0,0,0,0,0,0,0,0,0,0,0,-1,0,0,1,0,0,0,0,0,0,0,0,0,0,0,0,0,0,0,0,0,0,0,0,0,0,0,0,0,0,0,0,0,0,0,0,0,0,0,0,0,0,0,0,0,0,0,0,0,0,0,0,0,0,0,0,0,0,0,0,0,0,0,0,0,0,0,0,0,0,0,0,0,0,0,2020/03/28 00:00:00,2020/03/28 00:00:00,2,3,Other,0.5, ,16, ,32,ha,1,0,0,0,0,0,Band
36.9333333330001,5.4,25012,2020/03/28 00:00:00,08:34,2020/03/28 00:00:00,08:34,No,Late,Ollo,49,Exact,ET,442388,RAMSES38_ETH20-21.XL, ,1,0,1,2,1,0,0,0,0,0,0,0,0,0,0,0,0,0,0,0,0,0,0,0,0,0,0,0,0,0,0,0,0,0,0,0,0,0,0,0,0,0,0,-1,0,0,1,0,0,0,0,0,0,0,0,0,0,0,0,0,0,0,0,0,0,0,0,0,0,0,0,0,0,0,0,0,0,0,0,0,0,0,0,0,0,0,0,0,0,0,0,0,0,0,0,0,0,0,0,0,0,0,0,0,0,0,0,0,0,0,0,0,0,0,0,0,0,0,2020/03/28 00:00:00,2020/03/28 00:00:00,2,3,Other,0.5, ,8, ,16,ha,1,0,0,0,0,0,Band
36.75,5.36666666700006,25013,2020/03/28 00:00:00,08:45,2020/03/28 00:00:00,08:45,No,Late,Wuriri,75,Exact,ET,442389,RAMSES38_ETH20-21.XL, ,1,0,1,2,1,0,0,0,0,0,0,0,0,0,0,0,0,0,0,0,0,0,0,0,0,0,0,0,0,0,0,0,0,0,0,0,0,0,0,0,0,0,0,-1,0,0,1,0,0,0,0,0,0,0,0,0,0,0,0,0,0,0,0,0,0,0,0,0,0,0,0,0,0,0,0,0,0,0,0,0,0,0,0,0,0,0,0,0,0,0,0,0,0,0,0,0,0,0,0,0,0,0,0,0,0,0,0,0,0,0,0,0,0,0,0,0,0,0,2020/03/28 00:00:00,2020/03/28 00:00:00,2,3,Other,0.5, ,16, ,32,ha,1,0,0,0,0,0,Band
36.966666667,5.3,25014,2020/03/28 00:00:00,08:47,2020/03/28 00:00:00,08:47,No,Late,Duma,70,Exact,ET,442390,RAMSES38_ETH20-21.XL, ,1,0,1,2,1,0,0,0,0,0,0,0,0,0,0,0,0,0,0,0,0,0,0,0,0,0,0,0,0,0,0,0,0,0,0,0,0,0,0,0,0,0,0,-1,0,0,1,0,0,0,0,0,0,0,0,0,0,0,0,0,0,0,0,0,0,0,0,0,0,0,0,0,0,0,0,0,0,0,0,0,0,0,0,0,0,0,0,0,0,0,0,0,0,0,0,0,0,0,0,0,0,0,0,0,0,0,0,0,0,0,0,0,0,0,0,0,0,0,2020/03/28 00:00:00,2020/03/28 00:00:00,2,3,Other,0.5, ,32, ,64,ha,1,0,0,0,0,0,Band
37.016666667,5.3,25015,2020/03/28 00:00:00,08:49,2020/03/28 00:00:00,08:49,No,Late,Enchete,38,Exact,ET,442391,RAMSES38_ETH20-21.XL, ,1,0,1,2,1,0,0,0,0,0,0,0,0,0,0,0,0,0,0,0,0,0,0,0,0,0,0,0,0,0,0,0,0,0,0,0,0,0,0,0,0,0,0,-1,0,0,1,0,0,0,0,0,0,0,0,0,0,0,0,0,0,0,0,0,0,0,0,0,0,0,0,0,0,0,0,0,0,0,0,0,0,0,0,0,0,0,0,0,0,0,0,0,0,0,0,0,0,0,0,0,0,0,0,0,0,0,0,0,0,0,0,0,0,0,0,0,0,0,2020/03/28 00:00:00,2020/03/28 00:00:00,2,3,Other,0.5, ,16, ,32,ha,1,0,0,0,0,0,Band
36.0,5.6,25016,2020/03/28 00:00:00,08:52,2020/03/28 00:00:00,08:52,No,Late,Gone,24,Exact,ET,442392,RAMSES38_ETH20-21.XL, ,1,0,1,2,1,0,0,0,0,0,0,0,0,0,0,0,0,0,0,0,0,0,0,0,0,0,0,0,0,0,0,0,0,0,0,0,0,0,0,0,0,0,0,-1,0,0,1,0,0,0,0,0,0,0,0,0,0,0,0,0,0,0,0,0,0,0,0,0,0,0,0,0,0,0,0,0,0,0,0,0,0,0,0,0,0,0,0,0,0,0,0,0,0,0,0,0,0,0,0,0,0,0,0,0,0,0,0,0,0,0,0,0,0,0,0,0,0,0,2020/03/28 00:00:00,2020/03/28 00:00:00,2,3,Other,0.5, ,0, ,8,ha,1,0,0,0,0,0,Band
36.7,5.28333333300003,25017,2020/03/28 00:00:00,08:59,2020/03/28 00:00:00,08:59,No,Late,Bofo,21.5,Exact,ET,442393,RAMSES38_ETH20-21.XL, ,1,0,1,2,1,0,0,0,0,0,0,0,0,0,0,0,0,0,0,0,0,0,0,0,0,0,0,0,0,0,0,0,0,0,0,0,0,0,0,0,0,0,0,-1,0,0,1,0,0,0,0,0,0,0,0,0,0,0,0,0,0,0,0,0,0,0,0,0,0,0,0,0,0,0,0,0,0,0,0,0,0,0,0,0,0,0,0,0,0,0,0,0,0,0,0,0,0,0,0,0,0,0,0,0,0,0,0,0,0,0,0,0,0,0,0,0,0,0,2020/03/28 00:00:00,2020/03/28 00:00:00,2,3,Other,0.5, ,4, ,8,ha,1,0,0,0,0,0,Band
36.066666667,4.8,25018,2020/03/28 00:00:00,09:04,2020/03/28 00:00:00,09:04,No,Late,Ate borkone,31,Exact,ET,442394,RAMSES38_ETH20-21.XL, ,1,0,1,2,1,0,0,0,0,0,0,0,0,0,0,0,0,0,0,0,0,0,0,0,0,0,0,0,0,0,0,0,0,0,0,0,0,0,0,0,0,0,0,-1,0,0,1,0,0,0,0,0,0,0,0,0,0,0,0,0,0,0,0,0,0,0,0,0,0,0,0,0,0,0,0,0,0,0,0,0,0,0,0,0,0,0,0,0,0,0,0,0,0,0,0,0,0,0,0,0,0,0,0,0,0,0,0,0,0,0,0,0,0,0,0,0,0,0,2020/03/28 00:00:00,2020/03/28 00:00:00,2,3,Other,0.40000001, ,15, ,29,ha,1,0,0,0,0,0,Band
36.05,4.71666666700003,25019,2020/03/28 00:00:00,09:06,2020/03/28 00:00:00,09:06,No,Late,Bandira,15,Exact,ET,442395,RAMSES38_ETH20-21.XL, ,1,0,1,2,1,0,0,0,0,0,0,0,0,0,0,0,0,0,0,0,0,0,0,0,0,0,0,0,0,0,0,0,0,0,0,0,0,0,0,0,0,0,0,-1,0,0,1,0,0,0,0,0,0,0,0,0,0,0,0,0,0,0,0,0,0,0,0,0,0,0,0,0,0,0,0,0,0,0,0,0,0,0,0,0,0,0,0,0,0,0,0,0,0,0,0,0,0,0,0,0,0,0,0,0,0,0,0,0,0,0,0,0,0,0,0,0,0,0,2020/03/28 00:00:00,2020/03/28 00:00:00,2,3,Other,1.4400001, ,9, ,13,ha,1,0,0,0,0,0,Band
36.1833333330001,4.7,25020,2020/03/28 00:00:00,09:13,2020/03/28 00:00:00,09:13,No,Late,Nakia,38,Exact,ET,442396,RAMSES38_ETH20-21.XL, ,1,0,1,2,1,0,0,0,0,0,0,0,0,0,0,0,0,0,0,0,0,0,0,0,0,0,0,0,0,0,0,0,0,0,0,0,0,0,0,0,0,0,0,-1,0,0,1,0,0,0,0,0,0,0,0,0,0,0,0,0,0,0,0,0,0,0,0,0,0,0,0,0,0,0,0,0,0,0,0,0,0,0,0,0,0,0,0,0,0,0,0,0,0,0,0,0,0,0,0,0,0,0,0,0,0,0,0,0,0,0,0,0,0,0,0,0,0,0,2020/03/28 00:00:00,2020/03/28 00:00:00,2,3,Other,1.7, ,21, ,36,ha,1,0,0,0,0,0,Band
36.85,5.46666666700003,25021,2020/03/28 00:00:00,09:20,2020/03/28 00:00:00,09:20,No,Late,Luka,95,Exact,ET,442397,RAMSES38_ETH20-21.XL, ,1,0,1,2,1,0,0,0,0,0,0,0,0,0,0,0,0,0,0,0,0,0,0,0,0,0,0,0,0,0,0,0,0,0,0,0,0,0,0,0,0,0,0,-1,0,0,1,0,0,0,0,0,0,0,0,0,0,0,0,0,0,0,0,0,0,0,0,0,0,0,0,0,0,0,0,0,0,0,0,0,0,0,0,0,0,0,0,0,0,0,0,0,0,0,0,0,0,0,0,0,0,0,0,0,0,0,0,0,0,0,0,0,0,0,0,0,0,0,2020/03/28 00:00:00,2020/03/28 00:00:00,2,3,Other,1.9299999, ,30, ,58,ha,1,0,0,0,0,0,Band
36.1833333330001,4.7,25022,2020/03/28 00:00:00,09:22,2020/03/28 00:00:00,09:22,No,Late,Lokoro,25,Exact,ET,442398,RAMSES38_ETH20-21.XL, ,1,0,1,2,1,0,0,0,0,0,0,0,0,0,0,0,0,0,0,0,0,0,0,0,0,0,0,0,0,0,0,0,0,0,0,0,0,0,0,0,0,0,0,-1,0,0,1,0,0,0,0,0,0,0,0,0,0,0,0,0,0,0,0,0,0,0,0,0,0,0,0,0,0,0,0,0,0,0,0,0,0,0,0,0,0,0,0,0,0,0,0,0,0,0,0,0,0,0,0,0,0,0,0,0,0,0,0,0,0,0,0,0,0,0,0,0,0,0,2020/03/28 00:00:00,2020/03/28 00:00:00,2,3,Other,0.40000001, ,12, ,23.700001,ha,1,0,0,0,0,0,Band
36.75,5.31666666700005,25023,2020/03/28 00:00:00,09:28,2020/03/28 00:00:00,09:28,No,Late,Shala,500,Exact,ET,442399,RAMSES38_ETH20-21.XL, ,1,0,1,2,1,0,0,0,0,0,0,0,0,0,0,0,0,0,0,0,0,0,0,0,0,0,0,0,0,0,0,0,0,0,0,0,0,0,0,0,0,0,0,-1,0,0,0,0,0,1,0,0,0,0,0,1,0,0,0,0,0,0,0,0,0,0,0,0,0,0,0,0,0,0,0,0,0,0,0,0,0,0,0,0,0,0,0,0,0,0,0,0,0,0,0,0,0,0,0,0,0,0,0,0,0,0,0,0,0,0,0,0,0,0,0,0,0,0,2020/03/28 00:00:00,2020/03/28 00:00:00,2,3,Chlorpyrifos,1,ha,400,l,400,ha,0,0,1,0,0,0,Band
36.766666667,5.31666666700005,25024,2020/03/28 00:00:00,09:33,2020/03/28 00:00:00,09:33,No,Late,Shala,500,Exact,ET,442400,RAMSES38_ETH20-21.XL, ,1,0,1,2,1,0,0,0,0,0,0,0,0,0,0,0,0,0,0,0,0,0,0,0,0,0,0,0,0,0,0,0,0,0,0,0,0,0,0,0,0,0,0,-1,0,0,0,0,0,1,0,0,0,0,0,1,0,0,0,0,0,0,0,0,0,0,0,0,0,0,0,0,0,0,0,0,0,0,0,0,0,0,0,0,0,0,0,0,0,0,0,0,0,0,0,0,0,0,0,0,0,0,0,0,0,0,0,0,0,0,0,0,0,0,0,0,0,0,2020/03/28 00:00:00,2020/03/28 00:00:00,2,3,Chlorpyrifos,1,ha,400,l,400,ha,0,0,1,0,0,0,Band
36.033333333,4.7,25025,2020/03/28 00:00:00,10:18,2020/03/28 00:00:00,10:18,No,Late,Delegnemun,15,Exact,ET,442401,RAMSES38_ETH20-21.XL, ,1,0,1,2,1,0,0,0,0,0,0,0,0,0,0,0,0,0,0,0,0,0,0,0,0,0,0,0,0,0,0,0,0,0,0,0,0,0,0,0,0,0,0,-1,0,0,1,0,0,0,0,0,0,0,0,0,0,0,0,0,0,0,0,0,0,0,0,0,0,0,0,0,0,0,0,0,0,0,0,0,0,0,0,0,0,0,0,0,0,0,0,0,0,0,0,0,0,0,0,0,0,0,0,0,0,0,0,0,0,0,0,0,0,0,0,0,0,0,2020/03/28 00:00:00,2020/03/28 00:00:00,2,3,Other,0.5, ,5, ,10,ha,1,0,0,0,0,0,Band
36.9333333330001,5.71666666700003,25026,2020/03/27 00:00:00,08:00,2020/03/27 00:00:00,08:00,No,Late,Erbo.,73,Exact,ET,442402,RAMSES38_ETH20-21.XL, ,1,0,1,2,1,0,0,0,0,0,0,0,0,0,0,0,0,0,0,0,0,0,0,0,0,0,0,0,0,0,0,0,0,0,0,0,0,0,0,0,0,0,0,-1,0,0,1,0,0,0,0,0,0,0,0,0,0,0,0,0,0,0,0,0,0,0,0,0,0,0,0,0,0,0,0,0,0,0,0,0,0,0,0,0,0,0,0,0,0,0,0,0,0,0,0,0,0,0,0,0,0,0,0,0,0,0,0,0,0,0,0,0,0,0,0,0,0,0,2020/03/27 00:00:00,2020/03/27 00:00:00,2,3,Other,1, ,63, ,63,ha,1,0,0,0,0,0,Band
37.05,5.25,25027,2020/03/27 00:00:00,08:03,2020/03/27 00:00:00,08:03,No,Late,Gelgele Kolmale,80,Exact,ET,442403,RAMSES38_ETH20-21.XL, ,1,0,1,2,1,0,0,0,0,0,0,0,0,0,0,0,0,0,0,0,0,0,0,0,0,0,0,0,0,0,0,0,0,0,0,0,0,0,0,0,0,0,0,-1,0,0,0,0,0,1,0,0,0,0,0,1,0,0,0,0,0,0,0,0,0,0,0,0,0,0,0,0,0,0,0,0,0,0,0,0,0,0,0,0,0,0,0,0,0,0,0,0,0,0,0,0,0,0,0,0,0,0,0,0,0,0,0,0,0,0,0,0,0,0,0,0,0,0,2020/03/27 00:00:00,2020/03/27 00:00:00,2,3,Other,1, ,25, ,25,ha,1,0,0,0,0,0,Band
37.0,5.21666666700003,25028,2020/03/28 00:00:00,16:25,2020/03/28 00:00:00,16:25,No,Late,Bako,500,Exact,ET,442404,RAMSES38_ETH20-21.XL, ,1,0,1,2,1,0,0,0,0,0,0,0,0,0,0,0,0,0,0,0,0,0,0,0,0,0,0,0,0,0,0,0,0,0,0,0,0,0,0,0,0,0,0,-1,0,0,0,0,0,1,0,0,0,0,0,1,0,0,0,0,0,0,0,0,0,0,0,0,0,0,0,0,0,0,0,0,0,0,0,0,0,0,0,0,0,0,0,0,0,0,0,0,0,0,0,0,0,0,0,0,0,0,0,0,0,0,0,0,0,0,0,0,0,0,0,0,0,0,2020/03/28 00:00:00,2020/03/28 00:00:00,2,3,Chlorpyrifos,1,ha,400,l,400,ha,0,0,1,0,0,0,Band
38.4333333330001,5.21666666700003,25029,2020/03/28 00:00:00,16:35,2020/03/28 00:00:00,16:35,No,Late,Chane,500,Exact,ET,442405,RAMSES38_ETH20-21.XL, ,1,0,1,2,1,0,0,0,0,0,0,0,0,0,0,0,0,0,0,0,0,0,0,0,0,0,0,0,0,0,0,0,0,0,0,0,0,0,0,0,0,0,0,-1,0,0,0,0,0,1,0,0,0,0,0,1,0,0,0,0,0,0,0,0,0,0,0,0,0,0,0,0,0,0,0,0,0,0,0,0,0,0,0,0,0,0,0,0,0,0,0,0,0,0,0,0,0,0,0,0,0,0,0,0,0,0,0,0,0,0,0,0,0,0,0,0,0,0,2020/03/28 00:00:00,2020/03/28 00:00:00,2,3,Chlorpyrifos,1,ha,400,l,400,ha,0,0,1,0,0,0,Band
36.9833333330001,5.31666666700005,25030,2020/03/29 00:00:00,08:00,2020/03/29 00:00:00,08:00,No,Late,Woyito,800,Exact,ET,442406,RAMSES38_ETH20-21.XL, ,1,0,1,2,1,0,0,0,0,0,0,0,0,0,0,0,0,0,0,0,0,0,0,0,0,0,0,0,0,0,0,0,0,0,0,0,0,0,0,0,0,0,0,-1,0,0,0,0,0,1,0,0,0,0,0,1,0,0,0,0,0,0,0,0,0,0,0,0,0,0,0,0,0,0,0,0,0,0,0,0,0,0,0,0,0,0,0,0,0,0,0,0,0,0,0,0,0,0,0,0,0,0,0,0,0,0,0,0,0,0,0,0,0,0,0,0,0,0,2020/03/29 00:00:00,2020/03/29 00:00:00,2,3,Chlorpyrifos,1,ha,600,l,600,ha,0,0,1,0,0,0,Band
36.8,5.46666666700003,25031,2020/03/29 00:00:00,08:05,2020/03/29 00:00:00,08:05,No,Late,Luka,800,Exact,ET,442407,RAMSES38_ETH20-21.XL, ,1,0,1,2,1,0,0,0,0,0,0,0,0,0,0,0,0,0,0,0,0,0,0,0,0,0,0,0,0,0,0,0,0,0,0,0,0,0,0,0,0,0,0,-1,0,0,0,0,0,1,0,0,0,0,0,1,0,0,0,0,0,0,0,0,0,0,0,0,0,0,0,0,0,0,0,0,0,0,0,0,0,0,0,0,0,0,0,0,0,0,0,0,0,0,0,0,0,0,0,0,0,0,0,0,0,0,0,0,0,0,0,0,0,0,0,0,0,0,2020/03/29 00:00:00,2020/03/29 00:00:00,2,3,Chlorpyrifos,1,ha,600,l,600,ha,0,0,1,0,0,0,Band
37.066666667,5.31666666700005,25032,2020/03/29 00:00:00,10:02,2020/03/29 00:00:00,10:02,No,Late,Masoya,53,Exact,ET,442412,RAMSES38_ETH20-21.XL, ,1,0,1,2,1,0,0,0,0,0,0,0,0,0,0,0,0,0,0,0,0,0,0,0,0,0,0,0,0,0,0,0,0,0,0,0,0,0,0,0,0,0,0,-1,0,0,0,0,0,1,0,0,0,0,0,1,0,0,0,0,0,0,0,0,0,0,0,0,0,0,0,0,0,0,0,0,0,0,0,0,0,0,0,0,0,0,0,0,0,0,0,0,0,0,0,0,0,0,0,0,0,0,0,0,0,0,0,0,0,0,0,0,0,0,0,0,0,0,2020/03/29 00:00:00,2020/03/29 00:00:00,2,3,Other,1, ,9, ,9,ha,1,0,0,0,0,0,Band
37.1,5.31666666700005,25033,2020/03/29 00:00:00,10:05,2020/03/29 00:00:00,10:05,No,Late,Madriya Gezaba,18,Exact,ET,442413,RAMSES38_ETH20-21.XL, ,1,0,1,2,1,0,0,0,0,0,0,0,0,0,0,0,0,0,0,0,0,0,0,0,0,0,0,0,0,0,0,0,0,0,0,0,0,0,0,0,0,0,0,-1,0,0,0,0,0,0,1,0,0,0,0,1,0,0,0,0,0,0,0,0,0,0,0,0,0,0,0,0,0,0,0,0,0,0,0,0,0,0,0,0,0,0,0,0,0,0,0,0,0,0,0,0,0,0,0,0,0,0,0,0,0,0,0,0,0,0,0,0,0,0,0,0,0,0,2020/03/29 00:00:00,2020/03/29 00:00:00,2,3,Other,1, ,1, ,1,ha,1,0,0,0,0,0,Band
36.716666667,5.46666666700003,25034,2020/03/29 00:00:00,10:07,2020/03/29 00:00:00,10:07,No,Late,Shaba,41,Exact,ET,442414,RAMSES38_ETH20-21.XL, ,1,0,1,2,1,0,0,0,0,0,0,0,0,0,0,0,0,0,0,0,0,0,0,0,0,0,0,0,0,0,0,0,0,0,0,0,0,0,0,0,0,0,0,-1,0,0,0,0,0,1,0,0,0,0,0,1,0,0,0,0,0,0,0,0,0,0,0,0,0,0,0,0,0,0,0,0,0,0,0,0,0,0,0,0,0,0,0,0,0,0,0,0,0,0,0,0,0,0,0,0,0,0,0,0,0,0,0,0,0,0,0,0,0,0,0,0,0,0,2020/03/29 00:00:00,2020/03/29 00:00:00,2,3,Other,1, ,32, ,32,ha,1,0,0,0,0,0,Band
36.833333333,5.51666666700004,25035,2020/03/29 00:00:00,10:09,2020/03/29 00:00:00,10:09,No,Late,Citi emba,45,Exact,ET,442415,RAMSES38_ETH20-21.XL, ,1,0,1,2,1,0,0,0,0,0,0,0,0,0,0,0,0,0,0,0,0,0,0,0,0,0,0,0,0,0,0,0,0,0,0,0,0,0,0,0,0,0,0,-1,0,0,0,0,0,1,0,0,0,0,0,1,0,0,0,0,0,0,0,0,0,0,0,0,0,0,0,0,0,0,0,0,0,0,0,0,0,0,0,0,0,0,0,0,0,0,0,0,0,0,0,0,0,0,0,0,0,0,0,0,0,0,0,0,0,0,0,0,0,0,0,0,0,0,2020/03/29 00:00:00,2020/03/29 00:00:00,2,3,Other,1, ,32, ,32,ha,1,0,0,0,0,0,Band
36.833333333,5.51666666700004,25036,2020/03/29 00:00:00,10:10,2020/03/29 00:00:00,10:10,No,Late,Arego,51,Exact,ET,442416,RAMSES38_ETH20-21.XL, ,1,0,1,2,1,0,0,0,0,0,0,0,0,0,0,0,0,0,0,0,0,0,0,0,0,0,0,0,0,0,0,0,0,0,0,0,0,0,0,0,0,0,0,-1,0,0,0,0,0,1,0,0,0,0,0,1,0,0,0,0,0,0,0,0,0,0,0,0,0,0,0,0,0,0,0,0,0,0,0,0,0,0,0,0,0,0,0,0,0,0,0,0,0,0,0,0,0,0,0,0,0,0,0,0,0,0,0,0,0,0,0,0,0,0,0,0,0,0,2020/03/29 00:00:00,2020/03/29 00:00:00,2,3,Other,1, ,32, ,32,ha,1,0,0,0,0,0,Band
36.8,5.35,25037,2020/03/29 00:00:00,10:12,2020/03/29 00:00:00,10:12,No,Late,Ouffi,32,Exact,ET,442417,RAMSES38_ETH20-21.XL, ,1,0,1,2,1,0,0,0,0,0,0,0,0,0,0,0,0,0,0,0,0,0,0,0,0,0,0,0,0,0,0,0,0,0,0,0,0,0,0,0,0,0,0,-1,0,0,0,0,0,1,0,0,0,0,0,1,0,0,0,0,0,0,0,0,0,0,0,0,0,0,0,0,0,0,0,0,0,0,0,0,0,0,0,0,0,0,0,0,0,0,0,0,0,0,0,0,0,0,0,0,0,0,0,0,0,0,0,0,0,0,0,0,0,0,0,0,0,0,2020/03/29 00:00:00,2020/03/29 00:00:00,2,3,Other,1, ,32, ,32,ha,1,0,0,0,0,0,Band
36.816666667,5.36666666700006,25038,2020/03/29 00:00:00,10:15,2020/03/29 00:00:00,10:15,No,Late,Aymele.,36,Exact,ET,442418,RAMSES38_ETH20-21.XL, ,1,0,1,2,1,0,0,0,0,0,0,0,0,0,0,0,0,0,0,0,0,0,0,0,0,0,0,0,0,0,0,0,0,0,0,0,0,0,0,0,0,0,0,-1,0,0,0,0,0,1,0,0,0,0,0,1,0,0,0,0,0,0,0,0,0,0,0,0,0,0,0,0,0,0,0,0,0,0,0,0,0,0,0,0,0,0,0,0,0,0,0,0,0,0,0,0,0,0,0,0,0,0,0,0,0,0,0,0,0,0,0,0,0,0,0,0,0,0,2020/03/29 00:00:00,2020/03/29 00:00:00,2,3,Other,1, ,32, ,32,ha,1,0,0,0,0,0,Band
36.9,5.2,25039,2020/03/29 00:00:00,10:18,2020/03/29 00:00:00,10:18,No,Late,Bola,75,Exact,ET,442419,RAMSES38_ETH20-21.XL, ,1,0,1,2,1,0,0,0,0,0,0,0,0,0,0,0,0,0,0,0,0,0,0,0,0,0,0,0,0,0,0,0,0,0,0,0,0,0,0,0,0,0,0,-1,0,0,0,0,0,1,0,0,0,0,0,1,0,0,0,0,0,0,0,0,0,0,0,0,0,0,0,0,0,0,0,0,0,0,0,0,0,0,0,0,0,0,0,0,0,0,0,0,0,0,0,0,0,0,0,0,0,0,0,0,0,0,0,0,0,0,0,0,0,0,0,0,0,0,2020/03/29 00:00:00,2020/03/29 00:00:00,2,3,Other,1, ,32, ,32,ha,1,0,0,0,0,0,Band
36.8833333330001,5.1,25040,2020/03/29 00:00:00,10:21,2020/03/29 00:00:00,10:21,No,Late,Bura,35,Exact,ET,442420,RAMSES38_ETH20-21.XL, ,1,0,1,2,1,0,0,0,0,0,0,0,0,0,0,0,0,0,0,0,0,0,0,0,0,0,0,0,0,0,0,0,0,0,0,0,0,0,0,0,0,0,0,-1,0,0,0,0,0,1,0,0,0,0,0,1,0,0,0,0,0,0,0,0,0,0,0,0,0,0,0,0,0,0,0,0,0,0,0,0,0,0,0,0,0,0,0,0,0,0,0,0,0,0,0,0,0,0,0,0,0,0,0,0,0,0,0,0,0,0,0,0,0,0,0,0,0,0,2020/03/29 00:00:00,2020/03/29 00:00:00,2,3,Other,1, ,32, ,32,ha,1,0,0,0,0,0,Band
36.75,5.46666666700003,25041,2020/03/29 00:00:00,10:23,2020/03/29 00:00:00,10:23,No,Late,OLika kibo,42,Exact,ET,442421,RAMSES38_ETH20-21.XL, ,1,0,1,2,1,0,0,0,0,0,0,0,0,0,0,0,0,0,0,0,0,0,0,0,0,0,0,0,0,0,0,0,0,0,0,0,0,0,0,0,0,0,0,-1,0,0,0,0,0,1,0,0,0,0,0,1,0,0,0,0,0,0,0,0,0,0,0,0,0,0,0,0,0,0,0,0,0,0,0,0,0,0,0,0,0,0,0,0,0,0,0,0,0,0,0,0,0,0,0,0,0,0,0,0,0,0,0,0,0,0,0,0,0,0,0,0,0,0,2020/03/29 00:00:00,2020/03/29 00:00:00,2,3,Other,0.5, ,16, ,32,ha,1,0,0,0,0,0,Band
36.833333333,5.03333333300003,25042,2020/03/29 00:00:00,10:24,2020/03/29 00:00:00,10:24,No,Late,Gondoroba,70,Exact,ET,442422,RAMSES38_ETH20-21.XL, ,1,0,1,2,1,0,0,0,0,0,0,0,0,0,0,0,0,0,0,0,0,0,0,0,0,0,0,0,0,0,0,0,0,0,0,0,0,0,0,0,0,0,0,-1,0,0,0,0,0,1,0,0,0,0,0,1,0,0,0,0,0,0,0,0,0,0,0,0,0,0,0,0,0,0,0,0,0,0,0,0,0,0,0,0,0,0,0,0,0,0,0,0,0,0,0,0,0,0,0,0,0,0,0,0,0,0,0,0,0,0,0,0,0,0,0,0,0,0,2020/03/29 00:00:00,2020/03/29 00:00:00,2,3,Other,1, ,65, ,65,ha,1,0,0,0,0,0,Band
36.85,5.16666666700007,25043,2020/03/29 00:00:00,10:26,2020/03/29 00:00:00,10:26,No,Late,Zegerma,80,Exact,ET,442423,RAMSES38_ETH20-21.XL, ,1,0,1,2,1,0,0,0,0,0,0,0,0,0,0,0,0,0,0,0,0,0,0,0,0,0,0,0,0,0,0,0,0,0,0,0,0,0,0,0,0,0,0,-1,0,0,0,0,0,1,0,0,0,0,0,1,0,0,0,0,0,0,0,0,0,0,0,0,0,0,0,0,0,0,0,0,0,0,0,0,0,0,0,0,0,0,0,0,0,0,0,0,0,0,0,0,0,0,0,0,0,0,0,0,0,0,0,0,0,0,0,0,0,0,0,0,0,0,2020/03/29 00:00:00,2020/03/29 00:00:00,2,3,Other,1, ,77, ,77,ha,1,0,0,0,0,0,Band
36.8666666670001,5.13333333300005,25044,2020/03/29 00:00:00,10:28,2020/03/29 00:00:00,10:28,No,Late,Cherkeka,59,Exact,ET,442424,RAMSES38_ETH20-21.XL, ,1,0,1,2,1,0,0,0,0,0,0,0,0,0,0,0,0,0,0,0,0,0,0,0,0,0,0,0,0,0,0,0,0,0,0,0,0,0,0,0,0,0,0,-1,0,0,0,0,0,1,0,0,0,0,0,1,0,0,0,0,0,0,0,0,0,0,0,0,0,0,0,0,0,0,0,0,0,0,0,0,0,0,0,0,0,0,0,0,0,0,0,0,0,0,0,0,0,0,0,0,0,0,0,0,0,0,0,0,0,0,0,0,0,0,0,0,0,0,2020/03/29 00:00:00,2020/03/29 00:00:00,2,3,Other,1, ,59, ,59,ha,1,0,0,0,0,0,Band
36.033333333,4.78333333300003,25045,2020/03/29 00:00:00,16:30,2020/03/29 00:00:00,16:30,No,Late,Delegnemun,25,Exact,ET,442425,RAMSES38_ETH20-21.XL, ,1,0,1,2,1,0,0,0,0,0,0,0,0,0,0,0,0,0,0,0,0,0,0,0,0,0,0,0,0,0,0,0,0,0,0,0,0,0,0,0,0,0,0,-1,0,0,0,0,0,1,0,0,0,0,0,1,0,0,0,0,0,0,0,0,0,0,0,0,0,0,0,0,0,0,0,0,0,0,0,0,0,0,0,0,0,0,0,0,0,0,0,0,0,0,0,0,0,0,0,0,0,0,0,0,0,0,0,0,0,0,0,0,0,0,0,0,0,0,2020/03/29 00:00:00,2020/03/29 00:00:00,2,3,Other,1, ,24, ,24,ha,1,0,0,0,0,0,Band
36.1833333330001,4.66666666700007,25046,2020/03/29 00:00:00,17:32,2020/03/29 00:00:00,17:32,No,Late,Lokoro,45,Exact,ET,442426,RAMSES38_ETH20-21.XL, ,1,0,1,2,1,0,0,0,0,0,0,0,0,0,0,0,0,0,0,0,0,0,0,0,0,0,0,0,0,0,0,0,0,0,0,0,0,0,0,0,0,0,0,-1,0,0,0,0,0,1,0,0,0,0,0,1,0,0,0,0,0,0,0,0,0,0,0,0,0,0,0,0,0,0,0,0,0,0,0,0,0,0,0,0,0,0,0,0,0,0,0,0,0,0,0,0,0,0,0,0,0,0,0,0,0,0,0,0,0,0,0,0,0,0,0,0,0,0,2020/03/29 00:00:00,2020/03/29 00:00:00,2,3,Other,1, ,43, ,43,ha,1,0,0,0,0,0,Band
37.016666667,5.28333333300003,25047,2020/03/27 00:00:00,07:59,2020/03/27 00:00:00,07:59,No,Late,Masoya,35,Exact,ET,442427,RAMSES38_ETH20-21.XL, ,1,0,1,2,1,0,0,0,0,0,0,0,0,0,0,0,0,0,0,0,0,0,0,0,0,0,0,0,0,0,0,0,0,0,0,0,0,0,0,0,0,0,0,-1,0,0,0,0,0,1,0,0,0,0,0,1,0,0,0,0,0,0,0,0,0,0,0,0,0,0,0,0,0,0,0,0,0,0,0,0,0,0,0,0,0,0,0,0,0,0,0,0,0,0,0,0,0,0,0,0,0,0,0,0,0,0,0,0,0,0,0,0,0,0,0,0,0,0,2020/03/27 00:00:00,2020/03/27 00:00:00,2,3,Other,1, ,6, ,6,ha,1,0,0,0,0,0,Band
45.1830555560001,13.1272222220001,25048,2020/03/20 00:00:00,08:59,2020/03/20 00:00:00,08:59,No,Middle,alawkd1,200,Exact,YE,441545,RAMSES38_YEM20-14.XL,Gregarious appearing,1,0,1,2,1,0,0,0,0,0,0,0,0,0,0,0,0,0,0,0,0,0,0,0,0,0,0,0,0,0,0,0,0,0,0,0,0,0,0,0,1,0,1,-1,0,0,0,0,0,3,1,0,3,0,0,1,0,2,2,0,0,1,0,0,0,0,0,0,0,1,0,0,2,1,0,0,0,0,0,0,0,1,0,0,0,0,1,0,0,0,0,0,0,0,0,0,0,0,0,0,0,0,0,0,0,0,0,0,0,0,0,0,0,0,0,0,0,0,1899/12/30 00:00:00,1899/12/30 00:00:00,0,0, ,0, ,0, ,0, ,0,0,0,0,0,0,Band
45.031111111,13.203333333,25049,2020/03/20 00:00:00,10:21,2020/03/20 00:00:00,10:21,No,Middle,alnob,100,Exact,YE,441550,RAMSES38_YEM20-14.XL,Gregarious & transie,1,0,1,2,1,0,0,0,0,0,0,0,0,0,0,0,0,0,0,0,0,0,0,0,0,0,0,0,0,0,0,0,0,0,0,0,0,0,0,0,1,0,1,-1,0,0,0,0,0,0,3,0,1,0,0,1,0,1,1,0,0,1,0,0,0,0,0,0,1,0,0,0,-1,1,0,0,0,0,0,0,0,0,1,0,1,1,1,0,0,0,0,0,0,0,0,0,0,0,0,0,0,0,0,0,0,0,0,0,0,0,0,0,0,0,0,0,0,0,1899/12/30 00:00:00,1899/12/30 00:00:00,0,0, ,0, ,0, ,0, ,0,0,0,0,0,0,Band
45.016388889,13.211388889,25050,2020/03/20 00:00:00,10:32,2020/03/20 00:00:00,10:32,No,Middle,alnob,200,Exact,YE,441551,RAMSES38_YEM20-14.XL, ,1,0,1,2,1,0,0,0,0,0,0,0,0,0,0,0,0,0,0,0,0,0,0,0,0,0,0,0,0,0,0,0,0,0,0,0,0,0,0,0,1,0,2,-1,0,0,0,0,0,1,3,0,1,0,0,1,0,4,4,0,0,1,0,0,0,0,0,0,0,0,0,0,0,0,0,0,0,0,0,0,0,0,0,0,0,0,0,0,0,0,0,0,0,0,0,0,0,0,0,0,0,0,0,0,0,0,0,0,0,0,0,0,0,0,0,0,0,0,1899/12/30 00:00:00,1899/12/30 00:00:00,0,0, ,0, ,0, ,0, ,0,0,0,0,0,0,Band
45.2325,13.203055556,25051,2020/03/18 00:00:00,08:43,2020/03/18 00:00:00,08:43,No,Middle,khern zogbah,100,Exact,YE,441575,RAMSES38_YEM20-14.XL, ,1,0,1,2,1,0,0,0,0,0,0,0,0,0,0,0,0,0,0,0,0,0,0,0,0,0,0,0,0,0,0,0,0,0,0,0,0,0,0,1,0,0,2,-1,0,0,0,0,0,1,3,0,0,0,0,1,0,2,2,0,0,1,0,0,0,0,0,0,0,0,0,0,0,0,0,0,0,0,0,0,0,0,0,0,0,0,0,0,0,0,0,0,0,0,0,0,0,0,0,0,0,0,0,0,0,0,0,0,0,0,0,0,0,0,0,0,0,0,1899/12/30 00:00:00,1899/12/30 00:00:00,0,0, ,0, ,0, ,0, ,0,0,0,0,0,0,Band
45.1844444440001,13.2352777780001,25052,2020/03/18 00:00:00,09:42,2020/03/18 00:00:00,09:42,No,Middle,alharor,100,Exact,YE,441577,RAMSES38_YEM20-14.XL, ,1,0,1,2,1,0,0,0,0,0,0,0,0,0,0,0,0,0,0,0,0,0,0,0,0,0,0,0,0,0,0,0,0,0,0,0,0,0,0,1,0,0,3,-1,0,0,0,0,0,1,3,0,0,0,0,1,0,1,1,0,0,1,0,0,0,0,0,0,0,0,0,0,0,0,0,0,0,0,0,0,0,0,0,0,0,0,0,0,0,0,0,0,0,0,0,0,0,0,0,0,0,0,0,0,0,0,0,0,0,0,0,0,0,0,0,0,0,0,1899/12/30 00:00:00,1899/12/30 00:00:00,0,0, ,0, ,0, ,0, ,0,0,0,0,0,0,Band
45.144166667,13.253055556,25053,2020/03/18 00:00:00,09:56,2020/03/18 00:00:00,09:56,No,Middle,abadi,100,Exact,YE,441578,RAMSES38_YEM20-14.XL, ,1,0,1,2,1,0,0,0,0,0,0,0,0,0,0,0,0,0,0,0,0,0,0,0,0,0,0,0,0,0,0,0,0,0,0,0,0,0,0,1,0,0,3,-1,0,0,0,0,0,1,3,0,0,0,0,1,0,0.02,0.02,0,1,0,0,0,0,0,0,0,0,0,0,0,0,0,0,0,0,0,0,0,0,0,0,0,0,0,0,0,0,0,0,0,0,0,0,0,0,0,0,0,0,0,0,0,0,0,0,0,0,0,0,0,0,0,0,0,0,0,1899/12/30 00:00:00,1899/12/30 00:00:00,0,0, ,0, ,0, ,0, ,0,0,0,0,0,0,Band
45.1308333330001,13.2472222220001,25054,2020/03/18 00:00:00,10:10,2020/03/18 00:00:00,10:10,No,Middle,abadi1,100,Exact,YE,441579,RAMSES38_YEM20-14.XL, ,1,0,1,2,1,0,0,0,0,0,0,0,0,0,0,0,0,0,0,0,0,0,0,0,0,0,0,0,0,0,0,0,0,0,0,0,0,0,0,1,0,0,3,-1,0,0,0,0,0,3,1,0,3,0,0,1,0,1,1,0,0,1,0,0,0,0,0,0,0,0,0,0,0,0,0,0,0,0,0,0,0,0,0,0,0,0,0,0,0,0,0,0,0,0,0,0,0,0,0,0,0,0,0,0,0,0,0,0,0,0,0,0,0,0,0,0,0,0,1899/12/30 00:00:00,1899/12/30 00:00:00,0,0, ,0, ,0, ,0, ,0,0,0,0,0,0,Band
45.1105555560001,13.2405555560001,25055,2020/03/18 00:00:00,10:19,2020/03/18 00:00:00,10:19,No,Middle,alkhelo,100,Exact,YE,441580,RAMSES38_YEM20-14.XL, ,1,0,1,2,1,0,0,0,0,0,0,0,0,0,0,0,0,0,0,0,0,0,0,0,0,0,0,0,0,0,0,0,0,0,0,0,0,0,0,1,0,0,3,-1,0,0,0,0,0,1,3,0,1,0,0,1,0,0.0099999998,0.0099999998,0,1,0,0,0,0,0,0,0,0,0,0,0,0,0,0,0,0,0,0,0,0,0,0,0,0,0,0,0,0,0,0,0,0,0,0,0,0,0,0,0,0,0,0,0,0,0,0,0,0,0,0,0,0,0,0,0,0,0,1899/12/30 00:00:00,1899/12/30 00:00:00,0,0, ,0, ,0, ,0, ,0,0,0,0,0,0,Band
45.091666667,13.2347222220001,25056,2020/03/18 00:00:00,10:30,2020/03/18 00:00:00,10:30,No,Middle,akhelo1,100,Exact,YE,441581,RAMSES38_YEM20-14.XL, ,1,0,1,2,1,0,0,0,0,0,0,0,0,0,0,0,0,0,0,0,0,0,0,0,0,0,0,0,0,0,0,0,0,0,0,0,0,0,0,1,0,0,3,-1,0,0,0,0,0,1,3,0,0,0,0,1,0,0.0049999999,0.0049999999,0,1,0,0,0,0,0,0,0,0,0,0,0,0,0,0,0,0,0,0,0,0,0,0,0,0,0,0,0,0,0,0,0,0,0,0,0,0,0,0,0,0,0,0,0,0,0,0,0,0,0,0,0,0,0,0,0,0,0,1899/12/30 00:00:00,1899/12/30 00:00:00,0,0, ,0, ,0, ,0, ,0,0,0,0,0,0,Band
45.019722222,13.222777778,25057,2020/03/18 00:00:00,11:29,2020/03/18 00:00:00,11:29,No,Middle,alfagah,100,Exact,YE,441583,RAMSES38_YEM20-14.XL, ,1,0,1,2,1,0,0,0,0,0,0,0,0,0,0,0,0,0,0,0,0,0,0,0,0,0,0,0,0,0,0,0,0,0,0,0,0,0,0,1,0,0,3,-1,0,0,0,0,0,1,3,0,0,0,0,1,0,2,2,0,0,1,0,0,0,0,0,0,0,0,0,0,0,0,0,0,0,0,0,0,0,0,0,0,0,0,0,0,0,0,0,0,0,0,0,0,0,0,0,0,0,0,0,0,0,0,0,0,0,0,0,0,0,0,0,0,0,0,1899/12/30 00:00:00,1899/12/30 00:00:00,0,0, ,0, ,0, ,0, ,0,0,0,0,0,0,Band
44.9786111110001,13.2480555560001,25058,2020/03/18 00:00:00,11:43,2020/03/18 00:00:00,11:43,No,Middle,alnob,100,Exact,YE,441584,RAMSES38_YEM20-14.XL, ,1,0,1,2,1,0,0,0,0,0,0,0,0,0,0,0,0,0,0,0,0,0,0,0,0,0,0,0,0,0,0,0,0,0,0,0,0,0,0,1,0,0,2,-1,0,0,0,0,0,1,3,0,1,0,0,1,0,1,1,0,0,1,0,0,0,0,0,0,0,0,0,0,0,0,0,0,0,0,0,0,0,0,0,0,0,0,0,0,0,0,0,0,0,0,0,0,0,0,0,0,0,0,0,0,0,0,0,0,0,0,0,0,0,0,0,0,0,0,1899/12/30 00:00:00,1899/12/30 00:00:00,0,0, ,0, ,0, ,0, ,0,0,0,0,0,0,Band
45.096944444,13.254166667,25059,2020/03/18 00:00:00,12:28,2020/03/18 00:00:00,12:28,No,Middle,alabadi,100,Exact,YE,441588,RAMSES38_YEM20-14.XL, ,1,0,1,2,1,0,0,0,0,0,0,0,0,0,0,0,0,0,0,0,0,0,0,0,0,0,0,0,0,0,0,0,0,0,0,0,0,0,0,0,1,0,1,-1,0,0,0,0,0,1,3,0,0,0,0,1,0,2,2,0,0,1,0,0,0,0,0,0,0,0,0,0,0,0,0,0,0,0,0,0,0,0,0,0,0,0,0,0,0,0,0,0,0,0,0,0,0,0,0,0,0,0,0,0,0,0,0,0,0,0,0,0,0,0,0,0,0,0,1899/12/30 00:00:00,1899/12/30 00:00:00,0,0, ,0, ,0, ,0, ,0,0,0,0,0,0,Band
37.150277778,0.923611111000071,25060,2020/03/20 00:00:00,00:00,2020/03/20 00:00:00,00:00,No,Middle,Samburu,400,Exact,KE,441589,RAMSES38_KEN20-36.XL,The swarm is huge an,1,0,1,2,1,0,0,0,0,0,0,0,0,0,0,0,0,0,0,0,0,0,0,0,0,0,0,0,0,0,0,0,0,0,0,0,0,0,0,0,0,0,0,-1,0,0,0,0,0,0,3,0,1,0,0,0,0,0,0,0,0,0,0,0,1,0,0,0,0,0,0,0,0,0,0,0,0,0,0,0,0,0,0,0,0,0,0,0,0,0,0,0,0,0,0,0,0,0,0,0,0,0,0,0,0,0,0,0,0,0,0,0,0,0,0,0,0,0,1899/12/30 00:00:00,1899/12/30 00:00:00,0,0, ,0, ,0, ,0, ,0,0,0,0,0,0,Band
37.265,0.94722222200005,25061,2020/03/20 00:00:00,00:00,2020/03/20 00:00:00,00:00,No,Middle,Samburu,4,Exact,KE,441592,RAMSES38_KEN20-36.XL,The locust is at a f,1,0,1,2,1,0,0,0,0,0,0,0,0,0,0,0,0,0,0,0,0,0,0,0,0,0,0,0,0,0,0,0,0,0,0,0,0,0,0,0,0,0,0,-1,0,0,0,0,0,0,0,0,1,0,0,0,0,0,0,0,0,0,0,0,0,0,0,0,0,0,0,0,0,0,0,0,0,0,0,0,0,0,0,0,0,0,0,0,0,0,0,0,0,0,0,0,0,0,0,0,0,0,0,0,0,0,0,0,0,0,0,0,0,0,0,0,0,0,1899/12/30 00:00:00,1899/12/30 00:00:00,0,0, ,0, ,0, ,0, ,0,0,0,0,0,0,Band
37.327222222,0.982222222000075,25062,2020/03/21 00:00:00,00:00,2020/03/21 00:00:00,00:00,No,Late,Samburu,25,Exact,KE,441593,RAMSES38_KEN20-36.XL, ,1,0,1,2,1,0,0,0,0,0,0,0,0,0,0,0,0,0,0,0,0,0,0,0,0,0,0,0,0,0,0,0,0,0,0,0,0,0,0,0,0,0,0,-1,0,0,0,0,1,0,0,0,0,1,0,0,0,0,0,0,0,0,0,0,0,0,0,0,0,0,0,0,0,0,0,0,0,0,0,0,0,0,0,0,0,0,0,0,0,0,0,0,0,0,0,0,0,0,0,0,0,0,0,0,0,0,0,0,0,0,0,0,0,0,0,0,0,0,2020/03/21 00:00:00,2020/03/21 00:00:00,2,3,Unknown,0, ,0, ,0, ,0,0,0,0,1,0,Band
37.2505555560001,1.02138888900004,25063,2020/03/22 00:00:00,00:00,2020/03/22 00:00:00,00:00,No,Late,Samburu,42,Exact,KE,441597,RAMSES38_KEN20-36.XL,currently being spra,1,0,1,2,1,0,0,0,0,0,0,0,0,0,0,0,0,0,0,0,0,0,0,0,0,0,0,0,0,0,0,0,0,0,0,0,0,0,0,0,0,0,0,-1,0,0,0,0,0,1,0,0,0,1,0,0,0,0,0,0,0,0,0,0,0,0,0,0,0,0,0,0,0,0,0,0,0,0,0,0,0,0,0,0,0,0,0,0,0,0,0,0,0,0,0,0,0,0,0,0,0,0,0,0,0,0,0,0,0,0,0,0,0,0,0,0,0,0,2020/03/22 00:00:00,2020/03/22 00:00:00,2,3,Unknown,0, ,0, ,0, ,0,0,0,0,1,0,Band
37.215,0.937777778000054,25064,2020/03/20 00:00:00,00:00,2020/03/20 00:00:00,00:00,No,Middle,Samburu,4,Exact,KE,441600,RAMSES38_KEN20-36.XL,The locust could fly,1,0,1,2,1,0,0,0,0,0,0,0,0,0,0,0,0,0,0,0,0,0,0,0,0,0,0,0,0,0,0,0,0,0,0,0,0,0,0,0,0,0,0,-1,0,0,0,0,0,0,3,0,1,0,0,0,0,0,0,0,0,0,0,0,0,0,0,0,0,0,0,0,0,0,0,0,0,0,0,0,0,0,0,0,0,0,0,0,0,0,0,0,0,0,0,0,0,0,0,0,0,0,0,0,0,0,0,0,0,0,0,0,0,0,0,0,0,0,1899/12/30 00:00:00,1899/12/30 00:00:00,0,0, ,0, ,0, ,0, ,0,0,0,0,0,0,Band
42.777777778,11.7494444440001,25065,2020/03/26 00:00:00,00:00,2020/03/26 00:00:00,00:00,No,Late,Tadjourah,20,Exact,DJ,442229,RAMSES38_DJI20-06.XL, ,1,0,1,2,1,0,0,0,0,0,0,0,0,0,0,0,0,0,0,0,0,0,0,0,0,0,0,0,0,0,0,0,0,0,0,0,0,0,0,0,0,0,0,-1,0,0,0,1,0,0,0,0,0,1,0,0,0,0,0,0,0,0,0,0,0,0,0,0,0,0,0,0,0,0,0,0,0,0,0,0,0,0,0,0,0,0,0,0,0,0,0,0,0,0,0,-1,1,0,0,0,0,1,0,1,0,0,0,0,0,0,0,0,0,0,0,0,0,0,1899/12/30 00:00:00,1899/12/30 00:00:00,0,0, ,0, ,0, ,0, ,0,0,0,0,0,0,Band
37.6333333330001,0.666666667000072,25066,2020/03/28 00:00:00,08:39,2020/03/28 00:00:00,08:39,No,Late,Lolparuai 3,4,Exact,KE,442239,RAMSES38_KEN20-40.XL, ,1,0,1,2,1,0,0,0,0,0,0,0,0,0,0,0,0,0,0,0,0,0,0,0,0,0,0,0,0,0,0,0,0,0,0,0,0,0,0,0,0,0,0,-1,0,0,0,0,0,1,0,0,0,0,0,0,0,0,0,0,0,0,0,0,0,0,0,0,0,0,0,0,0,0,0,0,0,0,0,0,0,0,0,0,0,0,0,0,0,0,0,0,0,0,0,0,0,0,0,0,0,0,0,0,0,0,0,0,0,0,0,0,0,0,0,0,0,0,2020/03/28 00:00:00,2020/03/28 00:00:00,2,3,Unknown,1,ha,4,l,4,ha,0,0,0,0,1,0,Band
36.886666667,2.26861111100004,25067,2020/03/27 00:00:00,00:00,2020/03/27 00:00:00,00:00,No,Late,Samburu,18,Exact,KE,442240,RAMSES38_KEN20-40.XL,spraying on going,1,0,1,2,1,0,0,0,0,0,0,0,0,0,0,0,0,0,0,0,0,0,0,0,0,0,0,0,0,0,0,0,0,0,0,0,0,0,0,0,0,0,0,-1,0,0,0,0,0,1,0,0,0,1,0,0,0,0,0,0,0,0,0,0,0,0,0,0,0,0,0,0,0,0,0,0,0,0,0,0,0,0,0,0,0,0,0,0,0,0,0,0,0,0,0,0,0,0,0,0,0,0,0,0,0,0,0,0,0,0,0,0,0,0,0,0,0,0,2020/03/27 00:00:00,2020/03/27 00:00:00,2,3,Unknown,1, ,18, ,18,ha,0,0,0,0,1,0,Band
36.888611111,2.29222222200002,25068,2020/03/27 00:00:00,00:00,2020/03/27 00:00:00,00:00,No,Late,Marsabit,23,Exact,KE,442241,RAMSES38_KEN20-40.XL,sprayed now,1,0,1,2,1,0,0,0,0,0,0,0,0,0,0,0,0,0,0,0,0,0,0,0,0,0,0,0,0,0,0,0,0,0,0,0,0,0,0,0,0,0,0,-1,0,0,0,0,0,1,0,0,0,1,0,0,0,0,0,0,0,0,0,0,0,0,0,0,0,0,0,0,0,0,0,0,0,0,0,0,0,0,0,0,0,0,0,0,0,0,0,0,0,0,0,0,0,0,0,0,0,0,0,0,0,0,0,0,0,0,0,0,0,0,0,0,0,0,2020/03/27 00:00:00,2020/03/27 00:00:00,2,3,Unknown,1, ,23, ,23,ha,0,0,0,0,1,0,Band
36.895833333,2.30222222200007,25069,2020/03/27 00:00:00,00:00,2020/03/27 00:00:00,00:00,No,Late,Marsabit,14,Exact,KE,442242,RAMSES38_KEN20-40.XL,sprayed,1,0,1,2,1,0,0,0,0,0,0,0,0,0,0,0,0,0,0,0,0,0,0,0,0,0,0,0,0,0,0,0,0,0,0,0,0,0,0,0,0,0,0,-1,0,0,0,0,0,1,0,0,0,1,0,0,0,0,0,0,0,0,0,0,0,0,0,0,0,0,0,0,0,0,0,0,0,0,0,0,0,0,0,0,0,0,0,0,0,0,0,0,0,0,0,0,0,0,0,0,0,0,0,0,0,0,0,0,0,0,0,0,0,0,0,0,0,0,2020/03/27 00:00:00,2020/03/27 00:00:00,2,3,Unknown,1, ,14, ,14,ha,0,0,0,0,1,0,Band
36.8825,2.28861111100002,25070,2020/03/27 00:00:00,00:00,2020/03/27 00:00:00,00:00,No,Late,Samburu,28,Exact,KE,442243,RAMSES38_KEN20-40.XL,spraying on going se,1,0,1,2,1,0,0,0,0,0,0,0,0,0,0,0,0,0,0,0,0,0,0,0,0,0,0,0,0,0,0,0,0,0,0,0,0,0,0,0,0,0,0,-1,0,0,0,0,0,1,0,0,0,1,0,0,0,0,0,0,0,0,0,0,0,0,0,0,0,0,0,0,0,0,0,0,0,0,0,0,0,0,0,0,0,0,0,0,0,0,0,0,0,0,0,0,0,0,0,0,0,0,0,0,0,0,0,0,0,0,0,0,0,0,0,0,0,0,2020/03/27 00:00:00,2020/03/27 00:00:00,2,3,Unknown,1, ,28, ,28,ha,0,0,0,0,1,0,Band
36.887222222,2.26777777800004,25071,2020/03/27 00:00:00,00:00,2020/03/27 00:00:00,00:00,No,Late,Samburu,15,Exact,KE,442244,RAMSES38_KEN20-40.XL,spraying on going,1,0,1,2,1,0,0,0,0,0,0,0,0,0,0,0,0,0,0,0,0,0,0,0,0,0,0,0,0,0,0,0,0,0,0,0,0,0,0,0,0,0,0,-1,0,0,0,0,0,1,0,0,0,1,0,0,0,0,0,0,0,0,0,0,0,0,0,0,0,0,0,0,0,0,0,0,0,0,0,0,0,0,0,0,0,0,0,0,0,0,0,0,0,0,0,0,0,0,0,0,0,0,0,0,0,0,0,0,0,0,0,0,0,0,0,0,0,0,2020/03/27 00:00:00,2020/03/27 00:00:00,2,3,Unknown,1, ,15, ,15,ha,0,0,0,0,1,0,Band
36.893888889,2.26611111100004,25072,2020/03/27 00:00:00,00:00,2020/03/27 00:00:00,00:00,No,Late,Marsabit,38,Exact,KE,442245,RAMSES38_KEN20-40.XL,spayed,1,0,1,2,1,0,0,0,0,0,0,0,0,0,0,0,0,0,0,0,0,0,0,0,0,0,0,0,0,0,0,0,0,0,0,0,0,0,0,0,0,0,0,-1,0,0,0,0,0,1,0,0,0,1,0,0,0,0,0,0,0,0,0,0,0,0,0,0,0,0,0,0,0,0,0,0,0,0,0,0,0,0,0,0,0,0,0,0,0,0,0,0,0,0,0,0,0,0,0,0,0,0,0,0,0,0,0,0,0,0,0,0,0,0,0,0,0,0,2020/03/27 00:00:00,2020/03/27 00:00:00,2,3,Unknown,1, ,38, ,38,ha,0,0,0,0,1,0,Band
36.9197222220001,2.24111111100007,25073,2020/03/28 00:00:00,00:00,2020/03/28 00:00:00,00:00,No,Late,Marsabit,11,Exact,KE,442246,RAMSES38_KEN20-40.XL,spraying in going,1,0,1,2,1,0,0,0,0,0,0,0,0,0,0,0,0,0,0,0,0,0,0,0,0,0,0,0,0,0,0,0,0,0,0,0,0,0,0,0,0,0,0,-1,0,0,0,0,0,1,0,0,0,1,0,0,0,0,0,0,0,0,0,0,0,0,0,0,0,0,0,0,0,0,0,0,0,0,0,0,0,0,0,0,0,0,0,0,0,0,0,0,0,0,0,0,0,0,0,0,0,0,0,0,0,0,0,0,0,0,0,0,0,0,0,0,0,0,2020/03/28 00:00:00,2020/03/28 00:00:00,2,3,Unknown,1, ,11, ,11,ha,0,0,0,0,1,0,Band
36.836666667,2.26555555600004,25074,2020/03/28 00:00:00,00:00,2020/03/28 00:00:00,00:00,No,Late,Samburu,8,Exact,KE,442247,RAMSES38_KEN20-40.XL,spraying on going,1,0,1,2,1,0,0,0,0,0,0,0,0,0,0,0,0,0,0,0,0,0,0,0,0,0,0,0,0,0,0,0,0,0,0,0,0,0,0,0,0,0,0,-1,0,0,0,0,0,1,0,0,0,1,0,0,0,0,0,0,0,0,0,0,0,0,0,0,0,0,0,0,0,0,0,0,0,0,0,0,0,0,0,0,0,0,0,0,0,0,0,0,0,0,0,0,0,0,0,0,0,0,0,0,0,0,0,0,0,0,0,0,0,0,0,0,0,0,2020/03/28 00:00:00,2020/03/28 00:00:00,2,3,Unknown,1, ,8, ,8,ha,0,0,0,0,1,0,Band
37.580277778,0.444722222000053,25075,2020/03/28 00:00:00,00:00,2020/03/28 00:00:00,00:00,No,Late,Meru,8,Exact,KE,442248,RAMSES38_KEN20-40.XL,more found in Napuse,1,0,1,2,1,0,0,0,0,0,0,0,0,0,0,0,0,0,0,0,0,0,0,0,0,0,0,0,0,0,0,0,0,0,0,0,0,0,0,0,0,0,0,-1,0,0,0,0,1,1,0,0,0,1,0,0,0,0,0,0,0,0,0,0,0,0,0,0,0,0,0,0,0,0,0,0,0,0,0,0,0,0,0,0,0,0,0,0,0,0,0,0,0,0,0,0,0,0,0,0,0,0,0,0,0,0,0,0,0,0,0,0,0,0,0,0,0,0,1899/12/30 00:00:00,1899/12/30 00:00:00,0,0, ,0, ,0, ,0, ,0,0,0,0,0,0,Band
37.0016666670001,5.355,25076,2020/03/23 00:00:00,08:32,2020/03/23 00:00:00,08:32,No,Late,Woyito,300,Exact,ET,441647,RAMSES38_ETH20-19.XL, ,1,0,1,2,1,0,0,0,0,0,0,0,0,0,0,0,0,0,0,0,0,0,0,0,0,0,0,0,0,0,0,0,0,0,0,0,0,0,0,0,0,0,0,-1,0,0,0,0,1,0,0,0,0,0,0,1,0,0,0,0,0,0,0,0,0,0,0,0,0,0,0,0,0,0,0,0,0,0,0,0,0,0,0,0,0,0,0,0,0,0,0,0,0,0,0,0,0,0,0,0,0,0,0,0,0,0,0,0,0,0,0,0,0,0,0,0,0,0,2020/03/23 00:00:00,2020/03/23 00:00:00,2,3,Malathion,1,ha,200,l,200,ha,0,0,1,0,0,0,Band
36.830277778,5.47444444400003,25077,2020/03/23 00:00:00,09:37,2020/03/23 00:00:00,09:37,No,Late,Sitimba,500,Exact,ET,441648,RAMSES38_ETH20-19.XL, ,1,0,1,2,1,0,0,0,0,0,0,0,0,0,0,0,0,0,0,0,0,0,0,0,0,0,0,0,0,0,0,0,0,0,0,0,0,0,0,0,0,0,0,-1,0,0,0,0,1,0,0,0,0,0,0,1,0,0,0,0,0,0,0,0,0,0,0,0,0,0,0,0,0,0,0,0,0,0,0,0,0,0,0,0,0,0,0,0,0,0,0,0,0,0,0,0,0,0,0,0,0,0,0,0,0,0,0,0,0,0,0,0,0,0,0,0,0,0,2020/03/23 00:00:00,2020/03/23 00:00:00,2,3,Malathion,1,ha,400,l,400,ha,0,0,1,0,0,0,Band
38.212777778,4.87527777800005,25078,2020/03/23 00:00:00,09:42,2020/03/23 00:00:00,09:42,No,Late,Masoya,500,Exact,ET,441650,RAMSES38_ETH20-19.XL, ,1,0,1,2,1,0,0,0,0,0,0,0,0,0,0,0,0,0,0,0,0,0,0,0,0,0,0,0,0,0,0,0,0,0,0,0,0,0,0,0,0,0,0,-1,0,0,0,0,1,0,0,0,0,0,0,1,0,0,0,0,0,0,0,0,0,0,0,0,0,0,0,0,0,0,0,0,0,0,0,0,0,0,0,0,0,0,0,0,0,0,0,0,0,0,0,0,0,0,0,0,0,0,0,0,0,0,0,0,0,0,0,0,0,0,0,0,0,0,2020/03/23 00:00:00,2020/03/23 00:00:00,2,3,Malathion,1,ha,400,l,400,ha,0,0,1,0,0,0,Band
36.7961111110001,5.47305555600008,25079,2020/03/23 00:00:00,17:00,2020/03/23 00:00:00,17:00,No,Late,Luka,1200,Exact,ET,441652,RAMSES38_ETH20-19.XL, ,1,0,1,2,1,0,0,0,0,0,0,0,0,0,0,0,0,0,0,0,0,0,0,0,0,0,0,0,0,0,0,0,0,0,0,0,0,0,0,0,0,0,0,-1,0,0,0,0,0,1,0,0,0,0,0,1,0,0,0,0,0,0,0,0,0,0,0,0,0,0,0,0,0,0,0,0,0,0,0,0,0,0,0,0,0,0,0,0,0,0,0,0,0,0,0,0,0,0,0,0,0,0,0,0,0,0,0,0,0,0,0,0,0,0,0,0,0,0,2020/03/23 00:00:00,2020/03/23 00:00:00,2,3,Malathion,1,ha,1000,l,1000,ha,0,0,1,0,0,0,Band
37.0458333330001,5.32166666700004,25080,2020/03/24 00:00:00,08:09,2020/03/24 00:00:00,08:09,No,Late,Kerkerite,500,Exact,ET,441653,RAMSES38_ETH20-19.XL, ,1,0,1,2,1,0,0,0,0,0,0,0,0,0,0,0,0,0,0,0,0,0,0,0,0,0,0,0,0,0,0,0,0,0,0,0,0,0,0,0,0,0,0,-1,0,0,0,0,1,0,0,0,0,0,0,1,0,0,0,0,0,0,0,0,0,0,0,0,0,0,0,0,0,0,0,0,0,0,0,0,0,0,0,0,0,0,0,0,0,0,0,0,0,0,0,0,0,0,0,0,0,0,0,0,0,0,0,0,0,0,0,0,0,0,0,0,0,0,2020/03/24 00:00:00,2020/03/24 00:00:00,2,3,Malathion,1,ha,400,l,400,ha,0,0,1,0,0,0,Band
36.845833333,5.4425,25081,2020/03/24 00:00:00,09:06,2020/03/24 00:00:00,09:06,No,Late,Luka,1000,Exact,ET,441657,RAMSES38_ETH20-19.XL, ,1,0,1,2,1,0,0,0,0,0,0,0,0,0,0,0,0,0,0,0,0,0,0,0,0,0,0,0,0,0,0,0,0,0,0,0,0,0,0,0,0,0,0,-1,0,0,0,0,0,1,0,0,0,0,0,1,0,0,0,0,0,0,0,0,0,0,0,0,0,0,0,0,0,0,0,0,0,0,0,0,0,0,0,0,0,0,0,0,0,0,0,0,0,0,0,0,0,0,0,0,0,0,0,0,0,0,0,0,0,0,0,0,0,0,0,0,0,0,2020/03/24 00:00:00,2020/03/24 00:00:00,2,3,Other,1, ,96, ,96,ha,1,0,0,0,0,0,Band
36.8752777780001,5.45666666700004,25082,2020/03/24 00:00:00,09:36,2020/03/24 00:00:00,09:36,No,Late,City Emba,30,Exact,ET,441658,RAMSES38_ETH20-19.XL, ,1,0,1,2,1,0,0,0,0,0,0,0,0,0,0,0,0,0,0,0,0,0,0,0,0,0,0,0,0,0,0,0,0,0,0,0,0,0,0,0,0,0,0,-1,0,0,0,0,0,1,0,0,0,0,0,1,0,0,0,0,0,0,0,0,0,0,0,0,0,0,0,0,0,0,0,0,0,0,0,0,0,0,0,0,0,0,0,0,0,0,0,0,0,0,0,0,0,0,0,0,0,0,0,0,0,0,0,0,0,0,0,0,0,0,0,0,0,0,2020/03/24 00:00:00,2020/03/24 00:00:00,2,3,Other,1, ,28, ,28,ha,1,0,0,0,0,0,Band
36.780277778,5.355,25083,2020/03/24 00:00:00,09:38,2020/03/24 00:00:00,09:38,No,Late,Shala,200,Exact,ET,441659,RAMSES38_ETH20-19.XL, ,1,0,1,2,1,0,0,0,0,0,0,0,0,0,0,0,0,0,0,0,0,0,0,0,0,0,0,0,0,0,0,0,0,0,0,0,0,0,0,0,0,0,0,-1,0,0,0,0,1,0,0,0,0,0,0,1,0,0,0,0,0,0,0,0,0,0,0,0,0,0,0,0,0,0,0,0,0,0,0,0,0,0,0,0,0,0,0,0,0,0,0,0,0,0,0,0,0,0,0,0,0,0,0,0,0,0,0,0,0,0,0,0,0,0,0,0,0,0,2020/03/24 00:00:00,2020/03/24 00:00:00,2,3,Other,1, ,32, ,32,ha,1,0,0,0,0,0,Band
36.8055555560001,5.36111111100007,25084,2020/03/24 00:00:00,09:41,2020/03/24 00:00:00,09:41,No,Late,Offi,1200,Exact,ET,441660,RAMSES38_ETH20-19.XL, ,1,0,1,2,1,0,0,0,0,0,0,0,0,0,0,0,0,0,0,0,0,0,0,0,0,0,0,0,0,0,0,0,0,0,0,0,0,0,0,0,0,0,0,-1,0,0,0,0,1,0,0,0,0,0,0,0,0,0,0,0,0,0,0,0,0,0,0,0,0,0,0,0,0,0,0,0,0,0,0,0,0,0,0,0,0,0,0,0,0,0,0,0,0,0,0,0,0,0,0,0,0,0,0,0,0,0,0,0,0,0,0,0,0,0,0,0,0,0,2020/03/24 00:00:00,2020/03/24 00:00:00,2,3,Other,1, ,64, ,64,ha,1,0,0,0,0,0,Band
36.711944444,5.29861111100007,25085,2020/03/24 00:00:00,09:44,2020/03/24 00:00:00,09:44,No,Late,Ansonda,38,Exact,ET,441661,RAMSES38_ETH20-19.XL, ,1,0,1,2,1,0,0,0,0,0,0,0,0,0,0,0,0,0,0,0,0,0,0,0,0,0,0,0,0,0,0,0,0,0,0,0,0,0,0,0,0,0,0,-1,0,0,0,0,1,0,0,0,0,0,0,1,0,0,0,0,0,0,0,0,0,0,0,0,0,0,0,0,0,0,0,0,0,0,0,0,0,0,0,0,0,0,0,0,0,0,0,0,0,0,0,0,0,0,0,0,0,0,0,0,0,0,0,0,0,0,0,0,0,0,0,0,0,0,2020/03/24 00:00:00,2020/03/24 00:00:00,2,3,Other,1, ,37, ,37,ha,1,0,0,0,0,0,Band
36.72,5.375,25086,2020/03/24 00:00:00,09:47,2020/03/24 00:00:00,09:47,No,Late,Wuriri,410,Exact,ET,441662,RAMSES38_ETH20-19.XL, ,1,0,1,2,1,0,0,0,0,0,0,0,0,0,0,0,0,0,0,0,0,0,0,0,0,0,0,0,0,0,0,0,0,0,0,0,0,0,0,0,0,0,0,-1,0,0,0,0,1,0,0,0,0,0,0,1,0,0,0,0,0,0,0,0,0,0,0,0,0,0,0,0,0,0,0,0,0,0,0,0,0,0,0,0,0,0,0,0,0,0,0,0,0,0,0,0,0,0,0,0,0,0,0,0,0,0,0,0,0,0,0,0,0,0,0,0,0,0,2020/03/24 00:00:00,2020/03/24 00:00:00,2,3,Other,1, ,160, ,160,ha,1,0,0,0,0,0,Band
36.8061111110001,5.39916666700003,25087,2020/03/24 00:00:00,09:50,2020/03/24 00:00:00,09:50,No,Late,Ayimele,300,Exact,ET,441663,RAMSES38_ETH20-19.XL, ,1,0,1,2,1,0,0,0,0,0,0,0,0,0,0,0,0,0,0,0,0,0,0,0,0,0,0,0,0,0,0,0,0,0,0,0,0,0,0,0,0,0,0,-1,0,0,0,0,1,0,0,0,0,0,0,1,0,0,0,0,0,0,0,0,0,0,0,0,0,0,0,0,0,0,0,0,0,0,0,0,0,0,0,0,0,0,0,0,0,0,0,0,0,0,0,0,0,0,0,0,0,0,0,0,0,0,0,0,0,0,0,0,0,0,0,0,0,0,2020/03/24 00:00:00,2020/03/24 00:00:00,2,3,Other,1, ,32, ,32,ha,1,0,0,0,0,0,Band
36.958611111,5.34222222200003,25088,2020/03/24 00:00:00,09:58,2020/03/24 00:00:00,09:58,No,Late,Duma,250,Exact,ET,441664,RAMSES38_ETH20-19.XL, ,1,0,1,2,1,0,0,0,0,0,0,0,0,0,0,0,0,0,0,0,0,0,0,0,0,0,0,0,0,0,0,0,0,0,0,0,0,0,0,0,0,0,0,-1,0,0,0,0,1,0,0,0,0,0,0,1,0,0,0,0,0,0,0,0,0,0,0,0,0,0,0,0,0,0,0,0,0,0,0,0,0,0,0,0,0,0,0,0,0,0,0,0,0,0,0,0,0,0,0,0,0,0,0,0,0,0,0,0,0,0,0,0,0,0,0,0,0,0,2020/03/24 00:00:00,2020/03/24 00:00:00,2,3,Other,1, ,64, ,64,ha,1,0,0,0,0,0,Band
37.026111111,5.30666666700006,25089,2020/03/24 00:00:00,10:01,2020/03/24 00:00:00,10:01,No,Late,Enchete,850,Exact,ET,441665,RAMSES38_ETH20-19.XL, ,1,0,1,2,1,0,0,0,0,0,0,0,0,0,0,0,0,0,0,0,0,0,0,0,0,0,0,0,0,0,0,0,0,0,0,0,0,0,0,0,0,0,0,-1,0,0,0,0,1,0,0,0,0,0,0,1,0,0,0,0,0,0,0,0,0,0,0,0,0,0,0,0,0,0,0,0,0,0,0,0,0,0,0,0,0,0,0,0,0,0,0,0,0,0,0,0,0,0,0,0,0,0,0,0,0,0,0,0,0,0,0,0,0,0,0,0,0,0,2020/03/24 00:00:00,2020/03/24 00:00:00,2,3,Other,1, ,96, ,96,ha,1,0,0,0,0,0,Band
36.9913888890001,5.25361111100005,25090,2020/03/24 00:00:00,10:05,2020/03/24 00:00:00,10:05,No,Late,Gisma,920,Exact,ET,441666,RAMSES38_ETH20-19.XL, ,1,0,1,2,1,0,0,0,0,0,0,0,0,0,0,0,0,0,0,0,0,0,0,0,0,0,0,0,0,0,0,0,0,0,0,0,0,0,0,0,0,0,0,-1,0,0,0,0,1,0,0,0,0,0,0,1,0,0,0,0,0,0,0,0,0,0,0,0,0,0,0,0,0,0,0,0,0,0,0,0,0,0,0,0,0,0,0,0,0,0,0,0,0,0,0,0,0,0,0,0,0,0,0,0,0,0,0,0,0,0,0,0,0,0,0,0,0,0,2020/03/24 00:00:00,2020/03/24 00:00:00,2,3,Other,1, ,32, ,32,ha,1,0,0,0,0,0,Band
36.9,5.21,25091,2020/03/24 00:00:00,10:07,2020/03/24 00:00:00,10:07,No,Late,Bola,440,Exact,ET,441667,RAMSES38_ETH20-19.XL, ,1,0,1,2,1,0,0,0,0,0,0,0,0,0,0,0,0,0,0,0,0,0,0,0,0,0,0,0,0,0,0,0,0,0,0,0,0,0,0,0,0,0,0,-1,0,0,0,0,1,0,0,0,0,0,0,1,0,0,0,0,0,0,0,0,0,0,0,0,0,0,0,0,0,0,0,0,0,0,0,0,0,0,0,0,0,0,0,0,0,0,0,0,0,0,0,0,0,0,0,0,0,0,0,0,0,0,0,0,0,0,0,0,0,0,0,0,0,0,2020/03/24 00:00:00,2020/03/24 00:00:00,2,3,Other,1, ,32, ,32,ha,1,0,0,0,0,0,Band
36.892777778,5.11,25092,2020/03/24 00:00:00,16:17,2020/03/24 00:00:00,16:17,No,Late,Bura,342,Exact,ET,441668,RAMSES38_ETH20-19.XL, ,1,0,1,2,1,0,0,0,0,0,0,0,0,0,0,0,0,0,0,0,0,0,0,0,0,0,0,0,0,0,0,0,0,0,0,0,0,0,0,0,0,0,0,-1,0,0,0,0,1,0,0,0,0,0,0,1,0,0,0,0,0,0,0,0,0,0,0,0,0,0,0,0,0,0,0,0,0,0,0,0,0,0,0,0,0,0,0,0,0,0,0,0,0,0,0,0,0,0,0,0,0,0,0,0,0,0,0,0,0,0,0,0,0,0,0,0,0,0,2020/03/24 00:00:00,2020/03/24 00:00:00,2,3,Other,1, ,32, ,32,ha,1,0,0,0,0,0,Band
36.760277778,5.47138888900002,25093,2020/03/24 00:00:00,17:20,2020/03/24 00:00:00,17:20,No,Late,Olika kibo,237,Exact,ET,441669,RAMSES38_ETH20-19.XL, ,1,0,1,2,1,0,0,0,0,0,0,0,0,0,0,0,0,0,0,0,0,0,0,0,0,0,0,0,0,0,0,0,0,0,0,0,0,0,0,0,0,0,0,-1,0,0,0,0,1,0,0,0,0,0,0,1,0,0,0,0,0,0,0,0,0,0,0,0,0,0,0,0,0,0,0,0,0,0,0,0,0,0,0,0,0,0,0,0,0,0,0,0,0,0,0,0,0,0,0,0,0,0,0,0,0,0,0,0,0,0,0,0,0,0,0,0,0,0,2020/03/24 00:00:00,2020/03/24 00:00:00,2,3,Other,1, ,128, ,128,ha,1,0,0,0,0,0,Band
36.7902777780001,5.43166666700006,25094,2020/03/25 00:00:00,08:22,2020/03/25 00:00:00,08:22,No,Late,Luka,150,Exact,ET,441670,RAMSES38_ETH20-19.XL, ,1,0,1,2,1,0,0,0,0,0,0,0,0,0,0,0,0,0,0,0,0,0,0,0,0,0,0,0,0,0,0,0,0,0,0,0,0,0,0,0,0,0,0,-1,0,0,0,0,0,1,0,0,0,0,0,1,0,0,0,0,0,0,0,0,0,0,0,0,0,0,0,0,0,0,0,0,0,0,0,0,0,0,0,0,0,0,0,0,0,0,0,0,0,0,0,0,0,0,0,0,0,0,0,0,0,0,0,0,0,0,0,0,0,0,0,0,0,0,2020/03/25 00:00:00,2020/03/25 00:00:00,2,3,Other,1, ,133, ,133,ha,1,0,0,0,0,0,Band
36.841388889,5.54138888900007,25095,2020/03/25 00:00:00,08:24,2020/03/25 00:00:00,08:24,No,Late,Citiemba,170,Exact,ET,441671,RAMSES38_ETH20-19.XL, ,1,0,1,2,1,0,0,0,0,0,0,0,0,0,0,0,0,0,0,0,0,0,0,0,0,0,0,0,0,0,0,0,0,0,0,0,0,0,0,0,0,0,0,-1,0,0,0,0,0,1,0,0,0,0,0,1,0,0,0,0,0,0,0,0,0,0,0,0,0,0,0,0,0,0,0,0,0,0,0,0,0,0,0,0,0,0,0,0,0,0,0,0,0,0,0,0,0,0,0,0,0,0,0,0,0,0,0,0,0,0,0,0,0,0,0,0,0,0,2020/03/25 00:00:00,2020/03/25 00:00:00,2,3,Other,1, ,163, ,163,ha,1,0,0,0,0,0,Band
36.7586111110001,5.35972222200007,25096,2020/03/25 00:00:00,08:28,2020/03/25 00:00:00,08:28,No,Late,Shala,15,Exact,ET,441672,RAMSES38_ETH20-19.XL, ,1,0,1,2,1,0,0,0,0,0,0,0,0,0,0,0,0,0,0,0,0,0,0,0,0,0,0,0,0,0,0,0,0,0,0,0,0,0,0,0,0,0,0,-1,0,0,0,0,1,0,0,0,0,0,0,1,0,0,0,0,0,0,0,0,0,0,0,0,0,0,0,0,0,0,0,0,0,0,0,0,0,0,0,0,0,0,0,0,0,0,0,0,0,0,0,0,0,0,0,0,0,0,0,0,0,0,0,0,0,0,0,0,0,0,0,0,0,0,2020/03/25 00:00:00,2020/03/25 00:00:00,2,3,Other,1, ,8, ,8,ha,1,0,0,0,0,0,Band
36.7266666670001,5.47166666700002,25097,2020/03/25 00:00:00,09:46,2020/03/25 00:00:00,09:46,No,Late,Saba.,48,Exact,ET,441673,RAMSES38_ETH20-19.XL, ,1,0,1,2,1,0,0,0,0,0,0,0,0,0,0,0,0,0,0,0,0,0,0,0,0,0,0,0,0,0,0,0,0,0,0,0,0,0,0,0,0,0,0,-1,0,0,0,0,1,0,0,0,0,0,0,1,0,0,0,0,0,0,0,0,0,0,0,0,0,0,0,0,0,0,0,0,0,0,0,0,0,0,0,0,0,0,0,0,0,0,0,0,0,0,0,0,0,0,0,0,0,0,0,0,0,0,0,0,0,0,0,0,0,0,0,0,0,0,2020/03/25 00:00:00,2020/03/25 00:00:00,2,3,Other,1, ,32, ,32,ha,1,0,0,0,0,0,Band
36.765277778,5.37944444400006,25098,2020/03/25 00:00:00,09:50,2020/03/25 00:00:00,09:50,No,Late,Wuriri,60,Exact,ET,441674,RAMSES38_ETH20-19.XL, ,1,0,1,2,1,0,0,0,0,0,0,0,0,0,0,0,0,0,0,0,0,0,0,0,0,0,0,0,0,0,0,0,0,0,0,0,0,0,0,0,0,0,0,-1,0,0,0,0,1,0,0,0,0,0,0,1,0,0,0,0,0,0,0,0,0,0,0,0,0,0,0,0,0,0,0,0,0,0,0,0,0,0,0,0,0,0,0,0,0,0,0,0,0,0,0,0,0,0,0,0,0,0,0,0,0,0,0,0,0,0,0,0,0,0,0,0,0,0,2020/03/25 00:00:00,2020/03/25 00:00:00,2,3,Other,1, ,52, ,52,ha,1,0,0,0,0,0,Band
36.8197222220001,5.38,25099,2020/03/25 00:00:00,10:55,2020/03/25 00:00:00,10:55,No,Late,Aymele.,42,Exact,ET,441675,RAMSES38_ETH20-19.XL, ,1,0,1,2,1,0,0,0,0,0,0,0,0,0,0,0,0,0,0,0,0,0,0,0,0,0,0,0,0,0,0,0,0,0,0,0,0,0,0,0,0,0,0,-1,0,0,0,0,1,0,0,0,0,0,0,1,0,0,0,0,0,0,0,0,0,0,0,0,0,0,0,0,0,0,0,0,0,0,0,0,0,0,0,0,0,0,0,0,0,0,0,0,0,0,0,0,0,0,0,0,0,0,0,0,0,0,0,0,0,0,0,0,0,0,0,0,0,0,2020/03/25 00:00:00,2020/03/25 00:00:00,2,3,Other,1, ,32, ,32,ha,1,0,0,0,0,0,Band
36.9130555560001,5.27166666700003,25100,2020/03/25 00:00:00,10:58,2020/03/25 00:00:00,10:58,No,Late,Duma,50,Exact,ET,441676,RAMSES38_ETH20-19.XL, ,1,0,1,2,1,0,0,0,0,0,0,0,0,0,0,0,0,0,0,0,0,0,0,0,0,0,0,0,0,0,0,0,0,0,0,0,0,0,0,0,0,0,0,-1,0,0,0,0,1,0,0,0,0,0,0,1,0,0,0,0,0,0,0,0,0,0,0,0,0,0,0,0,0,0,0,0,0,0,0,0,0,0,0,0,0,0,0,0,0,0,0,0,0,0,0,0,0,0,0,0,0,0,0,0,0,0,0,0,0,0,0,0,0,0,0,0,0,0,2020/03/25 00:00:00,2020/03/25 00:00:00,2,3,Other,1, ,45, ,45,ha,1,0,0,0,0,0,Band
36.9913888890001,5.25361111100005,25101,2020/03/25 00:00:00,09:08,2020/03/25 00:00:00,09:08,No,Late,Gisma,31,Exact,ET,441677,RAMSES38_ETH20-19.XL, ,1,0,1,2,1,0,0,0,0,0,0,0,0,0,0,0,0,0,0,0,0,0,0,0,0,0,0,0,0,0,0,0,0,0,0,0,0,0,0,0,0,0,0,-1,0,0,0,0,1,0,0,0,0,0,0,1,0,0,0,0,0,0,0,0,0,0,0,0,0,0,0,0,0,0,0,0,0,0,0,0,0,0,0,0,0,0,0,0,0,0,0,0,0,0,0,0,0,0,0,0,0,0,0,0,0,0,0,0,0,0,0,0,0,0,0,0,0,0,2020/03/25 00:00:00,2020/03/25 00:00:00,2,3,Other,1, ,25, ,25,ha,1,0,0,0,0,0,Band
36.9333333330001,5.21,25102,2020/03/25 00:00:00,09:12,2020/03/25 00:00:00,09:12,No,Late,Bola,21,Exact,ET,441678,RAMSES38_ETH20-19.XL, ,1,0,1,2,1,0,0,0,0,0,0,0,0,0,0,0,0,0,0,0,0,0,0,0,0,0,0,0,0,0,0,0,0,0,0,0,0,0,0,0,0,0,0,-1,0,0,0,0,1,0,0,0,0,0,0,1,0,0,0,0,0,0,0,0,0,0,0,0,0,0,0,0,0,0,0,0,0,0,0,0,0,0,0,0,0,0,0,0,0,0,0,0,0,0,0,0,0,0,0,0,0,0,0,0,0,0,0,0,0,0,0,0,0,0,0,0,0,0,2020/03/25 00:00:00,2020/03/25 00:00:00,2,3,Other,1, ,20, ,20,ha,1,0,0,0,0,0,Band
36.100833333,5.30083333300007,25103,2020/03/25 00:00:00,09:35,2020/03/25 00:00:00,09:35,No,Late,Madriyna,8,Exact,ET,441679,RAMSES38_ETH20-19.XL, ,1,0,1,2,1,0,0,0,0,0,0,0,0,0,0,0,0,0,0,0,0,0,0,0,0,0,0,0,0,0,0,0,0,0,0,0,0,0,0,0,0,0,0,-1,0,0,0,0,1,0,0,0,0,0,0,1,0,0,0,0,0,0,0,0,0,0,0,0,0,0,0,0,0,0,0,0,0,0,0,0,0,0,0,0,0,0,0,0,0,0,0,0,0,0,0,0,0,0,0,0,0,0,0,0,0,0,0,0,0,0,0,0,0,0,0,0,0,0,2020/03/25 00:00:00,2020/03/25 00:00:00,2,3,Other,1, ,2, ,2,ha,1,0,0,0,0,0,Band
36.892777778,5.11,25104,2020/03/25 00:00:00,10:16,2020/03/25 00:00:00,10:16,No,Late,Bura,16,Exact,ET,441680,RAMSES38_ETH20-19.XL, ,1,0,1,2,1,0,0,0,0,0,0,0,0,0,0,0,0,0,0,0,0,0,0,0,0,0,0,0,0,0,0,0,0,0,0,0,0,0,0,0,0,0,0,-1,0,0,0,0,1,0,0,0,0,0,0,1,0,0,0,0,0,0,0,0,0,0,0,0,0,0,0,0,0,0,0,0,0,0,0,0,0,0,0,0,0,0,0,0,0,0,0,0,0,0,0,0,0,0,0,0,0,0,0,0,0,0,0,0,0,0,0,0,0,0,0,0,0,0,2020/03/25 00:00:00,2020/03/25 00:00:00,2,3,Other,1, ,16, ,16,ha,1,0,0,0,0,0,Band
36.903888889,5.85666666700007,25105,2020/03/25 00:00:00,10:19,2020/03/25 00:00:00,10:19,No,Late,Olika kibo,20,Exact,ET,441681,RAMSES38_ETH20-19.XL, ,1,0,1,2,1,0,0,0,0,0,0,0,0,0,0,0,0,0,0,0,0,0,0,0,0,0,0,0,0,0,0,0,0,0,0,0,0,0,0,0,0,0,0,-1,0,0,0,0,1,0,0,0,0,0,0,1,0,0,0,0,0,0,0,0,0,0,0,0,0,0,0,0,0,0,0,0,0,0,0,0,0,0,0,0,0,0,0,0,0,0,0,0,0,0,0,0,0,0,0,0,0,0,0,0,0,0,0,0,0,0,0,0,0,0,0,0,0,0,2020/03/25 00:00:00,2020/03/25 00:00:00,2,3,Other,1, ,18, ,18,ha,1,0,0,0,0,0,Band
36.028055556,5.28333333300003,25106,2020/03/25 00:00:00,10:22,2020/03/25 00:00:00,10:22,No,Late,Masoya,90,Exact,ET,441682,RAMSES38_ETH20-19.XL, ,1,0,1,2,1,0,0,0,0,0,0,0,0,0,0,0,0,0,0,0,0,0,0,0,0,0,0,0,0,0,0,0,0,0,0,0,0,0,0,0,0,0,0,-1,0,0,0,0,1,0,0,0,0,0,0,1,0,0,0,0,0,0,0,0,0,0,0,0,0,0,0,0,0,0,0,0,0,0,0,0,0,0,0,0,0,0,0,0,0,0,0,0,0,0,0,0,0,0,0,0,0,0,0,0,0,0,0,0,0,0,0,0,0,0,0,0,0,0,2020/03/25 00:00:00,2020/03/25 00:00:00,2,3,Other,1, ,58, ,58,ha,1,0,0,0,0,0,Band
36.065555556,5.25694444400006,25107,2020/03/25 00:00:00,10:25,2020/03/25 00:00:00,10:25,No,Late,Gelgele,75,Exact,ET,441683,RAMSES38_ETH20-19.XL, ,1,0,1,2,1,0,0,0,0,0,0,0,0,0,0,0,0,0,0,0,0,0,0,0,0,0,0,0,0,0,0,0,0,0,0,0,0,0,0,0,0,0,0,-1,0,0,0,0,1,0,0,0,0,0,0,1,0,0,0,0,0,0,0,0,0,0,0,0,0,0,0,0,0,0,0,0,0,0,0,0,0,0,0,0,0,0,0,0,0,0,0,0,0,0,0,0,0,0,0,0,0,0,0,0,0,0,0,0,0,0,0,0,0,0,0,0,0,0,2020/03/25 00:00:00,2020/03/25 00:00:00,2,3,Other,1, ,29, ,29,ha,1,0,0,0,0,0,Band
36.065555556,5.25694444400006,25108,2020/03/25 00:00:00,10:28,2020/03/25 00:00:00,10:28,No,Late,Tabela,105,Exact,ET,441684,RAMSES38_ETH20-19.XL, ,1,0,1,2,1,0,0,0,0,0,0,0,0,0,0,0,0,0,0,0,0,0,0,0,0,0,0,0,0,0,0,0,0,0,0,0,0,0,0,0,0,0,0,-1,0,0,0,0,1,0,0,0,0,0,0,1,0,0,0,0,0,0,0,0,0,0,0,0,0,0,0,0,0,0,0,0,0,0,0,0,0,0,0,0,0,0,0,0,0,0,0,0,0,0,0,0,0,0,0,0,0,0,0,0,0,0,0,0,0,0,0,0,0,0,0,0,0,0,2020/03/25 00:00:00,2020/03/25 00:00:00,2,3,Other,1, ,41, ,41,ha,1,0,0,0,0,0,Band
37.023333333,5.28583333300003,25109,2020/03/25 00:00:00,10:38,2020/03/25 00:00:00,10:38,No,Late,Duma,400,Exact,ET,441685,RAMSES38_ETH20-19.XL, ,1,0,1,2,1,0,0,0,0,0,0,0,0,0,0,0,0,0,0,0,0,0,0,0,0,0,0,0,0,0,0,0,0,0,0,0,0,0,0,0,0,0,0,-1,0,0,0,0,0,1,0,0,0,0,0,1,0,0,0,0,0,0,0,0,0,0,0,0,0,0,0,0,0,0,0,0,0,0,0,0,0,0,0,0,0,0,0,0,0,0,0,0,0,0,0,0,0,0,0,0,0,0,0,0,0,0,0,0,0,0,0,0,0,0,0,0,0,0,2020/03/25 00:00:00,2020/03/25 00:00:00,2,3,Other,1,ha,300,l,300,ha,0,0,1,0,0,0,Band
37.028055556,5.28333333300003,25110,2020/03/25 00:00:00,10:41,2020/03/25 00:00:00,10:41,No,Late,Babi.,500,Exact,ET,441686,RAMSES38_ETH20-19.XL, ,1,0,1,2,1,0,0,0,0,0,0,0,0,0,0,0,0,0,0,0,0,0,0,0,0,0,0,0,0,0,0,0,0,0,0,0,0,0,0,0,0,0,0,-1,0,0,0,0,0,1,0,0,0,0,0,1,0,0,0,0,0,0,0,0,0,0,0,0,0,0,0,0,0,0,0,0,0,0,0,0,0,0,0,0,0,0,0,0,0,0,0,0,0,0,0,0,0,0,0,0,0,0,0,0,0,0,0,0,0,0,0,0,0,0,0,0,0,0,2020/03/25 00:00:00,2020/03/25 00:00:00,2,3,Other,1,ha,300,l,300,ha,0,0,1,0,0,0,Band
36.773333333,5.39583333300004,25111,2020/03/26 00:00:00,08:45,2020/03/26 00:00:00,08:45,No,Late,Shala,400,Exact,ET,441687,RAMSES38_ETH20-19.XL, ,1,0,1,2,1,0,0,0,0,0,0,0,0,0,0,0,0,0,0,0,0,0,0,0,0,0,0,0,0,0,0,0,0,0,0,0,0,0,0,0,0,0,0,-1,0,0,0,0,0,1,0,0,0,0,0,1,0,0,0,0,0,0,0,0,0,0,0,0,0,0,0,0,0,0,0,0,0,0,0,0,0,0,0,0,0,0,0,0,0,0,0,0,0,0,0,0,0,0,0,0,0,0,0,0,0,0,0,0,0,0,0,0,0,0,0,0,0,0,2020/03/26 00:00:00,2020/03/26 00:00:00,2,3,Other,1,ha,300,l,300,ha,0,0,1,0,0,0,Band
37.779444444,5.41611111100002,25112,2020/03/26 00:00:00,08:43,2020/03/26 00:00:00,08:43,No,Late,Ayimele,500,Exact,ET,441688,RAMSES38_ETH20-19.XL, ,1,0,1,2,1,0,0,0,0,0,0,0,0,0,0,0,0,0,0,0,0,0,0,0,0,0,0,0,0,0,0,0,0,0,0,0,0,0,0,0,0,0,0,-1,0,0,0,0,0,1,0,0,0,0,0,1,0,0,0,0,0,0,0,0,0,0,0,0,0,0,0,0,0,0,0,0,0,0,0,0,0,0,0,0,0,0,0,0,0,0,0,0,0,0,0,0,0,0,0,0,0,0,0,0,0,0,0,0,0,0,0,0,0,0,0,0,0,0,2020/03/26 00:00:00,2020/03/26 00:00:00,2,3,Other,1,ha,300,l,300,ha,0,0,1,0,0,0,Band
37.066666667,3.31666666700005,25113,2020/03/29 00:00:00,10:11,2020/03/29 00:00:00,10:11,No,Late,North horr,100,Exact,KE,442271,RAMSES38_KEN20-40.XL, ,1,0,1,2,1,0,0,0,0,0,0,0,0,0,0,0,0,0,0,0,0,0,0,0,0,0,0,0,0,0,0,0,0,0,0,0,0,0,0,0,0,0,0,-1,0,0,0,0,0,0,1,0,0,0,0,1,0,0,0,0,0,0,0,0,0,0,0,0,0,0,0,0,0,0,0,0,0,0,0,0,0,0,0,0,0,0,0,0,0,0,0,0,0,0,0,0,0,0,0,0,0,0,0,0,0,0,0,0,0,0,0,0,0,0,0,0,0,0,1899/12/30 00:00:00,1899/12/30 00:00:00,0,0, ,0, ,0, ,0, ,0,0,0,0,0,0,Band
37.8,1.58333333300004,25114,2020/03/29 00:00:00,10:13,2020/03/29 00:00:00,10:13,No,Late,Laisamis.,100,Exact,KE,442272,RAMSES38_KEN20-40.XL, ,1,0,1,2,1,0,0,0,0,0,0,0,0,0,0,0,0,0,0,0,0,0,0,0,0,0,0,0,0,0,0,0,0,0,0,0,0,0,0,0,0,0,0,-1,0,0,0,0,0,0,1,0,0,0,0,1,0,0,0,0,0,0,0,0,0,0,0,0,0,0,0,0,0,0,0,0,0,0,0,0,0,0,0,0,0,0,0,0,0,0,0,0,0,0,0,0,0,0,0,0,0,0,0,0,0,0,0,0,0,0,0,0,0,0,0,0,0,0,1899/12/30 00:00:00,1899/12/30 00:00:00,0,0, ,0, ,0, ,0, ,0,0,0,0,0,0,Band
36.9872222220001,5.31888888900005,25115,2020/03/23 00:00:00,00:00,2020/03/23 00:00:00,00:00,No,Late,Southern Nations,250,Exact,ET,443265,RAMSES38_ETH20-23.XL, ,1,0,1,2,1,0,0,0,0,0,0,0,0,0,0,0,0,0,0,0,0,0,0,0,0,0,0,0,0,0,0,0,0,0,0,0,0,0,0,0,0,0,0,-1,0,0,0,0,1,1,1,0,0,1,0,0,0,0,0,0,0,0,0,0,0,0,0,0,0,0,0,0,0,0,0,0,0,0,0,0,0,0,0,0,0,0,0,0,0,0,0,0,0,0,0,0,0,0,0,0,0,0,0,0,0,0,0,0,0,0,0,0,0,0,0,0,0,0,1899/12/30 00:00:00,1899/12/30 00:00:00,0,0, ,0, ,0, ,0, ,0,0,0,0,0,0,Band
37.021388889,5.35416666700007,25116,2020/03/23 00:00:00,00:00,2020/03/23 00:00:00,00:00,No,Late,Southern Nations,250,Exact,ET,443266,RAMSES38_ETH20-23.XL, ,1,0,1,2,1,0,0,0,0,0,0,0,0,0,0,0,0,0,0,0,0,0,0,0,0,0,0,0,0,0,0,0,0,0,0,0,0,0,0,0,0,0,0,-1,0,0,0,0,1,1,1,0,0,1,0,0,0,0,0,0,0,0,0,0,0,0,0,0,0,0,0,0,0,0,0,0,0,0,0,0,0,0,0,0,0,0,0,0,0,0,0,0,0,0,0,0,0,0,0,0,0,0,0,0,0,0,0,0,0,0,0,0,0,0,0,0,0,0,1899/12/30 00:00:00,1899/12/30 00:00:00,0,0, ,0, ,0, ,0, ,0,0,0,0,0,0,Band
36.7438888890001,5.50583333300006,25117,2020/03/23 00:00:00,00:00,2020/03/23 00:00:00,00:00,No,Late,Southern Nations,200,Exact,ET,443267,RAMSES38_ETH20-23.XL, ,1,0,1,2,1,0,0,0,0,0,0,0,0,0,0,0,0,0,0,0,0,0,0,0,0,0,0,0,0,0,0,0,0,0,0,0,0,0,0,0,0,0,0,-1,0,0,0,0,1,1,1,0,0,1,0,0,0,0,0,0,0,0,0,0,0,0,0,0,0,0,0,0,0,0,0,0,0,0,0,0,0,0,0,0,0,0,0,0,0,0,0,0,0,0,0,0,0,0,0,0,0,0,0,0,0,0,0,0,0,0,0,0,0,0,0,0,0,0,2020/03/23 00:00:00,2020/03/23 00:00:00,2,3,Unknown,1, ,200, ,200,ha,0,0,0,0,1,0,Band
36.849444444,5.00027777800005,25118,2020/03/24 00:00:00,00:00,2020/03/24 00:00:00,00:00,No,Late,Southern Nations,100,Exact,ET,443268,RAMSES38_ETH20-23.XL, ,1,0,1,2,1,0,0,0,0,0,0,0,0,0,0,0,0,0,0,0,0,0,0,0,0,0,0,0,0,0,0,0,0,0,0,0,0,0,0,0,0,0,0,-1,0,0,0,0,1,1,1,0,0,1,0,0,0,0,0,0,0,0,0,0,0,0,0,0,0,0,0,0,0,0,0,0,0,0,0,0,0,0,0,0,0,0,0,0,0,0,0,0,0,0,0,0,0,0,0,0,0,0,0,0,0,0,0,0,0,0,0,0,0,0,0,0,0,0,1899/12/30 00:00:00,1899/12/30 00:00:00,0,0, ,0, ,0, ,0, ,0,0,0,0,0,0,Band
36.8502777780001,5.46055555600003,25119,2020/03/29 00:00:00,00:00,2020/03/29 00:00:00,00:00,No,Late,Southern Nations,100,Exact,ET,443273,RAMSES38_ETH20-23.XL,controlled via cultu,1,0,1,2,1,0,0,0,0,0,0,0,0,0,0,0,0,0,0,0,0,0,0,0,0,0,0,0,0,0,0,0,0,0,0,0,0,0,0,0,0,0,0,-1,0,0,0,0,0,0,1,0,0,1,0,0,0,0,0,0,0,0,0,0,0,0,0,0,0,0,0,0,0,0,0,0,0,0,0,0,0,0,0,0,0,0,0,0,0,0,0,0,0,0,0,0,0,0,0,0,0,0,0,0,0,0,0,0,0,0,0,0,0,0,0,0,0,0,2020/03/29 00:00:00,2020/03/29 00:00:00,2,3,Unknown,1, ,100, ,100,ha,0,0,0,0,1,0,Band
36.8097222220001,5.46888888900003,25120,2020/03/30 00:00:00,00:00,2020/03/30 00:00:00,00:00,No,Late,Benatsemay luka kebe,500,Exact,ET,443274,RAMSES38_ETH20-23.XL, ,1,0,1,2,1,0,0,0,0,0,0,0,0,0,0,0,0,0,0,0,0,0,0,0,0,0,0,0,0,0,0,0,0,0,0,0,0,0,0,0,0,0,0,-1,0,0,0,0,0,0,0,0,0,1,0,0,0,0,0,0,0,0,0,0,0,0,0,0,0,0,0,0,0,0,0,0,0,0,0,0,0,0,0,0,0,0,0,0,0,0,0,0,0,0,0,-1,1,0,0,0,0,1,0,1,0,0,0,0,0,0,0,0,0,0,0,0,0,0,2020/03/30 00:00:00,2020/03/30 00:00:00,2,3,Unknown,1, ,500, ,500,ha,0,0,0,0,1,0,Band
37.066666667,5.15,25121,2020/03/30 00:00:00,08:50,2020/03/30 00:00:00,08:50,No,Late,Wayu wondo,30,Exact,ET,443281,RAMSES38_ETH20-24.XL, ,1,0,1,2,1,0,0,0,0,0,0,0,0,0,0,0,0,0,0,0,0,0,0,0,0,0,0,0,0,0,0,0,0,0,0,0,0,0,0,0,0,0,0,-1,0,0,0,0,0,1,0,0,0,0,0,1,0,0,0,0,0,0,0,0,0,0,0,0,0,0,0,0,0,0,0,0,0,0,0,0,0,0,0,0,0,0,0,0,0,0,0,0,0,0,0,0,0,0,0,0,0,0,0,0,0,0,0,0,0,0,0,0,0,0,0,0,0,0,2020/03/30 00:00:00,2020/03/30 00:00:00,2,3,Other,1.17, ,33, ,28,ha,1,0,0,0,0,0,Band
36.783333333,5.46666666700003,25122,2020/03/30 00:00:00,08:59,2020/03/30 00:00:00,08:59,No,Late,Luka,800,Exact,ET,443282,RAMSES38_ETH20-24.XL, ,1,0,1,2,1,0,0,0,0,0,0,0,0,0,0,0,0,0,0,0,0,0,0,0,0,0,0,0,0,0,0,0,0,0,0,0,0,0,0,0,0,0,0,-1,0,0,0,0,0,1,0,0,0,0,0,1,0,0,0,0,0,0,0,0,0,0,0,0,0,0,0,0,0,0,0,0,0,0,0,0,0,0,0,0,0,0,0,0,0,0,0,0,0,0,0,0,0,0,0,0,0,0,0,0,0,0,0,0,0,0,0,0,0,0,0,0,0,0,2020/03/30 00:00:00,2020/03/30 00:00:00,2,3,Chlorpyrifos,1,ha,600,l,600,ha,0,0,1,0,0,0,Band
37.0,5.3,25123,2020/03/30 00:00:00,10:30,2020/03/30 00:00:00,10:30,No,Late,Woyito,750,Exact,ET,443283,RAMSES38_ETH20-24.XL, ,1,0,1,2,1,0,0,0,0,0,0,0,0,0,0,0,0,0,0,0,0,0,0,0,0,0,0,0,0,0,0,0,0,0,0,0,0,0,0,0,0,0,0,-1,0,0,0,0,0,1,0,0,0,0,0,1,0,0,0,0,0,0,0,0,0,0,0,0,0,0,0,0,0,0,0,0,0,0,0,0,0,0,0,0,0,0,0,0,0,0,0,0,0,0,0,0,0,0,0,0,0,0,0,0,0,0,0,0,0,0,0,0,0,0,0,0,0,0,2020/03/30 00:00:00,2020/03/30 00:00:00,2,3,Chlorpyrifos,1,ha,600,l,600,ha,0,0,1,0,0,0,Band
36.85,5.41666666700007,25124,2020/03/31 00:00:00,08:37,2020/03/31 00:00:00,08:37,No,Late,Luka,500,Exact,ET,443284,RAMSES38_ETH20-24.XL, ,1,0,1,2,1,0,0,0,0,0,0,0,0,0,0,0,0,0,0,0,0,0,0,0,0,0,0,0,0,0,0,0,0,0,0,0,0,0,0,0,0,0,0,-1,0,0,0,0,0,1,0,0,0,0,0,1,0,0,0,0,0,0,0,0,0,0,0,0,0,0,0,0,0,0,0,0,0,0,0,0,0,0,0,0,0,0,0,0,0,0,0,0,0,0,0,0,0,0,0,0,0,0,0,0,0,0,0,0,0,0,0,0,0,0,0,0,0,0,2020/03/31 00:00:00,2020/03/31 00:00:00,2,3,Chlorpyrifos,1,ha,400,l,400,ha,0,0,1,0,0,0,Band
36.9166666670001,5.2,25125,2020/03/31 00:00:00,09:13,2020/03/31 00:00:00,09:13,No,Late,Gisma,550,Exact,ET,443285,RAMSES38_ETH20-24.XL, ,1,0,1,2,1,0,0,0,0,0,0,0,0,0,0,0,0,0,0,0,0,0,0,0,0,0,0,0,0,0,0,0,0,0,0,0,0,0,0,0,0,0,0,-1,0,0,0,0,0,1,0,0,0,0,0,1,0,0,0,0,0,0,0,0,0,0,0,0,0,0,0,0,0,0,0,0,0,0,0,0,0,0,0,0,0,0,0,0,0,0,0,0,0,0,0,0,0,0,0,0,0,0,0,0,0,0,0,0,0,0,0,0,0,0,0,0,0,0,2020/03/31 00:00:00,2020/03/31 00:00:00,2,3,Chlorpyrifos,1,ha,400,l,400,ha,0,0,1,0,0,0,Band
36.9,5.2,25126,2020/03/31 00:00:00,09:30,2020/03/31 00:00:00,09:30,No,Late,Bola,45,Exact,ET,443286,RAMSES38_ETH20-24.XL, ,1,0,1,2,1,0,0,0,0,0,0,0,0,0,0,0,0,0,0,0,0,0,0,0,0,0,0,0,0,0,0,0,0,0,0,0,0,0,0,0,0,0,0,-1,0,0,0,0,0,1,0,0,0,0,0,1,0,0,0,0,0,0,0,0,0,0,0,0,0,0,0,0,0,0,0,0,0,0,0,0,0,0,0,0,0,0,0,0,0,0,0,0,0,0,0,0,0,0,0,0,0,0,0,0,0,0,0,0,0,0,0,0,0,0,0,0,0,0,2020/03/31 00:00:00,2020/03/31 00:00:00,2,3,Other,1, ,8, ,8,ha,1,0,0,0,0,0,Band
36.8833333330001,5.1,25127,2020/03/31 00:00:00,09:32,2020/03/31 00:00:00,09:32,No,Late,Bura,111,Exact,ET,443287,RAMSES38_ETH20-24.XL, ,1,0,1,2,1,0,0,0,0,0,0,0,0,0,0,0,0,0,0,0,0,0,0,0,0,0,0,0,0,0,0,0,0,0,0,0,0,0,0,0,0,0,0,-1,0,0,0,0,0,1,0,0,0,0,0,1,0,0,0,0,0,0,0,0,0,0,0,0,0,0,0,0,0,0,0,0,0,0,0,0,0,0,0,0,0,0,0,0,0,0,0,0,0,0,0,0,0,0,0,0,0,0,0,0,0,0,0,0,0,0,0,0,0,0,0,0,0,0,2020/03/31 00:00:00,2020/03/31 00:00:00,2,3,Other,1, ,8, ,8,ha,0,0,0,0,1,0,Band
37.0,5.3,25128,2020/03/31 00:00:00,09:33,2020/03/31 00:00:00,09:33,No,Late,Woyito,500,Exact,ET,443288,RAMSES38_ETH20-24.XL, ,1,0,1,2,1,0,0,0,0,0,0,0,0,0,0,0,0,0,0,0,0,0,0,0,0,0,0,0,0,0,0,0,0,0,0,0,0,0,0,0,0,0,0,-1,0,0,0,0,0,1,0,0,0,0,0,1,0,0,0,0,0,0,0,0,0,0,0,0,0,0,0,0,0,0,0,0,0,0,0,0,0,0,0,0,0,0,0,0,0,0,0,0,0,0,0,0,0,0,0,0,0,0,0,0,0,0,0,0,0,0,0,0,0,0,0,0,0,0,2020/03/31 00:00:00,2020/03/31 00:00:00,2,3,Chlorpyrifos,1,ha,400,l,400,ha,0,0,1,0,0,0,Band
36.95,5.21666666700003,25129,2020/03/31 00:00:00,09:34,2020/03/31 00:00:00,09:34,No,Late,Gisma,107,Exact,ET,443289,RAMSES38_ETH20-24.XL, ,1,0,1,2,1,0,0,0,0,0,0,0,0,0,0,0,0,0,0,0,0,0,0,0,0,0,0,0,0,0,0,0,0,0,0,0,0,0,0,0,0,0,0,-1,0,0,0,0,0,1,0,0,0,0,0,1,0,0,0,0,0,0,0,0,0,0,0,0,0,0,0,0,0,0,0,0,0,0,0,0,0,0,0,0,0,0,0,0,0,0,0,0,0,0,0,0,0,0,0,0,0,0,0,0,0,0,0,0,0,0,0,0,0,0,0,0,0,0,2020/03/31 00:00:00,2020/03/31 00:00:00,2,3,Other,1, ,8, ,8,ha,0,0,0,0,1,0,Band
36.9,5.85,25130,2020/03/31 00:00:00,09:40,2020/03/31 00:00:00,09:40,No,Late,Olkakibo,53,Exact,ET,443290,RAMSES38_ETH20-24.XL, ,1,0,1,2,1,0,0,0,0,0,0,0,0,0,0,0,0,0,0,0,0,0,0,0,0,0,0,0,0,0,0,0,0,0,0,0,0,0,0,0,0,0,0,-1,0,0,0,0,0,1,0,0,0,0,0,1,0,0,0,0,0,0,0,0,0,0,0,0,0,0,0,0,0,0,0,0,0,0,0,0,0,0,0,0,0,0,0,0,0,0,0,0,0,0,0,0,0,0,0,0,0,0,0,0,0,0,0,0,0,0,0,0,0,0,0,0,0,0,2020/03/31 00:00:00,2020/03/31 00:00:00,2,3,Other,1, ,16, ,16,ha,1,0,0,0,0,0,Band
36.716666667,5.46666666700003,25131,2020/03/31 00:00:00,09:43,2020/03/31 00:00:00,09:43,No,Late,Shaba,41.5,Exact,ET,443294,RAMSES38_ETH20-24.XL, ,1,0,1,2,1,0,0,0,0,0,0,0,0,0,0,0,0,0,0,0,0,0,0,0,0,0,0,0,0,0,0,0,0,0,0,0,0,0,0,0,0,0,0,-1,0,0,0,0,0,1,0,0,0,0,0,1,0,0,0,0,0,0,0,0,0,0,0,0,0,0,0,0,0,0,0,0,0,0,0,0,0,0,0,0,0,0,0,0,0,0,0,0,0,0,0,0,0,0,0,0,0,0,0,0,0,0,0,0,0,0,0,0,0,0,0,0,0,0,2020/03/31 00:00:00,2020/03/31 00:00:00,2,3,Other,1, ,14, ,14,ha,1,0,0,0,0,0,Band
36.8,5.35,25132,2020/03/31 00:00:00,09:46,2020/03/31 00:00:00,09:46,No,Late,Uffi,76,Exact,ET,443295,RAMSES38_ETH20-24.XL, ,1,0,1,2,1,0,0,0,0,0,0,0,0,0,0,0,0,0,0,0,0,0,0,0,0,0,0,0,0,0,0,0,0,0,0,0,0,0,0,0,0,0,0,-1,0,0,0,0,0,1,0,0,0,0,0,1,0,0,0,0,0,0,0,0,0,0,0,0,0,0,0,0,0,0,0,0,0,0,0,0,0,0,0,0,0,0,0,0,0,0,0,0,0,0,0,0,0,0,0,0,0,0,0,0,0,0,0,0,0,0,0,0,0,0,0,0,0,0,2020/03/31 00:00:00,2020/03/31 00:00:00,2,3,Other,1, ,16, ,16,ha,1,0,0,0,0,0,Band
36.816666667,5.51666666700004,25133,2020/03/31 00:00:00,09:47,2020/03/31 00:00:00,09:47,No,Late,Argo,42,Exact,ET,443296,RAMSES38_ETH20-24.XL, ,1,0,1,2,1,0,0,0,0,0,0,0,0,0,0,0,0,0,0,0,0,0,0,0,0,0,0,0,0,0,0,0,0,0,0,0,0,0,0,0,0,0,0,-1,0,0,0,0,0,1,0,0,0,0,0,1,0,0,0,0,0,0,0,0,0,0,0,0,0,0,0,0,0,0,0,0,0,0,0,0,0,0,0,0,0,0,0,0,0,0,0,0,0,0,0,0,0,0,0,0,0,0,0,0,0,0,0,0,0,0,0,0,0,0,0,0,0,0,2020/03/31 00:00:00,2020/03/31 00:00:00,2,3,Other,1, ,8, ,8,ha,1,0,0,0,0,0,Band
36.816666667,5.36666666700006,25134,2020/03/31 00:00:00,09:50,2020/03/31 00:00:00,09:50,No,Late,Aymale,109,Exact,ET,443297,RAMSES38_ETH20-24.XL, ,1,0,1,2,1,0,0,0,0,0,0,0,0,0,0,0,0,0,0,0,0,0,0,0,0,0,0,0,0,0,0,0,0,0,0,0,0,0,0,0,0,0,0,-1,0,0,0,0,0,1,0,0,0,0,0,1,0,0,0,0,0,0,0,0,0,0,0,0,0,0,0,0,0,0,0,0,0,0,0,0,0,0,0,0,0,0,0,0,0,0,0,0,0,0,0,0,0,0,0,0,0,0,0,0,0,0,0,0,0,0,0,0,0,0,0,0,0,0,2020/03/31 00:00:00,2020/03/31 00:00:00,2,3,Other,1, ,16, ,16,ha,1,0,0,0,0,0,Band
37.0,5.3,25135,2020/03/31 00:00:00,09:54,2020/03/31 00:00:00,09:54,No,Late,Woyito,500,Exact,ET,443298,RAMSES38_ETH20-24.XL, ,1,0,1,2,1,0,0,0,0,0,0,0,0,0,0,0,0,0,0,0,0,0,0,0,0,0,0,0,0,0,0,0,0,0,0,0,0,0,0,0,0,0,0,-1,0,0,0,0,0,1,0,0,0,0,0,1,0,0,0,0,0,0,0,0,0,0,0,0,0,0,0,0,0,0,0,0,0,0,0,0,0,0,0,0,0,0,0,0,0,0,0,0,0,0,0,0,0,0,0,0,0,0,0,0,0,0,0,0,0,0,0,0,0,0,0,0,0,0,2020/03/31 00:00:00,2020/03/31 00:00:00,2,3,Chlorpyrifos,1,ha,400,l,400,ha,0,0,1,0,0,0,Band
36.7333333330001,5.38333333300005,25136,2020/03/31 00:00:00,10:12,2020/03/31 00:00:00,10:12,No,Late,Gone,32,Exact,ET,443299,RAMSES38_ETH20-24.XL, ,1,0,1,2,1,0,0,0,0,0,0,0,0,0,0,0,0,0,0,0,0,0,0,0,0,0,0,0,0,0,0,0,0,0,0,0,0,0,0,0,0,0,0,-1,0,0,0,0,0,1,0,0,0,0,0,1,0,0,0,0,0,0,0,0,0,0,0,0,0,0,0,0,0,0,0,0,0,0,0,0,0,0,0,0,0,0,0,0,0,0,0,0,0,0,0,0,0,0,0,0,0,0,0,0,0,0,0,0,0,0,0,0,0,0,0,0,0,0,2020/03/31 00:00:00,2020/03/31 00:00:00,2,3,Other,1, ,10, ,32,ha,1,0,0,0,0,0,Band
36.7,5.28333333300003,25137,2020/03/31 00:00:00,10:14,2020/03/31 00:00:00,10:14,No,Late,Ansonda,69,Exact,ET,443300,RAMSES38_ETH20-24.XL, ,1,0,1,2,1,0,0,0,0,0,0,0,0,0,0,0,0,0,0,0,0,0,0,0,0,0,0,0,0,0,0,0,0,0,0,0,0,0,0,0,0,0,0,-1,0,0,0,0,0,1,0,0,0,0,0,1,0,0,0,0,0,0,0,0,0,0,0,0,0,0,0,0,0,0,0,0,0,0,0,0,0,0,0,0,0,0,0,0,0,0,0,0,0,0,0,0,0,0,0,0,0,0,0,0,0,0,0,0,0,0,0,0,0,0,0,0,0,0,2020/03/31 00:00:00,2020/03/31 00:00:00,2,3,Other,1, ,16, ,16,ha,1,0,0,0,0,0,Band
36.833333333,5.45,25138,2020/03/31 00:00:00,10:17,2020/03/31 00:00:00,10:17,No,Late,Boffo,33,Exact,ET,443301,RAMSES38_ETH20-24.XL, ,1,0,1,2,1,0,0,0,0,0,0,0,0,0,0,0,0,0,0,0,0,0,0,0,0,0,0,0,0,0,0,0,0,0,0,0,0,0,0,0,0,0,0,-1,0,0,0,0,0,1,0,0,0,0,0,1,0,0,0,0,0,0,0,0,0,0,0,0,0,0,0,0,0,0,0,0,0,0,0,0,0,0,0,0,0,0,0,0,0,0,0,0,0,0,0,0,0,0,0,0,0,0,0,0,0,0,0,0,0,0,0,0,0,0,0,0,0,0,2020/03/31 00:00:00,2020/03/31 00:00:00,2,3,Other,1, ,10, ,10,ha,1,0,0,0,0,0,Band
36.7333333330001,5.38333333300005,25139,2020/03/31 00:00:00,10:19,2020/03/31 00:00:00,10:19,No,Late,Shala,64,Exact,ET,443302,RAMSES38_ETH20-24.XL, ,1,0,1,2,1,0,0,0,0,0,0,0,0,0,0,0,0,0,0,0,0,0,0,0,0,0,0,0,0,0,0,0,0,0,0,0,0,0,0,0,0,0,0,-1,0,0,0,0,0,1,0,0,0,0,0,1,0,0,0,0,0,0,0,0,0,0,0,0,0,0,0,0,0,0,0,0,0,0,0,0,0,0,0,0,0,0,0,0,0,0,0,0,0,0,0,0,0,0,0,0,0,0,0,0,0,0,0,0,0,0,0,0,0,0,0,0,0,0,2020/03/31 00:00:00,2020/03/31 00:00:00,2,3,Other,1, ,16, ,16,ha,1,0,0,0,0,0,Band
37.016666667,5.3,25140,2020/03/31 00:00:00,10:20,2020/03/31 00:00:00,10:20,No,Late,Enchete,153,Exact,ET,443303,RAMSES38_ETH20-24.XL, ,1,0,1,2,1,0,0,0,0,0,0,0,0,0,0,0,0,0,0,0,0,0,0,0,0,0,0,0,0,0,0,0,0,0,0,0,0,0,0,0,0,0,0,-1,0,0,0,0,0,1,0,0,0,0,0,1,0,0,0,0,0,0,0,0,0,0,0,0,0,0,0,0,0,0,0,0,0,0,0,0,0,0,0,0,0,0,0,0,0,0,0,0,0,0,0,0,0,0,0,0,0,0,0,0,0,0,0,0,0,0,0,0,0,0,0,0,0,0,2020/03/31 00:00:00,2020/03/31 00:00:00,2,3,Other,1, ,16, ,16,ha,1,0,0,0,0,0,Band
36.966666667,5.3,25141,2020/03/31 00:00:00,10:23,2020/03/31 00:00:00,10:23,No,Late,Duma,124,Exact,ET,443304,RAMSES38_ETH20-24.XL, ,1,0,1,2,1,0,0,0,0,0,0,0,0,0,0,0,0,0,0,0,0,0,0,0,0,0,0,0,0,0,0,0,0,0,0,0,0,0,0,0,0,0,0,-1,0,0,0,0,0,1,0,0,0,0,0,1,0,0,0,0,0,0,0,0,0,0,0,0,0,0,0,0,0,0,0,0,0,0,0,0,0,0,0,0,0,0,0,0,0,0,0,0,0,0,0,0,0,0,0,0,0,0,0,0,0,0,0,0,0,0,0,0,0,0,0,0,0,0,2020/03/31 00:00:00,2020/03/31 00:00:00,2,3,Other,1, ,16, ,16,ha,0,0,0,0,1,0,Band
36.85,5.46666666700003,25142,2020/03/31 00:00:00,10:27,2020/03/31 00:00:00,10:27,No,Late,Luka,220,Exact,ET,443305,RAMSES38_ETH20-24.XL, ,1,0,1,2,1,0,0,0,0,0,0,0,0,0,0,0,0,0,0,0,0,0,0,0,0,0,0,0,0,0,0,0,0,0,0,0,0,0,0,0,0,0,0,-1,0,0,0,0,0,1,0,0,0,0,0,1,0,0,0,0,0,0,0,0,0,0,0,0,0,0,0,0,0,0,0,0,0,0,0,0,0,0,0,0,0,0,0,0,0,0,0,0,0,0,0,0,0,0,0,0,0,0,0,0,0,0,0,0,0,0,0,0,0,0,0,0,0,0,2020/03/31 00:00:00,2020/03/31 00:00:00,2,3,Chlorpyrifos,1,ha,126,l,126,ha,0,1,0,0,0,0,Band
36.75,5.36666666700006,25143,2020/03/31 00:00:00,10:30,2020/03/31 00:00:00,10:30,No,Late,Wuriri,68,Exact,ET,443306,RAMSES38_ETH20-24.XL, ,1,0,1,2,1,0,0,0,0,0,0,0,0,0,0,0,0,0,0,0,0,0,0,0,0,0,0,0,0,0,0,0,0,0,0,0,0,0,0,0,0,0,0,-1,0,0,0,0,0,1,0,0,0,0,0,1,0,0,0,0,0,0,0,0,0,0,0,0,0,0,0,0,0,0,0,0,0,0,0,0,0,0,0,0,0,0,0,0,0,0,0,0,0,0,0,0,0,0,0,0,0,0,0,0,0,0,0,0,0,0,0,0,0,0,0,0,0,0,2020/03/31 00:00:00,2020/03/31 00:00:00,2,3,Other,1, ,16, ,16,ha,0,0,0,0,1,0,Band
36.75,5.35,25144,2020/03/31 00:00:00,10:40,2020/03/31 00:00:00,10:40,No,Late,Ollo,41,Exact,ET,443307,RAMSES38_ETH20-24.XL, ,1,0,1,2,1,0,0,0,0,0,0,0,0,0,0,0,0,0,0,0,0,0,0,0,0,0,0,0,0,0,0,0,0,0,0,0,0,0,0,0,0,0,0,-1,0,0,0,0,0,1,0,0,0,0,0,1,0,0,0,0,0,0,0,0,0,0,0,0,0,0,0,0,0,0,0,0,0,0,0,0,0,0,0,0,0,0,0,0,0,0,0,0,0,0,0,0,0,0,0,0,0,0,0,0,0,0,0,0,0,0,0,0,0,0,0,0,0,0,2020/03/31 00:00:00,2020/03/31 00:00:00,2,3,Other,1, ,10, ,10,ha,0,0,0,0,1,0,Band
36.833333333,5.53333333300003,25145,2020/03/31 00:00:00,16:00,2020/03/31 00:00:00,16:00,No,Late,Citinba,106,Exact,ET,443308,RAMSES38_ETH20-24.XL, ,1,0,1,2,1,0,0,0,0,0,0,0,0,0,0,0,0,0,0,0,0,0,0,0,0,0,0,0,0,0,0,0,0,0,0,0,0,0,0,0,0,0,0,-1,0,0,0,0,0,1,0,0,0,0,0,1,0,0,0,0,0,0,0,0,0,0,0,0,0,0,0,0,0,0,0,0,0,0,0,0,0,0,0,0,0,0,0,0,0,0,0,0,0,0,0,0,0,0,0,0,0,0,0,0,0,0,0,0,0,0,0,0,0,0,0,0,0,0,2020/03/31 00:00:00,2020/03/31 00:00:00,2,3,Chlorpyrifos,1,ha,75,l,75,ha,0,1,0,0,0,0,Band
37.066666667,5.31666666700005,25146,2020/03/31 00:00:00,16:10,2020/03/31 00:00:00,16:10,No,Late,Gelgele kolmale,34,Exact,ET,443309,RAMSES38_ETH20-24.XL, ,1,0,1,2,1,0,0,0,0,0,0,0,0,0,0,0,0,0,0,0,0,0,0,0,0,0,0,0,0,0,0,0,0,0,0,0,0,0,0,0,0,0,0,-1,0,0,0,0,0,0,1,0,0,0,0,1,0,0,0,0,0,0,0,0,0,0,0,0,0,0,0,0,0,0,0,0,0,0,0,0,0,0,0,0,0,0,0,0,0,0,0,0,0,0,0,0,0,0,0,0,0,0,0,0,0,0,0,0,0,0,0,0,0,0,0,0,0,0,2020/03/31 00:00:00,2020/03/31 00:00:00,2,3,Other,1, ,17, ,17,ha,1,0,0,0,0,0,Band
37.05,5.13333333300005,25147,2020/03/31 00:00:00,16:20,2020/03/31 00:00:00,16:20,No,Late,Wayu wondo,272,Exact,ET,443310,RAMSES38_ETH20-24.XL, ,1,0,1,2,1,0,0,0,0,0,0,0,0,0,0,0,0,0,0,0,0,0,0,0,0,0,0,0,0,0,0,0,0,0,0,0,0,0,0,0,0,0,0,-1,0,0,0,0,0,1,0,0,0,0,0,1,0,0,0,0,0,0,0,0,0,0,0,0,0,0,0,0,0,0,0,0,0,0,0,0,0,0,0,0,0,0,0,0,0,0,0,0,0,0,0,0,0,0,0,0,0,0,0,0,0,0,0,0,0,0,0,0,0,0,0,0,0,0,2020/03/31 00:00:00,2020/03/31 00:00:00,2,3,Other,1, ,227, ,227,ha,0,0,0,0,1,0,Band
37.1166666670001,5.31666666700005,25148,2020/03/31 00:00:00,16:30,2020/03/31 00:00:00,16:30,No,Late,Adrina Gezaba,5,Exact,ET,443311,RAMSES38_ETH20-24.XL, ,1,0,1,2,1,0,0,0,0,0,0,0,0,0,0,0,0,0,0,0,0,0,0,0,0,0,0,0,0,0,0,0,0,0,0,0,0,0,0,0,0,0,0,-1,0,0,0,0,0,0,1,0,0,0,0,1,0,0,0,0,0,0,0,0,0,0,0,0,0,0,0,0,0,0,0,0,0,0,0,0,0,0,0,0,0,0,0,0,0,0,0,0,0,0,0,0,0,0,0,0,0,0,0,0,0,0,0,0,0,0,0,0,0,0,0,0,0,0,2020/03/31 00:00:00,2020/03/31 00:00:00,2,3,Other,1, ,2, ,2,ha,0,0,0,0,1,0,Band
36.816666667,5.46666666700003,25149,2020/03/31 00:00:00,17:19,2020/03/31 00:00:00,17:19,No,Late,Luka,300,Exact,ET,443313,RAMSES38_ETH20-24.XL, ,1,0,1,2,1,0,0,0,0,0,0,0,0,0,0,0,0,0,0,0,0,0,0,0,0,0,0,0,0,0,0,0,0,0,0,0,0,0,0,0,0,0,0,-1,0,0,0,0,0,0,1,0,0,0,0,1,0,0,0,0,0,0,0,0,0,0,0,0,0,0,0,0,0,0,0,0,0,0,0,0,0,0,0,0,0,0,0,0,0,0,0,0,0,0,0,0,0,0,0,0,0,0,0,0,0,0,0,0,0,0,0,0,0,0,0,0,0,0,2020/03/31 00:00:00,2020/03/31 00:00:00,2,3,Chlorpyrifos,1,ha,200,l,200,ha,0,0,1,0,0,0,Band
35.8,3.05,25150,2020/03/24 00:00:00,11:10,2020/03/24 00:00:00,11:10,No,Late,Turkana area,100,Exact,KE,441775,RAMSES38_KEN20-39.XL, ,1,0,1,2,1,0,0,0,0,0,0,0,0,0,0,0,0,0,0,0,0,0,0,0,0,0,0,0,0,0,0,0,0,0,0,0,0,0,0,0,0,0,0,-1,0,0,0,0,0,0,1,0,0,0,0,1,0,0,0,0,0,0,0,0,0,0,0,0,0,0,0,0,0,0,0,0,0,0,0,0,0,0,0,0,0,0,0,0,0,0,0,0,0,0,0,0,0,0,0,0,0,0,0,0,0,0,0,0,0,0,0,0,0,0,0,0,0,0,1899/12/30 00:00:00,1899/12/30 00:00:00,0,0, ,0, ,0, ,0, ,0,0,0,0,0,0,Band
35.8758333330001,3.21055555600003,25151,2020/03/25 00:00:00,08:13,2020/03/25 00:00:00,08:13,No,Late,Naarengo Sprayed,100,Exact,KE,441776,RAMSES38_KEN20-39.XL, ,1,0,1,2,1,0,0,0,0,0,0,0,0,0,0,0,0,0,0,0,0,0,0,0,0,0,0,0,0,0,0,0,0,0,0,0,0,0,0,0,1,0,0,-1,0,0,0,0,0,0,1,0,0,0,0,1,0,0,0,0,0,0,0,0,1,0,0,0,0,0,0,0,0,0,0,0,0,0,0,0,0,0,0,0,0,0,0,0,0,0,0,0,0,0,0,0,0,0,0,0,0,0,0,0,0,0,0,0,0,0,0,0,0,0,0,0,0,0,1899/12/30 00:00:00,1899/12/30 00:00:00,0,0, ,0, ,0, ,0, ,0,0,0,0,0,0,Band
35.903888889,3.18277777800006,25152,2020/03/25 00:00:00,08:17,2020/03/25 00:00:00,08:17,No,Late,Naroebei Sprayed,100,Exact,KE,441777,RAMSES38_KEN20-39.XL, ,1,0,1,2,1,0,0,0,0,0,0,0,0,0,0,0,0,0,0,0,0,0,0,0,0,0,0,0,0,0,0,0,0,0,0,0,0,0,0,0,1,0,0,-1,0,0,0,0,0,0,1,0,0,0,0,1,0,0,0,0,0,0,0,0,1,0,0,0,0,0,0,0,0,0,0,0,0,0,0,0,0,0,0,0,0,0,0,0,0,0,0,0,0,0,0,0,0,0,0,0,0,0,0,0,0,0,0,0,0,0,0,0,0,0,0,0,0,0,1899/12/30 00:00:00,1899/12/30 00:00:00,0,0, ,0, ,0, ,0, ,0,0,0,0,0,0,Band
35.8638888890001,3.20694444400004,25153,2020/03/25 00:00:00,08:28,2020/03/25 00:00:00,08:28,No,Late,Namorunyang Sprayed,100,Exact,KE,441778,RAMSES38_KEN20-39.XL, ,1,0,1,2,1,0,0,0,0,0,0,0,0,0,0,0,0,0,0,0,0,0,0,0,0,0,0,0,0,0,0,0,0,0,0,0,0,0,0,0,1,0,0,-1,0,0,0,0,0,0,1,0,0,0,0,1,0,0,0,0,0,0,0,0,1,0,0,0,0,0,0,0,0,0,0,0,0,0,0,0,0,0,0,0,0,0,0,0,0,0,0,0,0,0,0,0,0,0,0,0,0,0,0,0,0,0,0,0,0,0,0,0,0,0,0,0,0,0,1899/12/30 00:00:00,1899/12/30 00:00:00,0,0, ,0, ,0, ,0, ,0,0,0,0,0,0,Band
35.701944444,3.23166666700007,25154,2020/03/25 00:00:00,08:31,2020/03/25 00:00:00,08:31,No,Late,ELiye junction Spray,100,Exact,KE,441779,RAMSES38_KEN20-39.XL, ,1,0,1,2,1,0,0,0,0,0,0,0,0,0,0,0,0,0,0,0,0,0,0,0,0,0,0,0,0,0,0,0,0,0,0,0,0,0,0,0,1,0,0,-1,0,0,0,0,0,0,1,0,0,0,0,1,0,0,0,0,0,0,0,0,1,0,0,0,0,0,0,0,0,0,0,0,0,0,0,0,0,0,0,0,0,0,0,0,0,0,0,0,0,0,0,0,0,0,0,0,0,0,0,0,0,0,0,0,0,0,0,0,0,0,0,0,0,0,1899/12/30 00:00:00,1899/12/30 00:00:00,0,0, ,0, ,0, ,0, ,0,0,0,0,0,0,Band
35.6972222220001,3.23305555600007,25155,2020/03/25 00:00:00,08:34,2020/03/25 00:00:00,08:34,No,Late,ELiye junction 2 Spr,100,Exact,KE,441780,RAMSES38_KEN20-39.XL, ,1,0,1,2,1,0,0,0,0,0,0,0,0,0,0,0,0,0,0,0,0,0,0,0,0,0,0,0,0,0,0,0,0,0,0,0,0,0,0,0,1,0,0,-1,0,0,0,0,0,0,1,0,0,0,0,1,0,0,0,0,0,0,0,0,1,0,0,0,0,0,0,0,0,0,0,0,0,0,0,0,0,0,0,0,0,0,0,0,0,0,0,0,0,0,0,0,0,0,0,0,0,0,0,0,0,0,0,0,0,0,0,0,0,0,0,0,0,0,1899/12/30 00:00:00,1899/12/30 00:00:00,0,0, ,0, ,0, ,0, ,0,0,0,0,0,0,Band
36.833333333,5.6,25156,2020/03/31 00:00:00,16:30,2020/03/31 00:00:00,16:30,No,Late,Sitimba,600,Exact,ET,443312,RAMSES38_ETH20-24.XL, ,1,0,1,2,1,0,0,0,0,0,0,0,0,0,0,0,0,0,0,0,0,0,0,0,0,0,0,0,0,0,0,0,0,0,0,0,0,0,0,0,0,0,0,-1,0,0,0,0,0,0,1,0,0,0,0,1,0,0,0,0,0,0,0,0,0,0,0,0,0,0,0,0,0,0,0,0,0,0,0,0,0,0,0,0,0,0,0,0,0,0,0,0,0,0,0,0,0,0,0,0,0,0,0,0,0,0,0,0,0,0,0,0,0,0,0,0,0,0,2020/03/31 00:00:00,2020/03/31 00:00:00,2,3,Chlorpyrifos,1,ha,500,l,500,ha,0,0,1,0,0,0,Band
35.211944444,1.01333333300005,25157,2020/03/02 00:00:00,00:00,2020/03/02 00:00:00,00:00,No,Early,Seum,5,Exact,KE,445454,RAMSES38_KEN20-47.XL, ,1,0,1,2,1,0,0,0,0,0,0,0,0,0,0,0,0,0,0,0,0,0,0,0,0,0,0,0,0,0,0,0,0,0,0,0,0,0,0,0,0,0,0,-1,0,0,0,0,0,0,0,0,0,1,0,0,0,0,0,0,0,0,0,0,0,0,0,0,0,0,0,0,0,0,0,0,0,0,0,0,0,0,0,0,0,0,0,0,0,0,0,0,0,0,0,0,0,0,0,0,0,0,0,0,0,0,0,0,0,0,0,0,0,0,0,0,0,0,1899/12/30 00:00:00,1899/12/30 00:00:00,0,0, ,0, ,0, ,0, ,0,0,0,0,0,0,Band
35.6913888890001,3.24194444400007,25158,2020/03/25 00:00:00,08:35,2020/03/25 00:00:00,08:35,No,Late,Kabtum Sprayed,100,Exact,KE,441781,RAMSES38_KEN20-39.XL, ,1,0,1,2,1,0,0,0,0,0,0,0,0,0,0,0,0,0,0,0,0,0,0,0,0,0,0,0,0,0,0,0,0,0,0,0,0,0,0,0,1,0,0,-1,0,0,0,0,0,0,1,0,0,0,0,1,0,0,0,0,0,0,0,0,1,0,0,0,0,0,0,0,0,0,0,0,0,0,0,0,0,0,0,0,0,0,0,0,0,0,0,0,0,0,0,0,0,0,0,0,0,0,0,0,0,0,0,0,0,0,0,0,0,0,0,0,0,0,1899/12/30 00:00:00,1899/12/30 00:00:00,0,0, ,0, ,0, ,0, ,0,0,0,0,0,0,Band
37.4866666670001,0.354722222000021,25159,2020/03/25 00:00:00,09:38,2020/03/25 00:00:00,09:38,No,Late,Burat Sprayed,100,Exact,KE,441782,RAMSES38_KEN20-39.XL, ,1,0,1,2,1,0,0,0,0,0,0,0,0,0,0,0,0,0,0,0,0,0,0,0,0,0,0,0,0,0,0,0,0,0,0,0,0,0,0,0,0,0,0,-1,0,0,0,0,0,0,1,0,0,0,0,1,0,0,0,0,0,0,0,0,0,0,0,0,0,0,0,0,0,0,0,0,0,0,0,0,0,0,0,0,0,0,0,0,0,0,0,0,0,0,0,0,0,0,0,0,0,0,0,0,0,0,0,0,0,0,0,0,0,0,0,0,0,0,1899/12/30 00:00:00,1899/12/30 00:00:00,0,0, ,0, ,0, ,0, ,0,0,0,0,0,0,Band
39.783333333,-0.62,25160,2020/03/25 00:00:00,00:00,2020/03/25 00:00:00,00:00,No,Late,Garissa Country,20,Exact,KE,441793,RAMSES38_KEN20-39.XL,The hoppers are incr,1,0,1,2,1,0,0,0,0,0,0,0,0,0,0,0,0,0,0,0,0,0,0,0,0,0,0,0,0,0,0,0,0,0,0,0,0,0,0,0,0,0,0,-1,0,0,0,0,1,1,0,0,0,1,0,0,0,0,0,0,0,0,0,0,0,0,0,0,0,0,0,0,-1,0,0,0,0,0,0,0,0,0,0,0,0,0,0,1,0,0,0,0,0,0,0,0,0,0,0,0,0,0,0,0,0,0,0,0,0,0,0,0,0,0,0,0,0,0,2020/03/25 00:00:00,2020/03/25 00:00:00,2,3,Unknown,0, ,0, ,0, ,0,0,0,0,1,0,Band
39.8608333330001,-0.83722222199998,25161,2020/03/25 00:00:00,00:00,2020/03/25 00:00:00,00:00,No,Late,Garissa County,25,Exact,KE,441794,RAMSES38_KEN20-39.XL,The hopper bands are,1,0,1,2,1,0,0,0,0,0,0,0,0,0,0,0,0,0,0,0,0,0,0,0,0,0,0,0,0,0,0,0,0,0,0,0,0,0,0,0,0,0,0,-1,0,0,0,0,1,1,0,0,0,1,0,0,0,0,0,0,0,0,0,0,0,0,0,0,0,0,0,0,-1,0,0,0,0,0,0,0,0,0,0,0,0,0,0,1,0,0,0,0,0,0,0,0,0,0,0,0,0,0,0,0,0,0,0,0,0,0,0,0,0,0,0,0,0,0,2020/03/25 00:00:00,2020/03/25 00:00:00,2,3,Unknown,0, ,0, ,0, ,0,0,0,0,1,0,Band
39.788333333,-0.63,25162,2020/03/25 00:00:00,00:00,2020/03/25 00:00:00,00:00,No,Late,Garissa County,35,Exact,KE,441796,RAMSES38_KEN20-39.XL,watermelon completel,1,0,1,2,1,0,0,0,0,0,0,0,0,0,0,0,0,0,0,0,0,0,0,0,0,0,0,0,0,0,0,0,0,0,0,0,0,0,0,0,0,0,0,-1,0,0,0,0,1,1,0,0,0,1,0,0,0,0,0,0,0,0,0,0,0,0,0,0,0,1,0,0,-1,0,0,0,0,0,0,0,0,0,0,0,0,0,0,1,0,0,0,0,0,0,0,0,0,0,0,0,0,0,0,0,0,0,0,0,0,0,0,0,0,0,0,0,0,0,2020/03/25 00:00:00,2020/03/25 00:00:00,2,3,Unknown,0, ,0, ,0, ,0,0,0,0,1,0,Band
39.840555556,-0.763333332999935,25163,2020/03/26 00:00:00,00:00,2020/03/26 00:00:00,00:00,No,Late,Garissa kamuthe,25,Exact,KE,441798,RAMSES38_KEN20-39.XL,its bushy and diffic,1,0,1,2,1,0,0,0,0,0,0,0,0,0,0,0,0,0,0,0,0,0,0,0,0,0,0,0,0,0,0,0,0,0,0,0,0,0,0,0,0,0,0,-1,0,0,0,0,1,1,1,0,0,1,0,0,0,0,0,0,0,0,0,0,0,0,0,0,0,0,0,0,0,0,0,0,0,0,0,0,0,0,0,0,0,0,0,0,0,0,0,0,0,0,0,-1,1,0,0,0,0,1,0,1,0,0,0,0,0,0,0,0,0,0,0,0,0,0,2020/03/26 00:00:00,2020/03/26 00:00:00,2,3,Unknown,0, ,0, ,0, ,0,0,0,0,1,0,Band
36.887222222,2.2675,25164,2020/03/26 00:00:00,00:00,2020/03/26 00:00:00,00:00,No,Late,Samburu,32,Exact,KE,441800,RAMSES38_KEN20-39.XL, ,1,0,1,2,1,0,0,0,0,0,0,0,0,0,0,0,0,0,0,0,0,0,0,0,0,0,0,0,0,0,0,0,0,0,0,0,0,0,0,0,0,0,0,-1,0,0,0,0,1,0,0,0,0,1,0,0,0,0,0,0,0,0,0,0,0,0,0,0,0,0,0,0,0,0,0,0,0,0,0,0,0,0,0,0,0,0,0,0,0,0,0,0,0,0,0,0,0,0,0,0,0,0,0,0,0,0,0,0,0,0,0,0,0,0,0,0,0,0,2020/03/26 00:00:00,2020/03/26 00:00:00,2,3,Unknown,0, ,0, ,0, ,0,0,0,0,1,0,Band
34.9936111110001,0.8425,25165,2020/03/06 00:00:00,00:00,2020/03/06 00:00:00,00:00,No,Early,Nzoia,2,Exact,KE,445475,RAMSES38_KEN20-47.XL, ,1,0,1,2,1,0,0,0,0,0,0,0,0,0,0,0,0,0,0,0,0,0,0,0,0,0,0,0,0,0,0,0,0,0,0,0,0,0,0,0,0,0,0,-1,0,0,0,0,0,0,1,0,0,1,0,0,0,0,0,0,0,0,0,0,0,0,0,0,0,0,0,0,0,0,0,0,0,0,0,0,0,0,0,0,0,0,0,0,0,0,0,0,0,0,0,0,0,0,0,0,0,0,0,0,0,0,0,0,0,0,0,0,0,0,0,0,0,0,1899/12/30 00:00:00,1899/12/30 00:00:00,0,0, ,0, ,0, ,0, ,0,0,0,0,0,0,Band
35.3638888890001,0.2275,25166,2020/03/07 00:00:00,00:00,2020/03/07 00:00:00,00:00,No,Early,Chuiyat,200,Exact,KE,445486,RAMSES38_KEN20-47.XL, ,1,0,1,2,1,0,0,0,0,0,0,0,0,0,0,0,0,0,0,0,0,0,0,0,0,0,0,0,0,0,0,0,0,0,0,0,0,0,0,0,0,0,0,-1,0,0,1,1,0,0,0,0,0,1,0,0,0,0,0,0,0,0,0,0,0,0,0,0,0,0,0,0,0,0,0,0,0,0,0,0,0,0,0,0,0,0,0,0,0,0,0,0,0,0,0,-1,0,0,1,0,0,1,1,0,0,0,0,0,0,0,0,0,0,0,0,0,0,0,1899/12/30 00:00:00,1899/12/30 00:00:00,0,0, ,0, ,0, ,0, ,0,0,0,0,0,0,Band
35.31,0.099722222000025,25167,2020/03/08 00:00:00,00:00,2020/03/08 00:00:00,00:00,No,Early,Sirwaa,100,Exact,KE,445498,RAMSES38_KEN20-47.XL, ,1,0,1,2,1,0,0,0,0,0,0,0,0,0,0,0,0,0,0,0,0,0,0,0,0,0,0,0,0,0,0,0,0,0,0,0,0,0,0,0,0,0,0,-1,0,0,0,0,0,1,0,0,0,1,0,0,0,0,0,0,0,0,0,0,0,0,0,0,0,0,0,0,0,0,0,0,0,0,0,0,0,0,0,0,0,0,0,0,0,0,0,0,0,0,0,0,0,0,0,0,0,0,0,0,0,0,0,0,0,0,0,0,0,0,0,0,0,0,1899/12/30 00:00:00,1899/12/30 00:00:00,0,0, ,0, ,0, ,0, ,0,0,0,0,0,0,Band
34.700277778,-0.036388888999966,25168,2020/03/12 00:00:00,00:00,2020/03/12 00:00:00,00:00,No,Middle,Bar,3,Exact,KE,445525,RAMSES38_KEN20-47.XL, ,1,0,1,2,1,0,0,0,0,0,0,0,0,0,0,0,0,0,0,0,0,0,0,0,0,0,0,0,0,0,0,0,0,0,0,0,0,0,0,0,0,0,0,-1,0,0,1,1,0,0,0,0,0,1,0,0,0,0,0,0,0,0,0,0,0,0,0,0,0,0,0,0,0,0,0,0,0,0,0,0,0,0,0,0,0,0,0,0,0,0,0,0,0,0,0,0,0,0,0,0,0,0,0,0,0,0,0,0,0,0,0,0,0,0,0,0,0,0,1899/12/30 00:00:00,1899/12/30 00:00:00,0,0, ,0, ,0, ,0, ,0,0,0,0,0,0,Band
37.706666667,-0.035555555999963,25169,2020/03/20 00:00:00,00:00,2020/03/20 00:00:00,00:00,No,Middle,Gaitu,50,Exact,KE,445530,RAMSES38_KEN20-47.XL, ,1,0,1,2,1,0,0,0,0,0,0,0,0,0,0,0,0,0,0,0,0,0,0,0,0,0,0,0,0,0,0,0,0,0,0,0,0,0,0,0,0,0,0,-1,0,0,1,1,0,0,0,0,0,1,0,0,0,0,0,0,0,0,0,0,0,0,0,0,0,0,0,0,0,0,0,0,0,0,0,0,0,0,0,0,0,0,0,0,0,0,0,0,0,0,0,-1,0,0,1,0,0,1,1,0,0,0,0,0,0,0,0,0,0,0,0,0,0,0,1899/12/30 00:00:00,1899/12/30 00:00:00,0,0, ,0, ,0, ,0, ,0,0,0,0,0,0,Band
35.9419444440001,-0.325833332999935,25170,2020/03/22 00:00:00,00:00,2020/03/22 00:00:00,00:00,No,Late,Njoro,1,Exact,KE,445544,RAMSES38_KEN20-47.XL, ,1,0,1,2,1,0,0,0,0,0,0,0,0,0,0,0,0,0,0,0,0,0,0,0,0,0,0,0,0,0,0,0,0,0,0,0,0,0,0,0,0,0,0,-1,0,0,1,1,0,0,0,0,0,1,0,0,0,0,0,0,0,0,0,0,0,0,0,0,0,0,0,0,0,0,0,0,0,0,0,0,0,0,0,0,0,0,0,0,0,0,0,0,0,0,0,0,0,0,0,0,0,0,0,0,0,0,0,0,0,0,0,0,0,0,0,0,0,0,1899/12/30 00:00:00,1899/12/30 00:00:00,0,0, ,0, ,0, ,0, ,0,0,0,0,0,0,Band
34.594166667,-0.744166666999945,25171,2020/03/22 00:00:00,00:00,2020/03/22 00:00:00,00:00,No,Late,Nyarach,2,Exact,KE,445545,RAMSES38_KEN20-47.XL, ,1,0,1,2,1,0,0,0,0,0,0,0,0,0,0,0,0,0,0,0,0,0,0,0,0,0,0,0,0,0,0,0,0,0,0,0,0,0,0,0,0,0,0,-1,0,0,1,1,0,0,0,0,0,1,0,0,0,0,0,0,0,0,0,0,0,0,0,0,0,0,0,0,0,0,0,0,0,0,0,0,0,0,0,0,0,0,0,0,0,0,0,0,0,0,0,0,0,0,0,0,0,0,0,0,0,0,0,0,0,0,0,0,0,0,0,0,0,0,1899/12/30 00:00:00,1899/12/30 00:00:00,0,0, ,0, ,0, ,0, ,0,0,0,0,0,0,Band
37.7897222220001,0.149166667000031,25172,2020/03/23 00:00:00,00:00,2020/03/23 00:00:00,00:00,No,Late,Ithamare,100,Exact,KE,445546,RAMSES38_KEN20-47.XL, ,1,0,1,2,1,0,0,0,0,0,0,0,0,0,0,0,0,0,0,0,0,0,0,0,0,0,0,0,0,0,0,0,0,0,0,0,0,0,0,0,0,0,0,-1,0,0,1,1,0,0,0,0,0,1,0,0,0,0,0,0,0,0,0,0,0,0,0,0,0,0,0,0,0,0,0,0,0,0,0,0,0,0,0,0,0,0,0,0,0,0,0,0,0,0,0,0,0,0,0,0,0,0,0,0,0,0,0,0,0,0,0,0,0,0,0,0,0,0,1899/12/30 00:00:00,1899/12/30 00:00:00,0,0, ,0, ,0, ,0, ,0,0,0,0,0,0,Band
57.5552777780001,19.220277778,25173,2020/03/04 00:00:00,09:25,2020/03/04 00:00:00,09:25,No,Early,Dhahar,100,Exact,OM,441959,RAMSES38_OMN20-19.XL, ,1,0,1,2,1,0,0,0,0,0,0,0,0,0,0,0,0,0,0,0,0,0,0,0,0,0,0,0,0,0,0,0,0,0,0,0,0,0,0,1,0,0,40,-1,0,0,1,0,0,1,3,0,0,0,0,0,1,0.0020000001,0.0020000001,1,0,0,0,0,0,0,0,0,0,0,0,0,0,0,0,0,0,0,0,0,0,0,0,0,0,0,0,0,0,0,0,0,0,0,0,0,0,0,0,0,0,0,0,0,0,0,0,0,0,0,0,0,0,0,0,0,0,0,2020/03/04 00:00:00,2020/03/04 00:00:00,2,1,Deltamethrin,1,ha,20,l,20,ha,0,1,0,0,0,0,Band
36.760277778,5.47138888900002,25175,2020/03/18 00:00:00,07:07,2020/03/18 00:00:00,07:07,No,Middle,Benatesmay olkakibo,200,Exact,ET,440624,RAMSES38_ETH20-16.XL, ,1,0,1,2,1,0,0,0,0,0,0,1,0,0,-1,0,0,0,0,0,0,0,0,0,0,0,0,0,1,0,0,0,1,0,0,0,0,0,0,0,1,0,0,-1,0,0,0,1,3,0,0,0,0,0,0,1,0,0.0099999998,0.0099999998,0,1,0,0,0,0,0,0,0,0,0,0,0,0,0,0,0,0,0,0,0,0,0,0,0,0,0,0,0,0,0,0,0,0,0,0,0,0,0,0,0,0,0,0,0,0,0,0,0,0,0,0,0,0,0,0,0,0,0,1899/12/30 00:00:00,1899/12/30 00:00:00,0,0, ,0, ,0, ,0, ,0,0,0,0,0,0,Band
49.25,8.55,25176,2020/03/15 00:00:00,08:32,2020/03/15 00:00:00,08:32,No,Middle,Tuulada,2,Exact,SO,440895,RAMSES38_SOM20-09.XL, ,1,0,1,2,1,0,0,0,0,0,0,0,0,0,0,0,0,0,0,0,0,0,0,0,0,0,0,0,0,0,0,0,0,0,0,0,0,0,0,0,0,0,0,-1,0,0,0,0,3,0,1,0,0,0,0,1,0,0,0,0,0,0,0,0,0,0,0,0,0,0,0,0,0,0,0,0,0,0,0,0,0,0,0,0,0,0,0,0,0,0,0,0,0,0,0,-1,0,0,1,0,0,0,1,0,0,0,0,0,0,0,0,0,0,0,0,0,0,0,1899/12/30 00:00:00,1899/12/30 00:00:00,0,0, ,0, ,0, ,0, ,0,0,0,0,0,0,Band
36.8111111110001,5.46944444400003,25177,2020/03/09 00:00:00,09:58,2020/03/09 00:00:00,09:58,No,Early,Benatsemymay Luka ke,100,Exact,ET,440658,RAMSES38_ETH20-16.XL, ,1,0,1,2,1,0,0,0,0,0,0,1,0,0,-1,0,0,0,0,0,0,0,0,0,0,0,0,0,1,0,0,0,1,0,0,0,0,0,0,1,0,0,0,-1,0,0,0,3,1,0,0,0,0,0,0,1,0,0.0049999999,0.0049999999,0,1,0,0,0,0,0,0,0,0,0,0,0,0,0,0,0,0,0,0,0,0,0,0,0,0,0,0,0,0,0,0,0,0,0,0,0,0,0,0,0,0,0,0,0,0,0,0,0,0,0,0,0,0,0,0,0,0,0,1899/12/30 00:00:00,1899/12/30 00:00:00,0,0, ,0, ,0, ,0, ,0,0,0,0,0,0,Band
36.831666667,5.47611111100002,25178,2020/03/09 00:00:00,11:25,2020/03/09 00:00:00,11:25,No,Early,Benatsemay Luka kebe,200,Exact,ET,440661,RAMSES38_ETH20-16.XL, ,1,0,1,2,1,0,0,0,0,0,0,1,0,0,-1,0,0,0,0,0,0,0,0,0,0,0,0,0,1,0,0,0,1,0,0,0,0,0,0,1,0,0,0,-1,0,0,1,3,0,0,0,0,0,0,0,1,0,0.0049999999,0.0049999999,0,1,0,0,0,0,0,0,0,0,0,0,0,0,0,0,0,0,0,0,0,0,0,0,0,0,0,0,0,0,0,0,0,0,0,0,0,0,0,0,0,0,0,0,0,0,0,0,0,0,0,0,0,0,0,0,0,0,0,1899/12/30 00:00:00,1899/12/30 00:00:00,0,0, ,0, ,0, ,0, ,0,0,0,0,0,0,Band
36.834166667,5.54416666700007,25179,2020/03/10 00:00:00,08:29,2020/03/10 00:00:00,08:29,No,Early,Benatsemay citymba k,200,Exact,ET,440666,RAMSES38_ETH20-16.XL, ,1,0,1,2,1,0,0,0,0,0,0,1,0,0,-1,0,0,0,0,0,0,0,0,0,0,0,0,0,1,0,0,0,1,0,0,0,0,0,0,1,0,0,0,-1,0,0,0,3,1,0,0,0,0,0,0,1,0,0.0049999999,0.0049999999,0,1,0,0,0,0,0,0,0,0,0,0,0,0,0,0,0,0,0,0,0,0,0,0,0,0,0,0,0,0,0,0,0,0,0,0,0,0,0,0,0,0,0,0,0,0,0,0,0,0,0,0,0,0,0,0,0,0,0,1899/12/30 00:00:00,1899/12/30 00:00:00,0,0, ,0, ,0, ,0, ,0,0,0,0,0,0,Band
36.835,5.54416666700007,25180,2020/03/10 00:00:00,09:38,2020/03/10 00:00:00,09:38,No,Early,Benatsemay luka kebe,200,Exact,ET,440672,RAMSES38_ETH20-16.XL, ,1,0,1,2,1,0,0,0,0,0,0,1,0,0,-1,0,0,0,0,0,0,0,0,0,0,0,0,0,1,0,0,0,1,0,0,0,0,0,0,1,0,0,0,-1,0,0,0,3,1,0,0,0,0,0,0,1,0,0.0049999999,0.0049999999,0,1,0,0,0,0,0,0,0,0,0,0,0,0,0,0,0,0,0,0,0,0,0,0,0,0,0,0,0,0,0,0,0,0,0,0,0,0,0,0,0,0,0,0,0,0,0,0,0,0,0,0,0,0,0,0,0,0,0,2020/03/10 00:00:00,2020/03/10 00:00:00,2,1,Other,2,ha,2.5,l,5,ha,1,0,0,0,0,90,Band
36.839722222,5.44944444400005,25181,2020/03/10 00:00:00,11:03,2020/03/10 00:00:00,11:03,No,Early,Benatsemay luka 2,100,Exact,ET,440677,RAMSES38_ETH20-16.XL, ,1,0,1,2,1,0,0,0,0,0,0,1,0,0,-1,0,0,0,0,0,0,0,0,0,0,0,0,0,1,0,0,0,1,0,0,0,0,0,0,1,0,0,0,-1,0,0,0,1,3,0,0,0,0,0,0,1,0,0.0049999999,0.0049999999,0,1,0,0,0,0,0,0,0,0,0,0,0,0,0,0,0,0,0,0,0,0,0,0,0,0,0,0,0,0,0,0,0,0,0,0,0,0,0,0,0,0,0,0,0,0,0,0,0,0,0,0,0,0,0,0,0,0,0,2020/03/10 00:00:00,2020/03/10 00:00:00,2,1,Other,2,ha,7,l,30,ha,1,0,0,0,0,90,Band
36.839722222,5.44388888900005,25182,2020/03/11 00:00:00,09:30,2020/03/11 00:00:00,09:30,No,Middle,Benatsemay luka kebe,50,Exact,ET,440685,RAMSES38_ETH20-16.XL, ,1,0,1,2,1,0,0,0,0,0,0,1,0,0,-1,0,0,0,0,0,0,0,0,0,0,0,0,0,1,0,0,0,1,0,0,0,0,0,0,1,0,0,0,-1,0,0,0,3,1,0,0,0,0,0,0,1,0,0.0049999999,0.0049999999,0,1,0,0,0,0,0,0,0,0,0,0,0,0,0,0,0,0,0,0,0,0,0,0,0,0,0,0,0,0,0,0,0,0,0,0,0,0,0,0,0,0,0,0,0,0,0,0,0,0,0,0,0,0,0,0,0,0,0,2020/03/11 00:00:00,2020/03/11 00:00:00,2,2,Other,0.40000001,ha,4,l,10,ha,0,0,1,0,0,95,Band
36.834166667,5.54416666700007,25183,2020/03/11 00:00:00,10:58,2020/03/11 00:00:00,10:58,No,Middle,Benatsemay citimba k,50,Exact,ET,440695,RAMSES38_ETH20-16.XL, ,1,0,1,2,1,0,0,0,0,0,0,1,0,0,-1,0,0,0,0,0,0,0,0,0,0,0,0,0,1,0,0,0,1,0,0,0,0,0,0,1,0,0,0,-1,0,0,1,3,1,0,0,0,0,0,0,0,1,0.0049999999,0.0049999999,0,1,0,0,0,0,0,0,0,0,0,0,0,0,0,0,0,0,0,0,0,0,0,0,0,0,0,0,0,0,0,0,0,0,0,0,0,0,0,0,0,0,0,0,0,0,0,0,0,0,0,0,0,0,0,0,0,0,0,2020/03/11 00:00:00,2020/03/11 00:00:00,2,2,Other,0.40000001,ha,2,l,5,ha,1,0,0,0,0,90,Band
36.839722222,5.44916666700004,25184,2020/03/12 00:00:00,08:14,2020/03/12 00:00:00,08:14,No,Middle,Benatsemay Luka kebe,200,Exact,ET,440703,RAMSES38_ETH20-16.XL, ,1,0,1,2,1,0,0,0,0,0,0,1,0,0,-1,0,0,0,0,0,0,0,0,0,0,0,0,0,1,0,0,0,1,0,0,0,0,0,0,1,0,0,0,-1,0,0,0,3,1,0,0,0,0,0,0,1,0,0.0049999999,0.0049999999,0,1,0,0,0,0,0,0,0,0,0,0,0,0,0,0,0,0,0,0,0,0,0,0,0,0,0,0,0,0,0,0,0,0,0,0,0,0,0,0,0,0,0,0,0,0,0,0,0,0,0,0,0,0,0,0,0,0,0,2020/03/12 00:00:00,2020/03/12 00:00:00,2,2,Other,0.40000001,ha,29,l,75,ha,1,0,0,0,0,90,Band
36.835833333,5.545,25185,2020/03/12 00:00:00,08:49,2020/03/12 00:00:00,08:49,No,Middle,Benatsemay citinba k,100,Exact,ET,440704,RAMSES38_ETH20-16.XL, ,1,0,1,2,1,0,0,0,0,0,0,1,0,0,-1,0,0,0,0,0,0,0,0,0,0,0,0,0,1,0,0,0,1,0,0,0,0,0,0,1,0,0,0,-1,0,0,1,3,1,0,0,0,0,0,0,0,1,0.0049999999,0.0049999999,0,1,0,0,0,0,0,0,0,0,0,0,0,0,0,0,0,0,0,0,0,0,0,0,0,0,0,0,0,0,0,0,0,0,0,0,0,0,0,0,0,0,0,0,0,0,0,0,0,0,0,0,0,0,0,0,0,0,0,1899/12/30 00:00:00,1899/12/30 00:00:00,0,0, ,0, ,0, ,0, ,0,0,0,0,0,0,Band
36.831388889,5.45277777800004,25186,2020/03/17 00:00:00,07:15,2020/03/17 00:00:00,07:15,No,Middle,Benatsemay luka kebe,200,Exact,ET,440727,RAMSES38_ETH20-16.XL, ,1,0,1,2,1,0,0,0,0,0,0,1,0,0,-1,0,0,0,0,0,0,0,0,0,0,0,0,0,1,0,0,0,1,0,0,0,0,0,0,1,0,0,0,-1,0,0,0,1,3,1,0,0,0,0,0,1,0,0.0049999999,0.0049999999,0,1,0,0,0,0,0,0,0,0,0,0,0,0,0,0,0,0,0,0,0,0,0,0,0,0,0,0,0,0,0,0,0,0,0,0,0,0,0,0,0,0,0,0,0,0,0,0,0,0,0,0,0,0,0,0,0,0,0,1899/12/30 00:00:00,1899/12/30 00:00:00,0,0, ,0, ,0, ,0, ,0,0,0,0,0,0,Band
36.771944444,5.36444444400007,25187,2020/03/17 00:00:00,08:09,2020/03/17 00:00:00,08:09,No,Middle,Benatsemay Shala keb,200,Exact,ET,440729,RAMSES38_ETH20-16.XL, ,1,0,1,2,1,0,0,0,0,0,0,1,0,0,-1,0,0,0,0,0,0,0,0,0,0,0,0,0,1,0,0,0,1,0,0,0,0,0,0,1,0,0,0,-1,0,0,0,1,3,0,0,0,0,0,0,1,0,0.0049999999,0.0049999999,0,1,0,0,0,0,0,0,0,0,0,0,0,0,0,0,0,0,0,0,0,0,0,0,0,0,0,0,0,0,0,0,0,0,0,0,0,0,0,0,0,0,0,0,0,0,0,0,0,0,0,0,0,0,0,0,0,0,0,1899/12/30 00:00:00,1899/12/30 00:00:00,0,0, ,0, ,0, ,0, ,0,0,0,0,0,0,Band
36.771944444,5.35944444400008,25188,2020/03/17 00:00:00,09:05,2020/03/17 00:00:00,09:05,No,Middle,Benatsemay Shalla 2,50,Exact,ET,440730,RAMSES38_ETH20-16.XL, ,1,0,1,2,1,0,0,0,0,0,0,1,0,0,-1,0,0,0,0,0,0,0,0,0,0,0,0,0,0,1,0,0,1,0,0,0,0,0,0,1,0,0,0,-1,0,0,3,1,0,0,0,0,0,0,0,0,1,0.0020000001,0.0020000001,1,0,0,0,0,0,0,0,0,0,0,0,0,0,0,0,0,0,0,0,0,0,0,0,0,0,0,0,0,0,0,0,0,0,0,0,0,0,0,0,0,0,0,0,0,0,0,0,0,0,0,0,0,0,0,0,0,0,0,1899/12/30 00:00:00,1899/12/30 00:00:00,0,0, ,0, ,0, ,0, ,0,0,0,0,0,0,Band
36.8061111110001,5.39916666700003,25189,2020/03/18 00:00:00,07:55,2020/03/18 00:00:00,07:55,No,Middle,Benatsemay Aymele ke,100,Exact,ET,440732,RAMSES38_ETH20-16.XL, ,1,0,1,2,1,0,0,0,0,0,0,1,0,0,-1,0,0,0,0,0,0,0,0,0,0,0,0,0,1,0,0,0,1,0,0,0,0,0,0,1,0,0,0,-1,0,0,0,1,3,0,0,0,0,0,0,1,0,0.0049999999,0.0049999999,0,1,0,0,0,0,0,0,0,0,0,0,0,0,0,0,0,0,0,0,0,0,0,0,0,0,0,0,0,0,0,0,0,0,0,0,0,0,0,0,0,0,0,0,0,0,0,0,0,0,0,0,0,0,0,0,0,0,0,1899/12/30 00:00:00,1899/12/30 00:00:00,0,0, ,0, ,0, ,0, ,0,0,0,0,0,0,Band
36.8061111110001,5.39916666700003,25190,2020/03/18 00:00:00,09:02,2020/03/18 00:00:00,09:02,No,Middle,Aymele2,50,Exact,ET,440733,RAMSES38_ETH20-16.XL, ,1,0,1,2,1,0,0,0,0,0,0,1,0,0,-1,0,0,0,0,0,0,0,0,0,0,0,0,0,1,0,0,0,1,0,0,0,0,0,0,1,0,0,0,-1,0,0,0,1,3,0,0,0,0,0,0,1,0,0.0049999999,0.0049999999,0,1,0,0,0,0,0,0,0,0,0,0,0,0,0,0,0,0,0,0,0,0,0,0,0,0,0,0,0,0,0,0,0,0,0,0,0,0,0,0,0,0,0,0,0,0,0,0,0,0,0,0,0,0,0,0,0,0,0,1899/12/30 00:00:00,1899/12/30 00:00:00,0,0, ,0, ,0, ,0, ,0,0,0,0,0,0,Band
37.2333333330001,0.583333333000041,25191,2020/03/18 00:00:00,07:55,2020/03/18 00:00:00,07:55,No,Middle,Kalawase,6000,Exact,KE,440818,RAMSES38_KEN20-35.XL, ,1,0,1,2,1,0,0,0,0,0,0,0,0,0,0,0,0,0,0,0,0,0,0,0,0,0,0,0,0,0,0,0,0,0,0,0,0,0,0,0,0,0,0,-1,0,0,0,0,0,3,1,0,3,0,0,1,0,0,0,0,0,0,0,0,0,0,0,0,0,0,0,0,0,0,0,0,0,0,0,0,0,0,0,0,0,0,0,0,0,0,0,1,0,0,0,-1,1,0,0,0,0,0,0,1,0,0,0,0,0,0,0,1,0,0,0,0,0,0,2020/03/18 00:00:00,2020/03/18 00:00:00,2,2,Unknown,1, ,6000, ,6000,ha,0,0,1,0,0,0,Band
37.1666666670001,0.633333333000053,25192,2020/03/18 00:00:00,07:57,2020/03/18 00:00:00,07:57,No,Middle,Lenguruma,7200,Exact,KE,440819,RAMSES38_KEN20-35.XL, ,1,0,1,2,1,0,0,0,0,0,0,0,0,0,0,0,0,0,0,0,0,0,0,0,0,0,0,0,0,0,0,0,0,0,0,0,0,0,0,0,0,0,0,-1,0,0,0,0,0,0,0,0,1,0,0,0,0,0,0,0,0,0,0,0,0,0,0,0,0,0,0,0,0,0,0,0,0,0,0,0,0,0,0,0,0,0,0,0,0,0,0,0,0,0,0,-1,1,0,0,0,0,0,0,1,0,0,0,0,0,0,0,1,0,0,0,0,0,0,2020/03/18 00:00:00,2020/03/18 00:00:00,2,2,Unknown,1, ,7200, ,7200,ha,0,0,1,0,0,0,Band
37.3666666670001,0.7,25193,2020/03/18 00:00:00,08:05,2020/03/18 00:00:00,08:05,No,Middle,Waso west,2500,Exact,KE,440820,RAMSES38_KEN20-35.XL, ,1,0,1,2,1,0,0,0,0,0,0,0,0,0,0,0,0,0,0,0,0,0,0,0,0,0,0,0,0,0,0,0,0,0,0,0,0,0,0,0,0,0,0,-1,0,0,0,0,0,1,0,0,0,0,0,1,0,0,0,0,0,0,0,0,0,0,0,0,0,0,0,0,0,0,0,0,0,0,0,0,0,0,0,0,0,0,0,0,0,0,0,0,0,0,0,0,0,0,0,0,0,0,0,0,0,0,0,0,0,0,0,0,0,0,0,0,0,0,1899/12/30 00:00:00,1899/12/30 00:00:00,0,0, ,0, ,0, ,0, ,0,0,0,0,0,0,Band
37.55,0.4,25194,2020/03/18 00:00:00,09:13,2020/03/18 00:00:00,09:13,No,Middle,Alamach,2500,Exact,KE,440824,RAMSES38_KEN20-35.XL, ,1,0,1,2,1,0,0,0,0,0,0,0,0,0,0,0,0,0,0,0,0,0,0,0,0,0,0,0,0,0,0,0,0,0,0,0,0,0,0,0,0,0,0,-1,0,0,0,0,0,1,0,0,0,0,0,1,0,0,0,0,0,0,0,0,0,0,0,0,0,0,0,0,0,0,0,0,0,0,0,0,0,0,0,0,0,0,0,0,0,0,0,0,0,0,0,0,0,0,0,0,0,0,0,0,0,0,0,0,0,0,0,0,0,0,0,0,0,0,1899/12/30 00:00:00,1899/12/30 00:00:00,0,0, ,0, ,0, ,0, ,0,0,0,0,0,0,Band
37.266666667,1.76666666700004,25195,2020/03/18 00:00:00,09:15,2020/03/18 00:00:00,09:15,No,Middle,Arsim,100,Exact,KE,440825,RAMSES38_KEN20-35.XL, ,1,0,1,2,1,0,0,0,0,0,0,0,0,0,0,0,0,0,0,0,0,0,0,0,0,0,0,0,0,0,0,0,0,0,0,0,0,0,0,0,0,0,0,-1,0,0,0,0,0,1,0,0,0,0,0,1,0,0,0,0,0,0,0,0,1,0,0,0,0,0,0,0,0,0,0,0,0,0,0,0,0,0,0,0,0,0,0,0,0,0,0,0,0,0,0,0,0,0,0,0,0,0,0,0,0,0,0,0,0,0,0,0,0,0,0,0,0,0,1899/12/30 00:00:00,1899/12/30 00:00:00,0,0, ,0, ,0, ,0, ,0,0,0,0,0,0,Band
36.75,2.4,25196,2020/03/18 00:00:00,09:18,2020/03/18 00:00:00,09:18,No,Middle,Lonjorin,100,Exact,KE,440826,RAMSES38_KEN20-35.XL, ,1,0,1,2,1,0,0,0,0,0,0,0,0,0,0,0,0,0,0,0,0,0,0,0,0,0,0,0,0,0,0,0,0,0,0,0,0,0,0,0,0,0,0,-1,0,0,0,0,0,1,0,0,0,0,0,1,0,0,0,0,0,0,0,0,1,0,0,0,0,0,0,0,0,0,0,0,0,0,0,0,0,0,0,0,0,0,0,0,0,0,0,0,0,0,0,0,0,0,0,0,0,0,0,0,0,0,0,0,0,0,0,0,0,0,0,0,0,0,1899/12/30 00:00:00,1899/12/30 00:00:00,0,0, ,0, ,0, ,0, ,0,0,0,0,0,0,Band
36.0072222220001,3.05,25197,2020/03/19 00:00:00,07:31,2020/03/19 00:00:00,07:31,No,Middle,Turkana area 2,40,Exact,KE,440828,RAMSES38_KEN20-35.XL, ,1,0,1,2,1,0,0,0,0,0,0,0,0,0,0,0,0,0,0,0,0,0,0,0,0,0,0,0,0,0,0,0,0,0,0,0,0,0,0,0,0,0,0,-1,0,0,0,0,0,3,1,0,3,0,0,1,0,0,0,0,0,0,0,0,0,0,0,0,0,0,0,0,0,0,0,0,0,0,0,0,0,0,0,0,0,0,0,0,0,0,0,0,0,0,0,0,0,0,0,0,0,0,0,0,0,0,0,0,0,0,0,0,0,0,0,0,0,0,2020/03/19 00:00:00,2020/03/19 00:00:00,2,2,Other,0.5,ha,20,l,40,ha,0,0,1,0,0,0,Band
36.0027777780001,3.00277777800005,25198,2020/03/19 00:00:00,07:34,2020/03/19 00:00:00,07:34,No,Middle,Turkana area 3,100,Exact,KE,440829,RAMSES38_KEN20-35.XL, ,1,0,1,2,1,0,0,0,0,0,0,0,0,0,0,0,0,0,0,0,0,0,0,0,0,0,0,0,0,0,0,0,0,0,0,0,0,0,0,0,0,0,0,-1,0,0,0,0,0,3,1,0,3,0,0,1,0,0,0,0,0,0,0,0,0,0,0,0,0,0,0,0,0,0,0,0,0,0,0,0,0,0,0,0,0,0,0,0,0,0,0,0,0,0,0,0,0,0,0,0,0,0,0,0,0,0,0,0,0,0,0,0,0,0,0,0,0,0,2020/03/19 00:00:00,2020/03/19 00:00:00,2,2,Other,0.5,ha,20,l,40,ha,0,0,1,0,0,0,Band
36.0069444440001,3.00333333300006,25199,2020/03/19 00:00:00,07:37,2020/03/19 00:00:00,07:37,No,Middle,Turkana area 4,100,Exact,KE,440830,RAMSES38_KEN20-35.XL, ,1,0,1,2,1,0,0,0,0,0,0,0,0,0,0,0,0,0,0,0,0,0,0,0,0,0,0,0,0,0,0,0,0,0,0,0,0,0,0,0,0,0,0,-1,0,0,0,0,0,3,1,0,3,0,0,1,0,0,0,0,0,0,0,0,0,0,0,0,0,0,0,0,0,0,0,0,0,0,0,0,0,0,0,0,0,0,0,0,0,0,0,0,0,0,0,0,0,0,0,0,0,0,0,0,0,0,0,0,0,0,0,0,0,0,0,0,0,0,2020/03/19 00:00:00,2020/03/19 00:00:00,2,2,Other,0.5,ha,20,l,40,ha,0,0,1,0,0,0,Band
35.959166667,3.04166666700007,25200,2020/03/19 00:00:00,07:39,2020/03/19 00:00:00,07:39,No,Middle,Turkana area 5,100,Exact,KE,440831,RAMSES38_KEN20-35.XL, ,1,0,1,2,1,0,0,0,0,0,0,0,0,0,0,0,0,0,0,0,0,0,0,0,0,0,0,0,0,0,0,0,0,0,0,0,0,0,0,0,0,0,0,-1,0,0,0,0,0,3,1,0,3,0,0,1,0,0,0,0,0,0,0,0,0,0,0,0,0,0,0,0,0,0,0,0,0,0,0,0,0,0,0,0,0,0,0,0,0,0,0,0,0,0,0,0,0,0,0,0,0,0,0,0,0,0,0,0,0,0,0,0,0,0,0,0,0,0,2020/03/19 00:00:00,2020/03/19 00:00:00,2,2,Other,0.5,ha,20,l,40,ha,0,0,1,0,0,0,Band
36.0083333330001,3.11666666700006,25201,2020/03/19 00:00:00,08:28,2020/03/19 00:00:00,08:28,No,Middle,Turkana area 1,40,Exact,KE,440832,RAMSES38_KEN20-35.XL, ,1,0,1,2,1,0,0,0,0,0,0,0,0,0,0,0,0,0,0,0,0,0,0,0,0,0,0,0,0,0,0,0,0,0,0,0,0,0,0,0,0,0,0,-1,0,0,0,0,0,3,1,0,3,0,0,1,0,0,0,0,0,0,0,0,0,0,0,0,0,0,0,0,0,0,0,0,0,0,0,0,0,0,0,0,0,0,0,0,0,0,0,0,0,0,0,0,0,0,0,0,0,0,0,0,0,0,0,0,0,0,0,0,0,0,0,0,0,0,2020/03/19 00:00:00,2020/03/19 00:00:00,2,2,Other,0.5,ha,20,l,40,ha,0,0,1,0,0,0,Band
35.9847222220001,0.4725,25202,2020/03/19 00:00:00,10:41,2020/03/19 00:00:00,10:41,No,Middle,Marigat,100,Exact,KE,440835,RAMSES38_KEN20-35.XL, ,1,0,1,2,1,0,0,0,0,0,0,0,0,0,0,0,0,0,0,0,0,0,0,0,0,0,0,0,0,0,0,0,0,0,0,0,0,0,0,0,0,0,0,-1,0,0,0,0,0,3,1,0,3,0,0,1,0,0,0,0,0,0,0,0,0,0,0,0,0,0,0,0,0,0,0,0,0,0,0,0,0,0,0,0,0,0,0,0,0,0,0,0,0,0,0,0,0,0,0,0,0,0,0,0,0,0,0,0,0,0,0,0,0,0,0,0,0,0,2020/03/19 00:00:00,2020/03/19 00:00:00,2,2,Other,0.5,ha,20,l,40,ha,0,0,1,0,0,0,Band
37.2333333330001,0.583333333000041,25203,2020/03/17 00:00:00,08:40,2020/03/17 00:00:00,08:40,No,Middle,Kipsing area Sprayed,100,Exact,KE,440837,RAMSES38_KEN20-35.XL, ,1,0,1,2,1,0,0,0,0,0,0,0,0,0,0,0,0,0,0,0,0,0,0,0,0,0,0,0,0,0,0,0,0,0,0,0,0,0,0,0,0,0,0,-1,0,0,0,0,0,0,3,0,1,0,0,0,0,0,0,0,0,0,0,0,0,0,0,0,0,0,0,0,0,0,0,0,0,0,0,0,0,0,0,0,0,0,0,0,0,0,0,0,0,0,0,-1,1,0,0,0,0,0,0,1,0,0,0,0,0,0,0,0,0,0,0,0,0,0,1899/12/30 00:00:00,1899/12/30 00:00:00,0,0, ,0, ,0, ,0, ,0,0,0,0,0,0,Band
44.3619444440001,13.029166667,25204,2020/03/27 00:00:00,10:41,2020/03/27 00:00:00,10:41,No,Late,wadi khadi,100,Exact,YE,442289,RAMSES38_YEM20-16.XL,Gregarious & transie,1,0,1,2,1,0,0,0,0,0,0,0,0,0,0,0,0,0,0,0,0,0,0,0,0,0,0,0,0,0,0,0,0,0,0,0,0,0,0,0,1,0,1,-1,0,0,0,0,0,3,1,0,3,0,0,1,0,0.02,0.02,0,1,0,0,0,0,0,0,0,1,0,0,0,-1,1,0,0,0,0,0,0,0,1,0,0,0,1,1,0,0,0,0,0,0,0,0,0,0,0,0,0,0,0,0,0,0,0,0,0,0,0,0,0,0,0,0,0,0,0,1899/12/30 00:00:00,1899/12/30 00:00:00,0,0, ,0, ,0, ,0, ,0,0,0,0,0,0,Band
44.351944444,13.008055556,25205,2020/03/27 00:00:00,10:55,2020/03/27 00:00:00,10:55,No,Late,awkari,200,Exact,YE,442290,RAMSES38_YEM20-16.XL,Gregarious & transie,1,0,1,2,1,0,0,0,0,0,0,0,0,0,0,0,0,0,0,0,0,0,0,0,0,0,0,0,0,0,0,0,0,0,0,0,0,0,0,0,1,0,2,-1,0,0,0,0,0,0,3,0,1,0,0,1,0,2,2,0,0,1,0,0,0,0,0,0,1,0,0,0,3,1,0,0,0,0,0,0,0,1,0,0,0,1,1,0,0,0,0,0,0,0,0,0,0,0,0,0,0,0,0,0,0,0,0,0,0,0,0,0,0,0,0,0,0,0,1899/12/30 00:00:00,1899/12/30 00:00:00,0,0, ,0, ,0, ,0, ,0,0,0,0,0,0,Band
44.6811111110001,13.080277778,25206,2020/03/28 00:00:00,08:54,2020/03/28 00:00:00,08:54,No,Late,wadi alsan,100,Exact,YE,442300,RAMSES38_YEM20-16.XL, ,1,0,1,2,1,0,0,0,0,0,0,0,0,0,0,0,0,0,0,0,0,0,0,0,0,0,0,0,0,0,0,0,0,0,0,0,0,0,0,1,0,0,0,-1,0,0,0,0,0,3,1,0,3,0,0,1,0,2,2,0,0,1,0,0,0,0,0,0,0,0,0,0,0,0,0,0,0,0,0,0,0,0,0,0,0,0,0,0,0,0,0,0,1,0,0,-1,1,0,0,0,0,0,0,1,5,5,0,1,0,0,0,0,0,0,0,0,0,0,1899/12/30 00:00:00,1899/12/30 00:00:00,0,0, ,0, ,0, ,0, ,0,0,0,0,0,0,Band
48.695555556,26.5005555560001,25207,2020/03/28 00:00:00,12:14,2020/03/28 00:00:00,12:14,No,Late,Hanuih,500,Exact,SA,442529,RAMSES38_SAU20-17.XL, ,1,0,1,2,1,0,0,0,0,0,0,0,0,0,-1,0,0,0,0,0,0,0,0,0,0,0,0,0,0,0,0,0,1,0,0,0,0,0,0,0,1,0,10,-1,0,1,3,0,0,0,0,0,0,0,0,1,0,5,5,0,0,1,0,0,0,0,0,0,0,0,0,0,0,0,0,0,0,0,0,0,0,0,0,0,0,0,0,0,0,0,0,0,0,0,0,0,0,0,0,0,0,0,0,0,0,0,0,0,0,0,0,0,0,0,0,0,0,0,2020/03/28 00:00:00,2020/03/28 00:00:00,2,3,Deltamethrin,5,ha,180,l,180,ha,0,1,0,0,0,0,Band
49.6677777780001,26.395833333,25208,2020/03/29 00:00:00,09:20,2020/03/29 00:00:00,09:20,No,Late,Al damam,200,Exact,SA,442541,RAMSES38_SAU20-17.XL, ,1,0,1,2,1,0,0,0,0,0,0,0,0,0,0,0,0,0,0,0,0,0,0,0,0,0,0,0,0,0,0,0,0,0,0,0,0,0,0,0,1,0,20,-1,0,1,3,0,0,0,0,0,0,0,0,0,1,0.02,0.02,0,1,0,0,0,0,0,0,0,0,0,0,0,0,0,0,0,0,0,0,0,0,0,0,0,0,0,0,0,0,0,0,0,0,0,0,0,0,0,0,0,0,0,0,0,0,0,0,0,0,0,0,0,0,0,0,0,0,0,2020/03/29 00:00:00,2020/03/29 00:00:00,2,3,Lambdacyhalothrin,1,ha,75,l,75,ha,0,1,0,0,0,0,Band
49.5436111110001,26.534722222,25209,2020/03/29 00:00:00,12:39,2020/03/29 00:00:00,12:39,No,Late,Al damam,600,Exact,SA,442542,RAMSES38_SAU20-17.XL, ,1,0,1,2,1,0,0,0,0,0,0,0,0,0,0,0,0,0,0,0,0,0,0,0,0,0,0,0,0,0,0,0,0,0,0,0,0,0,0,0,1,0,30,-1,0,1,3,0,0,0,0,0,0,0,0,0,1,0.0099999998,0.0099999998,0,1,0,0,0,0,0,0,0,0,0,0,0,0,0,0,0,0,0,0,0,0,0,0,0,0,0,0,0,0,0,0,0,0,0,0,0,0,0,0,0,0,0,0,0,0,0,0,0,0,0,0,0,0,0,0,0,0,0,2020/03/29 00:00:00,2020/03/29 00:00:00,2,3,Fenitrothion,1,ha,200,l,200,ha,0,1,0,0,0,0,Band
49.537222222,26.530277778,25210,2020/03/29 00:00:00,13:05,2020/03/29 00:00:00,13:05,No,Late,Al damam,200,Exact,SA,442543,RAMSES38_SAU20-17.XL, ,1,0,1,2,1,0,0,0,0,0,0,0,0,0,0,0,0,0,0,0,0,0,0,0,0,0,0,0,0,0,0,0,0,0,0,0,0,0,0,0,1,0,25,-1,0,1,3,0,0,0,0,0,0,0,0,1,0,0.02,0.02,0,1,0,0,0,0,0,0,0,0,0,0,0,0,0,0,0,0,0,0,0,0,0,0,0,0,0,0,0,0,0,0,0,0,0,0,0,0,0,0,0,0,0,0,0,0,0,0,0,0,0,0,0,0,0,0,0,0,0,2020/03/29 00:00:00,2020/03/29 00:00:00,2,3,Deltamethrin,5,ha,180,l,180,ha,0,1,0,0,0,0,Band
49.537222222,26.527777778,25211,2020/03/29 00:00:00,07:27,2020/03/29 00:00:00,07:27,No,Late,WEST AIRPORT CROPS,300,Exact,SA,442546,RAMSES38_SAU20-17.XL, ,1,0,1,2,1,0,0,0,0,0,0,0,0,0,0,0,0,0,0,0,0,0,0,0,0,0,0,0,0,0,0,0,0,0,0,0,0,0,0,0,1,0,15,-1,0,0,1,0,0,0,0,0,0,0,0,0,1,0.003,0.003,0,1,0,0,0,0,0,0,0,0,0,0,0,0,0,0,0,0,0,0,0,0,0,0,0,0,0,0,0,0,0,0,0,0,0,0,0,0,0,0,0,0,0,0,0,0,0,0,0,0,0,0,0,0,0,0,0,0,0,2020/03/29 00:00:00,2020/03/29 00:00:00,2,3,Fenitrothion,1,ha,25,l,25,ha,0,1,0,0,0,0,Band
48.325555556,26.9952777780001,25212,2020/03/29 00:00:00,23:35,2020/03/29 00:00:00,23:35,No,Late,ALSRAR,300,Exact,SA,442547,RAMSES38_SAU20-17.XL, ,1,0,1,2,1,0,0,0,0,0,0,0,0,0,0,0,0,0,0,0,0,0,0,0,0,0,0,0,0,0,0,0,0,0,0,0,0,0,0,1,0,0,10,-1,0,0,1,0,0,0,0,0,0,0,0,0,1,2,2,0,0,1,0,0,0,0,0,0,0,0,0,0,0,0,0,0,0,0,0,0,0,0,0,0,0,0,0,0,0,0,0,0,0,0,0,0,0,0,0,0,0,0,0,0,0,0,0,0,0,0,0,0,0,0,0,0,0,0,2020/03/29 00:00:00,2020/03/29 00:00:00,2,3,Fenitrothion,1,ha,50,l,50,ha,0,1,0,0,0,0,Band
49.6897222220001,26.504166667,25213,2020/03/30 00:00:00,11:42,2020/03/30 00:00:00,11:42,No,Late,Al damam,500,Exact,SA,442551,RAMSES38_SAU20-17.XL, ,1,0,1,2,1,0,0,0,0,0,0,0,0,0,0,0,0,0,0,0,0,0,0,0,0,0,0,0,0,0,0,0,0,0,0,0,0,0,0,0,1,0,30,-1,0,0,1,0,0,0,0,0,0,0,0,0,1,0.0020000001,0.0020000001,1,0,0,0,0,0,0,0,0,0,0,0,0,0,0,0,0,0,0,0,0,0,0,0,0,0,0,0,0,0,0,0,0,0,0,0,0,0,0,0,0,0,0,0,0,0,0,0,0,0,0,0,0,0,0,0,0,0,0,2020/03/30 00:00:00,2020/03/30 00:00:00,2,3,Deltamethrin,3,ha,120,l,120,ha,0,1,0,0,0,0,Band
49.7419444440001,26.5038888890001,25214,2020/03/30 00:00:00,13:40,2020/03/30 00:00:00,13:40,No,Late,Al damam,1000,Exact,SA,442552,RAMSES38_SAU20-17.XL, ,1,0,1,2,1,0,0,0,0,0,0,0,0,0,0,0,0,0,0,0,0,0,0,0,0,0,0,0,0,0,0,0,0,0,5,15,0,0,1,0,0,0,0,-1,0,0,1,0,0,0,0,0,0,0,0,0,1,4,4,0,0,1,0,0,0,0,0,0,0,0,0,0,0,0,0,0,0,0,0,0,0,0,0,0,0,0,0,0,0,0,0,0,0,0,0,0,0,0,0,0,0,0,0,0,0,0,0,0,0,0,0,0,0,0,0,0,0,0,2020/03/30 00:00:00,2020/03/30 00:00:00,2,3,Lambdacyhalothrin,1,ha,200,l,200,ha,0,1,0,0,0,0,Band
50.198888889,25.642222222,25215,2020/03/30 00:00:00,09:33,2020/03/30 00:00:00,09:33,No,Late,ALSRAR ALAKER,300,Exact,SA,442553,RAMSES38_SAU20-17.XL, ,1,0,1,2,1,0,0,0,0,0,0,0,0,0,0,0,0,0,0,0,0,0,0,0,0,0,0,0,0,0,0,0,0,0,0,0,0,0,0,1,0,0,20,-1,0,0,1,0,0,0,0,0,0,0,0,0,1,3,3,0,0,1,0,0,0,0,0,0,0,0,0,0,0,0,0,0,0,0,0,0,0,0,0,0,0,0,0,0,0,0,0,0,0,0,0,0,0,0,0,0,0,0,0,0,0,0,0,0,0,0,0,0,0,0,0,0,0,0,2020/03/30 00:00:00,2020/03/30 00:00:00,2,3,Fenitrothion,1,ha,120,l,120,ha,0,1,0,0,0,0,Band
50.0019444440001,26.158888889,25216,2020/03/30 00:00:00,10:49,2020/03/30 00:00:00,10:49,No,Late,ALAGER,600,Exact,SA,442554,RAMSES38_SAU20-17.XL, ,1,0,1,2,1,0,0,0,0,0,0,0,0,0,0,0,0,0,0,0,0,0,0,0,0,0,0,0,0,0,0,0,0,0,0,0,0,0,0,0,1,0,30,-1,0,0,1,0,0,0,0,0,0,0,0,0,1,5,5,0,0,1,0,0,0,0,0,0,0,0,0,0,0,0,0,0,0,0,0,0,0,0,0,0,0,0,0,0,0,0,0,0,0,0,0,0,0,0,0,0,0,0,0,0,0,0,0,0,0,0,0,0,0,0,0,0,0,0,2020/03/30 00:00:00,2020/03/30 00:00:00,2,3,Fenitrothion,1,ha,200,l,200,ha,0,1,0,0,0,0,Band
48.458055556,27.4288888890001,25217,2020/03/30 00:00:00,12:42,2020/03/30 00:00:00,12:42,No,Late,ALNEARIAH,300,Exact,SA,442555,RAMSES38_SAU20-17.XL, ,1,0,1,2,1,0,0,0,0,0,0,0,0,0,0,0,0,0,0,0,0,0,0,0,0,0,0,0,0,0,0,0,0,0,0,0,0,0,0,1,0,0,15,-1,0,0,1,0,0,0,0,0,0,0,0,0,1,10,10,0,0,0,1,0,0,0,0,0,0,0,0,0,0,0,0,0,0,0,0,0,0,0,0,0,0,0,0,0,0,0,0,0,0,0,0,0,0,0,0,0,0,0,0,0,0,0,0,0,0,0,0,0,0,0,0,0,0,0,2020/03/30 00:00:00,2020/03/30 00:00:00,2,3,Fenitrothion,1,ha,400,l,400,ha,0,1,0,0,0,0,Band
48.7558333330001,26.4930555560001,25218,2020/03/27 00:00:00,10:19,2020/03/27 00:00:00,10:19,No,Late,Heneeth,1000,Exact,SA,442556,RAMSES38_SAU20-17.XL, ,1,0,1,2,1,0,0,0,0,0,0,0,0,0,0,0,0,0,0,0,0,0,0,0,0,0,0,0,0,0,0,0,0,0,0,0,0,0,0,0,1,0,0,-1,0,1,3,0,0,0,0,0,0,0,0,1,0,10,10,0,0,0,1,0,0,0,0,0,0,0,0,0,0,0,0,0,0,0,0,0,0,0,0,0,0,0,0,0,0,0,0,0,0,0,0,0,0,0,0,0,0,0,0,0,0,0,0,0,0,0,0,0,0,0,0,0,0,0,2020/03/27 00:00:00,2020/03/27 00:00:00,2,3,Malathion,1,ha,130,l,130,ha,0,1,0,0,0,0,Band
48.7341666670001,26.4825,25219,2020/03/28 00:00:00,10:07,2020/03/28 00:00:00,10:07,No,Late,Heneeth,1000,Exact,SA,442557,RAMSES38_SAU20-17.XL, ,1,0,1,2,1,0,0,0,0,0,0,0,0,0,0,0,0,0,0,0,0,0,0,0,0,0,0,0,0,0,0,0,0,0,0,0,0,0,0,0,1,0,10,-1,0,1,3,0,0,0,0,0,0,0,0,1,0,15,15,0,0,0,1,0,0,0,0,0,0,0,0,0,0,0,0,0,0,0,0,0,0,0,0,0,0,0,0,0,0,0,0,0,0,0,0,0,0,0,0,0,0,0,0,0,0,0,0,0,0,0,0,0,0,0,0,0,0,0,2020/03/28 00:00:00,2020/03/28 00:00:00,2,3,Deltamethrin,5,ha,180,l,180,ha,0,1,0,0,0,0,Band
49.7275,26.4763888890001,25220,2020/03/31 00:00:00,11:08,2020/03/31 00:00:00,11:08,No,Late,Al damam,1000,Exact,SA,442559,RAMSES38_SAU20-17.XL, ,1,0,1,2,1,0,0,0,0,0,0,0,0,0,0,0,0,0,0,0,0,0,0,0,0,0,0,0,0,0,0,0,0,0,0,0,0,0,0,1,0,0,30,-1,0,1,3,0,0,0,0,0,0,0,0,0,1,0.0099999998,0.0099999998,0,1,0,0,0,0,0,0,0,0,0,0,0,0,0,0,0,0,0,0,0,0,0,0,0,0,0,0,0,0,0,0,0,0,0,0,0,0,0,0,0,0,0,0,0,0,0,0,0,0,0,0,0,0,0,0,0,0,0,2020/03/31 00:00:00,2020/03/31 00:00:00,2,3,Lambdacyhalothrin,1,ha,300,l,300,ha,0,1,0,0,0,0,Band
49.764722222,26.468611111,25221,2020/03/31 00:00:00,12:11,2020/03/31 00:00:00,12:11,No,Late,Al damam,1000,Exact,SA,442560,RAMSES38_SAU20-17.XL, ,1,0,1,2,1,0,0,0,0,0,0,0,0,0,0,0,0,0,0,0,0,0,0,0,0,0,0,0,0,0,0,0,0,0,0,0,0,0,1,0,0,0,1,-1,0,1,3,0,0,0,0,0,0,0,0,0,1,0.0099999998,0.0099999998,0,1,0,0,0,0,0,0,0,0,0,0,0,0,0,0,0,0,0,0,0,0,0,0,0,0,0,0,0,0,0,0,0,0,0,0,0,0,0,0,0,0,0,0,0,0,0,0,0,0,0,0,0,0,0,0,0,0,0,1899/12/30 00:00:00,1899/12/30 00:00:00,0,0, ,0, ,0, ,0, ,0,0,0,0,0,0,Band
49.764722222,26.468611111,25222,2020/03/31 00:00:00,12:22,2020/03/31 00:00:00,12:22,No,Late,aAl damam,1000,Exact,SA,442561,RAMSES38_SAU20-17.XL, ,1,0,1,2,1,0,0,0,0,0,0,0,0,0,0,0,0,0,0,0,0,0,0,0,0,0,0,0,0,0,0,0,0,0,0,0,0,0,1,0,0,0,20,-1,0,1,3,0,0,0,0,0,0,0,0,0,1,0.0099999998,0.0099999998,0,1,0,0,0,0,0,0,0,0,0,0,0,0,0,0,0,0,0,0,0,0,0,0,0,0,0,0,0,0,0,0,0,0,0,0,0,0,0,0,0,0,0,0,0,0,0,0,0,0,0,0,0,0,0,0,0,0,0,2020/03/31 00:00:00,2020/03/31 00:00:00,2,3,Lambdacyhalothrin,1,ha,20,l,20,ha,0,1,0,0,0,0,Band
49.700555556,26.5375,25223,2020/03/31 00:00:00,10:13,2020/03/31 00:00:00,10:13,No,Late,Al damam,700,Exact,SA,442567,RAMSES38_SAU20-17.XL, ,1,0,1,2,1,0,0,0,0,0,0,0,0,0,0,0,0,0,0,0,0,0,0,0,0,0,0,0,0,0,0,0,0,0,0,0,0,0,0,1,0,0,50,-1,0,0,1,0,0,0,0,0,0,0,0,0,1,0.0099999998,0.0099999998,0,1,0,0,0,0,0,0,0,0,0,0,0,0,0,0,0,0,0,0,0,0,0,0,0,0,0,0,0,0,0,0,0,0,0,0,0,0,0,0,0,0,0,0,0,0,0,0,0,0,0,0,0,0,0,0,0,0,0,2020/03/31 00:00:00,2020/03/31 00:00:00,2,3,Lambdacyhalothrin,1,ha,300,l,300,ha,0,1,0,0,0,0,Band
45.516666667,5.2,25224,2020/03/25 00:00:00,08:17,2020/03/25 00:00:00,08:17,No,Late,Mataban,4,Exact,SO,442099,RAMSES38_SOM20-11.XL, ,1,0,1,2,1,0,0,0,0,0,0,0,0,0,0,0,0,0,0,0,0,0,0,0,0,0,0,0,0,0,0,0,0,0,0,0,0,0,0,0,0,0,0,-1,0,0,3,1,0,0,0,0,0,0,0,0,1,0,0,0,0,0,0,0,0,0,0,0,0,0,0,0,0,0,0,0,0,0,0,0,0,0,0,0,0,0,0,0,0,0,0,0,0,0,0,0,0,0,0,0,0,0,0,0,0,0,0,0,0,0,0,0,0,0,0,0,0,0,1899/12/30 00:00:00,1899/12/30 00:00:00,0,0, ,0, ,0, ,0, ,0,0,0,0,0,0,Band
44.8652777780001,13.070277778,25225,2020/03/11 00:00:00,09:41,2020/03/11 00:00:00,09:41,No,Middle,alsodaef2,200,Exact,YE,443555,RAMSES38_YEM20-18.XL, ,1,0,1,2,1,0,0,0,0,0,0,0,0,0,0,0,0,0,0,0,0,0,0,0,0,0,0,0,0,0,0,0,0,0,0,0,0,0,0,1,0,0,6,-1,0,0,0,0,1,3,1,0,1,0,0,0,1,0,0,0,0,0,0,0,1,0,0,0,0,0,0,0,0,0,0,0,0,0,0,0,0,0,0,0,0,0,0,0,0,0,0,0,0,0,0,0,0,0,0,0,0,0,0,0,0,0,0,0,0,0,0,0,0,0,0,0,0,0,2020/03/11 00:00:00,2020/03/11 00:00:00,2,2,Deltamethrin,0.69999999,ha,120,l,180,ha,1,0,0,0,0,0,Band
44.845277778,12.9836111110001,25226,2020/03/10 00:00:00,07:27,2020/03/10 00:00:00,07:27,No,Early,awtaeri,150,Exact,YE,443558,RAMSES38_YEM20-18.XL, ,1,0,1,2,1,0,0,0,0,0,0,0,0,0,0,0,0,0,0,0,0,0,0,0,0,0,0,0,0,0,0,0,0,0,0,0,0,0,0,1,0,0,7,-1,0,0,0,0,0,3,1,0,1,0,0,0,1,0,0,0,0,0,0,0,1,0,0,0,0,0,0,0,0,0,0,0,0,0,0,0,0,0,0,0,0,0,0,0,0,0,0,0,0,0,0,0,0,0,0,0,0,0,0,0,0,0,0,0,0,0,0,0,0,0,0,0,0,0,2020/03/10 00:00:00,2020/03/10 00:00:00,2,1,Deltamethrin,0.69999999,ha,80,l,120,ha,1,0,0,0,0,0,Band
44.8869444440001,13.03,25227,2020/03/10 00:00:00,08:33,2020/03/10 00:00:00,08:33,No,Early,ayead,200,Exact,YE,443559,RAMSES38_YEM20-18.XL, ,1,0,1,2,1,0,0,0,0,0,0,0,0,0,0,0,0,0,0,0,0,0,0,0,0,0,0,0,0,0,0,0,0,0,0,0,0,0,0,1,0,0,6,-1,0,0,0,0,0,1,3,0,1,0,0,1,0,0,0,0,0,0,0,0,1,0,0,0,0,0,0,0,0,0,0,0,0,0,0,0,0,0,0,0,0,0,0,0,0,0,0,0,0,0,0,0,0,0,0,0,0,0,0,0,0,0,0,0,0,0,0,0,0,0,0,0,0,0,2020/03/10 00:00:00,2020/03/10 00:00:00,2,1,Deltamethrin,0.69999999,ha,100,l,150,ha,1,0,0,0,0,0,Band
44.8072222220001,13.1016666670001,25228,2020/03/11 00:00:00,07:37,2020/03/11 00:00:00,07:37,No,Middle,habeel2,150,Exact,YE,443560,RAMSES38_YEM20-18.XL, ,1,0,1,2,1,0,0,0,0,0,0,0,0,0,0,0,0,0,0,0,0,0,0,0,0,0,0,0,0,0,0,0,0,0,0,0,0,0,0,1,0,0,5,-1,0,0,0,0,1,3,1,0,1,0,0,0,1,0,0,0,0,0,0,0,1,0,0,0,0,0,0,0,0,0,0,0,0,0,0,0,0,0,0,0,0,0,0,0,0,0,0,0,0,0,0,0,0,0,0,0,0,0,0,0,0,0,0,0,0,0,0,0,0,0,0,0,0,0,2020/03/11 00:00:00,2020/03/11 00:00:00,2,2,Deltamethrin,0.69999999,ha,90,l,135,ha,1,0,0,0,0,0,Band
37.082222222,5.11805555600006,25229,2020/03/10 00:00:00,08:08,2020/03/10 00:00:00,08:08,No,Early,Wondo Nacha,20,Exact,ET,441604,RAMSES38_ETH20-18.XL, ,1,0,1,2,1,0,0,0,0,0,0,0,0,0,0,0,0,0,0,0,0,0,0,0,0,0,0,0,0,0,0,0,0,0,0,0,0,0,0,0,0,0,0,-1,0,0,0,1,0,0,0,0,0,0,0,0,0,0,0,0,0,0,0,0,0,0,0,0,0,0,0,0,0,0,0,0,0,0,0,0,0,0,0,0,0,0,0,0,0,0,0,0,0,0,0,0,0,0,0,0,0,0,0,0,0,0,0,0,0,0,0,0,0,0,0,0,0,0,2020/03/10 00:00:00,2020/03/10 00:00:00,2,1,Other,1.222, ,11, ,9,ha,1,0,0,0,0,0,Band
36.8583333330001,4.98361111100007,25230,2020/03/12 00:00:00,08:26,2020/03/12 00:00:00,08:26,No,Middle,Gondoroba,916,Exact,ET,441607,RAMSES38_ETH20-18.XL, ,1,0,1,2,1,0,0,0,0,0,0,0,0,0,0,0,0,0,0,0,0,0,0,0,0,0,0,0,0,0,0,0,0,0,0,0,0,0,0,0,0,0,0,-1,0,0,0,1,0,0,0,0,0,0,0,0,0,0,0,0,0,0,0,0,0,0,0,0,0,0,0,0,0,0,0,0,0,0,0,0,0,0,0,0,0,0,0,0,0,0,0,0,0,0,0,0,0,0,0,0,0,0,0,0,0,0,0,0,0,0,0,0,0,0,0,0,0,0,2020/03/12 00:00:00,2020/03/12 00:00:00,2,2,Other,1, ,44.5, ,44.5,ha,1,0,0,0,0,0,Band
37.0744444440001,5.28,25231,2020/03/12 00:00:00,08:33,2020/03/12 00:00:00,08:33,No,Middle,Masoya,546,Exact,ET,441608,RAMSES38_ETH20-18.XL, ,1,0,1,2,1,0,0,0,0,0,0,0,0,0,0,0,0,0,0,0,0,0,0,0,0,0,0,0,0,0,0,0,0,0,0,0,0,0,0,0,0,0,0,-1,0,0,0,0,1,0,0,0,0,0,0,1,0,0,0,0,0,0,0,0,0,0,0,0,0,0,0,0,0,0,0,0,0,0,0,0,0,0,0,0,0,0,0,0,0,0,0,0,0,0,0,0,0,0,0,0,0,0,0,0,0,0,0,0,0,0,0,0,0,0,0,0,0,0,2020/03/12 00:00:00,2020/03/12 00:00:00,2,2,Other,1, ,254, ,254,ha,1,0,0,0,0,0,Band
37.1244444440001,5.20777777800004,25232,2020/03/14 00:00:00,10:37,2020/03/14 00:00:00,10:37,No,Middle,Tabel Kuchle,50,Exact,ET,441609,RAMSES38_ETH20-18.XL, ,1,0,1,2,1,0,0,0,0,0,0,0,0,0,0,0,0,0,0,0,0,0,0,0,0,0,0,0,0,0,0,0,0,0,0,0,0,0,0,0,0,0,0,-1,0,0,0,0,1,0,0,0,0,0,0,1,0,0,0,0,0,0,0,0,0,0,0,0,0,0,0,0,0,0,0,0,0,0,0,0,0,0,0,0,0,0,0,0,0,0,0,0,0,0,0,0,0,0,0,0,0,0,0,0,0,0,0,0,0,0,0,0,0,0,0,0,0,0,2020/03/14 00:00:00,2020/03/14 00:00:00,2,2,Other,1, ,11, ,11,ha,1,0,0,0,0,0,Band
37.0744444440001,5.28,25233,2020/03/15 00:00:00,08:42,2020/03/15 00:00:00,08:42,No,Middle,Masoya,56,Exact,ET,441610,RAMSES38_ETH20-18.XL, ,1,0,1,2,1,0,0,0,0,0,0,0,0,0,0,0,0,0,0,0,0,0,0,0,0,0,0,0,0,0,0,0,0,0,0,0,0,0,0,0,0,0,0,-1,0,0,0,0,1,0,0,0,0,0,0,1,0,0,0,0,0,0,0,0,0,0,0,0,0,0,0,0,0,0,0,0,0,0,0,0,0,0,0,0,0,0,0,0,0,0,0,0,0,0,0,0,0,0,0,0,0,0,0,0,0,0,0,0,0,0,0,0,0,0,0,0,0,0,2020/03/15 00:00:00,2020/03/15 00:00:00,2,2,Other,1, ,27, ,27,ha,1,0,0,0,0,0,Band
37.1244444440001,5.20777777800004,25234,2020/03/15 00:00:00,08:57,2020/03/15 00:00:00,08:57,No,Middle,Tabel kuchle,59.5,Exact,ET,441611,RAMSES38_ETH20-18.XL, ,1,0,1,2,1,0,0,0,0,0,0,0,0,0,0,0,0,0,0,0,0,0,0,0,0,0,0,0,0,0,0,0,0,0,0,0,0,0,0,0,0,0,0,-1,0,0,0,0,1,0,0,0,0,0,0,1,0,0,0,0,0,0,0,0,0,0,0,0,0,0,0,0,0,0,0,0,0,0,0,0,0,0,0,0,0,0,0,0,0,0,0,0,0,0,0,0,0,0,0,0,0,0,0,0,0,0,0,0,0,0,0,0,0,0,0,0,0,0,2020/03/15 00:00:00,2020/03/15 00:00:00,2,2,Other,1, ,17, ,17,ha,1,0,0,0,0,0,Band
37.0744444440001,5.28,25235,2020/03/17 00:00:00,08:08,2020/03/17 00:00:00,08:08,No,Middle,Masoya,53.299999,Exact,ET,441612,RAMSES38_ETH20-18.XL, ,1,0,1,2,1,0,0,0,0,0,0,0,0,0,0,0,0,0,0,0,0,0,0,0,0,0,0,0,0,0,0,0,0,0,0,0,0,0,0,0,0,0,0,-1,0,0,0,0,1,0,0,0,0,0,0,0,0,0,0,0,0,0,0,0,0,0,0,0,0,0,0,0,0,0,0,0,0,0,0,0,0,0,0,0,0,0,0,0,0,0,0,0,0,0,0,0,0,0,0,0,0,0,0,0,0,0,0,0,0,0,0,0,0,0,0,0,0,0,2020/03/17 00:00:00,2020/03/17 00:00:00,2,2,Other,1, ,20, ,20,ha,1,0,0,0,0,0,Band
37.1244444440001,5.20777777800004,25236,2020/03/17 00:00:00,08:10,2020/03/17 00:00:00,08:10,No,Middle,Tabel Kuchle,80,Exact,ET,441613,RAMSES38_ETH20-18.XL, ,1,0,1,2,1,0,0,0,0,0,0,0,0,0,0,0,0,0,0,0,0,0,0,0,0,0,0,0,0,0,0,0,0,0,0,0,0,0,0,0,0,0,0,-1,0,0,0,0,1,0,0,0,0,0,0,1,0,0,0,0,0,0,0,0,0,0,0,0,0,0,0,0,0,0,0,0,0,0,0,0,0,0,0,0,0,0,0,0,0,0,0,0,0,0,0,0,0,0,0,0,0,0,0,0,0,0,0,0,0,0,0,0,0,0,0,0,0,0,2020/03/17 00:00:00,2020/03/17 00:00:00,2,2,Other,1, ,49, ,49,ha,1,0,0,0,0,0,Band
36.1613888890001,4.72444444400003,25237,2020/03/17 00:00:00,08:14,2020/03/17 00:00:00,08:14,No,Middle,Nayikaya,693,Exact,ET,441614,RAMSES38_ETH20-18.XL, ,1,0,1,2,1,0,0,0,0,0,0,0,0,0,0,0,0,0,0,0,0,0,0,0,0,0,0,0,0,0,0,0,0,0,0,0,0,0,0,0,0,0,0,-1,0,0,0,1,0,0,0,0,0,0,0,0,0,0,0,0,0,0,0,0,0,0,0,0,0,0,0,0,0,0,0,0,0,0,0,0,0,0,0,0,0,0,0,0,0,0,0,0,0,0,0,0,0,0,0,0,0,0,0,0,0,0,0,0,0,0,0,0,0,0,0,0,0,0,2020/03/17 00:00:00,2020/03/17 00:00:00,2,2,Other,1, ,7, ,7,ha,1,0,0,0,0,0,Band
36.125,4.73777777800007,25238,2020/03/17 00:00:00,08:17,2020/03/17 00:00:00,08:17,No,Middle,Bandiera,115,Exact,ET,441615,RAMSES38_ETH20-18.XL, ,1,0,1,2,1,0,0,0,0,0,0,0,0,0,0,0,0,0,0,0,0,0,0,0,0,0,0,0,0,0,0,0,0,0,0,0,0,0,0,0,0,0,0,-1,0,0,0,1,0,0,0,0,0,0,0,0,0,0,0,0,0,0,0,0,0,0,0,0,0,0,0,0,0,0,0,0,0,0,0,0,0,0,0,0,0,0,0,0,0,0,0,0,0,0,0,0,0,0,0,0,0,0,0,0,0,0,0,0,0,0,0,0,0,0,0,0,0,0,2020/03/17 00:00:00,2020/03/17 00:00:00,2,2,Malathion,1, ,9, ,9,ha,1,0,0,0,0,0,Band
37.019444444,5.32083333300005,25239,2020/03/17 00:00:00,08:23,2020/03/17 00:00:00,08:23,No,Middle,Woyitio,800,Exact,ET,441616,RAMSES38_ETH20-18.XL, ,1,0,1,2,1,0,0,0,0,0,0,0,0,0,0,0,0,0,0,0,0,0,0,0,0,0,0,0,0,0,0,0,0,0,0,0,0,0,0,0,0,0,0,-1,0,0,0,0,1,0,0,0,0,0,0,1,0,0,0,0,0,0,0,0,0,0,0,0,0,0,0,0,0,0,0,0,0,0,0,0,0,0,0,0,0,0,0,0,0,0,0,0,0,0,0,0,0,0,0,0,0,0,0,0,0,0,0,0,0,0,0,0,0,0,0,0,0,0,2020/03/17 00:00:00,2020/03/17 00:00:00,2,2,Malathion,1,ha,600,l,600,ha,0,0,1,0,0,0,Band
36.1877777780001,4.66138888900002,25240,2020/03/17 00:00:00,09:20,2020/03/17 00:00:00,09:20,No,Middle,Lokero,176,Exact,ET,441617,RAMSES38_ETH20-18.XL, ,1,0,1,2,1,0,0,0,0,0,0,0,0,0,0,0,0,0,0,0,0,0,0,0,0,0,0,0,0,0,0,0,0,0,0,0,0,0,0,0,0,0,0,-1,0,0,0,0,1,0,0,0,0,0,0,1,0,0,0,0,0,0,0,0,0,0,0,0,0,0,0,0,0,0,0,0,0,0,0,0,0,0,0,0,0,0,0,0,0,0,0,0,0,0,0,0,0,0,0,0,0,0,0,0,0,0,0,0,0,0,0,0,0,0,0,0,0,0,2020/03/17 00:00:00,2020/03/17 00:00:00,2,2,Malathion,1, ,21, ,21,ha,1,0,0,0,0,0,Band
36.831388889,5.71944444400003,25241,2020/03/19 00:00:00,08:43,2020/03/19 00:00:00,08:43,No,Middle,Luka,3279,Exact,ET,441623,RAMSES38_ETH20-18.XL, ,1,0,1,2,1,0,0,0,0,0,0,0,0,0,0,0,0,0,0,0,0,0,0,0,0,0,0,0,0,0,0,0,0,0,0,0,0,0,0,0,0,0,0,-1,0,0,0,0,1,0,0,0,0,0,0,1,0,0,0,0,0,0,0,0,0,0,0,0,0,0,0,0,0,0,0,0,0,0,0,0,0,0,0,0,0,0,0,0,0,0,0,0,0,0,0,0,0,0,0,0,0,0,0,0,0,0,0,0,0,0,0,0,0,0,0,0,0,0,2020/03/19 00:00:00,2020/03/19 00:00:00,2,2,Other,1, ,96, ,96,ha,1,0,0,0,0,0,Band
36.125,4.73777777800007,25242,2020/03/19 00:00:00,08:53,2020/03/19 00:00:00,08:53,No,Middle,Bandira,1015,Exact,ET,441624,RAMSES38_ETH20-18.XL, ,1,0,1,2,1,0,0,0,0,0,0,0,0,0,0,0,0,0,0,0,0,0,0,0,0,0,0,0,0,0,0,0,0,0,0,0,0,0,0,0,0,0,0,-1,0,0,0,0,1,0,0,0,0,0,0,1,0,0,0,0,0,0,0,0,0,0,0,0,0,0,0,0,0,0,0,0,0,0,0,0,0,0,0,0,0,0,0,0,0,0,0,0,0,0,0,0,0,0,0,0,0,0,0,0,0,0,0,0,0,0,0,0,0,0,0,0,0,0,2020/03/19 00:00:00,2020/03/19 00:00:00,2,2,Malathion,1, ,20, ,20,ha,1,0,0,0,0,0,Band
36.085555556,4.72388888900002,25243,2020/03/19 00:00:00,10:01,2020/03/19 00:00:00,10:01,No,Middle,Doshe,1000,Exact,ET,441625,RAMSES38_ETH20-18.XL, ,1,0,1,2,1,0,0,0,0,0,0,0,0,0,0,0,0,0,0,0,0,0,0,0,0,0,0,0,0,0,0,0,0,0,0,0,0,0,0,0,0,0,0,-1,0,0,0,1,0,0,0,0,0,0,0,0,0,0,0,0,0,0,0,0,0,0,0,0,0,0,0,0,0,0,0,0,0,0,0,0,0,0,0,0,0,0,0,0,0,0,0,0,0,0,0,0,0,0,0,0,0,0,0,0,0,0,0,0,0,0,0,0,0,0,0,0,0,0,2020/03/19 00:00:00,2020/03/19 00:00:00,2,2,Malathion,1, ,29, ,29,ha,1,0,0,0,0,0,Band
36.1877777780001,4.66138888900002,25244,2020/03/19 00:00:00,10:57,2020/03/19 00:00:00,10:57,No,Middle,Lokoro,1176,Exact,ET,441626,RAMSES38_ETH20-18.XL, ,1,0,1,2,1,0,0,0,0,0,0,0,0,0,0,0,0,0,0,0,0,0,0,0,0,0,0,0,0,0,0,0,0,0,0,0,0,0,0,0,0,0,0,-1,0,0,0,1,0,0,0,0,0,0,0,0,0,0,0,0,0,0,0,0,0,0,0,0,0,0,0,0,0,0,0,0,0,0,0,0,0,0,0,0,0,0,0,0,0,0,0,0,0,0,0,0,0,0,0,0,0,0,0,0,0,0,0,0,0,0,0,0,0,0,0,0,0,0,2020/03/19 00:00:00,2020/03/19 00:00:00,2,2,Malathion,1, ,16, ,16,ha,1,0,0,0,0,0,Band
36.777777778,4.47055555600002,25245,2020/03/20 00:00:00,09:12,2020/03/20 00:00:00,09:12,No,Middle,Luka,300,Exact,ET,441629,RAMSES38_ETH20-18.XL, ,1,0,1,2,1,0,0,0,0,0,0,0,0,0,0,0,0,0,0,0,0,0,0,0,0,0,0,0,0,0,0,0,0,0,0,0,0,0,0,0,0,0,0,-1,0,0,0,0,1,0,0,0,0,0,0,1,0,0,0,0,0,0,0,0,0,0,0,0,0,0,0,0,0,0,0,0,0,0,0,0,0,0,0,0,0,0,0,0,0,0,0,0,0,0,0,0,0,0,0,0,0,0,0,0,0,0,0,0,0,0,0,0,0,0,0,0,0,0,2020/03/20 00:00:00,2020/03/20 00:00:00,2,2,Malathion,1,ha,200,l,200,ha,0,0,1,0,0,0,Band
36.764166667,5.47055555600002,25246,2020/03/21 00:00:00,08:17,2020/03/21 00:00:00,08:17,No,Late,Olika kibo,237,Exact,ET,441630,RAMSES38_ETH20-18.XL, ,1,0,1,2,1,0,0,0,0,0,0,0,0,0,0,0,0,0,0,0,0,0,0,0,0,0,0,0,0,0,0,0,0,0,0,0,0,0,0,0,0,0,0,-1,0,0,0,0,1,0,0,0,0,0,0,0,0,0,0,0,0,0,0,0,0,0,0,0,0,0,0,0,0,0,0,0,0,0,0,0,0,0,0,0,0,0,0,0,0,0,0,0,0,0,0,0,0,0,0,0,0,0,0,0,0,0,0,0,0,0,0,0,0,0,0,0,0,0,2020/03/21 00:00:00,2020/03/21 00:00:00,2,3,Other,0.5, ,16, ,32,ha,1,0,0,0,0,0,Band
36.835,5.4425,25247,2020/03/21 00:00:00,09:14,2020/03/21 00:00:00,09:14,No,Late,Luka,140,Exact,ET,441631,RAMSES38_ETH20-18.XL, ,1,0,1,2,1,0,0,0,0,0,0,0,0,0,0,0,0,0,0,0,0,0,0,0,0,0,0,0,0,0,0,0,0,0,0,0,0,0,0,0,0,0,0,-1,0,0,0,0,1,0,0,0,0,0,0,0,0,0,0,0,0,0,0,0,0,0,0,0,0,0,0,0,0,0,0,0,0,0,0,0,0,0,0,0,0,0,0,0,0,0,0,0,0,0,0,0,0,0,0,0,0,0,0,0,0,0,0,0,0,0,0,0,0,0,0,0,0,0,2020/03/21 00:00:00,2020/03/21 00:00:00,2,3,Other,0.5, ,32, ,64,ha,1,0,0,0,0,0,Band
36.9183333330001,5.32777777800004,25248,2020/03/21 00:00:00,09:21,2020/03/21 00:00:00,09:21,No,Late,Duma,52,Exact,ET,441632,RAMSES38_ETH20-18.XL, ,1,0,1,2,1,0,0,0,0,0,0,0,0,0,0,0,0,0,0,0,0,0,0,0,0,0,0,0,0,0,0,0,0,0,0,0,0,0,0,0,0,0,0,-1,0,0,0,0,1,0,0,0,0,0,0,1,0,0,0,0,0,0,0,0,0,0,0,0,0,0,0,0,0,0,0,0,0,0,0,0,0,0,0,0,0,0,0,0,0,0,0,0,0,0,0,0,0,0,0,0,0,0,0,0,0,0,0,0,0,0,0,0,0,0,0,0,0,0,2020/03/21 00:00:00,2020/03/21 00:00:00,2,3,Other,1, ,16, ,16,ha,1,0,0,0,0,0,Band
37.026111111,5.30666666700006,25249,2020/03/21 00:00:00,09:23,2020/03/21 00:00:00,09:23,No,Late,Bolla,45,Exact,ET,441633,RAMSES38_ETH20-18.XL, ,1,0,1,2,1,0,0,0,0,0,0,0,0,0,0,0,0,0,0,0,0,0,0,0,0,0,0,0,0,0,0,0,0,0,0,0,0,0,0,0,0,0,0,-1,0,0,0,0,1,0,0,0,0,0,0,1,0,0,0,0,0,0,0,0,0,0,0,0,0,0,0,0,0,0,0,0,0,0,0,0,0,0,0,0,0,0,0,0,0,0,0,0,0,0,0,0,0,0,0,0,0,0,0,0,0,0,0,0,0,0,0,0,0,0,0,0,0,0,2020/03/21 00:00:00,2020/03/21 00:00:00,2,3,Other,0.5, ,16, ,16,ha,1,0,0,0,0,0,Band
36.1852777780001,4.66888888900007,25250,2020/03/21 00:00:00,09:31,2020/03/21 00:00:00,09:31,No,Late,Doshe,45,Exact,ET,441634,RAMSES38_ETH20-18.XL, ,1,0,1,2,1,0,0,0,0,0,0,0,0,0,0,0,0,0,0,0,0,0,0,0,0,0,0,0,0,0,0,0,0,0,0,0,0,0,0,0,0,0,0,-1,0,0,0,1,0,0,0,0,0,0,0,0,0,0,0,0,0,0,0,0,0,0,0,0,0,0,0,0,0,0,0,0,0,0,0,0,0,0,0,0,0,0,0,0,0,0,0,0,0,0,0,0,0,0,0,0,0,0,0,0,0,0,0,0,0,0,0,0,0,0,0,0,0,0,2020/03/21 00:00:00,2020/03/21 00:00:00,2,3,Other,0.40000001, ,4, ,9,ha,1,0,0,0,0,0,Band
36.9247222220001,4.95916666700003,25251,2020/03/21 00:00:00,09:33,2020/03/21 00:00:00,09:33,No,Late,Wayu wondo,300,Exact,ET,441635,RAMSES38_ETH20-18.XL, ,1,0,1,2,1,0,0,0,0,0,0,0,0,0,0,0,0,0,0,0,0,0,0,0,0,0,0,0,0,0,0,0,0,0,0,0,0,0,0,0,0,0,0,-1,0,0,0,0,1,0,0,0,0,0,0,1,0,0,0,0,0,0,0,0,0,0,0,0,0,0,0,0,0,0,0,0,0,0,0,0,0,0,0,0,0,0,0,0,0,0,0,0,0,0,0,0,0,0,0,0,0,0,0,0,0,0,0,0,0,0,0,0,0,0,0,0,0,0,2020/03/21 00:00:00,2020/03/21 00:00:00,2,3,Other,1.2, ,292, ,243,ha,1,0,0,0,0,0,Band
36.958888889,5.08,25252,2020/03/22 00:00:00,08:38,2020/03/22 00:00:00,08:38,No,Late,Wayu wondo,300,Exact,ET,441636,RAMSES38_ETH20-18.XL, ,1,0,1,2,1,0,0,0,0,0,0,0,0,0,0,0,0,0,0,0,0,0,0,0,0,0,0,0,0,0,0,0,0,0,0,0,0,0,0,0,0,0,0,-1,0,0,0,0,1,0,0,0,0,0,0,1,0,0,0,0,0,0,0,0,0,0,0,0,0,0,0,0,0,0,0,0,0,0,0,0,0,0,0,0,0,0,0,0,0,0,0,0,0,0,0,0,0,0,0,0,0,0,0,0,0,0,0,0,0,0,0,0,0,0,0,0,0,0,2020/03/22 00:00:00,2020/03/22 00:00:00,2,3,Other,1.2, ,294, ,245,ha,1,0,0,0,0,0,Band
38.1333333330001,-0.05,25253,2020/03/06 00:00:00,10:33,2020/03/06 00:00:00,10:33,No,Early,Kathangachini Spraye,100,Exact,KE,438333,RAMSES38_KEN20-32.XL, ,1,0,1,2,1,0,0,0,0,0,0,0,0,0,0,0,0,0,0,0,0,0,0,0,0,0,0,0,0,0,0,0,0,0,0,0,0,0,0,0,0,0,0,-1,0,0,0,1,0,0,0,0,0,0,0,0,1,0,0,0,0,0,0,0,0,0,0,0,0,0,0,0,0,0,0,0,0,0,0,0,0,0,0,0,0,0,0,0,0,0,0,0,0,0,0,0,0,0,0,0,0,0,0,0,0,0,0,0,0,0,0,0,0,0,0,0,0,0,1899/12/30 00:00:00,1899/12/30 00:00:00,0,0, ,0, ,0, ,0, ,0,0,0,0,0,0,Band
37.3,0.683333333000064,25254,2020/03/06 00:00:00,10:30,2020/03/06 00:00:00,10:30,No,Early,Kipsing area,100,Exact,KE,438334,RAMSES38_KEN20-32.XL, ,1,0,1,2,1,0,0,0,0,0,0,0,0,0,0,0,0,0,0,0,0,0,0,0,0,0,0,0,0,0,0,0,0,0,0,0,0,0,0,0,1,0,0,-1,0,0,0,0,0,1,0,0,0,0,0,1,0,0,0,0,0,0,0,0,1,0,0,0,0,0,0,0,0,0,0,0,0,0,0,0,0,0,0,0,0,0,0,0,0,0,0,0,0,0,0,0,0,0,0,0,0,0,0,0,0,0,0,0,0,0,0,0,0,0,0,0,0,0,1899/12/30 00:00:00,1899/12/30 00:00:00,0,0, ,0, ,0, ,0, ,0,0,0,0,0,0,Band
35.95,-0.016666666999924,25255,2020/03/06 00:00:00,10:35,2020/03/06 00:00:00,10:35,No,Early,Mogotio Sinende area,100,Exact,KE,438335,RAMSES38_KEN20-32.XL, ,1,0,1,2,1,0,0,0,0,0,0,0,0,0,0,0,0,0,0,0,0,0,0,0,0,0,0,0,0,0,0,0,0,0,0,0,0,0,0,0,1,0,0,-1,0,0,0,1,0,0,0,0,0,0,0,0,0,0,0,0,0,1,0,0,0,0,0,0,0,0,0,0,0,0,0,0,0,0,0,0,0,0,0,0,0,0,0,0,0,0,0,0,0,0,0,0,0,0,0,0,0,0,0,0,0,0,0,0,0,0,0,0,0,0,0,0,0,0,1899/12/30 00:00:00,1899/12/30 00:00:00,0,0, ,0, ,0, ,0, ,0,0,0,0,0,0,Band
37.066666667,3.31666666700005,25256,2020/03/07 00:00:00,09:59,2020/03/07 00:00:00,09:59,No,Early,North horr,100,Exact,KE,438339,RAMSES38_KEN20-32.XL, ,1,0,1,2,1,0,0,0,0,0,0,0,0,0,0,0,0,0,0,0,0,0,0,0,0,0,0,0,0,0,0,0,0,0,0,0,0,0,0,0,1,0,0,-1,0,0,0,0,0,1,0,0,0,0,0,0,0,0,0,0,0,0,0,0,1,0,0,0,0,0,0,0,0,0,0,0,0,0,0,0,0,0,0,0,0,0,0,0,0,0,0,0,0,0,0,0,0,0,0,0,0,0,0,0,0,0,0,0,0,0,0,0,0,0,0,0,0,0,1899/12/30 00:00:00,1899/12/30 00:00:00,0,0, ,0, ,0, ,0, ,0,0,0,0,0,0,Band
45.262777778,10.461388889,25257,2020/03/01 00:00:00,06:45,2020/03/01 00:00:00,06:45,No,Early,Est Magab,40,Exact,SO,438372,RAMSES38_SOM20-08.XL, ,1,0,1,2,1,0,0,0,0,0,0,1,0,0,-1,0,0,0,0,0,0,0,0,0,0,1,0,0,0,0,0,0,1,0,0,0,0,0,0,1,0,0,10,-1,0,0,0,0,0,1,1,0,0,0,1,0,0,0.0049999999,0.0049999999,0,1,0,0,0,0,0,0,0,0,0,0,0,0,0,0,0,0,0,0,0,0,0,0,0,0,0,0,0,0,0,0,0,0,0,0,0,0,0,0,0,0,0,0,0,0,0,0,0,0,0,0,0,0,0,0,0,0,0,1899/12/30 00:00:00,1899/12/30 00:00:00,0,0, ,0, ,0, ,0, ,0,0,0,0,0,0,Band
45.271944444,10.466944444,25258,2020/03/01 00:00:00,07:02,2020/03/01 00:00:00,07:02,No,Early,Buuraha magab,30,Exact,SO,438373,RAMSES38_SOM20-08.XL, ,1,0,1,2,1,0,0,0,0,0,0,1,0,0,-1,0,0,0,0,0,0,0,0,0,0,1,0,0,0,0,0,0,1,0,0,0,0,0,0,1,0,0,10,-1,0,0,0,0,0,0,1,0,0,0,1,0,0,0.0060000001,0.0060000001,0,1,0,0,0,0,0,0,0,0,0,0,0,0,0,0,0,0,0,0,0,0,0,0,0,0,0,0,0,0,0,0,0,0,0,0,0,0,0,0,0,0,0,0,0,0,0,0,0,0,0,0,0,0,0,0,0,0,0,1899/12/30 00:00:00,1899/12/30 00:00:00,0,0, ,0, ,0, ,0, ,0,0,0,0,0,0,Band
45.211111111,10.458055556,25259,2020/03/01 00:00:00,07:41,2020/03/01 00:00:00,07:41,No,Early,Buuraha ceel garde,20,Exact,SO,438376,RAMSES38_SOM20-08.XL, ,1,0,1,2,1,0,0,0,0,0,0,1,0,0,-1,0,0,0,0,0,0,0,0,0,0,0,1,0,0,0,0,0,1,0,0,0,0,0,0,0,1,0,0,-1,0,0,0,0,0,0,3,0,1,0,1,0,0,0.0099999998,0.0099999998,0,1,0,0,0,0,0,0,0,0,0,0,0,0,0,0,0,0,0,0,0,0,0,0,0,0,0,0,0,0,0,0,0,0,0,0,0,0,0,0,0,0,0,0,0,0,0,0,0,0,0,0,0,0,0,0,0,0,0,1899/12/30 00:00:00,1899/12/30 00:00:00,0,0, ,0, ,0, ,0, ,0,0,0,0,0,0,Band
45.203611111,10.455555556,25260,2020/03/01 00:00:00,08:01,2020/03/01 00:00:00,08:01,No,Early,Magab,20,Exact,SO,438377,RAMSES38_SOM20-08.XL, ,1,0,1,2,1,0,0,0,0,0,0,1,0,0,-1,0,0,0,0,0,0,0,0,0,0,0,0,1,0,0,0,0,1,0,0,0,0,0,0,0,1,0,50,-1,0,0,0,0,0,0,3,0,1,0,0,0,0,0.0099999998,0.0099999998,0,1,0,0,0,0,0,0,0,0,0,0,0,0,0,0,0,0,0,0,0,0,0,0,0,0,0,0,0,0,0,0,0,0,0,0,0,0,0,0,0,0,0,0,0,0,0,0,0,0,0,0,0,0,0,0,0,0,0,2020/03/01 00:00:00,2020/03/01 00:00:00,2,1,Metarhizium,1,ha,25, ,1,ha,1,0,0,0,0,40,Band
45.2675,10.46,25261,2020/03/01 00:00:00,14:14,2020/03/01 00:00:00,14:14,No,Early,Dooxa magab,30,Exact,SO,438379,RAMSES38_SOM20-08.XL, ,1,0,1,2,1,0,0,0,0,0,0,1,0,0,-1,0,0,0,0,0,0,0,0,0,0,1,0,0,0,0,0,0,1,0,0,0,0,0,0,0,1,0,5,-1,0,0,0,0,0,0,1,0,0,0,1,0,0,0.0020000001,0.0020000001,1,0,0,0,0,0,0,0,0,0,0,0,0,0,0,0,0,0,0,0,0,0,0,0,0,0,0,0,0,0,0,0,0,0,0,0,0,0,0,0,0,0,0,0,0,0,0,0,0,0,0,0,0,0,0,0,0,0,0,1899/12/30 00:00:00,1899/12/30 00:00:00,0,0, ,0, ,0, ,0, ,0,0,0,0,0,0,Band
43.8158333330001,10.508888889,25262,2020/03/01 00:00:00,03:02,2020/03/01 00:00:00,03:02,No,Early,Ildheer,20,Exact,SO,438380,RAMSES38_SOM20-08.XL, ,1,0,1,2,1,0,0,0,0,0,0,1,0,0,-1,0,0,0,0,0,0,0,0,0,0,0,0,0,0,1,0,0,1,0,0,0,0,0,0,1,0,0,10,-1,0,0,0,1,0,0,0,0,0,0,0,0,1,0.0099999998,0.0099999998,0,1,0,0,0,0,0,0,0,0,0,0,0,0,0,0,0,0,0,0,0,0,0,0,0,0,0,0,0,0,0,0,0,0,0,0,0,0,0,0,0,0,0,0,0,0,0,0,0,0,0,0,0,0,0,0,0,0,0,1899/12/30 00:00:00,1899/12/30 00:00:00,0,0, ,0, ,0, ,0, ,0,0,0,0,0,0,Band
43.8561111110001,10.4916666670001,25263,2020/03/01 00:00:00,06:41,2020/03/01 00:00:00,06:41,No,Early,Doodka Bookhley,20,Exact,SO,438381,RAMSES38_SOM20-08.XL, ,1,0,1,2,1,0,0,0,0,0,0,1,0,0,-1,0,0,0,0,0,0,0,0,0,0,0,0,0,0,1,0,0,1,0,0,0,0,0,0,1,0,0,50,-1,0,0,0,1,0,0,0,0,0,0,0,0,1,0.02,0.02,0,1,0,0,0,0,0,0,0,0,0,0,0,0,0,0,0,0,0,0,0,0,0,0,0,0,0,0,0,0,0,0,0,0,0,0,0,0,0,0,0,0,0,0,0,0,0,0,0,0,0,0,0,0,0,0,0,0,0,1899/12/30 00:00:00,1899/12/30 00:00:00,0,0, ,0, ,0, ,0, ,0,0,0,0,0,0,Band
45.278055556,10.465,25264,2020/03/01 00:00:00,14:43,2020/03/01 00:00:00,14:43,No,Early,Burcada magab,20,Exact,SO,438382,RAMSES38_SOM20-08.XL, ,1,0,1,2,1,0,0,0,0,0,0,1,0,0,-1,0,0,0,0,0,0,0,0,0,0,1,0,0,0,0,0,0,1,0,0,0,0,0,0,1,0,0,0,-1,0,0,0,0,0,0,1,0,0,0,1,0,0,0.001,0.001,1,0,0,0,0,0,0,0,0,0,0,0,0,0,0,0,0,0,0,0,0,0,0,0,0,0,0,0,0,0,0,0,0,0,0,0,0,0,0,0,0,0,0,0,0,0,0,0,0,0,0,0,0,0,0,0,0,0,0,1899/12/30 00:00:00,1899/12/30 00:00:00,0,0, ,0, ,0, ,0, ,0,0,0,0,0,0,Band
45.278055556,10.472777778,25265,2020/03/01 00:00:00,15:08,2020/03/01 00:00:00,15:08,No,Early,Waraabaley,20,Exact,SO,438383,RAMSES38_SOM20-08.XL, ,1,0,1,2,1,0,0,0,0,0,0,1,0,0,-1,0,0,0,0,0,0,0,0,0,0,1,0,0,0,0,0,0,1,0,0,0,0,0,0,1,0,0,0,-1,0,0,0,0,0,0,1,0,0,0,1,0,0,0.0049999999,0.0049999999,0,1,0,0,0,0,0,0,0,0,0,0,0,0,0,0,0,0,0,0,0,0,0,0,0,0,0,0,0,0,0,0,0,0,0,0,0,0,0,0,0,0,0,0,0,0,0,0,0,0,0,0,0,0,0,0,0,0,0,1899/12/30 00:00:00,1899/12/30 00:00:00,0,0, ,0, ,0, ,0, ,0,0,0,0,0,0,Band
43.8158333330001,10.5069444440001,25266,2020/03/01 00:00:00,15:33,2020/03/01 00:00:00,15:33,No,Early,Madaxleh,20,Exact,SO,438384,RAMSES38_SOM20-08.XL,Transiens appearing,1,0,1,2,1,0,0,0,0,0,0,1,0,0,-1,0,0,0,0,0,0,0,0,0,0,0,0,0,0,1,0,0,1,0,0,0,0,0,0,1,0,0,5,-1,0,0,0,1,0,0,0,0,0,0,0,0,1,0.0049999999,0.0049999999,0,1,0,0,0,0,0,0,0,0,1,0,0,-1,0,0,1,0,0,0,0,0,0,1,0,0,1,0,0,0,0,0,0,0,0,0,0,0,0,0,0,0,0,0,0,0,0,0,0,0,0,0,0,0,0,0,0,0,0,1899/12/30 00:00:00,1899/12/30 00:00:00,0,0, ,0, ,0, ,0, ,0,0,0,0,0,0,Band
43.8186111110001,10.5038888890001,25267,2020/03/01 00:00:00,16:07,2020/03/01 00:00:00,16:07,No,Early,kalawley wayn,20,Exact,SO,438385,RAMSES38_SOM20-08.XL, ,1,0,1,2,1,0,0,0,0,0,0,1,0,0,-1,0,0,0,0,0,0,0,0,0,0,0,0,0,0,1,0,0,1,0,0,0,0,0,0,0,1,0,0,-1,0,0,0,1,0,0,0,0,0,0,0,0,1,0.050000001,0.050000001,0,1,0,0,0,0,0,0,0,0,0,0,0,0,0,0,0,0,0,0,0,0,0,0,0,0,0,0,0,0,0,0,0,0,0,0,0,0,0,0,0,0,0,0,0,0,0,0,0,0,0,0,0,0,0,0,0,0,0,1899/12/30 00:00:00,1899/12/30 00:00:00,0,0, ,0, ,0, ,0, ,0,0,0,0,0,0,Band
43.818055556,10.5038888890001,25268,2020/03/02 00:00:00,07:15,2020/03/02 00:00:00,07:15,No,Early,kalawle wayn,20,Exact,SO,438386,RAMSES38_SOM20-08.XL, ,1,0,1,2,1,0,0,0,0,0,0,1,0,0,-1,0,0,0,0,0,0,0,0,0,0,0,0,0,0,1,0,0,1,0,0,0,0,0,0,0,1,0,100,-1,0,0,0,1,0,0,0,0,0,0,0,0,1,0.050000001,0.050000001,0,1,0,0,0,0,0,0,0,0,0,0,0,0,0,0,0,0,0,0,0,0,0,0,0,0,0,0,0,0,0,0,0,0,0,0,0,0,0,0,0,0,0,0,0,0,0,0,0,0,0,0,0,0,0,0,0,0,0,2020/03/02 00:00:00,2020/03/02 00:00:00,2,1,Metarhizium,0.050000001,ha,1075.2, ,20,ha,1,0,0,0,0,45,Band
45.1855555560001,10.456666667,25269,2020/03/02 00:00:00,07:44,2020/03/02 00:00:00,07:44,No,Early,Cawsley,40,Exact,SO,438388,RAMSES38_SOM20-08.XL,Gregarious appearing,1,0,1,1,1,0,0,0,0,0,0,1,0,0,-1,0,0,0,0,0,0,0,0,0,0,0,0,0,1,0,0,0,1,0,0,0,0,0,0,0,1,0,0,-1,0,0,0,0,0,0,3,0,1,0,0,1,0,0.0020000001,0.0020000001,1,0,0,0,0,0,0,0,0,0,1,0,0,3,1,0,3,1,1,0,0,0,0,1,0,0,0,1,0,0,0,0,0,0,0,0,0,0,0,0,0,0,0,0,0,0,0,0,0,0,0,0,0,0,0,0,0,0,0,1899/12/30 00:00:00,1899/12/30 00:00:00,0,0, ,0, ,0, ,0, ,0,0,0,0,0,0,Band
43.8175,10.504166667,25270,2020/03/02 00:00:00,07:46,2020/03/02 00:00:00,07:46,No,Early,madaxlay,20,Exact,SO,438389,RAMSES38_SOM20-08.XL,Gregarious appearing,1,0,1,2,1,0,0,0,0,0,0,1,0,0,-1,0,0,0,0,0,0,0,0,0,0,0,0,0,0,1,0,0,1,0,0,0,0,0,0,0,1,0,100,-1,0,0,0,1,0,0,0,0,0,0,0,0,1,0.050000001,0.050000001,0,1,0,0,0,0,0,0,0,1,0,0,0,2,3,0,1,0,0,0,0,0,1,0,0,0,0,1,0,0,0,0,0,0,0,0,0,0,0,0,0,0,0,0,0,0,0,0,0,0,0,0,0,0,0,0,0,0,0,2020/03/02 00:00:00,2020/03/02 00:00:00,2,1,Metarhizium,0.050000001,ha,1075.2, ,30,ha,1,0,0,0,0,50,Band
45.19,10.508055556,25271,2020/03/02 00:00:00,10:55,2020/03/02 00:00:00,10:55,No,Early,Faro deero,20,Exact,SO,438391,RAMSES38_SOM20-08.XL,Gregarious appearing,1,0,1,1,1,0,0,0,0,0,0,1,0,0,-1,0,0,0,0,0,0,0,0,0,0,0,0,0,1,0,0,0,1,0,0,0,0,0,0,1,0,0,0,-1,0,0,0,0,0,3,1,0,3,0,0,1,0,0.001,0.001,1,0,0,0,0,0,0,0,0,0,1,0,0,2,0,1,3,1,1,0,0,1,0,0,0,0,0,1,0,0,0,0,0,0,0,0,0,0,0,0,0,0,0,0,0,0,0,0,0,0,0,0,0,0,0,0,0,0,0,1899/12/30 00:00:00,1899/12/30 00:00:00,0,0, ,0, ,0, ,0, ,0,0,0,0,0,0,Band
45.200277778,10.4947222220001,25272,2020/03/02 00:00:00,11:08,2020/03/02 00:00:00,11:08,No,Early,Dhagaxa Gorgorka,30,Exact,SO,438392,RAMSES38_SOM20-08.XL,Gregarious appearing,1,0,1,1,1,0,0,0,0,0,0,1,0,0,-1,0,0,0,0,0,0,0,0,0,0,0,1,0,0,0,0,0,1,0,0,0,0,0,0,1,0,0,8,-1,0,0,0,0,0,3,0,0,3,0,0,1,0,0.0020000001,0.0020000001,1,0,0,0,0,0,0,0,0,0,1,0,0,2,1,0,3,1,1,0,0,0,0,1,0,0,0,1,0,0,0,0,0,0,0,0,0,0,0,0,0,0,0,0,0,0,0,0,0,0,0,0,0,0,0,0,0,0,0,1899/12/30 00:00:00,1899/12/30 00:00:00,0,0, ,0, ,0, ,0, ,0,0,0,0,0,0,Band
43.8511111110001,10.472222222,25273,2020/03/02 00:00:00,13:49,2020/03/02 00:00:00,13:49,No,Early,Luuqa cadaada,20,Exact,SO,438393,RAMSES38_SOM20-08.XL,Gregarious appearing,1,0,1,2,1,0,0,0,0,0,0,1,0,0,-1,0,0,0,0,0,0,0,0,0,0,0,0,0,0,1,0,0,1,0,0,0,0,0,0,0,1,0,100,-1,0,0,0,1,0,0,0,0,0,0,0,0,1,0.050000001,0.050000001,0,1,0,0,0,0,0,0,0,1,0,0,0,2,3,0,1,0,0,0,0,0,1,0,0,0,0,1,0,0,0,0,0,0,0,0,0,0,0,0,0,0,0,0,0,0,0,0,0,0,0,0,0,0,0,0,0,0,0,2020/03/02 00:00:00,2020/03/02 00:00:00,2,1,Metarhizium,0.050000001,ha,1075.2, ,25,ha,1,0,0,0,0,45,Band
43.580277778,10.786944444,25274,2020/03/03 00:00:00,08:26,2020/03/03 00:00:00,08:26,No,Early,Karuuri,20,Exact,SO,438398,RAMSES38_SOM20-08.XL,Gregarious appearing,1,0,1,2,1,0,0,0,0,0,1,0,0,0,-1,0,0,0,0,0,0,0,0,0,0,0,1,0,0,0,0,0,1,0,0,0,0,0,0,1,0,0,100,-1,0,0,0,1,1,0,0,0,0,0,0,1,0,0.00069999998,0.00069999998,1,0,0,0,0,0,0,0,0,1,0,0,0,2,1,0,0,0,0,0,0,0,1,0,0,0,0,1,0,0,0,0,0,0,0,0,0,0,0,0,0,0,0,0,0,0,0,0,0,0,0,0,0,0,0,0,0,0,0,1899/12/30 00:00:00,1899/12/30 00:00:00,0,0, ,0, ,0, ,0, ,0,0,0,0,0,0,Band
45.271111111,10.44,25275,2020/03/03 00:00:00,14:34,2020/03/03 00:00:00,14:34,No,Early,Cagafta,20,Exact,SO,438401,RAMSES38_SOM20-08.XL, ,1,0,1,2,1,0,0,0,0,0,0,1,0,0,-1,0,0,0,0,0,0,0,0,0,0,1,0,0,0,0,0,0,1,0,0,0,0,0,0,1,0,0,5,-1,0,0,0,0,0,0,1,0,0,0,1,0,0,0.0020000001,0.0020000001,1,0,0,0,0,0,0,0,0,0,0,0,0,0,0,0,0,0,0,0,0,0,0,0,0,0,0,0,0,0,0,0,0,0,0,0,0,0,0,0,0,0,0,0,0,0,0,0,0,0,0,0,0,0,0,0,0,0,0,1899/12/30 00:00:00,1899/12/30 00:00:00,0,0, ,0, ,0, ,0, ,0,0,0,0,0,0,Band
45.3052777780001,10.455833333,25276,2020/03/03 00:00:00,15:02,2020/03/03 00:00:00,15:02,No,Early,Tuurka,60,Exact,SO,438402,RAMSES38_SOM20-08.XL, ,1,0,1,2,1,0,0,0,0,0,0,1,0,0,-1,0,0,0,0,0,0,0,0,0,0,0,1,0,0,0,0,0,1,0,0,0,0,0,0,0,1,0,10,-1,0,0,0,0,0,0,3,0,1,0,0,1,0,0.0049999999,0.0049999999,0,1,0,0,0,0,0,0,0,0,0,0,0,0,0,0,0,0,0,0,0,0,0,0,0,0,0,0,0,0,0,0,0,0,0,0,0,0,0,0,0,0,0,0,0,0,0,0,0,0,0,0,0,0,0,0,0,0,0,1899/12/30 00:00:00,1899/12/30 00:00:00,0,0, ,0, ,0, ,0, ,0,0,0,0,0,0,Band
45.333333333,10.470555556,25277,2020/03/03 00:00:00,07:33,2020/03/03 00:00:00,07:33,No,Early,Dhextaasl,60,Exact,SO,438404,RAMSES38_SOM20-08.XL, ,1,0,1,2,1,0,0,0,0,0,0,1,0,0,-1,0,0,0,0,0,0,0,0,0,0,0,0,0,0,1,0,0,1,0,0,0,0,0,0,0,1,0,50,-1,0,0,0,0,0,0,0,0,1,0,0,0,1,0.015,0.015,0,1,0,0,0,0,0,0,0,0,0,0,0,0,0,0,0,0,0,0,0,0,0,0,0,0,0,0,0,0,0,0,0,0,0,0,0,0,0,0,0,0,0,0,0,0,0,0,0,0,0,0,0,0,0,0,0,0,0,1899/12/30 00:00:00,1899/12/30 00:00:00,0,0, ,0, ,0, ,0, ,0,0,0,0,0,0,Band
45.287222222,10.473333333,25278,2020/03/04 00:00:00,05:39,2020/03/04 00:00:00,05:39,No,Early,Ikacad,50,Exact,SO,438406,RAMSES38_SOM20-08.XL, ,1,0,1,2,1,0,0,0,0,0,0,1,0,0,-1,0,0,0,0,0,0,0,0,0,0,0,0,1,0,0,0,0,1,0,0,0,0,0,0,0,1,0,10,-1,0,0,0,0,0,0,3,0,1,0,1,0,0,0.025,0.025,0,1,0,0,0,0,0,0,0,0,0,0,0,0,0,0,0,0,0,0,0,0,0,0,0,0,0,0,0,0,0,0,0,0,0,0,0,0,0,0,0,0,0,0,0,0,0,0,0,0,0,0,0,0,0,0,0,0,0,1899/12/30 00:00:00,1899/12/30 00:00:00,0,0, ,0, ,0, ,0, ,0,0,0,0,0,0,Band
45.2955555560001,10.4861111110001,25279,2020/03/04 00:00:00,07:32,2020/03/04 00:00:00,07:32,No,Early,Guubala,20,Exact,SO,438409,RAMSES38_SOM20-08.XL, ,1,0,1,2,1,0,0,0,0,0,0,1,0,0,-1,0,0,0,0,0,0,0,0,0,0,0,0,0,1,0,0,0,1,0,0,0,0,0,0,0,1,0,5,-1,0,0,0,0,0,0,3,0,1,0,0,1,0,0.001,0.001,1,0,0,0,0,0,0,0,0,0,0,0,0,0,0,0,0,0,0,0,0,0,0,0,0,0,0,0,0,0,0,0,0,0,0,0,0,0,0,0,0,0,0,0,0,0,0,0,0,0,0,0,0,0,0,0,0,0,0,1899/12/30 00:00:00,1899/12/30 00:00:00,0,0, ,0, ,0, ,0, ,0,0,0,0,0,0,Band
45.3016666670001,10.4911111110001,25280,2020/03/04 00:00:00,07:44,2020/03/04 00:00:00,07:44,No,Early,Kala shubka,20,Exact,SO,438410,RAMSES38_SOM20-08.XL, ,1,0,1,2,1,0,0,0,0,0,1,0,0,0,2,0,0,0,0,0,0,0,1,0,0,0,1,0,0,0,1,0,0,0,0,0,0,0,0,1,0,0,5,-1,0,0,0,0,0,0,0,0,1,0,0,0,1,0.001,0.001,1,0,0,0,0,0,0,0,0,0,0,0,0,0,0,0,0,0,0,0,0,0,0,0,0,0,0,0,0,0,0,0,0,0,0,0,0,0,0,0,0,0,0,0,0,0,0,0,0,0,0,0,0,0,0,0,0,0,0,1899/12/30 00:00:00,1899/12/30 00:00:00,0,0, ,0, ,0, ,0, ,0,0,0,0,0,0,Band
45.3183333330001,10.4166666670001,25281,2020/03/04 00:00:00,08:32,2020/03/04 00:00:00,08:32,No,Early,Jilibka boocda,20,Exact,SO,438412,RAMSES38_SOM20-08.XL, ,1,0,1,2,1,0,0,0,0,0,0,1,0,0,-1,0,0,0,0,0,0,0,0,0,0,1,0,0,0,0,0,0,1,0,0,0,0,0,0,1,0,0,5,-1,0,0,0,0,0,0,1,0,0,0,1,0,0,0.0099999998,0.0099999998,0,1,0,0,0,0,0,0,0,0,0,0,0,0,0,0,0,0,0,0,0,0,0,0,0,0,0,0,0,0,0,0,0,0,0,0,0,0,0,0,0,0,0,0,0,0,0,0,0,0,0,0,0,0,0,0,0,0,0,1899/12/30 00:00:00,1899/12/30 00:00:00,0,0, ,0, ,0, ,0, ,0,0,0,0,0,0,Band
45.4444444440001,10.4388888890001,25282,2020/03/04 00:00:00,09:36,2020/03/04 00:00:00,09:36,No,Early,Beeyo dhaadher1,40,Exact,SO,438413,RAMSES38_SOM20-08.XL, ,1,0,1,2,1,0,0,0,0,0,0,1,0,0,-1,0,0,0,0,0,0,0,0,0,0,0,0,1,0,0,0,0,1,0,0,0,0,0,0,0,1,0,0,-1,0,0,0,0,0,0,0,0,1,0,0,0,1,0.0080000004,0.0080000004,0,1,0,0,0,0,0,0,0,0,0,0,0,0,0,0,0,0,0,0,0,0,0,0,0,0,0,0,0,0,0,0,0,0,0,0,0,0,0,0,0,0,0,0,0,0,0,0,0,0,0,0,0,0,0,0,0,0,0,1899/12/30 00:00:00,1899/12/30 00:00:00,0,0, ,0, ,0, ,0, ,0,0,0,0,0,0,Band
45.262222222,10.458888889,25283,2020/03/04 00:00:00,14:31,2020/03/04 00:00:00,14:31,No,Early,Hirdinka,30,Exact,SO,438414,RAMSES38_SOM20-08.XL, ,1,0,1,2,1,0,0,0,0,0,0,1,0,0,-1,0,0,0,0,0,0,0,0,0,0,1,0,0,0,0,0,0,1,0,0,0,0,0,0,1,0,0,20,-1,0,0,0,0,0,0,3,0,0,0,1,0,0,0.003,0.003,0,1,0,0,0,0,0,0,0,0,0,0,0,0,0,0,0,0,0,0,0,0,0,0,0,0,0,0,0,0,0,0,0,0,0,0,0,0,0,0,0,0,0,0,0,0,0,0,0,0,0,0,0,0,0,0,0,0,0,1899/12/30 00:00:00,1899/12/30 00:00:00,0,0, ,0, ,0, ,0, ,0,0,0,0,0,0,Band
45.343888889,10.565555556,25284,2020/03/04 00:00:00,15:17,2020/03/04 00:00:00,15:17,No,Early,Daba yar,40,Exact,SO,438415,RAMSES38_SOM20-08.XL,Gregarious appearing,1,0,1,1,1,0,0,0,0,0,0,1,0,0,-1,0,0,0,0,0,0,0,0,0,0,0,0,0,0,1,0,0,1,0,0,0,0,0,0,0,1,0,100,-1,0,0,0,0,0,3,0,0,3,0,0,0,1,0.02,0.02,0,1,0,0,0,0,0,0,0,0,1,0,0,3,0,0,1,1,1,0,0,0,0,1,0,0,0,1,0,0,0,0,0,0,0,0,0,0,0,0,0,0,0,0,0,0,0,0,0,0,0,0,0,0,0,0,0,0,0,1899/12/30 00:00:00,1899/12/30 00:00:00,0,0, ,0, ,0, ,0, ,0,0,0,0,0,0,Band
45.335,10.6030555560001,25285,2020/03/05 00:00:00,06:56,2020/03/05 00:00:00,06:56,No,Early,Qolka,20,Exact,SO,438417,RAMSES38_SOM20-08.XL, ,1,0,1,1,1,0,0,0,0,1,0,0,0,0,1,0,0,0,0,0,0,0,1,0,0,0,0,0,0,1,1,0,0,0,0,0,0,0,1,0,0,0,0,-1,0,0,0,0,0,0,0,0,1,0,0,0,1,0.001,0.001,1,0,0,0,0,0,0,0,1,0,0,0,0,1,0,0,1,1,1,0,0,0,1,0,0,1,0,0,0,0,0,0,0,0,0,0,0,0,0,0,0,0,0,0,0,0,0,0,0,0,0,0,0,0,0,0,0,0,0,1899/12/30 00:00:00,1899/12/30 00:00:00,0,0, ,0, ,0, ,0, ,0,0,0,0,0,0,Band
45.278611111,10.465,25286,2020/03/05 00:00:00,14:54,2020/03/05 00:00:00,14:54,No,Early,Karin,20,Exact,SO,438419,RAMSES38_SOM20-08.XL, ,1,0,1,2,1,0,0,0,0,0,0,1,0,0,-1,0,0,0,0,0,0,0,0,0,0,1,0,0,0,0,0,0,1,0,0,0,0,0,0,1,0,0,5,-1,0,0,0,0,0,0,1,0,0,0,1,0,0,0.0049999999,0.0049999999,0,1,0,0,0,0,0,0,0,0,0,0,0,0,0,0,0,0,0,0,0,0,0,0,0,0,0,0,0,0,0,0,0,0,0,0,0,0,0,0,0,0,0,0,0,0,0,0,0,0,0,0,0,0,0,0,0,0,0,2020/03/05 00:00:00,2020/03/05 00:00:00,2,1,Metarhizium,1,ha,1, ,1,ha,0,1,0,0,0,5,Band
45.279166667,10.464722222,25287,2020/03/05 00:00:00,15:02,2020/03/05 00:00:00,15:02,No,Early,ilka cad,40,Exact,SO,438420,RAMSES38_SOM20-08.XL, ,1,0,1,2,1,0,0,0,0,0,0,1,0,0,-1,0,0,0,0,0,0,0,0,0,0,1,0,0,0,0,0,0,1,0,0,0,0,0,0,1,0,0,10,-1,0,0,0,0,0,0,1,0,0,0,1,0,0,0.003,0.003,0,1,0,0,0,0,0,0,0,0,0,0,0,0,0,0,0,0,0,0,0,0,0,0,0,0,0,0,0,0,0,0,0,0,0,0,0,0,0,0,0,0,0,0,0,0,0,0,0,0,0,0,0,0,0,0,0,0,0,2020/03/05 00:00:00,2020/03/05 00:00:00,2,1,Metarhizium,2,ha,1, ,2,ha,0,1,0,0,0,10,Band
45.2933333330001,10.4766666670001,25288,2020/03/05 00:00:00,15:30,2020/03/05 00:00:00,15:30,No,Early,Guubali,60,Exact,SO,438421,RAMSES38_SOM20-08.XL,Gregarious appearing,1,0,1,2,1,0,0,0,0,0,0,1,0,0,-1,0,0,0,0,0,0,0,0,0,0,0,0,0,1,0,0,0,1,0,0,0,0,0,0,0,1,0,5,-1,0,0,0,0,0,3,1,0,3,0,0,1,0,0.0099999998,0.0099999998,0,1,0,0,0,0,0,0,0,0,1,0,0,3,1,0,0,0,0,0,0,0,0,0,1,0,0,1,0,0,0,0,0,0,0,0,0,0,0,0,0,0,0,0,0,0,0,0,0,0,0,0,0,0,0,0,0,0,0,2020/03/05 00:00:00,2020/03/05 00:00:00,2,1,Metarhizium,1,ha,12, ,60,ha,0,1,0,0,0,10,Band
44.8544444440001,13.024722222,25289,2020/03/02 00:00:00,07:56,2020/03/02 00:00:00,07:56,No,Early,beer haydrah,100,Exact,YE,439714,RAMSES38_YEM20-13.XL,Ground control ops c,1,0,1,2,1,0,0,0,0,0,0,0,0,0,0,0,0,0,0,0,0,0,0,0,0,0,0,0,0,0,0,0,0,0,0,0,0,0,0,1,0,0,8,-1,0,0,0,3,1,0,0,0,1,0,0,0,1,0,0,0,0,0,0,0,1,0,0,0,0,0,0,0,0,0,0,0,0,0,0,0,0,0,0,0,0,0,0,0,0,0,0,0,0,0,0,0,0,0,0,0,0,0,0,0,0,0,0,0,0,0,0,0,0,0,0,0,0,0,2020/03/02 00:00:00,2020/03/02 00:00:00,2,1,Deltamethrin,0.69999999,ha,100,l,180,ha,1,0,0,0,0,0,Band
44.81,13.076944444,25290,2020/03/02 00:00:00,09:05,2020/03/02 00:00:00,09:05,No,Early,alzaydi,250,Exact,YE,439715,RAMSES38_YEM20-13.XL,ground control was c,1,0,1,2,1,0,0,0,0,0,0,0,0,0,0,0,0,0,0,0,0,0,0,0,0,0,0,0,0,0,0,0,0,0,0,0,0,0,0,1,0,0,7,-1,0,0,0,1,3,1,0,0,1,0,0,0,1,0,0,0,0,0,0,0,1,0,0,0,0,0,0,0,0,0,0,0,0,0,0,0,0,0,0,0,0,0,0,0,0,0,0,0,0,0,0,0,0,0,0,0,0,0,0,0,0,0,0,0,0,0,0,0,0,0,0,0,0,0,2020/03/02 00:00:00,2020/03/02 00:00:00,2,1,Deltamethrin,0.60000002,ha,140,l,270,ha,1,0,0,0,0,0,Band
44.88,13.009166667,25291,2020/03/03 00:00:00,07:12,2020/03/03 00:00:00,07:12,No,Early,almahala,150,Exact,YE,439716,RAMSES38_YEM20-13.XL, ,1,0,1,2,1,0,0,0,0,0,0,0,0,0,0,0,0,0,0,0,0,0,0,0,0,0,0,0,0,0,0,0,0,0,0,0,0,0,0,1,0,0,6,-1,0,0,0,1,3,1,0,0,0,0,0,0,1,0,0,0,0,0,0,0,1,0,0,0,0,0,0,0,0,0,0,0,0,0,0,0,0,0,0,0,0,0,0,0,0,0,0,0,0,0,0,0,0,0,0,0,0,0,0,0,0,0,0,0,0,0,0,0,0,0,0,0,0,0,2020/03/03 00:00:00,2020/03/03 00:00:00,2,1,Deltamethrin,0.60000002,ha,80,l,120,ha,1,0,0,0,0,0,Band
44.8430555560001,13.087222222,25292,2020/03/03 00:00:00,09:16,2020/03/03 00:00:00,09:16,No,Early,alzyadi1,400,Exact,YE,439717,RAMSES38_YEM20-13.XL,control ops against,1,0,1,2,1,0,0,0,0,0,0,0,0,0,0,0,0,0,0,0,0,0,0,0,0,0,0,0,0,0,0,0,0,0,0,0,0,0,0,1,0,0,11,-1,0,0,0,1,3,1,0,0,1,0,0,0,1,0,0,0,0,0,0,0,1,0,0,0,0,0,0,0,0,0,0,0,0,0,0,0,0,0,0,0,0,0,0,0,0,0,0,0,0,0,0,0,0,0,0,0,0,0,0,0,0,0,0,0,0,0,0,0,0,0,0,0,0,0,2020/03/03 00:00:00,2020/03/03 00:00:00,2,1,Deltamethrin,0.60000002,ha,200,l,390,ha,1,0,0,0,0,0,Band
44.833888889,13.1122222220001,25293,2020/03/05 00:00:00,07:21,2020/03/05 00:00:00,07:21,No,Early,habeel,200,Exact,YE,439718,RAMSES38_YEM20-13.XL, ,1,0,1,2,1,0,0,0,0,0,0,0,0,0,0,0,0,0,0,0,0,0,0,0,0,0,0,0,0,0,0,0,0,0,0,0,0,0,0,1,0,0,5,-1,0,0,0,1,3,1,0,0,1,0,0,0,1,0,0,0,0,0,0,0,1,0,0,0,0,0,0,0,0,0,0,0,0,0,0,0,0,0,0,0,0,0,0,0,0,0,0,0,0,0,0,0,0,0,0,0,0,0,0,0,0,0,0,0,0,0,0,0,0,0,0,0,0,0,2020/03/05 00:00:00,2020/03/05 00:00:00,2,1,Deltamethrin,0.5,ha,80,l,160,ha,1,0,0,0,0,0,Band
44.8688888890001,13.083055556,25294,2020/03/05 00:00:00,09:25,2020/03/05 00:00:00,09:25,No,Early,mahelwah,200,Exact,YE,439719,RAMSES38_YEM20-13.XL, ,1,0,1,2,1,0,0,0,0,0,0,0,0,0,0,0,0,0,0,0,0,0,0,0,0,0,0,0,0,0,0,0,0,0,0,0,0,0,0,1,0,0,7,-1,0,0,0,1,3,1,0,0,1,0,0,0,1,0,0,0,0,0,0,0,1,0,0,0,0,0,0,0,0,0,0,0,0,0,0,0,0,0,0,0,0,0,0,0,0,0,0,0,0,0,0,0,0,0,0,0,0,0,0,0,0,0,0,0,0,0,0,0,0,0,0,0,0,0,2020/03/05 00:00:00,2020/03/05 00:00:00,2,1,Deltamethrin,0.5,ha,80,l,155,ha,1,0,0,0,0,0,Band
44.825,13.1111111110001,25295,2020/03/06 00:00:00,07:29,2020/03/06 00:00:00,07:29,No,Early,alhabeel,300,Exact,YE,439720,RAMSES38_YEM20-13.XL, ,1,0,1,2,1,0,0,0,0,0,0,0,0,0,0,0,0,0,0,0,0,0,0,0,0,0,0,0,0,0,0,0,0,0,0,0,0,0,0,1,0,0,8,-1,0,0,0,1,3,1,0,0,1,0,0,0,1,0,0,0,0,0,0,0,1,0,0,0,0,0,0,0,0,0,0,0,0,0,0,0,0,0,0,0,0,0,0,0,0,0,0,0,0,0,0,0,0,0,0,0,0,0,0,0,0,0,0,0,0,0,0,0,0,0,0,0,0,0,2020/03/06 00:00:00,2020/03/06 00:00:00,2,1,Deltamethrin,0.5,ha,120,l,250,ha,1,0,0,0,0,0,Band
44.8613888890001,13.098611111,25296,2020/03/07 00:00:00,07:35,2020/03/07 00:00:00,07:35,No,Early,alhabeel1,200,Exact,YE,439721,RAMSES38_YEM20-13.XL, ,1,0,1,2,1,0,0,0,0,0,0,0,0,0,0,0,0,0,0,0,0,0,0,0,0,0,0,0,0,0,0,0,0,0,0,0,0,0,0,1,0,0,6,-1,0,0,0,0,3,1,0,0,1,0,0,0,1,0,0,0,0,0,0,0,1,0,0,0,0,0,0,0,0,0,0,0,0,0,0,0,0,0,0,0,0,0,0,0,0,0,0,0,0,0,0,0,0,0,0,0,0,0,0,0,0,0,0,0,0,0,0,0,0,0,0,0,0,0,2020/03/07 00:00:00,2020/03/07 00:00:00,2,1,Deltamethrin,0.80000001,ha,100,l,150,ha,1,0,0,0,0,0,Band
44.829444444,13.1277777780001,25297,2020/03/07 00:00:00,09:39,2020/03/07 00:00:00,09:39,No,Early,mansorah,150,Exact,YE,439722,RAMSES38_YEM20-13.XL, ,1,0,1,2,1,0,0,0,0,0,0,0,0,0,0,0,0,0,0,0,0,0,0,0,0,0,0,0,0,0,0,0,0,0,0,0,0,0,0,1,0,0,6,-1,0,0,0,0,3,1,0,0,1,0,0,0,1,0,0,0,0,0,0,0,1,0,0,0,0,0,0,0,0,0,0,0,0,0,0,0,0,0,0,0,0,0,0,0,0,0,0,0,0,0,0,0,0,0,0,0,0,0,0,0,0,0,0,0,0,0,0,0,0,0,0,0,0,0,2020/03/07 00:00:00,2020/03/07 00:00:00,2,1,Deltamethrin,0.69999999,ha,80,l,120,ha,1,0,0,0,0,0,Band
44.8138888890001,13.153055556,25298,2020/03/08 00:00:00,07:43,2020/03/08 00:00:00,07:43,No,Early,awad ali,200,Exact,YE,439723,RAMSES38_YEM20-13.XL, ,1,0,1,2,1,0,0,0,0,0,0,0,0,0,0,0,0,0,0,0,0,0,0,0,0,0,0,0,0,0,0,0,0,0,0,0,0,0,0,1,0,0,6,-1,0,0,0,0,1,3,0,0,1,0,0,0,1,0,0,0,0,0,0,0,1,0,0,0,0,0,0,0,0,0,0,0,0,0,0,0,0,0,0,0,0,0,0,0,0,0,0,0,0,0,0,0,0,0,0,0,0,0,0,0,0,0,0,0,0,0,0,0,0,0,0,0,0,0,2020/03/08 00:00:00,2020/03/08 00:00:00,2,1,Deltamethrin,0.80000001,ha,100,l,150,ha,1,0,0,0,0,0,Band
44.8275,13.149166667,25299,2020/03/08 00:00:00,09:47,2020/03/08 00:00:00,09:47,No,Early,alsordah,300,Exact,YE,439724,RAMSES38_YEM20-13.XL, ,1,0,1,2,1,0,0,0,0,0,0,0,0,0,0,0,0,0,0,0,0,0,0,0,0,0,0,0,0,0,0,0,0,0,0,0,0,0,0,1,0,0,8,-1,0,0,0,0,1,3,1,0,1,0,0,0,1,0,0,0,0,0,0,0,1,0,0,0,0,0,0,0,0,0,0,0,0,0,0,0,0,0,0,0,0,0,0,0,0,0,0,0,0,0,0,0,0,0,0,0,0,0,0,0,0,0,0,0,0,0,0,0,0,0,0,0,0,0,2020/03/08 00:00:00,2020/03/08 00:00:00,2,1,Deltamethrin,0.60000002,ha,140,l,270,ha,1,0,0,0,0,0,Band
44.829166667,13.1325,25300,2020/03/09 00:00:00,07:51,2020/03/09 00:00:00,07:51,No,Early,sordah,250,Exact,YE,439725,RAMSES38_YEM20-13.XL, ,1,0,1,2,1,0,0,0,0,0,0,0,0,0,0,0,0,0,0,0,0,0,0,0,0,0,0,0,0,0,0,0,0,0,0,0,0,0,0,1,0,0,8,-1,0,0,0,0,1,3,1,0,1,0,0,0,1,0,0,0,0,0,0,0,1,0,0,0,0,0,0,0,0,0,0,0,0,0,0,0,0,0,0,0,0,0,0,0,0,0,0,0,0,0,0,0,0,0,0,0,0,0,0,0,0,0,0,0,0,0,0,0,0,0,0,0,0,0,2020/03/09 00:00:00,2020/03/09 00:00:00,2,1,Deltamethrin,0.60000002,ha,140,l,210,ha,1,0,0,0,0,0,Band
44.8583333330001,12.969444444,25301,2020/03/01 00:00:00,08:46,2020/03/01 00:00:00,08:46,No,Early,otaeri,200,Exact,YE,439726,RAMSES38_YEM20-13.XL,ground control ops w,1,0,1,2,1,0,0,0,0,0,0,0,0,0,0,0,0,0,0,0,0,0,0,0,0,0,0,0,0,0,0,0,0,0,0,0,0,0,0,1,0,0,5,-1,0,0,0,1,3,0,0,0,0,0,0,0,1,0,0,0,0,0,0,0,1,0,0,0,0,0,0,0,0,0,0,0,0,0,0,0,0,0,0,0,0,0,0,0,0,0,0,0,0,0,0,0,0,0,0,0,0,0,0,0,0,0,0,0,0,0,0,0,0,0,0,0,0,0,2020/03/01 00:00:00,2020/03/01 00:00:00,2,1,Deltamethrin,0.60000002,ha,100,l,180,ha,1,0,0,0,0,0,Band
36.835,5.36111111100007,25302,2020/03/21 00:00:00,08:19,2020/03/21 00:00:00,08:19,No,Late,Cityemba,39,Exact,ET,441639,RAMSES38_ETH20-18.XL, ,1,0,1,2,1,0,0,0,0,0,0,0,0,0,0,0,0,0,0,0,0,0,0,0,0,0,0,0,0,0,0,0,0,0,0,0,0,0,0,0,0,0,0,-1,0,0,0,0,1,0,0,0,0,0,0,1,0,0,0,0,0,0,0,0,0,0,0,0,0,0,0,0,0,0,0,0,0,0,0,0,0,0,0,0,0,0,0,0,0,0,0,0,0,0,0,0,0,0,0,0,0,0,0,0,0,0,0,0,0,0,0,0,0,0,0,0,0,0,2020/03/21 00:00:00,2020/03/21 00:00:00,2,3,Other,0.5, ,16, ,32,ha,1,0,0,0,0,0,Band
36.1852777780001,4.66888888900007,25303,2020/03/21 00:00:00,08:27,2020/03/21 00:00:00,08:27,No,Late,Lokoro,50,Exact,ET,441640,RAMSES38_ETH20-18.XL, ,1,0,1,2,1,0,0,0,0,0,0,0,0,0,0,0,0,0,0,0,0,0,0,0,0,0,0,0,0,0,0,0,0,0,0,0,0,0,0,0,0,0,0,-1,0,0,0,1,0,0,0,0,0,0,0,0,0,0,0,0,0,0,0,0,0,0,0,0,0,0,0,0,0,0,0,0,0,0,0,0,0,0,0,0,0,0,0,0,0,0,0,0,0,0,0,0,0,0,0,0,0,0,0,0,0,0,0,0,0,0,0,0,0,0,0,0,0,0,2020/03/21 00:00:00,2020/03/21 00:00:00,2,3,Other,0.40000001, ,4, ,9,ha,1,0,0,0,0,0,Band
37.1333333330001,0.583333333000041,25304,2020/03/09 00:00:00,08:02,2020/03/09 00:00:00,08:02,No,Early,Lenguruma,100,Exact,KE,439949,RAMSES38_KEN20-33.XL, ,1,0,1,2,1,0,0,0,0,0,0,0,0,0,0,0,0,0,0,0,0,0,0,0,0,0,0,0,0,0,0,0,0,0,0,0,0,0,0,0,0,0,0,-1,0,0,0,0,0,0,1,0,0,0,0,0,0,0,0,0,0,0,0,0,0,0,0,0,0,0,0,0,0,0,0,0,0,0,0,0,0,0,0,0,0,0,0,0,0,0,0,0,0,0,0,0,0,0,0,0,0,0,0,0,0,0,0,0,0,0,0,0,0,0,0,0,0,0,1899/12/30 00:00:00,1899/12/30 00:00:00,0,0, ,0, ,0, ,0, ,0,0,0,0,0,0,Band
37.2,0.65,25305,2020/03/10 00:00:00,08:15,2020/03/10 00:00:00,08:15,No,Early,Lenguruma,1214,Exact,KE,439951,RAMSES38_KEN20-33.XL, ,1,0,1,2,1,0,0,0,0,0,0,0,0,0,0,0,0,0,0,0,0,0,0,0,0,0,0,0,0,0,0,0,0,0,0,0,0,0,0,0,1,0,0,-1,0,0,0,0,0,0,1,0,0,0,0,1,0,0,0,0,0,1,0,0,0,0,0,0,0,0,0,0,0,0,0,0,0,0,0,0,0,0,0,0,0,0,0,0,0,0,0,0,0,0,0,0,0,0,0,0,0,0,0,0,0,0,0,0,0,0,0,0,0,0,0,0,0,0,1899/12/30 00:00:00,1899/12/30 00:00:00,0,0, ,0, ,0, ,0, ,0,0,0,0,0,0,Band
37.783333333,1.58333333300004,25306,2020/03/10 00:00:00,09:18,2020/03/10 00:00:00,09:18,No,Early,Laisamis.,100,Exact,KE,439952,RAMSES38_KEN20-33.XL, ,1,0,1,2,1,0,0,0,0,0,0,0,0,0,0,0,0,0,0,0,0,0,0,0,0,0,0,0,0,0,0,0,0,0,0,0,0,0,0,1,0,0,0,-1,0,0,0,0,1,0,0,0,0,0,0,1,0,0,0,0,0,0,0,0,1,0,0,0,0,0,0,0,0,0,0,0,0,0,0,0,0,0,0,0,0,0,0,0,0,0,0,0,0,0,0,0,0,0,0,0,0,0,0,0,0,0,0,0,0,0,0,0,0,0,0,0,0,0,1899/12/30 00:00:00,1899/12/30 00:00:00,0,0, ,0, ,0, ,0, ,0,0,0,0,0,0,Band
37.1166666670001,0.7,25307,2020/03/09 00:00:00,08:01,2020/03/09 00:00:00,08:01,No,Early,Longopito,100,Exact,KE,439955,RAMSES38_KEN20-33.XL, ,1,0,1,2,1,0,0,0,0,0,0,0,0,0,0,0,0,0,0,0,0,0,0,0,0,0,0,0,0,0,0,0,0,0,0,0,0,0,0,0,0,0,0,-1,0,0,0,0,0,0,1,0,0,0,0,0,0,0,0,0,0,0,0,0,0,0,0,0,0,0,0,0,0,0,0,0,0,0,0,0,0,0,0,0,0,0,0,0,0,0,0,0,0,0,0,0,0,0,0,0,0,0,0,0,0,0,0,0,0,0,0,0,0,0,0,0,0,0,1899/12/30 00:00:00,1899/12/30 00:00:00,0,0, ,0, ,0, ,0, ,0,0,0,0,0,0,Band
44.7558333330001,13.083611111,25308,2020/03/23 00:00:00,09:00,2020/03/23 00:00:00,09:00,No,Late,wadi abreen,100,Exact,YE,442181,RAMSES38_YEM20-15.XL, ,1,0,1,2,1,0,0,0,0,0,0,0,0,0,0,0,0,0,0,0,0,0,0,0,0,0,0,0,0,0,0,0,0,0,0,0,0,0,0,1,0,0,1,-1,0,0,0,0,0,0,3,0,1,0,0,1,0,0.02,0.02,0,1,0,0,0,0,0,0,0,0,0,0,0,0,0,0,0,0,0,0,0,0,0,0,0,0,0,0,0,0,0,0,0,0,0,0,0,0,0,0,0,0,0,0,0,0,0,0,0,0,0,0,0,0,0,0,0,0,0,1899/12/30 00:00:00,1899/12/30 00:00:00,0,0, ,0, ,0, ,0, ,0,0,0,0,0,0,Band
44.761666667,13.0591666670001,25309,2020/03/23 00:00:00,09:44,2020/03/23 00:00:00,09:44,No,Late,wadi abreen1,200,Exact,YE,442187,RAMSES38_YEM20-15.XL, ,1,0,1,2,1,0,0,0,0,0,0,0,0,0,0,0,0,0,0,0,0,0,0,0,0,0,0,0,0,0,0,0,0,0,0,0,0,0,0,1,0,0,0,-1,0,0,0,0,0,0,3,0,1,0,0,1,0,1,1,0,0,1,0,0,0,0,0,0,0,0,0,0,0,0,0,0,0,0,0,0,0,0,0,0,0,0,0,0,0,0,0,0,0,0,0,0,0,0,0,0,0,0,0,0,0,0,0,0,0,0,0,0,0,0,0,0,0,0,1899/12/30 00:00:00,1899/12/30 00:00:00,0,0, ,0, ,0, ,0, ,0,0,0,0,0,0,Band
37.1666666670001,0.616666667000061,25310,2020/03/14 00:00:00,09:04,2020/03/14 00:00:00,09:04,No,Middle,Lenguruma,100,Exact,KE,440418,RAMSES38_KEN20-34.XL, ,1,0,1,2,1,0,0,0,0,0,0,0,0,0,0,0,0,0,0,0,0,0,0,0,0,0,0,0,0,0,0,0,0,0,0,0,0,0,0,0,0,0,0,-1,0,0,0,0,0,0,3,0,1,0,0,1,0,0,0,0,0,0,0,0,1,0,0,0,0,0,0,0,0,0,0,0,0,0,0,0,0,0,0,0,0,0,0,0,0,0,0,0,0,0,0,0,0,0,0,0,0,0,0,0,0,0,0,0,0,0,0,0,0,0,0,0,0,0,1899/12/30 00:00:00,1899/12/30 00:00:00,0,0, ,0, ,0, ,0, ,0,0,0,0,0,0,Band
36.8666666670001,0.4,25311,2020/03/14 00:00:00,09:06,2020/03/14 00:00:00,09:06,No,Middle,Milima Tatu,100,Exact,KE,440419,RAMSES38_KEN20-34.XL, ,1,0,1,2,1,0,0,0,0,0,0,0,0,0,0,0,0,0,0,0,0,0,0,0,0,0,0,0,0,0,0,0,0,0,0,0,0,0,0,0,1,0,0,-1,0,0,0,0,0,0,3,0,1,0,0,1,0,0,0,0,0,0,0,0,1,0,0,0,0,0,0,0,0,0,0,0,0,0,0,0,0,0,0,0,0,0,0,0,0,0,0,0,0,0,0,0,0,0,0,0,0,0,0,0,0,0,0,0,0,0,0,0,0,0,0,0,0,0,1899/12/30 00:00:00,1899/12/30 00:00:00,0,0, ,0, ,0, ,0, ,0,0,0,0,0,0,Band
37.1666666670001,0.616666667000061,25312,2020/03/15 00:00:00,09:05,2020/03/15 00:00:00,09:05,No,Middle,Lenguruma,100,Exact,KE,440420,RAMSES38_KEN20-34.XL, ,1,0,1,2,1,0,0,0,0,0,0,0,0,0,0,0,0,0,0,0,0,0,0,0,0,0,0,0,0,0,0,0,0,0,0,0,0,0,0,0,1,0,0,-1,0,0,0,0,0,0,3,0,1,0,0,0,0,0,0,0,0,0,0,0,1,0,0,0,0,0,0,0,0,0,0,0,0,0,0,0,0,0,0,0,0,0,0,0,0,0,0,0,0,0,0,-1,1,0,0,0,0,0,0,1,0,0,0,0,0,0,0,0,0,0,0,0,0,1,1899/12/30 00:00:00,1899/12/30 00:00:00,0,0, ,0, ,0, ,0, ,0,0,0,0,0,0,Band
71.7483333330001,31.1813888890001,26381,2020/04/29 00:00:00,00:00,2020/04/29 00:00:00,00:00,No,Late,Punjab,20,Exact,PA,453167,RAMSES38_PAK20-28.XL,locust combat operat,1,0,1,2,1,0,0,0,0,0,0,0,0,0,0,0,0,0,0,0,0,0,0,0,0,0,0,0,0,0,0,0,0,0,0,0,0,0,0,0,0,0,0,-1,0,0,0,0,0,0,1,0,0,1,0,0,0,0,0,0,0,0,0,0,0,0,0,0,0,0,0,0,0,0,0,0,0,0,0,0,0,0,0,0,0,0,0,0,0,0,0,0,0,0,0,0,0,0,0,0,0,0,0,0,0,0,0,0,0,0,0,0,0,0,0,0,0,0,2020/04/29 00:00:00,2020/04/29 00:00:00,2,3,Unknown,0, ,0, ,0, ,0,0,0,0,1,85,Band
36.9166666670001,5.25,26382,2020/04/13 00:00:00,08:42,2020/04/13 00:00:00,08:42,No,Middle,Gisma,215,Exact,ET,447445,RAMSES38_ETH20-36.XL, ,1,0,1,2,1,0,0,0,0,0,0,0,0,0,0,0,0,0,0,0,0,0,0,0,0,0,0,0,0,0,0,0,0,0,0,0,0,0,0,0,0,0,0,-1,0,0,0,0,0,0,1,0,0,0,0,1,0,0,0,0,0,0,0,0,0,0,0,0,0,0,0,0,0,0,0,0,0,0,0,0,0,0,0,0,0,0,0,0,0,0,0,0,0,0,0,0,0,0,0,0,0,0,0,0,0,0,0,0,0,0,0,0,0,0,0,0,0,0,2020/04/13 00:00:00,2020/04/13 00:00:00,2,2,Chlorpyrifos,1,ha,200,l,200,ha,0,1,0,0,0,0,Band
41.283333333,9.76666666700004,26383,2020/04/14 00:00:00,07:28,2020/04/14 00:00:00,07:28,No,Middle,Ayidora2,850,Exact,ET,447446,RAMSES38_ETH20-36.XL, ,1,0,1,2,1,0,0,0,0,0,0,0,0,0,0,0,0,0,0,0,0,0,0,0,0,0,0,0,0,0,0,0,0,0,0,0,0,0,0,0,0,0,0,-1,0,0,1,1,0,0,0,0,0,0,0,0,0,0,0,0,0,0,0,0,0,0,0,0,0,0,0,0,0,0,0,0,0,0,0,0,0,0,0,0,0,0,0,0,0,0,0,0,0,0,0,0,0,0,0,0,0,0,0,0,0,0,0,0,0,0,0,0,0,0,0,0,0,0,2020/04/14 00:00:00,2020/04/14 00:00:00,2,2,Chlorpyrifos,1,ha,600,l,600,ha,0,0,1,0,0,0,Band
41.35,9.86666666700006,26384,2020/04/14 00:00:00,07:30,2020/04/14 00:00:00,07:30,No,Middle,Ayidora3,400,Exact,ET,447447,RAMSES38_ETH20-36.XL, ,1,0,1,2,1,0,0,0,0,0,0,0,0,0,0,0,0,0,0,0,0,0,0,0,0,0,0,0,0,0,0,0,0,0,0,0,0,0,0,0,0,0,0,-1,0,0,1,1,0,0,0,0,0,0,0,0,0,0,0,0,0,0,0,0,0,0,0,0,0,0,0,0,0,0,0,0,0,0,0,0,0,0,0,0,0,0,0,0,0,0,0,0,0,0,0,0,0,0,0,0,0,0,0,0,0,0,0,0,0,0,0,0,0,0,0,0,0,0,2020/04/14 00:00:00,2020/04/14 00:00:00,2,2,Chlorpyrifos,1,ha,300,l,300,ha,0,0,1,0,0,0,Band
41.316666667,9.66666666700007,26385,2020/04/14 00:00:00,07:32,2020/04/14 00:00:00,07:32,No,Middle,Moleiy,700,Exact,ET,447448,RAMSES38_ETH20-36.XL, ,1,0,1,2,1,0,0,0,0,0,0,0,0,0,0,0,0,0,0,0,0,0,0,0,0,0,0,0,0,0,0,0,0,0,0,0,0,0,0,0,0,0,0,-1,0,0,1,1,0,0,0,0,0,0,0,0,0,0,0,0,0,0,0,0,0,0,0,0,0,0,0,0,0,0,0,0,0,0,0,0,0,0,0,0,0,0,0,0,0,0,0,0,0,0,0,0,0,0,0,0,0,0,0,0,0,0,0,0,0,0,0,0,0,0,0,0,0,0,2020/04/14 00:00:00,2020/04/14 00:00:00,2,2,Chlorpyrifos,1,ha,300,l,300,ha,0,0,1,0,0,0,Band
41.283333333,9.93333333300006,26386,2020/04/14 00:00:00,07:40,2020/04/14 00:00:00,07:40,No,Middle,Aydora.,650,Exact,ET,447449,RAMSES38_ETH20-36.XL, ,1,0,1,2,1,0,0,0,0,0,0,0,0,0,0,0,0,0,0,0,0,0,0,0,0,0,0,0,0,0,0,0,0,0,0,0,0,0,0,0,0,0,0,-1,0,0,1,1,0,0,0,0,0,0,0,0,0,0,0,0,0,0,0,0,0,0,0,0,0,0,0,0,0,0,0,0,0,0,0,0,0,0,0,0,0,0,0,0,0,0,0,0,0,0,0,0,0,0,0,0,0,0,0,0,0,0,0,0,0,0,0,0,0,0,0,0,0,0,2020/04/14 00:00:00,2020/04/14 00:00:00,2,2,Chlorpyrifos,1,ha,400,l,400,ha,0,0,1,0,0,0,Band
37.016666667,5.3,26387,2020/04/14 00:00:00,07:42,2020/04/14 00:00:00,07:42,No,Middle,Enchete,215,Exact,ET,447450,RAMSES38_ETH20-36.XL, ,1,0,1,2,1,0,0,0,0,0,0,0,0,0,0,0,0,0,0,0,0,0,0,0,0,0,0,0,0,0,0,0,0,0,0,0,0,0,0,0,0,0,0,-1,0,0,0,0,0,0,0,0,1,0,0,1,0,0,0,0,0,0,0,0,0,0,0,0,0,0,0,0,0,0,0,0,0,0,0,0,0,0,0,0,0,0,0,0,0,0,0,0,0,0,0,0,0,0,0,0,0,0,0,0,0,0,0,0,0,0,0,0,0,0,0,0,0,0,2020/04/14 00:00:00,2020/04/14 00:00:00,2,2,Chlorpyrifos,1,ha,95,l,95,ha,0,1,0,0,0,0,Band
37.1,5.31666666700005,26388,2020/04/14 00:00:00,07:44,2020/04/14 00:00:00,07:44,No,Middle,Tebla Kcale,23,Exact,ET,447451,RAMSES38_ETH20-36.XL, ,1,0,1,2,1,0,0,0,0,0,0,0,0,0,0,0,0,0,0,0,0,0,0,0,0,0,0,0,0,0,0,0,0,0,0,0,0,0,0,0,0,0,0,-1,0,0,0,0,0,0,0,0,1,0,0,0,0,0,0,0,0,0,0,0,0,0,0,0,0,0,0,0,0,0,0,0,0,0,0,0,0,0,0,0,0,0,0,0,0,0,0,0,0,0,0,0,0,0,0,0,0,0,0,0,0,0,0,0,0,0,0,0,0,0,0,0,0,0,2020/04/14 00:00:00,2020/04/14 00:00:00,2,2,Chlorpyrifos,1,ha,95,l,95,ha,0,1,0,0,0,0,Band
36.783333333,5.31666666700005,26389,2020/04/13 00:00:00,08:37,2020/04/13 00:00:00,08:37,No,Middle,Shala,1850,Exact,ET,447454,RAMSES38_ETH20-36.XL, ,1,0,1,2,1,0,0,0,0,0,0,0,0,0,0,0,0,0,0,0,0,0,0,0,0,0,0,0,0,0,0,0,0,0,0,0,0,0,0,0,0,0,0,-1,0,0,0,0,0,0,1,0,0,0,0,1,0,0,0,0,0,0,0,0,0,0,0,0,0,0,0,0,0,0,0,0,0,0,0,0,0,0,0,0,0,0,0,0,0,0,0,0,0,0,0,0,0,0,0,0,0,0,0,0,0,0,0,0,0,0,0,0,0,0,0,0,0,0,2020/04/13 00:00:00,2020/04/13 00:00:00,2,2,Chlorpyrifos,1,ha,1600,l,1600,ha,0,1,0,0,0,0,Band
36.9166666670001,5.43333333300006,26390,2020/04/13 00:00:00,08:40,2020/04/13 00:00:00,08:40,No,Middle,Luka,230,Exact,ET,447455,RAMSES38_ETH20-36.XL, ,1,0,1,2,1,0,0,0,0,0,0,0,0,0,0,0,0,0,0,0,0,0,0,0,0,0,0,0,0,0,0,0,0,0,0,0,0,0,0,0,0,0,0,-1,0,0,0,0,0,0,1,0,0,0,0,1,0,0,0,0,0,0,0,0,0,0,0,0,0,0,0,0,0,0,0,0,0,0,0,0,0,0,0,0,0,0,0,0,0,0,0,0,0,0,0,0,0,0,0,0,0,0,0,0,0,0,0,0,0,0,0,0,0,0,0,0,0,0,2020/04/13 00:00:00,2020/04/13 00:00:00,2,2,Chlorpyrifos,1,ha,200,l,200,ha,0,1,0,0,0,0,Band
36.9166666670001,5.61666666700006,26391,2020/04/15 00:00:00,08:00,2020/04/15 00:00:00,08:00,No,Middle,Gongode,285,Exact,ET,447457,RAMSES38_ETH20-36.XL, ,1,0,1,2,1,0,0,0,0,0,0,0,0,0,0,0,0,0,0,0,0,0,0,0,0,0,0,0,0,0,0,0,0,0,0,0,0,0,0,0,0,0,0,-1,0,0,1,0,0,0,0,0,0,0,0,0,1,0,0,0,0,0,0,0,0,0,0,0,0,0,0,0,0,0,0,0,0,0,0,0,0,0,0,0,0,0,0,0,0,0,0,0,0,0,0,0,0,0,0,0,0,0,0,0,0,0,0,0,0,0,0,0,0,0,0,0,0,0,2020/04/15 00:00:00,2020/04/15 00:00:00,2,2,Chlorpyrifos,1,ha,100,l,100,ha,0,0,1,0,0,0,Band
41.316666667,9.98333333300008,26392,2020/04/15 00:00:00,08:10,2020/04/15 00:00:00,08:10,No,Middle,Asbuli.,880,Exact,ET,447461,RAMSES38_ETH20-36.XL, ,1,0,1,2,1,0,0,0,0,0,0,0,0,0,0,0,0,0,0,0,0,0,0,0,0,0,0,0,0,0,0,0,0,0,0,0,0,0,0,0,0,0,0,-1,0,0,1,1,0,0,0,0,0,0,0,0,1,0,0,0,0,0,0,0,0,0,0,0,0,0,0,0,0,0,0,0,0,0,0,0,0,0,0,0,0,0,0,0,0,0,0,0,0,0,0,0,0,0,0,0,0,0,0,0,0,0,0,0,0,0,0,0,0,0,0,0,0,0,2020/04/15 00:00:00,2020/04/15 00:00:00,2,2,Chlorpyrifos,1,ha,450,l,450,ha,0,0,1,0,0,0,Band
41.333333333,9.98333333300008,26393,2020/04/15 00:00:00,08:12,2020/04/15 00:00:00,08:12,No,Middle,Kayloweyn.,500,Exact,ET,447462,RAMSES38_ETH20-36.XL, ,1,0,1,2,1,0,0,0,0,0,0,0,0,0,0,0,0,0,0,0,0,0,0,0,0,0,0,0,0,0,0,0,0,0,0,0,0,0,0,0,0,0,0,-1,0,0,1,1,0,0,0,0,0,0,0,0,1,0,0,0,0,0,0,0,0,0,0,0,0,0,0,0,0,0,0,0,0,0,0,0,0,0,0,0,0,0,0,0,0,0,0,0,0,0,0,0,0,0,0,0,0,0,0,0,0,0,0,0,0,0,0,0,0,0,0,0,0,0,2020/04/15 00:00:00,2020/04/15 00:00:00,2,2,Chlorpyrifos,1,ha,300,l,300,ha,0,0,1,0,0,0,Band
41.333333333,9.8,26394,2020/04/15 00:00:00,08:14,2020/04/15 00:00:00,08:14,No,Middle,Aydora.,800,Exact,ET,447463,RAMSES38_ETH20-36.XL, ,1,0,1,2,1,0,0,0,0,0,0,0,0,0,0,0,0,0,0,0,0,0,0,0,0,0,0,0,0,0,0,0,0,0,0,0,0,0,0,0,0,0,0,-1,0,0,1,1,0,0,0,0,0,0,0,0,1,0,0,0,0,0,0,0,0,0,0,0,0,0,0,0,0,0,0,0,0,0,0,0,0,0,0,0,0,0,0,0,0,0,0,0,0,0,0,0,0,0,0,0,0,0,0,0,0,0,0,0,0,0,0,0,0,0,0,0,0,0,2020/04/15 00:00:00,2020/04/15 00:00:00,2,2,Chlorpyrifos,1,ha,450,l,450,ha,0,0,1,0,0,0,Band
36.9333333330001,5.75,26395,2020/04/10 00:00:00,07:58,2020/04/10 00:00:00,07:58,No,Early,Ajo,250,Exact,ET,446546,RAMSES38_ETH20-33.XL, ,1,0,1,2,1,0,0,0,0,0,0,0,0,0,0,0,0,0,0,0,0,0,0,0,0,0,0,0,0,0,0,0,0,0,0,0,0,0,0,0,0,0,0,-1,0,0,1,0,0,0,0,0,0,0,0,0,1,0,0,0,0,0,0,0,0,0,0,0,0,0,0,0,0,0,0,0,0,0,0,0,0,0,0,0,0,0,0,0,0,0,0,0,0,0,0,0,0,0,0,0,0,0,0,0,0,0,0,0,0,0,0,0,0,0,0,0,0,0,2020/04/10 00:00:00,2020/04/10 00:00:00,2,1,Chlorpyrifos,1,ha,150,l,150,ha,0,0,1,0,0,0,Band
36.1166666670001,4.73333333300008,26396,2020/04/10 00:00:00,08:21,2020/04/10 00:00:00,08:21,No,Early,Nayikaya,48,Exact,ET,446553,RAMSES38_ETH20-33.XL, ,1,0,1,2,1,0,0,0,0,0,0,0,0,0,0,0,0,0,0,0,0,0,0,0,0,0,0,0,0,0,0,0,0,0,0,0,0,0,0,0,0,0,0,-1,0,0,0,0,0,0,1,0,0,0,0,1,0,0,0,0,0,0,0,0,0,0,0,0,0,0,0,0,0,0,0,0,0,0,0,0,0,0,0,0,0,0,0,0,0,0,0,0,0,0,0,0,0,0,0,0,0,0,0,0,0,0,0,0,0,0,0,0,0,0,0,0,0,0,2020/04/10 00:00:00,2020/04/10 00:00:00,2,1, ,1, ,44.400002, ,44.400002,ha,1,0,0,0,0,0,Band
36.033333333,4.73333333300008,26397,2020/04/10 00:00:00,08:25,2020/04/10 00:00:00,08:25,No,Early,Delegnmor,46,Exact,ET,446554,RAMSES38_ETH20-33.XL, ,1,0,1,2,1,0,0,0,0,0,0,0,0,0,0,0,0,0,0,0,0,0,0,0,0,0,0,0,0,0,0,0,0,0,0,0,0,0,0,0,0,0,0,-1,0,0,0,0,0,0,1,0,0,0,0,1,0,0,0,0,0,0,0,0,0,0,0,0,0,0,0,0,0,0,0,0,0,0,0,0,0,0,0,0,0,0,0,0,0,0,0,0,0,0,0,0,0,0,0,0,0,0,0,0,0,0,0,0,0,0,0,0,0,0,0,0,0,0,2020/04/10 00:00:00,2020/04/10 00:00:00,2,1,Other,1, ,42.400002, ,42.400002,ha,0,0,0,0,1,0,Band
36.033333333,4.7,26398,2020/04/10 00:00:00,08:30,2020/04/10 00:00:00,08:30,No,Early,Lokero,32,Exact,ET,446555,RAMSES38_ETH20-33.XL, ,1,0,1,2,1,0,0,0,0,0,0,0,0,0,0,0,0,0,0,0,0,0,0,0,0,0,0,0,0,0,0,0,0,0,0,0,0,0,0,0,0,0,0,-1,0,0,0,0,0,0,1,0,0,0,0,1,0,0,0,0,0,0,0,0,0,0,0,0,0,0,0,0,0,0,0,0,0,0,0,0,0,0,0,0,0,0,0,0,0,0,0,0,0,0,0,0,0,0,0,0,0,0,0,0,0,0,0,0,0,0,0,0,0,0,0,0,0,0,2020/04/10 00:00:00,2020/04/10 00:00:00,2,1,Other,1, ,28.700001, ,28.700001,ha,0,0,0,0,1,0,Band
36.0480555560001,4.70111111100005,26399,2020/04/10 00:00:00,08:35,2020/04/10 00:00:00,08:35,No,Early,Doshe,26,Exact,ET,446556,RAMSES38_ETH20-33.XL, ,1,0,1,2,1,0,0,0,0,0,0,0,0,0,0,0,0,0,0,0,0,0,0,0,0,0,0,0,0,0,0,0,0,0,0,0,0,0,0,0,0,0,0,-1,0,0,0,0,0,0,1,0,0,0,0,1,0,0,0,0,0,0,0,0,0,0,0,0,0,0,0,0,0,0,0,0,0,0,0,0,0,0,0,0,0,0,0,0,0,0,0,0,0,0,0,0,0,0,0,0,0,0,0,0,0,0,0,0,0,0,0,0,0,0,0,0,0,0,2020/04/10 00:00:00,2020/04/10 00:00:00,2,1,Other,1, ,24.5, ,24.5,ha,0,0,0,0,1,0,Band
36.05,4.73333333300008,26400,2020/04/10 00:00:00,08:37,2020/04/10 00:00:00,08:37,No,Early,Torongole,24,Exact,ET,446557,RAMSES38_ETH20-33.XL, ,1,0,1,2,1,0,0,0,0,0,0,0,0,0,0,0,0,0,0,0,0,0,0,0,0,0,0,0,0,0,0,0,0,0,0,0,0,0,0,0,0,0,0,-1,0,0,0,0,0,0,1,0,0,0,0,1,0,0,0,0,0,0,0,0,0,0,0,0,0,0,0,0,0,0,0,0,0,0,0,0,0,0,0,0,0,0,0,0,0,0,0,0,0,0,0,0,0,0,0,0,0,0,0,0,0,0,0,0,0,0,0,0,0,0,0,0,0,0,2020/04/10 00:00:00,2020/04/10 00:00:00,2,1,Other,1, ,22.075001, ,22.075001,ha,0,0,0,0,1,0,Band
36.783333333,5.3,26401,2020/04/11 00:00:00,08:44,2020/04/11 00:00:00,08:44,No,Middle,Ollo,63,Exact,ET,446563,RAMSES38_ETH20-33.XL, ,1,0,1,2,1,0,0,0,0,0,0,0,0,0,0,0,0,0,0,0,0,0,0,0,0,0,0,0,0,0,0,0,0,0,0,0,0,0,0,0,0,0,0,-1,0,0,0,0,0,1,0,0,0,0,0,1,0,0,0,0,0,0,0,0,0,0,0,0,0,0,0,0,0,0,0,0,0,0,0,0,0,0,0,0,0,0,0,0,0,0,0,0,0,0,0,0,0,0,0,0,0,0,0,0,0,0,0,0,0,0,0,0,0,0,0,0,0,0,2020/04/11 00:00:00,2020/04/11 00:00:00,2,2,Other,1, ,16, ,16,ha,0,0,0,0,1,0,Band
36.7333333330001,5.38333333300005,26402,2020/04/11 00:00:00,08:51,2020/04/11 00:00:00,08:51,No,Middle,Gone,20,Exact,ET,446565,RAMSES38_ETH20-33.XL, ,1,0,1,2,1,0,0,0,0,0,0,0,0,0,0,0,0,0,0,0,0,0,0,0,0,0,0,0,0,0,0,0,0,0,0,0,0,0,0,0,0,0,0,-1,0,0,0,0,0,1,0,0,0,0,0,1,0,0,0,0,0,0,0,0,0,0,0,0,0,0,0,0,0,0,0,0,0,0,0,0,0,0,0,0,0,0,0,0,0,0,0,0,0,0,0,0,0,0,0,0,0,0,0,0,0,0,0,0,0,0,0,0,0,0,0,0,0,0,2020/04/11 00:00:00,2020/04/11 00:00:00,2,2,Other,1, ,8, ,8,ha,0,0,0,0,1,0,Band
36.716666667,5.38333333300005,26403,2020/04/11 00:00:00,08:53,2020/04/11 00:00:00,08:53,No,Middle,Ansonda,75,Exact,ET,446566,RAMSES38_ETH20-33.XL, ,1,0,1,2,1,0,0,0,0,0,0,0,0,0,0,0,0,0,0,0,0,0,0,0,0,0,0,0,0,0,0,0,0,0,0,0,0,0,0,0,0,0,0,-1,0,0,0,0,0,1,0,0,0,0,0,1,0,0,0,0,0,0,0,0,0,0,0,0,0,0,0,0,0,0,0,0,0,0,0,0,0,0,0,0,0,0,0,0,0,0,0,0,0,0,0,0,0,0,0,0,0,0,0,0,0,0,0,0,0,0,0,0,0,0,0,0,0,0,2020/04/11 00:00:00,2020/04/11 00:00:00,2,2,Other,1, ,32, ,32,ha,0,0,0,0,1,0,Band
70.9066666670001,32.6088888890001,26404,2020/04/25 00:00:00,00:00,2020/04/25 00:00:00,00:00,No,Late,Khyber Pakhtunkhwa,315,Exact,PA,449971,RAMSES38_PAK20-25.XL,control all the locu,1,0,1,2,1,0,0,0,0,0,0,0,0,0,0,0,0,0,0,0,0,0,0,0,0,0,0,0,0,0,0,0,0,0,0,0,0,0,0,0,0,0,0,-1,0,0,0,0,1,1,0,0,0,1,0,0,0,0,0,0,0,0,0,0,0,0,0,0,0,0,0,0,0,0,0,0,0,0,0,0,0,0,0,0,0,0,0,0,0,0,0,0,0,0,0,0,0,0,0,0,0,0,0,0,0,0,0,0,0,0,0,0,0,0,0,0,0,0,2020/04/25 00:00:00,2020/04/25 00:00:00,2,3,Unknown,0, ,0, ,0, ,0,0,0,0,1,85,Band
71.756388889,31.1830555560001,26405,2020/04/23 00:00:00,00:00,2020/04/23 00:00:00,00:00,No,Late,Punjab,100,Exact,PA,449980,RAMSES38_PAK20-25.XL,locust combat operat,1,0,1,2,1,0,0,0,0,0,0,0,0,0,0,0,0,0,0,0,0,0,0,0,0,0,0,0,0,0,0,0,0,0,0,0,0,0,0,0,0,0,0,-1,0,0,0,0,1,1,0,0,0,1,0,0,0,0,0,0,0,0,0,0,0,0,0,0,0,0,0,0,0,0,0,0,0,0,0,0,0,0,0,0,0,0,0,0,0,0,0,0,0,0,0,0,0,0,0,0,0,0,0,0,0,0,0,0,0,0,0,0,0,0,0,0,0,0,2020/04/23 00:00:00,2020/04/23 00:00:00,2,3,Unknown,0, ,0, ,0, ,0,0,0,0,1,90,Band
71.7544444440001,31.1836111110001,26406,2020/04/23 00:00:00,00:00,2020/04/23 00:00:00,00:00,No,Late,Punjab,100,Exact,PA,449981,RAMSES38_PAK20-25.XL,locust combat operat,1,0,1,2,1,0,0,0,0,0,0,0,0,0,0,0,0,0,0,0,0,0,0,0,0,0,0,0,0,0,0,0,0,0,0,0,0,0,0,0,0,0,0,-1,0,0,0,0,1,1,0,0,0,1,0,0,0,0,0,0,0,0,0,0,0,0,0,0,0,0,0,0,0,0,0,0,0,0,0,0,0,0,0,0,0,0,0,0,0,0,0,0,0,0,0,0,0,0,0,0,0,0,0,0,0,0,0,0,0,0,0,0,0,0,0,0,0,0,2020/04/23 00:00:00,2020/04/23 00:00:00,2,3,Unknown,0, ,0, ,0, ,0,0,0,0,1,90,Band
71.7397222220001,31.1844444440001,26407,2020/04/24 00:00:00,00:00,2020/04/24 00:00:00,00:00,No,Late,Punjab,40,Exact,PA,449992,RAMSES38_PAK20-25.XL,combat operation,1,0,1,2,1,0,0,0,0,0,0,0,0,0,0,0,0,0,0,0,0,0,0,0,0,0,0,0,0,0,0,0,0,0,0,0,0,0,0,0,0,0,0,-1,0,0,0,0,0,0,1,0,0,1,0,0,0,0,0,0,0,0,0,0,0,0,0,0,0,0,0,0,0,0,0,0,0,0,0,0,0,0,0,0,0,0,0,0,0,0,0,0,0,0,0,0,0,0,0,0,0,0,0,0,0,0,0,0,0,0,0,0,0,0,0,0,0,0,2020/04/24 00:00:00,2020/04/24 00:00:00,2,3,Unknown,0, ,0, ,0, ,0,0,0,0,1,85,Band
37.1,5.15,26408,2020/04/17 00:00:00,07:37,2020/04/17 00:00:00,07:37,No,Middle,Kllo,710,Exact,ET,448146,RAMSES38_ETH20-39.XL, ,1,0,1,2,1,0,0,0,0,0,0,0,0,0,0,0,0,0,0,0,0,0,0,0,0,0,0,0,0,0,0,0,0,0,0,0,0,0,0,0,0,0,0,-1,0,0,0,0,0,0,0,0,1,0,0,0,0,0,0,0,0,0,0,0,0,0,0,0,0,0,0,0,0,0,0,0,0,0,0,0,0,0,0,0,0,0,0,0,0,0,0,0,0,0,0,0,0,0,0,0,0,0,0,0,0,0,0,0,0,0,0,0,0,0,0,0,0,0,2020/04/17 00:00:00,2020/04/17 00:00:00,2,2,Chlorpyrifos,1,ha,600,l,600,ha,0,0,1,0,0,0,Band
41.283333333,9.93333333300006,26409,2020/04/17 00:00:00,07:51,2020/04/17 00:00:00,07:51,No,Middle,Asbuli.,800,Exact,ET,448154,RAMSES38_ETH20-39.XL, ,1,0,1,2,1,0,0,0,0,0,0,0,0,0,0,0,0,0,0,0,0,0,0,0,0,0,0,0,0,0,0,0,0,0,0,0,0,0,0,0,0,0,0,-1,0,0,1,3,0,0,0,0,0,0,0,0,1,0,0,0,0,0,0,0,0,0,0,0,0,0,0,0,0,0,0,0,0,0,0,0,0,0,0,0,0,0,0,0,0,0,0,0,0,0,0,0,0,0,0,0,0,0,0,0,0,0,0,0,0,0,0,0,0,0,0,0,0,0,2020/04/17 00:00:00,2020/04/17 00:00:00,2,2,Chlorpyrifos,1,ha,600,l,600,ha,0,0,1,0,0,0,Band
41.283333333,9.9,26410,2020/04/17 00:00:00,07:53,2020/04/17 00:00:00,07:53,No,Middle,Asbuli 2,400,Exact,ET,448155,RAMSES38_ETH20-39.XL, ,1,0,1,2,1,0,0,0,0,0,0,0,0,0,0,0,0,0,0,0,0,0,0,0,0,0,0,0,0,0,0,0,0,0,0,0,0,0,0,0,0,0,0,-1,0,0,3,1,0,0,0,0,0,0,0,0,1,0,0,0,0,0,0,0,0,0,0,0,0,0,0,0,0,0,0,0,0,0,0,0,0,0,0,0,0,0,0,0,0,0,0,0,0,0,0,0,0,0,0,0,0,0,0,0,0,0,0,0,0,0,0,0,0,0,0,0,0,0,2020/04/17 00:00:00,2020/04/17 00:00:00,2,2,Chlorpyrifos,1,ha,300,l,300,ha,0,0,1,0,0,0,Band
41.3833333330001,9.68333333300006,26411,2020/04/18 00:00:00,08:00,2020/04/18 00:00:00,08:00,No,Middle,Asnaba 1,800,Exact,ET,448157,RAMSES38_ETH20-39.XL, ,1,0,1,2,1,0,0,0,0,0,0,0,0,0,0,0,0,0,0,0,0,0,0,0,0,0,0,0,0,0,0,0,0,0,0,0,0,0,0,0,0,0,0,-1,0,0,1,3,0,0,0,0,0,0,0,0,1,0,0,0,0,0,0,0,0,0,0,0,0,0,0,0,0,0,0,0,0,0,0,0,0,0,0,0,0,0,0,0,0,0,0,0,0,0,0,0,0,0,0,0,0,0,0,0,0,0,0,0,0,0,0,0,0,0,0,0,0,0,2020/04/18 00:00:00,2020/04/18 00:00:00,2,2,Chlorpyrifos,1,ha,600,l,600,ha,0,0,1,0,0,0,Band
41.3666666670001,9.66666666700007,26412,2020/04/18 00:00:00,08:10,2020/04/18 00:00:00,08:10,No,Middle,Asnaba 2,800,Exact,ET,448158,RAMSES38_ETH20-39.XL, ,1,0,1,2,1,0,0,0,0,0,0,0,0,0,0,0,0,0,0,0,0,0,0,0,0,0,0,0,0,0,0,0,0,0,0,0,0,0,0,0,0,0,0,-1,0,0,3,1,0,0,0,0,0,0,0,0,1,0,0,0,0,0,0,0,0,0,0,0,0,0,0,0,0,0,0,0,0,0,0,0,0,0,0,0,0,0,0,0,0,0,0,0,0,0,0,0,0,0,0,0,0,0,0,0,0,0,0,0,0,0,0,0,0,0,0,0,0,0,2020/04/18 00:00:00,2020/04/18 00:00:00,2,2,Chlorpyrifos,1,ha,600,l,600,ha,0,0,1,0,0,0,Band
44.3833333330001,31.4166666670001,26413,2020/04/17 00:00:00,08:28,2020/04/17 00:00:00,08:28,No,Middle,Al Najaf,145,Exact,IQ,448646,RAMSES38_IRQ20-08.XL, ,1,0,1,2,1,0,0,0,0,0,0,0,0,0,0,0,0,0,0,0,0,0,0,0,0,0,0,0,0,0,0,0,0,0,0,0,0,0,0,1,0,0,0,-1,0,0,1,1,0,0,0,0,0,0,0,0,1,0,0,0,0,1,0,0,0,0,0,0,0,0,0,0,0,0,0,0,0,0,0,0,0,0,0,0,0,0,0,0,0,0,0,0,0,0,0,0,0,0,0,0,0,0,0,0,0,0,0,0,0,0,0,0,0,0,0,0,0,0,2020/04/17 00:00:00,2020/04/17 00:00:00,2,2,Deltamethrin,5,ha,300,l,60,ha,0,0,0,0,1,0,Band
44.8833333330001,31.966666667,26414,2020/04/18 00:00:00,08:31,2020/04/18 00:00:00,08:31,No,Middle,Al Diwaniyah,60,Exact,IQ,448647,RAMSES38_IRQ20-08.XL, ,1,0,1,2,1,0,0,0,0,0,0,0,0,0,0,0,0,0,0,0,0,0,0,0,0,0,0,0,0,0,0,0,0,0,0,0,0,0,0,1,0,0,0,-1,0,0,1,1,0,0,0,0,0,0,0,0,1,0,0,0,0,1,0,0,0,0,0,0,0,0,0,0,0,0,0,0,0,0,0,0,0,0,0,0,0,0,0,0,0,0,0,0,0,0,0,0,0,0,0,0,0,0,0,0,0,0,0,0,0,0,0,0,0,0,0,0,0,0,2020/04/18 00:00:00,2020/04/18 00:00:00,2,2,Deltamethrin,5,ha,105,l,21,ha,0,0,0,0,1,0,Band
45.1833333330001,31.4333333330001,26415,2020/04/21 00:00:00,08:39,2020/04/21 00:00:00,08:39,No,Late,Al muthanna.,70,Exact,IQ,448649,RAMSES38_IRQ20-08.XL, ,1,0,1,2,1,0,0,0,0,0,0,0,0,0,0,0,0,0,0,0,0,0,0,0,0,0,0,0,0,0,0,0,0,0,0,0,0,0,0,1,0,0,0,-1,0,0,1,1,1,0,0,0,0,0,0,0,1,0,0,0,0,1,0,0,0,0,0,0,0,0,0,0,0,0,0,0,0,0,0,0,0,0,0,0,0,0,0,0,0,0,0,0,0,0,0,0,0,0,0,0,0,0,0,0,0,0,0,0,0,0,0,0,0,0,0,0,0,0,2020/04/21 00:00:00,2020/04/21 00:00:00,2,3,Deltamethrin,5,ha,145,l,29.5,ha,0,0,0,0,1,0,Band
42.6144444440001,9.81611111100005,26416,2020/04/29 00:00:00,00:00,2020/04/29 00:00:00,00:00,No,Late,Somali Region,25,Exact,ET,451925,RAMSES38_ETH20-44.XL, ,1,0,1,2,1,0,0,0,0,0,0,1,0,0,-1,0,0,0,0,0,0,0,0,0,0,0,0,0,0,0,0,0,0,1,0,0,0,0,0,0,0,0,0,-1,0,0,0,1,1,0,0,0,0,1,0,0,0,0,0,0,0,0,0,0,0,0,0,0,0,0,0,0,0,0,0,0,0,0,0,0,0,0,0,0,0,0,0,0,0,0,0,0,0,0,0,0,0,0,0,0,0,0,0,0,0,0,0,0,0,0,0,0,0,0,0,0,0,0,2020/04/29 00:00:00,2020/04/29 00:00:00,2,3,Unknown,0, ,0, ,25,ha,0,0,0,0,1,0,Band
36.216666667,5.61666666700006,26417,2020/04/13 00:00:00,08:20,2020/04/13 00:00:00,08:20,No,Middle,Gongode,120,Exact,ET,447507,RAMSES38_ETH20-36.XL, ,1,0,1,2,1,0,0,0,0,0,0,0,0,0,0,0,0,0,0,0,0,0,0,0,0,0,0,0,0,0,0,0,0,0,0,0,0,0,0,0,0,0,0,-1,0,0,0,0,0,0,1,0,0,0,0,1,0,0,0,0,0,0,0,0,0,0,0,0,0,0,0,0,0,0,0,0,0,0,0,0,0,0,0,0,0,0,0,0,0,0,0,0,0,0,0,0,0,0,0,0,0,0,0,0,0,0,0,0,0,0,0,0,0,0,0,0,0,0,2020/04/13 00:00:00,2020/04/13 00:00:00,2,2,Other,1, ,95.5, ,95.5,ha,1,0,0,0,0,0,Band
36.8666666670001,5.58333333300004,26418,2020/04/13 00:00:00,08:22,2020/04/13 00:00:00,08:22,No,Middle,Damiker,108,Exact,ET,447508,RAMSES38_ETH20-36.XL, ,1,0,1,2,1,0,0,0,0,0,0,0,0,0,0,0,0,0,0,0,0,0,0,0,0,0,0,0,0,0,0,0,0,0,0,0,0,0,0,0,0,0,0,-1,0,0,0,0,0,0,1,0,0,0,0,1,0,0,0,0,0,0,0,0,0,0,0,0,0,0,0,0,0,0,0,0,0,0,0,0,0,0,0,0,0,0,0,0,0,0,0,0,0,0,0,0,0,0,0,0,0,0,0,0,0,0,0,0,0,0,0,0,0,0,0,0,0,0,2020/04/13 00:00:00,2020/04/13 00:00:00,2,2,Other,1, ,102.5, ,102.5,ha,1,0,0,0,0,0,Band
36.9333333330001,5.68333333300006,26419,2020/04/13 00:00:00,08:25,2020/04/13 00:00:00,08:25,No,Middle,Erbo.,72,Exact,ET,447509,RAMSES38_ETH20-36.XL, ,1,0,1,2,1,0,0,0,0,0,0,0,0,0,0,0,0,0,0,0,0,0,0,0,0,0,0,0,0,0,0,0,0,0,0,0,0,0,0,0,0,0,0,-1,0,0,0,0,0,0,1,0,0,0,0,1,0,0,0,0,0,0,0,0,0,0,0,0,0,0,0,0,0,0,0,0,0,0,0,0,0,0,0,0,0,0,0,0,0,0,0,0,0,0,0,0,0,0,0,0,0,0,0,0,0,0,0,0,0,0,0,0,0,0,0,0,0,0,2020/04/13 00:00:00,2020/04/13 00:00:00,2,2,Other,0.80000001, ,69, ,69,ha,1,0,0,0,0,0,Band
36.8833333330001,5.73333333300008,26420,2020/04/13 00:00:00,08:30,2020/04/13 00:00:00,08:30,No,Middle,Ajo,96,Exact,ET,447510,RAMSES38_ETH20-36.XL, ,1,0,1,2,1,0,0,0,0,0,0,0,0,0,0,0,0,0,0,0,0,0,0,0,0,0,0,0,0,0,0,0,0,0,0,0,0,0,0,0,0,0,0,-1,0,0,0,0,0,0,1,0,0,0,0,1,0,0,0,0,0,0,0,0,0,0,0,0,0,0,0,0,0,0,0,0,0,0,0,0,0,0,0,0,0,0,0,0,0,0,0,0,0,0,0,0,0,0,0,0,0,0,0,0,0,0,0,0,0,0,0,0,0,0,0,0,0,0,2020/04/13 00:00:00,2020/04/13 00:00:00,2,2,Other,1.36, ,65.5, ,89.5,ha,1,0,0,0,0,0,Band
36.816666667,5.6,26421,2020/04/13 00:00:00,08:32,2020/04/13 00:00:00,08:32,No,Middle,Geragedo,91,Exact,ET,447511,RAMSES38_ETH20-36.XL, ,1,0,1,2,1,0,0,0,0,0,0,0,0,0,0,0,0,0,0,0,0,0,0,0,0,0,0,0,0,0,0,0,0,0,0,0,0,0,0,0,0,0,0,-1,0,0,0,0,0,0,1,0,0,0,0,1,0,0,0,0,0,0,0,0,0,0,0,0,0,0,0,0,0,0,0,0,0,0,0,0,0,0,0,0,0,0,0,0,0,0,0,0,0,0,0,0,0,0,0,0,0,0,0,0,0,0,0,0,0,0,0,0,0,0,0,0,0,0,2020/04/13 00:00:00,2020/04/13 00:00:00,2,2,Other,1, ,80.5, ,80.5,ha,1,0,0,0,0,0,Band
36.833333333,5.53333333300003,26422,2020/04/13 00:00:00,08:35,2020/04/13 00:00:00,08:35,No,Middle,Citiemba,220,Exact,ET,447512,RAMSES38_ETH20-36.XL, ,1,0,1,2,1,0,0,0,0,0,0,0,0,0,0,0,0,0,0,0,0,0,0,0,0,0,0,0,0,0,0,0,0,0,0,0,0,0,0,0,0,0,0,-1,0,0,0,0,0,0,1,0,0,0,0,1,0,0,0,0,0,0,0,0,0,0,0,0,0,0,0,0,0,0,0,0,0,0,0,0,0,0,0,0,0,0,0,0,0,0,0,0,0,0,0,0,0,0,0,0,0,0,0,0,0,0,0,0,0,0,0,0,0,0,0,0,0,0,2020/04/13 00:00:00,2020/04/13 00:00:00,2,2,Other,1,ha,200,l,200,ha,0,1,0,0,0,0,Band
71.763055556,31.162222222,26423,2020/04/30 00:00:00,00:00,2020/04/30 00:00:00,00:00,No,Late,Punjab,25,Exact,PA,453214,RAMSES38_PAK20-28.XL,combat operation,1,0,1,2,1,0,0,0,0,0,0,0,0,0,0,0,0,0,0,0,0,0,0,0,0,0,0,0,0,0,0,0,0,0,0,0,0,0,0,0,0,0,0,-1,0,0,0,0,0,0,1,0,0,1,0,0,0,0,0,0,0,0,0,0,0,0,0,0,0,0,0,0,0,0,0,0,0,0,0,0,0,0,0,0,0,0,0,0,0,0,0,0,0,0,0,0,0,0,0,0,0,0,0,0,0,0,0,0,0,0,0,0,0,0,0,0,0,0,2020/04/30 00:00:00,2020/04/30 00:00:00,2,3,Unknown,0, ,0, ,0, ,0,0,0,0,1,85,Band
71.9375,31.270833333,26424,2020/04/30 00:00:00,00:00,2020/04/30 00:00:00,00:00,No,Late,Punjab,30,Exact,PA,453222,RAMSES38_PAK20-28.XL,operation continued,1,0,1,2,1,0,0,0,0,0,0,0,0,0,0,0,0,0,0,0,0,0,0,0,0,0,0,0,0,0,0,0,0,0,0,0,0,0,0,0,0,0,0,-1,0,0,0,0,0,0,1,0,0,1,0,0,0,0,0,0,0,0,0,0,0,0,0,0,0,0,0,0,0,0,0,0,0,0,0,0,0,0,0,0,0,0,0,0,0,0,0,0,0,0,0,0,0,0,0,0,0,0,0,0,0,0,0,0,0,0,0,0,0,0,0,0,0,0,2020/04/30 00:00:00,2020/04/30 00:00:00,2,3,Unknown,0, ,0, ,0, ,0,0,0,0,1,85,Band
71.76,31.162222222,26425,2020/04/30 00:00:00,00:00,2020/04/30 00:00:00,00:00,No,Late,Punjab,50,Exact,PA,453223,RAMSES38_PAK20-28.XL, ,1,0,1,2,1,0,0,0,0,0,0,0,0,0,0,0,0,0,0,0,0,0,0,0,0,0,0,0,0,0,0,0,0,0,0,0,0,0,0,0,0,0,0,-1,0,0,0,0,0,0,1,0,0,1,0,0,0,0,0,0,0,0,0,0,0,0,0,0,0,0,0,0,0,0,0,0,0,0,0,0,0,0,0,0,0,0,0,0,0,0,0,0,0,0,0,0,0,0,0,0,0,0,0,0,0,0,0,0,0,0,0,0,0,0,0,0,0,0,2020/04/30 00:00:00,2020/04/30 00:00:00,2,3,Unknown,0, ,0, ,0, ,0,0,0,0,1,85,Band
71.760277778,31.1752777780001,26426,2020/04/30 00:00:00,00:00,2020/04/30 00:00:00,00:00,No,Late,Punjab,20,Exact,PA,453246,RAMSES38_PAK20-28.XL,combat operation,1,0,1,2,1,0,0,0,0,0,0,0,0,0,0,0,0,0,0,0,0,0,0,0,0,0,0,0,0,0,0,0,0,0,0,0,0,0,0,0,0,0,0,-1,0,0,0,0,0,0,1,0,0,1,0,0,0,0,0,0,0,0,0,0,0,0,0,0,0,0,0,0,0,0,0,0,0,0,0,0,0,0,0,0,0,0,0,0,0,0,0,0,0,0,0,0,0,0,0,0,0,0,0,0,0,0,0,0,0,0,0,0,0,0,0,0,0,0,2020/04/30 00:00:00,2020/04/30 00:00:00,2,3,Unknown,0, ,0, ,0, ,0,0,0,0,1,85,Band
71.7533333330001,31.1794444440001,26427,2020/04/29 00:00:00,00:00,2020/04/29 00:00:00,00:00,No,Late,Punjab,39,Exact,PA,453282,RAMSES38_PAK20-28.XL,locust combat operat,1,0,1,2,1,0,0,0,0,0,0,0,0,0,0,0,0,0,0,0,0,0,0,0,0,0,0,0,0,0,0,0,0,0,0,0,0,0,0,0,0,0,0,-1,0,0,0,0,0,0,1,0,0,1,0,0,0,0,0,0,0,0,0,0,0,0,0,0,0,0,0,0,0,0,0,0,0,0,0,0,0,0,0,0,0,0,0,0,0,0,0,0,0,0,0,0,0,0,0,0,0,0,0,0,0,0,0,0,0,0,0,0,0,0,0,0,0,0,2020/04/29 00:00:00,2020/04/29 00:00:00,2,3,Unknown,0, ,0, ,0, ,0,0,0,0,1,85,Band
71.7533333330001,31.1797222220001,26428,2020/04/29 00:00:00,00:00,2020/04/29 00:00:00,00:00,No,Late,Punjab,20,Exact,PA,453297,RAMSES38_PAK20-28.XL,operation done,1,0,1,2,1,0,0,0,0,0,0,0,0,0,0,0,0,0,0,0,0,0,0,0,0,0,0,0,0,0,0,0,0,0,0,0,0,0,0,0,0,0,0,-1,0,0,0,0,1,1,0,0,0,1,0,0,0,0,0,0,0,0,0,0,0,0,0,0,0,0,0,0,0,0,0,0,0,0,0,0,0,0,0,0,0,0,0,0,0,0,0,0,0,0,0,0,0,0,0,0,0,0,0,0,0,0,0,0,0,0,0,0,0,0,0,0,0,0,1899/12/30 00:00:00,1899/12/30 00:00:00,0,0, ,0, ,0, ,0, ,0,0,0,0,0,0,Band
71.9394444440001,31.522777778,26429,2020/04/29 00:00:00,00:00,2020/04/29 00:00:00,00:00,No,Late,Punjab,25,Exact,PA,453299,RAMSES38_PAK20-28.XL,operation continued,1,0,1,2,1,0,0,0,0,0,0,0,0,0,0,0,0,0,0,0,0,0,0,0,0,0,0,0,0,0,0,0,0,0,0,0,0,0,0,0,0,0,0,-1,0,0,0,0,0,0,1,0,0,1,0,0,0,0,0,0,0,0,0,0,0,0,0,0,0,0,0,0,0,0,0,0,0,0,0,0,0,0,0,0,0,0,0,0,0,0,0,0,0,0,0,0,0,0,0,0,0,0,0,0,0,0,0,0,0,0,0,0,0,0,0,0,0,0,2020/04/29 00:00:00,2020/04/29 00:00:00,2,3,Unknown,0, ,0, ,0, ,0,0,0,0,1,85,Band
69.390833333,28.3844444440001,26430,2020/04/25 00:00:00,00:00,2020/04/25 00:00:00,00:00,No,Late,Sindh,400,Exact,PA,450002,RAMSES38_PAK20-25.XL,Treated 300 hac surv,1,0,1,2,1,0,0,0,0,0,0,0,0,0,0,0,0,0,0,0,0,0,0,0,0,0,0,0,0,0,0,0,0,0,0,0,0,0,0,0,0,0,0,-1,0,0,0,0,0,1,1,0,0,1,0,0,0,0,0,0,0,0,0,0,0,0,0,0,0,1,0,0,-1,0,0,0,0,0,0,0,0,0,0,0,0,0,0,1,0,0,0,0,0,0,0,0,0,0,0,0,0,0,0,0,0,0,0,0,0,0,0,0,0,0,0,0,0,0,2020/04/25 00:00:00,2020/04/25 00:00:00,2,3,Unknown,0, ,0, ,0, ,0,0,0,0,1,85,Band
71.7536111110001,31.1794444440001,26431,2020/04/29 00:00:00,00:00,2020/04/29 00:00:00,00:00,No,Late,Punjab,100,Exact,PA,453322,RAMSES38_PAK20-28.XL,locust combat operat,1,0,1,2,1,0,0,0,0,0,0,0,0,0,0,0,0,0,0,0,0,0,0,0,0,0,0,0,0,0,0,0,0,0,0,0,0,0,0,0,0,0,0,-1,0,0,0,0,0,1,0,0,0,1,0,0,0,0,0,0,0,0,0,0,0,0,0,0,0,0,0,0,0,0,0,0,0,0,0,0,0,0,0,0,0,0,0,0,0,0,0,0,0,0,0,0,0,0,0,0,0,0,0,0,0,0,0,0,0,0,0,0,0,0,0,0,0,0,2020/04/29 00:00:00,2020/04/29 00:00:00,2,3,Unknown,0, ,0, ,0, ,0,0,0,0,1,85,Band
71.7486111110001,31.1805555560001,26432,2020/04/29 00:00:00,00:00,2020/04/29 00:00:00,00:00,No,Late,Punjab,15,Exact,PA,453343,RAMSES38_PAK20-28.XL,will be start after,1,0,1,2,1,0,0,0,0,0,0,0,0,0,0,0,0,0,0,0,0,0,0,0,0,0,0,0,0,0,0,0,0,0,0,0,0,0,0,0,0,0,0,-1,0,0,0,0,0,0,1,0,0,1,0,0,0,0,0,0,0,0,0,0,0,0,0,0,0,0,0,0,0,0,0,0,0,0,0,0,0,0,0,0,0,0,0,0,0,0,0,0,0,0,0,0,0,0,0,0,0,0,0,0,0,0,0,0,0,0,0,0,0,0,0,0,0,0,1899/12/30 00:00:00,1899/12/30 00:00:00,0,0, ,0, ,0, ,0, ,0,0,0,0,0,0,Band
48.6858333330001,27.584166667,26433,2020/04/16 00:00:00,09:30,2020/04/16 00:00:00,09:30,No,Middle,E. Nairia,100,Exact,SA,448066,RAMSES38_SAU20-21.XL, ,1,0,1,2,1,0,0,0,0,0,0,0,0,0,0,0,0,0,0,0,0,0,0,0,0,0,0,0,0,0,0,0,0,0,0,0,0,0,0,1,0,0,100,-1,0,0,0,1,0,0,0,0,0,0,0,0,1,0.00019999999,0.00019999999,1,0,0,0,0,0,0,0,0,0,0,0,0,0,0,0,0,0,0,0,0,0,0,0,0,0,0,0,0,0,0,0,0,0,0,0,0,0,0,0,0,0,0,0,0,0,0,0,0,0,0,0,0,0,0,0,0,0,0,1899/12/30 00:00:00,1899/12/30 00:00:00,0,0, ,0, ,0, ,0, ,0,0,0,0,0,0,Band
49.631666667,26.511666667,26434,2020/04/16 00:00:00,08:17,2020/04/16 00:00:00,08:17,No,Middle,Al damam,500,Exact,SA,448067,RAMSES38_SAU20-21.XL, ,1,0,1,2,1,0,0,0,0,0,0,0,0,0,0,0,0,0,0,0,0,0,0,0,0,0,0,0,0,0,0,0,0,0,0,0,0,0,0,1,0,0,0,-1,0,0,0,0,0,1,0,0,0,0,0,1,0,0.0099999998,0.0099999998,0,1,0,0,0,0,0,0,0,0,0,0,0,0,0,0,0,0,0,0,0,0,0,0,0,0,0,0,0,0,0,0,0,0,0,0,0,0,0,0,0,0,0,0,0,0,0,0,0,0,0,0,0,0,0,0,0,0,0,1899/12/30 00:00:00,1899/12/30 00:00:00,0,0, ,0, ,0, ,0, ,0,0,0,0,0,0,Band
49.631666667,26.511666667,26435,2020/04/16 00:00:00,09:03,2020/04/16 00:00:00,09:03,No,Middle,Al damam,600,Exact,SA,448069,RAMSES38_SAU20-21.XL, ,1,0,1,2,1,0,0,0,0,0,0,0,0,0,0,0,0,0,0,0,0,0,0,0,0,0,0,0,0,0,0,0,0,0,0,0,0,0,0,1,0,0,3,-1,0,0,0,0,0,1,0,0,0,0,0,1,0,0.0099999998,0.0099999998,0,1,0,0,0,0,0,0,0,0,0,0,0,0,0,0,0,0,0,0,0,0,0,0,0,0,0,0,0,0,0,0,0,0,0,0,0,0,0,0,0,0,0,0,0,0,0,0,0,0,0,0,0,0,0,0,0,0,0,1899/12/30 00:00:00,1899/12/30 00:00:00,0,0, ,0, ,0, ,0, ,0,0,0,0,0,0,Band
49.631666667,26.511666667,26436,2020/04/16 00:00:00,10:18,2020/04/16 00:00:00,10:18,No,Middle,Al damam,500,Exact,SA,448072,RAMSES38_SAU20-21.XL, ,1,0,1,2,1,0,0,0,0,0,0,0,0,0,0,0,0,0,0,0,0,0,0,0,0,0,0,0,0,0,0,0,0,0,0,0,0,0,0,0,1,0,6,-1,0,0,0,0,0,1,0,0,0,0,0,1,0,0.0099999998,0.0099999998,0,1,0,0,0,0,0,0,0,0,0,0,0,0,0,0,0,0,0,0,0,0,0,0,0,0,0,0,0,0,0,0,0,0,0,0,0,0,0,0,0,0,0,0,0,0,0,0,0,0,0,0,0,0,0,0,0,0,0,1899/12/30 00:00:00,1899/12/30 00:00:00,0,0, ,0, ,0, ,0, ,0,0,0,0,0,0,Band
49.6919444440001,26.4841666670001,26437,2020/04/17 00:00:00,10:26,2020/04/17 00:00:00,10:26,No,Middle,Dammam AIRPORT,400,Exact,SA,448077,RAMSES38_SAU20-21.XL, ,1,0,1,2,1,0,0,0,0,0,0,0,0,0,0,0,0,0,0,0,0,0,0,0,0,0,0,0,0,0,0,0,0,0,0,0,0,0,0,1,0,0,7,-1,0,0,0,1,3,0,0,0,0,0,0,1,0,0.0099999998,0.0099999998,0,1,0,0,0,0,0,0,0,0,0,0,0,0,0,0,0,0,0,0,0,0,0,0,0,0,0,0,0,0,0,0,0,0,0,0,0,0,0,0,0,0,0,0,0,0,0,0,0,0,0,0,0,0,0,0,0,0,0,2020/04/17 00:00:00,2020/04/17 00:00:00,2,2,Malathion,1,ha,200,l,200,ha,0,1,0,0,0,95,Band
41.148611111,28.495,26438,2020/04/17 00:00:00,17:17,2020/04/17 00:00:00,17:17,No,Middle,alnfod,800,Exact,SA,448078,RAMSES38_SAU20-21.XL, ,1,0,1,2,1,0,0,0,0,0,0,0,0,0,0,0,0,0,0,0,0,0,0,0,0,0,0,0,0,0,0,0,0,0,0,0,0,0,0,1,0,0,6,-1,0,0,1,3,0,0,0,0,0,0,0,0,1,0.0099999998,0.0099999998,0,1,0,0,0,0,0,0,0,0,0,0,0,0,0,0,0,0,0,0,0,0,0,0,0,0,0,0,0,0,0,0,0,0,0,0,0,0,0,0,0,0,0,0,0,0,0,0,0,0,0,0,0,0,0,0,0,0,0,2020/04/17 00:00:00,2020/04/17 00:00:00,2,2,Lambdacyhalothrin,1,ha,20,l,20,ha,0,1,0,0,0,95,Band
48.637222222,26.711666667,26439,2020/04/18 00:00:00,09:42,2020/04/18 00:00:00,09:42,No,Middle,Al Aqir,300,Exact,SA,448079,RAMSES38_SAU20-21.XL, ,1,0,1,2,1,0,0,0,0,0,0,0,0,0,0,0,0,0,0,0,0,0,0,0,0,0,0,0,0,0,0,0,0,0,0,0,0,0,0,1,0,0,25,-1,0,0,0,0,1,0,0,0,0,0,0,1,0,1,1,0,0,1,0,0,0,0,0,0,0,0,0,0,0,0,0,0,0,0,0,0,0,0,0,0,0,0,0,0,0,0,0,0,0,0,0,0,0,0,0,0,0,0,0,0,0,0,0,0,0,0,0,0,0,0,0,0,0,0,2020/04/18 00:00:00,2020/04/18 00:00:00,2,2,Deltamethrin,0.5,ha,40,l,40,ha,0,1,0,0,0,85,Band
71.7397222220001,31.1844444440001,26440,2020/04/24 00:00:00,00:00,2020/04/24 00:00:00,00:00,No,Late,Punjab,50,Exact,PA,450022,RAMSES38_PAK20-25.XL,combat opraition,1,0,1,2,1,0,0,0,0,0,0,0,0,0,0,0,0,0,0,0,0,0,0,0,0,0,0,0,0,0,0,0,0,0,0,0,0,0,0,0,0,0,0,-1,0,0,0,0,0,1,0,0,0,1,0,0,0,0,0,0,0,0,0,0,0,0,0,0,0,0,0,0,0,0,0,0,0,0,0,0,0,0,0,0,0,0,0,0,0,0,0,0,0,0,0,0,0,0,0,0,0,0,0,0,0,0,0,0,0,0,0,0,0,0,0,0,0,0,2020/04/24 00:00:00,2020/04/24 00:00:00,2,3,Unknown,0, ,0, ,0, ,0,0,0,0,1,85,Band
71.74,31.1847222220001,26441,2020/04/24 00:00:00,00:00,2020/04/24 00:00:00,00:00,No,Late,Punjab,70,Exact,PA,450023,RAMSES38_PAK20-25.XL,combat opraition,1,0,1,2,1,0,0,0,0,0,0,0,0,0,0,0,0,0,0,0,0,0,0,0,0,0,0,0,0,0,0,0,0,0,0,0,0,0,0,0,0,0,0,-1,0,0,0,0,0,1,0,0,0,1,0,0,0,0,0,0,0,0,0,0,0,0,0,0,0,0,0,0,0,0,0,0,0,0,0,0,0,0,0,0,0,0,0,0,0,0,0,0,0,0,0,0,0,0,0,0,0,0,0,0,0,0,0,0,0,0,0,0,0,0,0,0,0,0,2020/04/24 00:00:00,2020/04/24 00:00:00,2,3,Unknown,0, ,0, ,0, ,0,0,0,0,1,85,Band
37.2308333330001,1.95861111100004,26442,2020/04/27 00:00:00,00:00,2020/04/27 00:00:00,00:00,No,Late,Marsabit,50,Exact,KE,450518,RAMSES38_KEN20-55.XL,heavily destroyed th,1,0,1,2,1,0,0,0,0,0,0,0,0,0,0,0,0,0,0,0,0,0,0,0,0,0,0,0,0,0,0,0,0,0,0,0,0,0,0,0,0,0,0,-1,0,0,0,0,0,0,0,0,0,1,0,0,0,0,0,0,0,0,0,0,0,0,0,0,0,0,0,0,0,0,0,0,0,0,0,0,0,0,0,0,0,0,0,0,0,0,0,0,0,0,0,0,0,0,0,0,0,0,0,0,0,0,0,0,0,0,0,0,0,0,0,0,0,0,1899/12/30 00:00:00,1899/12/30 00:00:00,0,0, ,0, ,0, ,0, ,0,0,0,0,0,0,Band
37.5491666670001,0.452777778000041,26443,2020/04/27 00:00:00,00:00,2020/04/27 00:00:00,00:00,No,Late,Isiolo County,15000,Exact,KE,450537,RAMSES38_KEN20-55.XL,few specimen found b,1,0,1,2,1,0,0,0,0,0,0,0,0,0,0,0,0,0,0,0,0,0,0,0,0,0,0,0,0,0,0,0,0,0,0,0,0,0,0,0,0,0,0,-1,0,0,1,0,0,0,0,0,0,0,0,0,0,0,0,0,0,0,0,0,0,0,0,0,0,0,0,0,0,0,0,0,0,0,0,0,0,0,0,0,0,0,0,0,0,0,0,0,0,0,0,0,0,0,0,0,0,0,0,0,0,0,0,0,0,0,0,0,0,0,0,0,0,0,1899/12/30 00:00:00,1899/12/30 00:00:00,0,0, ,0, ,0, ,0, ,0,0,0,0,0,0,Band
49.633888889,26.518888889,26445,2020/04/18 00:00:00,10:15,2020/04/18 00:00:00,10:15,No,Middle,Al damam,600,Exact,SA,448080,RAMSES38_SAU20-21.XL, ,1,0,1,2,1,0,0,0,0,0,0,0,0,0,0,0,0,0,0,0,0,0,0,0,0,0,0,0,0,0,0,0,0,0,0,0,0,0,0,0,1,0,12,-1,0,1,0,0,0,3,0,0,3,0,0,1,0,0.0099999998,0.0099999998,0,1,0,0,0,0,0,0,0,0,0,0,0,0,0,0,0,0,0,0,0,0,0,0,0,0,0,0,0,0,0,0,0,0,0,0,0,0,0,0,0,0,0,0,0,0,0,0,0,0,0,0,0,0,0,0,0,0,0,2020/04/18 00:00:00,2020/04/18 00:00:00,2,2,Deltamethrin,1,ha,200,l,200,ha,0,1,0,0,0,85,Band
49.6994444440001,26.4922222220001,26446,2020/04/18 00:00:00,10:58,2020/04/18 00:00:00,10:58,No,Middle,Al damam,500,Exact,SA,448081,RAMSES38_SAU20-21.XL, ,1,0,1,2,1,0,0,0,0,0,0,0,0,0,0,0,0,0,0,0,0,0,0,0,0,0,0,0,0,0,0,0,0,0,0,0,0,0,0,1,0,0,8,-1,0,1,0,0,0,3,0,0,3,0,1,0,0,0.0099999998,0.0099999998,0,1,0,0,0,0,0,0,0,0,0,0,0,0,0,0,0,0,0,0,0,0,0,0,0,0,0,0,0,0,0,0,0,0,0,0,0,0,0,0,0,0,0,0,0,0,0,0,0,0,0,0,0,0,0,0,0,0,0,2020/04/18 00:00:00,2020/04/18 00:00:00,2,2,Deltamethrin,1,ha,100,l,100,ha,0,1,0,0,0,85,Band
48.6625,26.700555556,26447,2020/04/18 00:00:00,13:26,2020/04/18 00:00:00,13:26,No,Middle,Al Aqir,500,Exact,SA,448090,RAMSES38_SAU20-21.XL, ,1,0,1,2,1,0,0,0,0,0,0,0,0,0,0,0,0,0,0,0,0,0,0,0,0,0,0,0,0,0,0,0,0,0,0,0,0,0,0,1,0,0,75,-1,0,0,0,1,3,1,0,0,0,0,0,0,1,1,1,0,0,1,0,0,0,0,0,0,0,0,0,0,0,0,0,0,0,0,0,0,0,0,0,0,0,0,0,0,0,0,0,0,0,0,0,0,0,0,0,0,0,0,0,0,0,0,0,0,0,0,0,0,0,0,0,0,0,0,2020/04/18 00:00:00,2020/04/18 00:00:00,2,2,Lambdacyhalothrin,1,ha,100,l,100,ha,0,1,0,0,0,95,Band
46.8669444440001,22.096388889,26448,2020/04/19 00:00:00,08:59,2020/04/19 00:00:00,08:59,No,Middle,SOADAN,400,Exact,SA,448095,RAMSES38_SAU20-21.XL, ,1,0,1,2,1,0,0,0,0,0,0,0,0,0,0,0,0,0,0,0,0,0,0,0,0,0,0,0,0,0,0,0,0,0,0,0,0,0,0,1,0,0,0,-1,0,0,0,3,1,0,0,0,0,0,0,0,1,1,1,0,0,1,0,0,0,0,0,0,0,0,0,0,0,0,0,0,0,0,0,0,0,0,0,0,0,0,0,0,0,0,0,0,0,0,0,0,0,0,0,0,0,0,0,0,0,0,0,0,0,0,0,0,0,0,0,0,0,0,1899/12/30 00:00:00,1899/12/30 00:00:00,0,0, ,0, ,0, ,0, ,0,0,0,0,0,0,Band
46.9361111110001,22.1230555560001,26449,2020/04/19 00:00:00,09:53,2020/04/19 00:00:00,09:53,No,Middle,ALSAH,300,Exact,SA,448097,RAMSES38_SAU20-21.XL, ,1,0,1,2,1,0,0,0,0,0,0,0,0,0,0,0,0,0,0,0,0,0,0,0,0,0,0,0,0,0,0,0,0,0,0,0,0,0,0,1,0,0,0,-1,0,0,0,3,1,0,0,0,0,0,0,0,1,2,2,0,0,1,0,0,0,0,0,0,0,0,0,0,0,0,0,0,0,0,0,0,0,0,0,0,0,0,0,0,0,0,0,0,0,0,0,0,0,0,0,0,0,0,0,0,0,0,0,0,0,0,0,0,0,0,0,0,0,0,1899/12/30 00:00:00,1899/12/30 00:00:00,0,0, ,0, ,0, ,0, ,0,0,0,0,0,0,Band
49.710555556,26.4980555560001,26450,2020/04/19 00:00:00,11:26,2020/04/19 00:00:00,11:26,No,Middle,Al damam,600,Exact,SA,448098,RAMSES38_SAU20-21.XL, ,1,0,1,2,1,0,0,0,0,0,0,0,0,0,0,0,0,0,0,0,0,0,0,0,0,0,0,0,0,0,0,0,0,0,0,0,0,0,0,0,1,0,10,-1,0,1,0,0,0,3,0,0,3,0,0,1,0,0.0099999998,0.0099999998,0,1,0,0,0,0,0,0,0,0,0,0,0,0,0,0,0,0,0,0,0,0,0,0,0,0,0,0,0,0,0,0,0,0,0,0,0,0,0,0,0,0,0,0,0,0,0,0,0,0,0,0,0,0,0,0,0,0,0,2020/04/19 00:00:00,2020/04/19 00:00:00,2,2,Deltamethrin,1,ha,400,l,400,ha,0,1,0,0,0,95,Band
49.711944444,26.508888889,26451,2020/04/19 00:00:00,11:43,2020/04/19 00:00:00,11:43,No,Middle,Al damam,600,Exact,SA,448099,RAMSES38_SAU20-21.XL, ,1,0,1,2,1,0,0,0,0,0,0,0,0,0,0,0,0,0,0,0,0,0,0,0,0,0,0,0,0,0,0,0,0,0,0,0,0,0,0,0,1,0,0,-1,0,1,0,0,0,3,0,0,3,0,0,1,0,0.0099999998,0.0099999998,0,1,0,0,0,0,0,0,0,0,0,0,0,0,0,0,0,0,0,0,0,0,0,0,0,0,0,0,0,0,0,0,0,0,0,0,0,0,0,0,0,0,0,0,0,0,0,0,0,0,0,0,0,0,0,0,0,0,0,2020/04/19 00:00:00,2020/04/19 00:00:00,2,2,Deltamethrin,1,ha,370,l,370,ha,0,1,0,0,0,95,Band
48.6947222220001,27.579444444,26452,2020/04/19 00:00:00,11:54,2020/04/19 00:00:00,11:54,No,Middle,E. Nairia,400,Exact,SA,448100,RAMSES38_SAU20-21.XL, ,1,0,1,2,1,0,0,0,0,0,0,0,0,0,0,0,0,0,0,0,0,0,0,0,0,0,0,0,0,0,0,0,0,0,0,0,0,0,0,1,0,0,100,-1,0,0,0,1,3,0,0,0,0,0,0,0,1,0.02,0.02,0,1,0,0,0,0,0,0,0,0,0,0,0,0,0,0,0,0,0,0,0,0,0,0,0,0,0,0,0,0,0,0,0,0,0,0,0,0,0,0,0,0,0,0,0,0,0,0,0,0,0,0,0,0,0,0,0,0,0,2020/04/19 00:00:00,2020/04/19 00:00:00,2,2,Lambdacyhalothrin,1,ha,180,l,180,ha,0,1,0,0,0,95,Band
41.6727777780001,28.6319444440001,26453,2020/04/19 00:00:00,14:35,2020/04/19 00:00:00,14:35,No,Middle,alnfod,700,Exact,SA,448101,RAMSES38_SAU20-21.XL, ,1,0,1,2,1,0,0,0,0,0,0,0,0,0,0,0,0,0,0,0,0,0,0,0,0,0,0,0,0,0,0,0,0,0,0,0,0,0,0,1,0,0,30,-1,0,0,0,3,1,0,0,0,0,0,0,0,1,0.0049999999,0.0049999999,0,1,0,0,0,0,0,0,0,0,0,0,0,0,0,0,0,0,0,0,0,0,0,0,0,0,0,0,0,0,0,0,0,0,0,0,0,0,0,0,0,0,0,0,0,0,0,0,0,0,0,0,0,0,0,0,0,0,0,2020/04/19 00:00:00,2020/04/19 00:00:00,2,2,Deltamethrin,1,ha,20,l,20,ha,0,1,0,0,0,90,Band
41.656666667,28.591666667,26454,2020/04/19 00:00:00,15:24,2020/04/19 00:00:00,15:24,No,Middle,alnfod,50,Exact,SA,448102,RAMSES38_SAU20-21.XL, ,1,0,1,2,1,0,0,0,0,0,0,0,0,0,0,0,0,0,0,0,0,0,0,0,0,0,0,0,0,0,0,0,0,0,0,0,0,0,0,1,0,0,14,-1,0,0,0,1,3,0,0,0,0,0,0,0,1,0.0099999998,0.0099999998,0,1,0,0,0,0,0,0,0,0,0,0,0,0,0,0,0,0,0,0,0,0,0,0,0,0,0,0,0,0,0,0,0,0,0,0,0,0,0,0,0,0,0,0,0,0,0,0,0,0,0,0,0,0,0,0,0,0,0,2020/04/19 00:00:00,2020/04/19 00:00:00,2,2,Deltamethrin,1,ha,30,l,30,ha,0,1,0,0,0,90,Band
41.654166667,28.584166667,26455,2020/04/19 00:00:00,15:42,2020/04/19 00:00:00,15:42,No,Middle,alnfod,20,Exact,SA,448103,RAMSES38_SAU20-21.XL, ,1,0,1,2,1,0,0,0,0,0,0,0,0,0,0,0,0,0,0,0,0,0,0,0,0,0,0,0,0,0,0,0,0,0,0,0,0,0,0,1,0,0,0,-1,0,0,0,1,3,0,0,0,0,0,0,0,1,0.0099999998,0.0099999998,0,1,0,0,0,0,0,0,0,0,0,0,0,0,0,0,0,0,0,0,0,0,0,0,0,0,0,0,0,0,0,0,0,0,0,0,0,0,0,0,0,0,0,0,0,0,0,0,0,0,0,0,0,0,0,0,0,0,0,2020/04/19 00:00:00,2020/04/19 00:00:00,2,2,Deltamethrin,1,ha,10,l,10,ha,0,1,0,0,0,85,Band
41.6661111110001,28.567777778,26456,2020/04/19 00:00:00,15:56,2020/04/19 00:00:00,15:56,No,Middle,alnfod,30,Exact,SA,448104,RAMSES38_SAU20-21.XL, ,1,0,1,2,1,0,0,0,0,0,0,0,0,0,0,0,0,0,0,0,0,0,0,0,0,0,0,0,0,0,0,0,0,0,0,0,0,0,0,1,0,0,0,-1,0,0,0,3,1,0,0,0,0,0,0,0,1,1,1,0,0,1,0,0,0,0,0,0,0,0,0,0,0,0,0,0,0,0,0,0,0,0,0,0,0,0,0,0,0,0,0,0,0,0,0,0,0,0,0,0,0,0,0,0,0,0,0,0,0,0,0,0,0,0,0,0,0,0,2020/04/19 00:00:00,2020/04/19 00:00:00,2,2,Deltamethrin,1,ha,10,l,10,ha,0,1,0,0,0,85,Band
41.6769444440001,28.513611111,26457,2020/04/19 00:00:00,16:24,2020/04/19 00:00:00,16:24,No,Middle,alnfod,40,Exact,SA,448105,RAMSES38_SAU20-21.XL, ,1,0,1,2,1,0,0,0,0,0,0,0,0,0,0,0,0,0,0,0,0,0,0,0,0,0,0,0,0,0,0,0,0,0,0,0,0,0,0,1,0,0,8,-1,0,0,0,1,3,0,0,0,0,0,0,0,1,0.0099999998,0.0099999998,0,1,0,0,0,0,0,0,0,0,0,0,0,0,0,0,0,0,0,0,0,0,0,0,0,0,0,0,0,0,0,0,0,0,0,0,0,0,0,0,0,0,0,0,0,0,0,0,0,0,0,0,0,0,0,0,0,0,0,2020/04/19 00:00:00,2020/04/19 00:00:00,2,2,Deltamethrin,1,ha,15,l,15,ha,0,1,0,0,0,85,Band
48.758888889,26.9227777780001,26458,2020/04/19 00:00:00,19:21,2020/04/19 00:00:00,19:21,No,Middle,Al Hina,200,Exact,SA,448106,RAMSES38_SAU20-21.XL, ,1,0,1,2,1,0,0,0,0,0,0,0,0,0,0,0,0,0,0,0,0,0,0,0,0,0,0,0,0,0,0,0,0,0,0,0,0,0,0,1,0,0,50,-1,0,0,0,1,3,1,0,0,0,0,0,0,1,1,1,0,0,1,0,0,0,0,0,0,0,0,0,0,0,0,0,0,0,0,0,0,0,0,0,0,0,0,0,0,0,0,0,0,0,0,0,0,0,0,0,0,0,0,0,0,0,0,0,0,0,0,0,0,0,0,0,0,0,0,2020/04/19 00:00:00,2020/04/19 00:00:00,2,2,Deltamethrin,0.5,ha,40,l,80,ha,0,1,0,0,0,90,Band
49.941666667,26.41,26459,2020/04/18 00:00:00,08:49,2020/04/18 00:00:00,08:49,No,Middle,aldmam,500,Exact,SA,448107,RAMSES38_SAU20-21.XL, ,1,0,1,2,1,0,0,0,0,0,0,0,0,0,0,0,0,0,0,0,0,0,0,0,0,0,0,0,0,0,0,0,0,0,0,0,0,0,0,1,0,0,43,-1,0,0,0,0,3,1,0,0,0,0,0,1,0,0.0099999998,0.0099999998,0,1,0,0,0,0,0,0,0,0,0,0,0,0,0,0,0,0,0,0,0,0,0,0,0,0,0,0,0,0,0,0,0,0,0,0,0,0,0,0,0,0,0,0,0,0,0,0,0,0,0,0,0,0,0,0,0,0,0,2020/04/18 00:00:00,2020/04/18 00:00:00,2,2,Fenitrothion,1,ha,250,l,250,ha,0,1,0,0,0,90,Band
49.8783333330001,26.3633333330001,26460,2020/04/18 00:00:00,09:53,2020/04/18 00:00:00,09:53,No,Middle,aldmam airport,500,Exact,SA,448108,RAMSES38_SAU20-21.XL, ,1,0,1,2,1,0,0,0,0,0,0,0,0,0,0,0,0,0,0,0,0,0,0,0,0,0,0,0,0,0,0,0,0,0,0,0,0,0,0,1,0,0,32,-1,0,0,0,1,3,1,0,0,0,0,0,1,0,2,2,0,0,1,0,0,0,0,0,0,0,0,0,0,0,0,0,0,0,0,0,0,0,0,0,0,0,0,0,0,0,0,0,0,0,0,0,0,0,0,0,0,0,0,0,0,0,0,0,0,0,0,0,0,0,0,0,0,0,0,2020/04/18 00:00:00,2020/04/18 00:00:00,2,2,Fenitrothion,1,ha,200,l,200,ha,0,1,0,0,0,90,Band
47.2225,27.4755555560001,26461,2020/04/18 00:00:00,10:23,2020/04/18 00:00:00,10:23,No,Middle,ALQARIA ALOLIA,300,Exact,SA,448109,RAMSES38_SAU20-21.XL, ,1,0,1,2,1,0,0,0,0,0,0,0,0,0,0,0,0,0,0,0,0,0,0,0,0,0,0,0,0,0,0,0,0,0,0,0,0,0,0,1,0,0,25,-1,0,0,0,0,1,3,0,0,3,0,0,1,0,0.0099999998,0.0099999998,0,1,0,0,0,0,0,0,0,0,0,0,0,0,0,0,0,0,0,0,0,0,0,0,0,0,0,0,0,0,0,0,0,0,0,0,0,0,0,0,0,0,0,0,0,0,0,0,0,0,0,0,0,0,0,0,0,0,0,2020/04/18 00:00:00,2020/04/18 00:00:00,2,2,Fenitrothion,1,ha,170,l,170,ha,0,1,0,0,0,90,Band
49.2397222220001,26.961111111,26462,2020/04/18 00:00:00,11:09,2020/04/18 00:00:00,11:09,No,Middle,ALJUBAL,500,Exact,SA,448110,RAMSES38_SAU20-21.XL, ,1,0,1,2,1,0,0,0,0,0,0,0,0,0,0,0,0,0,0,0,0,0,0,0,0,0,0,0,0,0,0,0,0,0,0,0,0,0,0,1,0,0,30,-1,0,0,0,0,1,3,0,0,3,0,0,1,0,0.0099999998,0.0099999998,0,1,0,0,0,0,0,0,0,0,0,0,0,0,0,0,0,0,0,0,0,0,0,0,0,0,0,0,0,0,0,0,0,0,0,0,0,0,0,0,0,0,0,0,0,0,0,0,0,0,0,0,0,0,0,0,0,0,0,2020/04/18 00:00:00,2020/04/18 00:00:00,2,2,Fenitrothion,1,ha,300,l,300,ha,0,1,0,0,0,90,Band
47.708888889,27.595277778,26463,2020/04/19 00:00:00,08:28,2020/04/19 00:00:00,08:28,No,Middle,ALQARIA ALOLIA,400,Exact,SA,448111,RAMSES38_SAU20-21.XL, ,1,0,1,2,1,0,0,0,0,0,0,0,0,0,0,0,0,0,0,0,0,0,0,0,0,0,0,0,0,0,0,0,0,0,0,0,0,0,0,1,0,0,25,-1,0,0,0,0,3,1,0,0,0,0,0,1,0,1,1,0,0,1,0,0,0,0,0,0,0,0,0,0,0,0,0,0,0,0,0,0,0,0,0,0,0,0,0,0,0,0,0,0,0,0,0,0,0,0,0,0,0,0,0,0,0,0,0,0,0,0,0,0,0,0,0,0,0,0,2020/04/19 00:00:00,2020/04/19 00:00:00,2,2,Fenitrothion,1,ha,200,l,200,ha,0,1,0,0,0,90,Band
49.441666667,26.8761111110001,26464,2020/04/19 00:00:00,09:14,2020/04/19 00:00:00,09:14,No,Middle,W ALDMAM,600,Exact,SA,448112,RAMSES38_SAU20-21.XL, ,1,0,1,2,1,0,0,0,0,0,0,0,0,0,0,0,0,0,0,0,0,0,0,0,0,0,0,0,0,0,0,0,0,0,0,0,0,0,0,1,0,0,25,-1,0,0,0,0,3,1,0,0,0,0,0,1,0,1,1,0,0,1,0,0,0,0,0,0,0,0,0,0,0,0,0,0,0,0,0,0,0,0,0,0,0,0,0,0,0,0,0,0,0,0,0,0,0,0,0,0,0,0,0,0,0,0,0,0,0,0,0,0,0,0,0,0,0,0,2020/04/19 00:00:00,2020/04/19 00:00:00,2,2,Fenitrothion,1,ha,180,l,180,ha,0,1,0,0,0,90,Band
49.8588888890001,26.191666667,26465,2020/04/19 00:00:00,11:03,2020/04/19 00:00:00,11:03,No,Middle,S ALDMAM,400,Exact,SA,448113,RAMSES38_SAU20-21.XL, ,1,0,1,2,1,0,0,0,0,0,0,0,0,0,0,0,0,0,0,0,0,0,0,0,0,0,0,0,0,0,0,0,0,0,0,0,0,0,0,1,0,0,25,-1,0,0,0,0,1,3,0,0,3,0,0,1,0,0.0099999998,0.0099999998,0,1,0,0,0,0,0,0,0,0,0,0,0,0,0,0,0,0,0,0,0,0,0,0,0,0,0,0,0,0,0,0,0,0,0,0,0,0,0,0,0,0,0,0,0,0,0,0,0,0,0,0,0,0,0,0,0,0,0,2020/04/19 00:00:00,2020/04/19 00:00:00,2,2,Fenitrothion,1,ha,150,l,150,ha,0,1,0,0,0,90,Band
49.5952777780001,26.661111111,26466,2020/04/20 00:00:00,02:15,2020/04/20 00:00:00,02:15,No,Middle,ALKATEF,500,Exact,SA,448114,RAMSES38_SAU20-21.XL, ,1,0,1,2,1,0,0,0,0,0,0,0,0,0,0,0,0,0,0,0,0,0,0,0,0,0,0,0,0,0,0,0,0,0,0,0,0,0,0,1,0,0,40,-1,0,0,0,0,1,3,0,0,3,0,0,1,0,0.0049999999,0.0049999999,0,1,0,0,0,0,0,0,0,0,0,0,0,0,0,0,0,0,0,0,0,0,0,0,0,0,0,0,0,0,0,0,0,0,0,0,0,0,0,0,0,0,0,0,0,0,0,0,0,0,0,0,0,0,0,0,0,0,0,2020/04/20 00:00:00,2020/04/20 00:00:00,2,2,Fenitrothion,1,ha,140,l,140,ha,0,1,0,0,0,90,Band
49.375,24.708888889,26467,2020/04/20 00:00:00,02:39,2020/04/20 00:00:00,02:39,No,Middle,FADEALAH,300,Exact,SA,448115,RAMSES38_SAU20-21.XL, ,1,0,1,2,1,0,0,0,0,0,0,0,0,0,0,0,0,0,0,0,0,0,0,0,0,0,0,0,0,0,0,0,0,0,0,0,0,0,0,1,0,0,26,-1,0,0,0,0,1,3,0,0,3,0,0,1,0,0.02,0.02,0,1,0,0,0,0,0,0,0,0,0,0,0,0,0,0,0,0,0,0,0,0,0,0,0,0,0,0,0,0,0,0,0,0,0,0,0,0,0,0,0,0,0,0,0,0,0,0,0,0,0,0,0,0,0,0,0,0,0,2020/04/20 00:00:00,2020/04/20 00:00:00,2,2,Fenitrothion,1,ha,230,l,230,ha,0,1,0,0,0,90,Band
48.6425,27.2952777780001,26468,2020/04/20 00:00:00,09:31,2020/04/20 00:00:00,09:31,No,Middle,MLEAGAH,300,Exact,SA,448116,RAMSES38_SAU20-21.XL, ,1,0,1,2,1,0,0,0,0,0,0,0,0,0,0,0,0,0,0,0,0,0,0,0,0,0,0,0,0,0,0,0,0,0,0,0,0,0,0,1,0,0,34,-1,0,0,0,0,3,1,0,0,0,0,0,1,0,0.02,0.02,0,1,0,0,0,0,0,0,0,0,0,0,0,0,0,0,0,0,0,0,0,0,0,0,0,0,0,0,0,0,0,0,0,0,0,0,0,0,0,0,0,0,0,0,0,0,0,0,0,0,0,0,0,0,0,0,0,0,0,2020/04/20 00:00:00,2020/04/20 00:00:00,2,2,Fenitrothion,1,ha,150,l,150,ha,0,1,0,0,0,90,Band
49.523333333,26.022222222,26469,2020/04/20 00:00:00,10:07,2020/04/20 00:00:00,10:07,No,Middle,BQEAQ,400,Exact,SA,448117,RAMSES38_SAU20-21.XL, ,1,0,1,2,1,0,0,0,0,0,0,0,0,0,0,0,0,0,0,0,0,0,0,0,0,0,0,0,0,0,0,0,0,0,0,0,0,0,0,1,0,0,35,-1,0,0,0,0,1,3,0,0,3,0,0,1,0,1,1,0,0,1,0,0,0,0,0,0,0,0,0,0,0,0,0,0,0,0,0,0,0,0,0,0,0,0,0,0,0,0,0,0,0,0,0,0,0,0,0,0,0,0,0,0,0,0,0,0,0,0,0,0,0,0,0,0,0,0,2020/04/20 00:00:00,2020/04/20 00:00:00,2,2,Fenitrothion,1,ha,200,l,200,ha,0,1,0,0,0,90,Band
48.895833333,26.9786111110001,26470,2020/04/20 00:00:00,09:55,2020/04/20 00:00:00,09:55,No,Middle,Hanidh,500,Exact,SA,448118,RAMSES38_SAU20-21.XL, ,1,0,1,2,1,0,0,0,0,0,0,0,0,0,0,0,0,0,0,0,0,0,0,0,0,0,0,0,0,0,0,0,0,0,0,0,0,0,1,0,0,0,70,-1,0,0,0,0,3,1,0,0,0,0,0,1,0,1,1,0,0,1,0,0,0,0,0,0,0,0,0,0,0,0,0,0,0,0,0,0,0,0,0,0,0,0,0,0,0,0,0,0,0,0,0,0,0,0,0,0,0,0,0,0,0,0,0,0,0,0,0,0,0,0,0,0,0,0,2020/04/20 00:00:00,2020/04/20 00:00:00,2,2,Deltamethrin,0.5,ha,100,l,100,ha,0,1,0,0,0,90,Band
48.834166667,26.713888889,26471,2020/04/20 00:00:00,11:01,2020/04/20 00:00:00,11:01,No,Middle,Thaj,300,Exact,SA,448119,RAMSES38_SAU20-21.XL, ,1,0,1,2,1,0,0,0,0,0,0,0,0,0,0,0,0,0,0,0,0,0,0,0,0,0,0,0,0,0,0,0,0,0,0,0,0,0,0,1,0,0,50,-1,0,0,0,3,1,0,0,0,0,0,0,1,0,0.029999999,0.029999999,0,1,0,0,0,0,0,0,0,0,0,0,0,0,0,0,0,0,0,0,0,0,0,0,0,0,0,0,0,0,0,0,0,0,0,0,0,0,0,0,0,0,0,0,0,0,0,0,0,0,0,0,0,0,0,0,0,0,0,2020/04/20 00:00:00,2020/04/20 00:00:00,2,2,Deltamethrin,0.5,ha,5,l,10,ha,0,1,0,0,0,95,Band
48.2877777780001,26.786944444,26472,2020/04/20 00:00:00,17:04,2020/04/20 00:00:00,17:04,No,Middle,galayab,50,Exact,SA,448123,RAMSES38_SAU20-21.XL, ,1,0,1,2,1,0,0,0,0,0,0,0,0,0,0,0,0,0,0,0,0,0,0,0,0,0,0,0,0,0,0,0,0,0,0,0,0,0,0,0,1,0,20,-1,0,0,1,0,0,0,0,0,0,0,0,0,1,0.02,0.02,0,1,0,0,0,0,0,0,0,0,0,0,0,0,0,0,0,0,0,0,0,0,0,0,0,0,0,0,0,0,0,0,0,0,0,0,0,0,0,0,0,0,0,0,0,0,0,0,0,0,0,0,0,0,0,0,0,0,0,2020/04/20 00:00:00,2020/04/20 00:00:00,2,2,Deltamethrin,0.5,ha,5,l,5,ha,0,1,0,0,0,95,Band
49.836666667,26.2986111110001,26473,2020/04/20 00:00:00,11:34,2020/04/20 00:00:00,11:34,No,Middle,al damam,1000,Exact,SA,448125,RAMSES38_SAU20-21.XL, ,1,0,1,2,1,0,0,0,0,0,0,0,0,0,0,0,0,0,0,0,0,0,0,0,0,0,0,0,0,0,0,0,0,0,0,0,0,0,0,0,1,0,10,-1,0,0,0,0,0,3,1,0,3,0,0,1,0,0.0099999998,0.0099999998,0,1,0,0,0,0,0,0,0,0,0,0,0,0,0,0,0,0,0,0,0,0,0,0,0,0,0,0,0,0,0,0,0,0,0,0,0,0,0,0,0,0,0,0,0,0,0,0,0,0,0,0,0,0,0,0,0,0,0,2020/04/20 00:00:00,2020/04/20 00:00:00,2,2,Deltamethrin,1,ha,350,l,350,ha,0,1,0,0,0,95,Band
42.080277778,6.1325,26474,2020/04/28 00:00:00,00:00,2020/04/28 00:00:00,00:00,No,Late,Somali Region,500,Exact,ET,451981,RAMSES38_ETH20-44.XL, ,1,0,1,2,1,0,0,0,0,0,0,0,0,0,0,0,0,0,0,0,0,0,0,0,0,0,0,0,0,0,0,0,0,0,0,0,0,0,0,0,0,0,0,-1,0,0,1,0,0,0,0,0,0,0,0,0,1,0,0,0,0,0,0,0,0,0,0,0,0,0,0,0,0,0,0,0,0,0,0,0,0,0,0,0,0,0,0,0,0,0,0,0,0,0,0,0,0,0,0,0,0,0,0,0,0,0,0,0,0,0,0,0,0,0,0,0,0,0,2020/04/28 00:00:00,2020/04/28 00:00:00,2,3,Unknown,0, ,0, ,500,ha,0,0,0,0,1,0,Band
37.1,5.15,26475,2020/04/22 00:00:00,07:11,2020/04/22 00:00:00,07:11,No,Late,Wayu wondo,181,Exact,ET,449301,RAMSES38_ETH20-40.XL, ,1,0,1,2,1,0,0,0,0,0,0,0,0,0,0,0,0,0,0,0,0,0,0,0,0,0,0,0,0,0,0,0,0,0,0,0,0,0,0,0,0,0,0,-1,0,0,0,0,0,0,1,0,0,0,0,1,0,0,0,0,0,0,0,0,0,0,0,0,0,0,0,0,0,0,0,0,0,0,0,0,0,0,0,0,0,0,0,0,0,0,0,0,0,0,0,0,0,0,0,0,0,0,0,0,0,0,0,0,0,0,0,0,0,0,0,0,0,0,2020/04/22 00:00:00,2020/04/22 00:00:00,2,3,Chlorpyrifos,1,ha,107,l,107,ha,1,0,0,0,0,0,Band
41.7,9.71666666700003,26476,2020/04/22 00:00:00,07:14,2020/04/22 00:00:00,07:14,No,Late,Kaliso,300,Exact,ET,449302,RAMSES38_ETH20-40.XL, ,1,0,1,2,1,0,0,0,0,0,0,0,0,0,0,0,0,0,0,0,0,0,0,0,0,0,0,0,0,0,0,0,0,0,0,0,0,0,0,0,0,0,0,-1,0,0,0,1,0,0,0,0,0,0,0,0,1,0,0,0,0,0,0,0,0,0,0,0,0,0,0,0,0,0,0,0,0,0,0,0,0,0,0,0,0,0,0,0,0,0,0,0,0,0,0,0,0,0,0,0,0,0,0,0,0,0,0,0,0,0,0,0,0,0,0,0,0,0,2020/04/22 00:00:00,2020/04/22 00:00:00,2,3,Chlorpyrifos,1,ha,100,l,100,ha,0,0,1,0,0,0,Band
41.3666666670001,9.63333333300005,26477,2020/04/23 00:00:00,07:33,2020/04/23 00:00:00,07:33,No,Late,Aseaba,800,Exact,ET,449309,RAMSES38_ETH20-40.XL, ,1,0,1,2,1,0,0,0,0,0,0,0,0,0,0,0,0,0,0,0,0,0,0,0,0,0,0,0,0,0,0,0,0,0,0,0,0,0,0,0,0,0,0,-1,0,0,0,1,0,0,0,0,0,0,0,0,1,0,0,0,0,0,0,0,0,0,0,0,0,0,0,0,0,0,0,0,0,0,0,0,0,0,0,0,0,0,0,0,0,0,0,0,0,0,0,0,0,0,0,0,0,0,0,0,0,0,0,0,0,0,0,0,0,0,0,0,0,0,2020/04/23 00:00:00,2020/04/23 00:00:00,2,3,Chlorpyrifos,1,ha,600,l,600,ha,0,0,1,0,0,0,Band
42.6833333330001,10.4166666670001,26478,2020/04/23 00:00:00,07:38,2020/04/23 00:00:00,07:38,No,Late,Biyo Gurgur,700,Exact,ET,449310,RAMSES38_ETH20-40.XL, ,1,0,1,2,1,0,0,0,0,0,0,0,0,0,0,0,0,0,0,0,0,0,0,0,0,0,0,0,0,0,0,0,0,0,0,0,0,0,0,0,0,0,0,-1,0,0,0,0,1,0,0,0,0,0,0,1,0,0,0,0,0,0,0,0,0,0,0,0,0,0,0,0,0,0,0,0,0,0,0,0,0,0,0,0,0,0,0,0,0,0,0,0,0,0,0,0,0,0,0,0,0,0,0,0,0,0,0,0,0,0,0,0,0,0,0,0,0,0,2020/04/23 00:00:00,2020/04/23 00:00:00,2,3,Chlorpyrifos,1,ha,300,l,300,ha,0,0,1,0,0,0,Band
69.409444444,28.455555556,26479,2020/04/24 00:00:00,00:00,2020/04/24 00:00:00,00:00,No,Late,Sindh,13,Exact,PA,450120,RAMSES38_PAK20-25.XL, ,1,0,1,2,1,0,0,0,0,0,0,0,0,0,0,0,0,0,0,0,0,0,0,0,0,0,0,0,0,0,0,0,0,0,0,0,0,0,0,0,0,0,0,-1,0,0,0,0,0,1,1,0,0,1,0,0,0,0,0,0,0,0,0,0,0,0,0,0,0,0,0,0,-1,0,0,0,0,0,0,0,0,0,0,0,0,0,0,1,0,0,0,0,0,0,0,0,0,0,0,0,0,0,0,0,0,0,0,0,0,0,0,0,0,0,0,0,0,0,2020/04/24 00:00:00,2020/04/24 00:00:00,2,3,Unknown,0, ,0, ,0, ,0,0,0,0,1,85,Band
42.629166667,10.3552777780001,26480,2020/04/28 00:00:00,00:00,2020/04/28 00:00:00,00:00,No,Late,Somali Region,2,Exact,ET,451991,RAMSES38_ETH20-44.XL, ,1,0,1,2,1,0,0,0,0,0,0,0,0,0,0,0,0,0,0,0,0,0,0,0,0,0,0,0,0,0,0,0,0,0,0,0,0,0,0,0,0,0,0,-1,0,0,0,0,1,0,0,0,0,1,0,0,0,0,0,0,0,0,0,0,0,0,0,0,0,0,0,0,0,0,0,0,0,0,0,0,0,0,0,0,0,0,0,0,0,0,0,0,0,0,0,0,0,0,0,0,0,0,0,0,0,0,0,0,0,0,0,0,0,0,0,0,0,0,2020/04/28 00:00:00,2020/04/28 00:00:00,2,3,Unknown,0, ,0, ,2,ha,0,0,0,0,1,0,Band
42.629166667,10.355833333,26481,2020/04/28 00:00:00,00:00,2020/04/28 00:00:00,00:00,No,Late,Somali Region,2,Exact,ET,451997,RAMSES38_ETH20-44.XL, ,1,0,1,2,1,0,0,0,0,0,0,0,0,0,0,0,0,0,0,0,0,0,0,0,0,0,0,0,0,0,0,0,0,0,0,0,0,0,0,0,0,0,0,-1,0,0,0,1,1,0,0,0,0,1,0,0,0,0,0,0,0,0,0,0,0,0,0,0,0,0,0,0,0,0,0,0,0,0,0,0,0,0,0,0,0,0,0,0,0,0,0,0,0,0,0,0,0,0,0,0,0,0,0,0,0,0,0,0,0,0,0,0,0,0,0,0,0,0,1899/12/30 00:00:00,1899/12/30 00:00:00,0,0, ,0, ,0, ,0, ,0,0,0,0,0,0,Band
42.6833333330001,10.3833333330001,26482,2020/04/28 00:00:00,07:36,2020/04/28 00:00:00,07:36,No,Late,Biokobebe,30,Exact,ET,453005,RAMSES38_ETH20-45.XL, ,1,0,1,2,1,0,0,0,0,0,0,0,0,0,0,0,0,0,0,0,0,0,0,0,0,0,0,0,0,0,0,0,0,0,0,0,0,0,0,0,0,0,0,-1,0,0,0,0,1,0,0,0,0,0,0,1,0,0,0,0,0,0,0,0,0,0,0,0,0,0,0,0,0,0,0,0,0,0,0,0,0,0,0,0,0,0,0,0,0,0,0,0,0,0,0,0,0,0,0,0,0,0,0,0,0,0,0,0,0,0,0,0,0,0,0,0,0,0,2020/04/28 00:00:00,2020/04/28 00:00:00,2,3,Chlorpyrifos,1,ha,10,l,10,ha,0,1,0,0,0,0,Band
42.6333333330001,10.316666667,26483,2020/04/28 00:00:00,07:39,2020/04/28 00:00:00,07:39,No,Late,Biyo Gurgur,50,Exact,ET,453006,RAMSES38_ETH20-45.XL, ,1,0,1,2,1,0,0,0,0,0,0,0,0,0,0,0,0,0,0,0,0,0,0,0,0,0,0,0,0,0,0,0,0,0,0,0,0,0,0,0,0,0,0,-1,0,0,0,0,1,0,0,0,0,0,0,1,0,0,0,0,0,0,0,0,0,0,0,0,0,0,0,0,0,0,0,0,0,0,0,0,0,0,0,0,0,0,0,0,0,0,0,0,0,0,0,0,0,0,0,0,0,0,0,0,0,0,0,0,0,0,0,0,0,0,0,0,0,0,2020/04/28 00:00:00,2020/04/28 00:00:00,2,3,Chlorpyrifos,1,ha,15,l,15,ha,0,1,0,0,0,0,Band
42.6166666670001,10.6,26484,2020/04/28 00:00:00,07:43,2020/04/28 00:00:00,07:43,No,Late,Dayer,40,Exact,ET,453007,RAMSES38_ETH20-45.XL, ,1,0,1,2,1,0,0,0,0,0,0,0,0,0,0,0,0,0,0,0,0,0,0,0,0,0,0,0,0,0,0,0,0,0,0,0,0,0,0,0,0,0,0,-1,0,0,0,0,1,0,0,0,0,0,0,1,0,0,0,0,0,0,0,0,0,0,0,0,0,0,0,0,0,0,0,0,0,0,0,0,0,0,0,0,0,0,0,0,0,0,0,0,0,0,0,0,0,0,0,0,0,0,0,0,0,0,0,0,0,0,0,0,0,0,0,0,0,0,2020/04/28 00:00:00,2020/04/28 00:00:00,2,3,Chlorpyrifos,1,ha,15,l,15,ha,0,1,0,0,0,0,Band
42.6666666670001,10.583333333,26485,2020/04/28 00:00:00,07:48,2020/04/28 00:00:00,07:48,No,Late,Aligedi,25,Exact,ET,453008,RAMSES38_ETH20-45.XL, ,1,0,1,2,1,0,0,0,0,0,0,0,0,0,0,0,0,0,0,0,0,0,0,0,0,0,0,0,0,0,0,0,0,0,0,0,0,0,0,0,0,0,0,-1,0,0,0,0,1,0,0,0,0,0,0,1,0,0,0,0,0,0,0,0,0,0,0,0,0,0,0,0,0,0,0,0,0,0,0,0,0,0,0,0,0,0,0,0,0,0,0,0,0,0,0,0,0,0,0,0,0,0,0,0,0,0,0,0,0,0,0,0,0,0,0,0,0,0,2020/04/28 00:00:00,2020/04/28 00:00:00,2,3,Chlorpyrifos,1,ha,10,l,10,ha,0,1,0,0,0,0,Band
41.1666666670001,9.9,26486,2020/04/28 00:00:00,07:51,2020/04/28 00:00:00,07:51,No,Late,Hasibuly,210,Exact,ET,453009,RAMSES38_ETH20-45.XL, ,1,0,1,2,1,0,0,0,0,0,0,0,0,0,0,0,0,0,0,0,0,0,0,0,0,0,0,0,0,0,0,0,0,0,0,0,0,0,0,0,0,0,0,-1,0,0,0,0,1,0,0,0,0,0,0,1,0,0,0,0,0,0,0,0,0,0,0,0,0,0,0,0,0,0,0,0,0,0,0,0,0,0,0,0,0,0,0,0,0,0,0,0,0,0,0,0,0,0,0,0,0,0,0,0,0,0,0,0,0,0,0,0,0,0,0,0,0,0,2020/04/28 00:00:00,2020/04/28 00:00:00,2,3,Chlorpyrifos,1,ha,80,l,80,ha,0,1,0,0,0,0,Band
42.6166666670001,9.8,26487,2020/04/29 00:00:00,07:07,2020/04/29 00:00:00,07:07,No,Late,Dembel zu,230,Exact,ET,453010,RAMSES38_ETH20-45.XL, ,1,0,1,2,1,0,0,0,0,0,0,0,0,0,0,0,0,0,0,0,0,0,0,0,0,0,0,0,0,0,0,0,0,0,0,0,0,0,0,0,0,0,0,-1,0,0,0,0,1,0,0,0,0,0,0,1,0,0,0,0,0,0,0,0,0,0,0,0,0,0,0,0,0,0,0,0,0,0,0,0,0,0,0,0,0,0,0,0,0,0,0,0,0,0,0,0,0,0,0,0,0,0,0,0,0,0,0,0,0,0,0,0,0,0,0,0,0,0,2020/04/29 00:00:00,2020/04/29 00:00:00,2,3,Chlorpyrifos,1,ha,70,l,70,ha,0,1,0,0,0,0,Band
41.3666666670001,9.58333333300004,26488,2020/04/29 00:00:00,07:13,2020/04/29 00:00:00,07:13,No,Late,Asa eba,700,Exact,ET,453012,RAMSES38_ETH20-45.XL, ,1,0,1,2,1,0,0,0,0,0,0,0,0,0,0,0,0,0,0,0,0,0,0,0,0,0,0,0,0,0,0,0,0,0,0,0,0,0,0,0,0,0,0,-1,0,0,0,0,1,0,0,0,0,0,0,1,0,0,0,0,0,0,0,0,0,0,0,0,0,0,0,0,0,0,0,0,0,0,0,0,0,0,0,0,0,0,0,0,0,0,0,0,0,0,0,0,0,0,0,0,0,0,0,0,0,0,0,0,0,0,0,0,0,0,0,0,0,0,2020/04/29 00:00:00,2020/04/29 00:00:00,2,3,Chlorpyrifos,1,ha,400,l,400,ha,0,0,1,0,0,0,Band
38.716666667,4.55,26489,2020/04/29 00:00:00,07:54,2020/04/29 00:00:00,07:54,No,Late,Web,60,Exact,ET,453023,RAMSES38_ETH20-45.XL, ,1,0,1,2,1,0,0,0,0,0,0,0,0,0,0,0,0,0,0,0,0,0,0,0,0,0,0,0,0,0,0,0,0,0,0,0,0,0,0,0,0,0,0,-1,0,0,0,0,1,0,0,0,0,0,0,1,0,0,0,0,0,0,0,0,0,0,0,0,0,0,0,0,0,0,0,0,0,0,0,0,0,0,0,0,0,0,0,0,0,0,0,0,0,0,0,0,0,0,0,0,0,0,0,0,0,0,0,0,0,0,0,0,0,0,0,0,0,0,2020/04/29 00:00:00,2020/04/29 00:00:00,2,3,Other,1, ,47, ,47,ha,1,0,0,0,0,0,Band
42.266666667,9.93333333300006,26490,2020/04/30 00:00:00,07:01,2020/04/30 00:00:00,07:01,No,Late,Gasari,35,Exact,ET,453025,RAMSES38_ETH20-45.XL, ,1,0,1,2,1,0,0,0,0,0,0,0,0,0,0,0,0,0,0,0,0,0,0,0,0,0,0,0,0,0,0,0,0,0,0,0,0,0,0,0,0,0,0,-1,0,0,0,0,1,0,0,0,0,0,0,1,0,0,0,0,0,0,0,0,0,0,0,0,0,0,0,0,0,0,0,0,0,0,0,0,0,0,0,0,0,0,0,0,0,0,0,0,0,0,0,0,0,0,0,0,0,0,0,0,0,0,0,0,0,0,0,0,0,0,0,0,0,0,2020/04/30 00:00:00,2020/04/30 00:00:00,2,3,Chlorpyrifos,1,ha,10,l,10,ha,0,1,0,0,0,0,Band
42.35,9.93333333300006,26491,2020/04/30 00:00:00,07:04,2020/04/30 00:00:00,07:04,No,Late,Kalebed,50,Exact,ET,453026,RAMSES38_ETH20-45.XL, ,1,0,1,2,1,0,0,0,0,0,0,0,0,0,0,0,0,0,0,0,0,0,0,0,0,0,0,0,0,0,0,0,0,0,0,0,0,0,0,0,0,0,0,-1,0,0,0,0,1,0,0,0,0,0,0,1,0,0,0,0,0,0,0,0,0,0,0,0,0,0,0,0,0,0,0,0,0,0,0,0,0,0,0,0,0,0,0,0,0,0,0,0,0,0,0,0,0,0,0,0,0,0,0,0,0,0,0,0,0,0,0,0,0,0,0,0,0,0,2020/04/30 00:00:00,2020/04/30 00:00:00,2,3,Chlorpyrifos,1,ha,20,l,20,ha,0,1,0,0,0,0,Band
42.3833333330001,9.91666666700007,26492,2020/04/30 00:00:00,07:06,2020/04/30 00:00:00,07:06,No,Late,Hadul,90,Exact,ET,453027,RAMSES38_ETH20-45.XL, ,1,0,1,2,1,0,0,0,0,0,0,0,0,0,0,0,0,0,0,0,0,0,0,0,0,0,0,0,0,0,0,0,0,0,0,0,0,0,0,0,0,0,0,-1,0,0,0,0,1,0,0,0,0,0,0,1,0,0,0,0,0,0,0,0,0,0,0,0,0,0,0,0,0,0,0,0,0,0,0,0,0,0,0,0,0,0,0,0,0,0,0,0,0,0,0,0,0,0,0,0,0,0,0,0,0,0,0,0,0,0,0,0,0,0,0,0,0,0,2020/04/30 00:00:00,2020/04/30 00:00:00,2,3,Chlorpyrifos,1,ha,25,l,25,ha,0,1,0,0,0,0,Band
42.6166666670001,9.83333333300004,26493,2020/04/30 00:00:00,07:10,2020/04/30 00:00:00,07:10,No,Late,Golole,150,Exact,ET,453028,RAMSES38_ETH20-45.XL, ,1,0,1,2,1,0,0,0,0,0,0,0,0,0,0,0,0,0,0,0,0,0,0,0,0,0,0,0,0,0,0,0,0,0,0,0,0,0,0,0,0,0,0,-1,0,0,0,0,1,0,0,0,0,0,0,1,0,0,0,0,0,0,0,0,0,0,0,0,0,0,0,0,0,0,0,0,0,0,0,0,0,0,0,0,0,0,0,0,0,0,0,0,0,0,0,0,0,0,0,0,0,0,0,0,0,0,0,0,0,0,0,0,0,0,0,0,0,0,2020/04/30 00:00:00,2020/04/30 00:00:00,2,3,Chlorpyrifos,1,ha,35,l,35,ha,0,1,0,0,0,0,Band
37.05,5.11666666700006,26494,2020/04/30 00:00:00,07:13,2020/04/30 00:00:00,07:13,No,Late,Wondo wa,222,Exact,ET,453029,RAMSES38_ETH20-45.XL, ,1,0,1,2,1,0,0,0,0,0,0,0,0,0,0,0,0,0,0,0,0,0,0,0,0,0,0,0,0,0,0,0,0,0,0,0,0,0,0,0,0,0,0,-1,0,0,0,0,0,0,0,0,1,0,0,0,0,0,0,0,0,0,0,0,0,0,0,0,0,0,0,0,0,0,0,0,0,0,0,0,0,0,0,0,0,0,0,0,0,0,0,0,0,0,0,0,0,0,0,0,0,0,0,0,0,0,0,0,0,0,0,0,0,0,0,0,0,0,2020/04/30 00:00:00,2020/04/30 00:00:00,2,3,Chlorpyrifos,1,ha,156,l,156,ha,1,0,0,0,0,0,Band
71.76,31.161111111,26495,2020/04/30 00:00:00,00:00,2020/04/30 00:00:00,00:00,No,Late,Punjab,50,Exact,PA,453035,RAMSES38_PAK20-28.XL, ,1,0,1,2,1,0,0,0,0,0,0,0,0,0,0,0,0,0,0,0,0,0,0,0,0,0,0,0,0,0,0,0,0,0,0,0,0,0,0,0,0,0,0,-1,0,0,0,0,0,1,0,0,0,1,0,0,0,0,0,0,0,0,0,0,0,0,0,0,0,0,0,0,0,0,0,0,0,0,0,0,0,0,0,0,0,0,0,0,0,0,0,0,0,0,0,0,0,0,0,0,0,0,0,0,0,0,0,0,0,0,0,0,0,0,0,0,0,0,2020/04/30 00:00:00,2020/04/30 00:00:00,2,3,Unknown,0, ,0, ,0, ,0,0,0,0,1,85,Band
71.76,31.1752777780001,26496,2020/04/30 00:00:00,00:00,2020/04/30 00:00:00,00:00,No,Late,Punjab,50,Exact,PA,453036,RAMSES38_PAK20-28.XL, ,1,0,1,2,1,0,0,0,0,0,0,0,0,0,0,0,0,0,0,0,0,0,0,0,0,0,0,0,0,0,0,0,0,0,0,0,0,0,0,0,0,0,0,-1,0,0,0,0,0,1,0,0,0,1,0,0,0,0,0,0,0,0,0,0,0,0,0,0,0,0,0,0,0,0,0,0,0,0,0,0,0,0,0,0,0,0,0,0,0,0,0,0,0,0,0,0,0,0,0,0,0,0,0,0,0,0,0,0,0,0,0,0,0,0,0,0,0,0,1899/12/30 00:00:00,1899/12/30 00:00:00,0,0, ,0, ,0, ,0, ,0,0,0,0,0,0,Band
69.887222222,28.716666667,26497,2020/04/24 00:00:00,00:00,2020/04/24 00:00:00,00:00,No,Late,Punjab,250,Exact,PA,450183,RAMSES38_PAK20-25.XL,M.Talha Sheikh,1,0,1,2,1,0,0,0,0,0,0,0,0,0,0,0,0,0,0,0,0,0,0,0,0,0,0,0,0,0,0,0,0,0,0,0,0,0,0,0,0,0,0,-1,0,0,0,0,1,1,0,0,0,1,0,0,0,0,0,0,0,0,0,0,0,0,0,0,0,0,0,0,0,0,0,0,0,0,0,0,0,0,0,0,0,0,0,0,0,0,0,0,0,0,0,0,0,0,0,0,0,0,0,0,0,0,0,0,0,0,0,0,0,0,0,0,0,0,2020/04/24 00:00:00,2020/04/24 00:00:00,2,3,Unknown,0, ,0, ,0, ,0,0,0,0,1,80,Band
69.8722222220001,28.8686111110001,26498,2020/04/23 00:00:00,00:00,2020/04/23 00:00:00,00:00,No,Late,Punjab,100,Exact,PA,450189,RAMSES38_PAK20-25.XL, ,1,0,1,2,1,0,0,0,0,0,0,0,0,0,0,0,0,0,0,0,0,0,0,0,0,0,0,0,0,0,0,0,0,0,0,0,0,0,0,0,0,0,0,-1,0,0,0,0,1,1,1,0,0,1,0,0,0,0,0,0,0,0,0,0,0,0,0,0,0,0,0,0,0,0,0,0,0,0,0,0,0,0,0,0,0,0,0,0,0,0,0,0,0,0,0,0,0,0,0,0,0,0,0,0,0,0,0,0,0,0,0,0,0,0,0,0,0,0,2020/04/23 00:00:00,2020/04/23 00:00:00,2,3,Unknown,0, ,0, ,0, ,0,0,0,0,1,80,Band
71.7416666670001,31.1830555560001,26499,2020/04/24 00:00:00,00:00,2020/04/24 00:00:00,00:00,No,Late,Punjab,30,Exact,PA,449758,RAMSES38_PAK20-25.XL,combat opraition,1,0,1,2,1,0,0,0,0,0,0,0,0,0,0,0,0,0,0,0,0,0,0,0,0,0,0,0,0,0,0,0,0,0,0,0,0,0,0,0,0,0,0,-1,0,0,0,0,0,1,0,0,0,1,0,0,0,0,0,0,0,0,0,0,0,0,0,0,0,0,0,0,0,0,0,0,0,0,0,0,0,0,0,0,0,0,0,0,0,0,0,0,0,0,0,0,0,0,0,0,0,0,0,0,0,0,0,0,0,0,0,0,0,0,0,0,0,0,2020/04/24 00:00:00,2020/04/24 00:00:00,2,3,Unknown,0, ,0, ,0, ,0,0,0,0,1,85,Band
73.326944444,30.953055556,26500,2020/04/06 00:00:00,00:00,2020/04/06 00:00:00,00:00,No,Early,Punjab,25,Exact,PA,444692,RAMSES38_PAK20-20.XL, ,1,0,1,2,1,0,0,0,0,0,0,0,0,0,0,0,0,0,0,0,0,0,0,0,0,0,0,0,0,0,0,0,0,0,0,0,0,0,0,0,0,0,0,-1,0,0,1,1,1,0,0,0,0,1,0,0,0,0,0,0,0,0,0,0,0,0,0,0,0,0,0,0,0,0,0,0,0,0,0,0,0,0,0,0,0,0,0,0,0,0,0,0,0,0,0,0,0,0,0,0,0,0,0,0,0,0,0,0,0,0,0,0,0,0,0,0,0,0,2020/04/06 00:00:00,2020/04/06 00:00:00,2,1,Unknown,0, ,0, ,0, ,0,0,0,0,1,80,Band
71.9030555560001,31.8772222220001,26501,2020/04/24 00:00:00,00:00,2020/04/24 00:00:00,00:00,No,Late,Punjab,268,Exact,PA,450253,RAMSES38_PAK20-25.XL, ,1,0,1,2,1,0,0,0,0,0,0,0,0,0,0,0,0,0,0,0,0,0,0,0,0,0,0,0,0,0,0,0,0,0,0,0,0,0,0,0,0,0,0,-1,0,0,0,0,1,1,0,0,0,1,0,0,0,0,0,0,0,0,0,0,0,0,0,0,0,0,0,0,0,0,0,0,0,0,0,0,0,0,0,0,0,0,0,0,0,0,0,0,0,0,0,0,0,0,0,0,0,0,0,0,0,0,0,0,0,0,0,0,0,0,0,0,0,0,2020/04/24 00:00:00,2020/04/24 00:00:00,2,3,Unknown,0, ,0, ,0, ,0,0,0,0,1,85,Band
36.765555556,5.31361111100006,26502,2020/04/03 00:00:00,11:14,2020/04/03 00:00:00,11:14,No,Early,Benatsemay shala 5,100,Exact,ET,444026,RAMSES38_ETH20-28.XL,Gregarious appearing,1,0,1,2,1,0,0,0,0,0,0,1,0,0,-1,0,0,0,0,0,0,0,0,0,0,0,0,0,1,0,0,0,1,0,0,0,0,0,0,1,0,0,0,-1,0,0,0,0,0,3,1,0,3,0,0,1,0,0.0099999998,0.0099999998,0,1,0,0,0,0,0,0,0,0,1,0,0,2,1,0,0,0,0,0,0,0,1,0,0,0,0,1,0,0,0,0,0,0,0,0,0,0,0,0,0,0,0,0,0,0,0,0,0,0,0,0,0,0,0,0,0,0,0,1899/12/30 00:00:00,1899/12/30 00:00:00,0,0, ,0, ,0, ,0, ,0,0,0,0,0,0,Band
37.066666667,5.31666666700005,26503,2020/04/02 00:00:00,08:47,2020/04/02 00:00:00,08:47,No,Early,Masoya,20,Exact,ET,443278,RAMSES38_ETH20-24.XL, ,1,0,1,2,1,0,0,0,0,0,0,0,0,0,0,0,0,0,0,0,0,0,0,0,0,0,0,0,0,0,0,0,0,0,0,0,0,0,0,0,0,0,0,-1,0,0,0,0,0,0,1,0,0,0,0,1,0,0,0,0,0,0,0,0,0,0,0,0,0,0,0,0,0,0,0,0,0,0,0,0,0,0,0,0,0,0,0,0,0,0,0,0,0,0,0,0,0,0,0,0,0,0,0,0,0,0,0,0,0,0,0,0,0,0,0,0,0,0,2020/04/02 00:00:00,2020/04/02 00:00:00,2,1,Other,1, ,12, ,12,ha,0,0,0,0,1,0,Band
37.05,5.25,26504,2020/04/02 00:00:00,08:49,2020/04/02 00:00:00,08:49,No,Early,Gelgele,60,Exact,ET,443279,RAMSES38_ETH20-24.XL, ,1,0,1,2,1,0,0,0,0,0,0,0,0,0,0,0,0,0,0,0,0,0,0,0,0,0,0,0,0,0,0,0,0,0,0,0,0,0,0,0,0,0,0,-1,0,0,0,0,0,0,1,0,0,0,0,1,0,0,0,0,0,0,0,0,0,0,0,0,0,0,0,0,0,0,0,0,0,0,0,0,0,0,0,0,0,0,0,0,0,0,0,0,0,0,0,0,0,0,0,0,0,0,0,0,0,0,0,0,0,0,0,0,0,0,0,0,0,0,2020/04/02 00:00:00,2020/04/02 00:00:00,2,1,Other,1, ,16, ,16,ha,0,0,0,0,1,0,Band
36.816666667,5.43333333300006,26505,2020/04/02 00:00:00,07:40,2020/04/02 00:00:00,07:40,No,Early,Luka,500,Exact,ET,443292,RAMSES38_ETH20-24.XL, ,1,0,1,2,1,0,0,0,0,0,0,0,0,0,0,0,0,0,0,0,0,0,0,0,0,0,0,0,0,0,0,0,0,0,0,0,0,0,0,0,0,0,0,-1,0,0,0,0,0,0,1,0,0,0,0,1,0,0,0,0,0,0,0,0,0,0,0,0,0,0,0,0,0,0,0,0,0,0,0,0,0,0,0,0,0,0,0,0,0,0,0,0,0,0,0,0,0,0,0,0,0,0,0,0,0,0,0,0,0,0,0,0,0,0,0,0,0,0,2020/04/02 00:00:00,2020/04/02 00:00:00,2,1,Other,1, ,400, ,400,ha,0,0,1,0,0,0,Band
36.783333333,5.36666666700006,26506,2020/04/02 00:00:00,08:45,2020/04/02 00:00:00,08:45,No,Early,Aymele.,1000,Exact,ET,443293,RAMSES38_ETH20-24.XL, ,1,0,1,2,1,0,0,0,0,0,0,0,0,0,0,0,0,0,0,0,0,0,0,0,0,0,0,0,0,0,0,0,0,0,0,0,0,0,0,0,0,0,0,-1,0,0,0,0,0,0,1,0,0,0,0,1,0,0,0,0,0,0,0,0,0,0,0,0,0,0,0,0,0,0,0,0,0,0,0,0,0,0,0,0,0,0,0,0,0,0,0,0,0,0,0,0,0,0,0,0,0,0,0,0,0,0,0,0,0,0,0,0,0,0,0,0,0,0,2020/04/02 00:00:00,2020/04/02 00:00:00,2,1,Other,1, ,800, ,800,ha,0,0,1,0,0,0,Band
35.2913888890001,2.36611111100007,26507,2020/04/06 00:00:00,00:00,2020/04/06 00:00:00,00:00,No,Early,West Pokot,50,Exact,KE,444096,RAMSES38_KEN20-45.XL, ,1,0,1,2,1,0,0,0,0,0,0,0,0,0,0,0,0,0,0,0,0,0,0,0,0,0,0,0,0,0,0,0,0,0,0,0,0,0,0,0,0,0,0,-1,0,0,0,0,0,1,1,0,0,1,0,0,0,0,0,0,0,0,0,0,0,0,0,0,0,0,0,0,0,0,0,0,0,0,0,0,0,0,0,0,0,0,0,0,0,0,0,0,0,0,0,0,0,0,0,0,0,0,0,0,0,0,0,0,0,0,0,0,0,0,0,0,0,0,1899/12/30 00:00:00,1899/12/30 00:00:00,0,0, ,0, ,0, ,0, ,0,0,0,0,0,0,Band
36.716666667,2.75,26508,2020/04/05 00:00:00,09:00,2020/04/05 00:00:00,09:00,No,Early,Loiyangalani Sprayed,100,Exact,KE,444099,RAMSES38_KEN20-45.XL, ,1,0,1,2,1,0,0,0,0,0,0,0,0,0,0,0,0,0,0,0,0,0,0,0,0,0,0,0,0,0,0,0,0,0,0,0,0,0,0,0,0,0,0,-1,0,0,0,0,0,0,3,0,1,0,0,1,0,0,0,0,0,0,0,0,0,0,0,0,0,0,0,0,0,0,0,0,0,0,0,0,0,0,0,0,0,0,0,0,0,0,0,0,0,0,0,-1,1,0,0,0,0,0,0,1,0,0,0,0,0,0,0,0,0,0,0,0,0,0,1899/12/30 00:00:00,1899/12/30 00:00:00,0,0, ,0, ,0, ,0, ,0,0,0,0,0,0,Band
39.1833333330001,-0.116666666999947,26509,2020/04/06 00:00:00,08:55,2020/04/06 00:00:00,08:55,No,Early,Tana river area Spra,100,Exact,KE,444104,RAMSES38_KEN20-45.XL, ,1,0,1,2,1,0,0,0,0,0,0,0,0,0,0,0,0,0,0,0,0,0,0,0,0,0,0,0,0,0,0,0,0,0,0,0,0,0,0,0,0,0,0,-1,0,0,0,0,0,0,1,0,0,0,0,1,0,0,0,0,0,0,0,0,0,0,0,0,0,0,0,0,0,0,0,0,0,0,0,0,0,0,0,0,0,0,0,0,0,0,0,0,0,0,0,0,0,0,0,0,0,0,0,0,0,0,0,0,0,0,0,0,0,0,0,0,0,0,1899/12/30 00:00:00,1899/12/30 00:00:00,0,0, ,0, ,0, ,0, ,0,0,0,0,0,0,Band
37.1833333330001,-0.1,26510,2020/04/06 00:00:00,08:57,2020/04/06 00:00:00,08:57,No,Early,Nyeri area Sprayed,100,Exact,KE,444105,RAMSES38_KEN20-45.XL, ,1,0,1,2,1,0,0,0,0,0,0,0,0,0,0,0,0,0,0,0,0,0,0,0,0,0,0,0,0,0,0,0,0,0,0,0,0,0,0,0,0,0,0,-1,0,0,0,0,0,0,1,0,0,0,0,1,0,0,0,0,0,0,0,0,0,0,0,0,0,0,0,0,0,0,0,0,0,0,0,0,0,0,0,0,0,0,0,0,0,0,0,0,0,0,0,0,0,0,0,0,0,0,0,0,0,0,0,0,0,0,0,0,0,0,0,0,0,0,1899/12/30 00:00:00,1899/12/30 00:00:00,0,0, ,0, ,0, ,0, ,0,0,0,0,0,0,Band
37.066666667,5.31666666700005,26511,2020/04/01 00:00:00,08:25,2020/04/01 00:00:00,08:25,No,Early,Masoya,34.5,Exact,ET,443314,RAMSES38_ETH20-24.XL, ,1,0,1,2,1,0,0,0,0,0,0,0,0,0,0,0,0,0,0,0,0,0,0,0,0,0,0,0,0,0,0,0,0,0,0,0,0,0,0,0,0,0,0,-1,0,0,0,0,0,0,1,0,0,0,0,1,0,0,0,0,0,0,0,0,0,0,0,0,0,0,0,0,0,0,0,0,0,0,0,0,0,0,0,0,0,0,0,0,0,0,0,0,0,0,0,0,0,0,0,0,0,0,0,0,0,0,0,0,0,0,0,0,0,0,0,0,0,0,2020/04/01 00:00:00,2020/04/01 00:00:00,2,1,Other,1, ,17, ,17,ha,0,0,0,0,1,0,Band
37.1166666670001,5.31666666700005,26512,2020/04/01 00:00:00,08:27,2020/04/01 00:00:00,08:27,No,Early,Madrina,5,Exact,ET,443315,RAMSES38_ETH20-24.XL, ,1,0,1,2,1,0,0,0,0,0,0,0,0,0,0,0,0,0,0,0,0,0,0,0,0,0,0,0,0,0,0,0,0,0,0,0,0,0,0,0,0,0,0,-1,0,0,0,0,0,0,1,0,0,0,0,1,0,0,0,0,0,0,0,0,0,0,0,0,0,0,0,0,0,0,0,0,0,0,0,0,0,0,0,0,0,0,0,0,0,0,0,0,0,0,0,0,0,0,0,0,0,0,0,0,0,0,0,0,0,0,0,0,0,0,0,0,0,0,2020/04/01 00:00:00,2020/04/01 00:00:00,2,1,Other,1, ,2, ,2,ha,0,0,0,0,1,0,Band
36.8833333330001,5.18333333300006,26513,2020/04/03 00:00:00,08:23,2020/04/03 00:00:00,08:23,No,Early,Bola,54,Exact,ET,443836,RAMSES38_ETH20-26.XL, ,1,0,1,2,1,0,0,0,0,0,0,0,0,0,0,0,0,0,0,0,0,0,0,0,0,0,0,0,0,0,0,0,0,0,0,0,0,0,0,0,0,0,0,-1,0,0,0,0,0,1,0,0,0,0,0,1,0,0,0,0,0,0,0,0,0,0,0,0,0,0,0,0,0,0,0,0,0,0,0,0,0,0,0,0,0,0,0,0,0,0,0,0,0,0,0,0,0,0,0,0,0,0,0,0,0,0,0,0,0,0,0,0,0,0,0,0,0,0,2020/04/03 00:00:00,2020/04/03 00:00:00,2,1,Other,1, ,16, ,16,ha,1,0,0,0,0,0,Band
36.8833333330001,5.15,26514,2020/04/03 00:00:00,09:26,2020/04/03 00:00:00,09:26,No,Early,Bura,113,Exact,ET,443837,RAMSES38_ETH20-26.XL, ,1,0,1,2,1,0,0,0,0,0,0,0,0,0,0,0,0,0,0,0,0,0,0,0,0,0,0,0,0,0,0,0,0,0,0,0,0,0,0,0,0,0,0,-1,0,0,0,0,0,1,0,0,0,0,0,1,0,0,0,0,0,0,0,0,0,0,0,0,0,0,0,0,0,0,0,0,0,0,0,0,0,0,0,0,0,0,0,0,0,0,0,0,0,0,0,0,0,0,0,0,0,0,0,0,0,0,0,0,0,0,0,0,0,0,0,0,0,0,2020/04/03 00:00:00,2020/04/03 00:00:00,2,1,Other,1, ,16, ,16,ha,1,0,0,0,0,0,Band
37.9166666670001,5.25,26515,2020/04/03 00:00:00,09:29,2020/04/03 00:00:00,09:29,No,Early,Gisma,98,Exact,ET,443838,RAMSES38_ETH20-26.XL, ,1,0,1,2,1,0,0,0,0,0,0,0,0,0,0,0,0,0,0,0,0,0,0,0,0,0,0,0,0,0,0,0,0,0,0,0,0,0,0,0,0,0,0,-1,0,0,0,0,0,1,0,0,0,0,0,1,0,0,0,0,0,0,0,0,0,0,0,0,0,0,0,0,0,0,0,0,0,0,0,0,0,0,0,0,0,0,0,0,0,0,0,0,0,0,0,0,0,0,0,0,0,0,0,0,0,0,0,0,0,0,0,0,0,0,0,0,0,0,2020/04/03 00:00:00,2020/04/03 00:00:00,2,1,Other,1, ,16, ,16,ha,1,0,0,0,0,0,Band
36.75,5.46666666700003,26516,2020/04/03 00:00:00,09:32,2020/04/03 00:00:00,09:32,No,Early,Olka kibo,70.5,Exact,ET,443839,RAMSES38_ETH20-26.XL, ,1,0,1,2,1,0,0,0,0,0,0,0,0,0,0,0,0,0,0,0,0,0,0,0,0,0,0,0,0,0,0,0,0,0,0,0,0,0,0,0,0,0,0,-1,0,0,0,0,0,1,0,0,0,0,0,1,0,0,0,0,0,0,0,0,0,0,0,0,0,0,0,0,0,0,0,0,0,0,0,0,0,0,0,0,0,0,0,0,0,0,0,0,0,0,0,0,0,0,0,0,0,0,0,0,0,0,0,0,0,0,0,0,0,0,0,0,0,0,2020/04/03 00:00:00,2020/04/03 00:00:00,2,1,Other,1, ,32, ,32,ha,0,0,0,0,1,0,Band
36.716666667,5.46666666700003,26517,2020/04/03 00:00:00,09:35,2020/04/03 00:00:00,09:35,No,Early,Shala,35,Exact,ET,443840,RAMSES38_ETH20-26.XL, ,1,0,1,2,1,0,0,0,0,0,0,0,0,0,0,0,0,0,0,0,0,0,0,0,0,0,0,0,0,0,0,0,0,0,0,0,0,0,0,0,0,0,0,-1,0,0,0,0,0,1,1,0,0,0,0,1,0,0,0,0,0,0,0,0,0,0,0,0,0,0,0,0,0,0,0,0,0,0,0,0,0,0,0,0,0,0,0,0,0,0,0,0,0,0,0,0,0,0,0,0,0,0,0,0,0,0,0,0,0,0,0,0,0,0,0,0,0,0,2020/04/03 00:00:00,2020/04/03 00:00:00,2,1,Other,1, ,16, ,16,ha,1,0,0,0,0,0,Band
36.783333333,5.36666666700006,26518,2020/04/03 00:00:00,10:00,2020/04/03 00:00:00,10:00,No,Early,Uffi,86,Exact,ET,443841,RAMSES38_ETH20-26.XL, ,1,0,1,2,1,0,0,0,0,0,0,0,0,0,0,0,0,0,0,0,0,0,0,0,0,0,0,0,0,0,0,0,0,0,0,0,0,0,0,0,0,0,0,-1,0,0,0,0,0,0,1,0,0,0,0,1,0,0,0,0,0,0,0,0,0,0,0,0,0,0,0,0,0,0,0,0,0,0,0,0,0,0,0,0,0,0,0,0,0,0,0,0,0,0,0,0,0,0,0,0,0,0,0,0,0,0,0,0,0,0,0,0,0,0,0,0,0,0,2020/04/03 00:00:00,2020/04/03 00:00:00,2,1,Other,1, ,16, ,16,ha,1,0,0,0,0,0,Band
36.816666667,5.36666666700006,26519,2020/04/03 00:00:00,10:45,2020/04/03 00:00:00,10:45,No,Early,Aymale,113,Exact,ET,443842,RAMSES38_ETH20-26.XL, ,1,0,1,2,1,0,0,0,0,0,0,0,0,0,0,0,0,0,0,0,0,0,0,0,0,0,0,0,0,0,0,0,0,0,0,0,0,0,0,0,0,0,0,-1,0,0,0,0,0,0,1,0,0,0,0,1,0,0,0,0,0,0,0,0,0,0,0,0,0,0,0,0,0,0,0,0,0,0,0,0,0,0,0,0,0,0,0,0,0,0,0,0,0,0,0,0,0,0,0,0,0,0,0,0,0,0,0,0,0,0,0,0,0,0,0,0,0,0,2020/04/03 00:00:00,2020/04/03 00:00:00,2,1,Other,1, ,16, ,16,ha,0,0,0,0,1,0,Band
36.1333333330001,4.66666666700007,26520,2020/04/03 00:00:00,16:00,2020/04/03 00:00:00,16:00,No,Early,Doshe,14,Exact,ET,443843,RAMSES38_ETH20-26.XL, ,1,0,1,2,1,0,0,0,0,0,0,0,0,0,0,0,0,0,0,0,0,0,0,0,0,0,0,0,0,0,0,0,0,0,0,0,0,0,0,0,0,0,0,-1,0,0,0,0,0,1,0,0,0,0,0,1,0,0,0,0,0,0,0,0,0,0,0,0,0,0,0,0,0,0,0,0,0,0,0,0,0,0,0,0,0,0,0,0,0,0,0,0,0,0,0,0,0,0,0,0,0,0,0,0,0,0,0,0,0,0,0,0,0,0,0,0,0,0,2020/04/03 00:00:00,2020/04/03 00:00:00,2,1,Other,0.81, ,10, ,12.25,ha,0,0,0,0,1,0,Band
36.95,5.6,26521,2020/04/03 00:00:00,16:52,2020/04/03 00:00:00,16:52,No,Early,Damiker,255,Exact,ET,443844,RAMSES38_ETH20-26.XL, ,1,0,1,2,1,0,0,0,0,0,0,0,0,0,0,0,0,0,0,0,0,0,0,0,0,0,0,0,0,0,0,0,0,0,0,0,0,0,0,0,0,0,0,-1,0,0,0,0,0,1,0,0,0,0,0,1,0,0,0,0,0,0,0,0,0,0,0,0,0,0,0,0,0,0,0,0,0,0,0,0,0,0,0,0,0,0,0,0,0,0,0,0,0,0,0,0,0,0,0,0,0,0,0,0,0,0,0,0,0,0,0,0,0,0,0,0,0,0,2020/04/03 00:00:00,2020/04/03 00:00:00,2,1,Malathion,1,ha,230,l,230,ha,0,1,0,0,0,0,Band
37.066666667,5.31666666700005,26522,2020/04/04 00:00:00,07:55,2020/04/04 00:00:00,07:55,No,Early,Masoya,20,Exact,ET,443845,RAMSES38_ETH20-26.XL, ,1,0,1,2,1,0,0,0,0,0,0,0,0,0,0,0,0,0,0,0,0,0,0,0,0,0,0,0,0,0,0,0,0,0,0,0,0,0,0,0,0,0,0,-1,0,0,1,0,0,1,0,0,0,0,0,0,1,0,0,0,0,0,0,0,0,0,0,0,0,0,0,0,0,0,0,0,0,0,0,0,0,0,0,0,0,0,0,0,0,0,0,0,0,0,0,0,0,0,0,0,0,0,0,0,0,0,0,0,0,0,0,0,0,0,0,0,0,0,2020/04/04 00:00:00,2020/04/04 00:00:00,2,1,Other,1, ,15, ,15,ha,0,0,0,0,1,0,Band
37.1,5.2,26523,2020/04/04 00:00:00,08:00,2020/04/04 00:00:00,08:00,No,Early,Tebla,50,Exact,ET,443846,RAMSES38_ETH20-26.XL, ,1,0,1,2,1,0,0,0,0,0,0,0,0,0,0,0,0,0,0,0,0,0,0,0,0,0,0,0,0,0,0,0,0,0,0,0,0,0,0,0,0,0,0,-1,0,0,1,0,0,1,0,0,0,0,0,0,1,0,0,0,0,0,0,0,0,0,0,0,0,0,0,0,0,0,0,0,0,0,0,0,0,0,0,0,0,0,0,0,0,0,0,0,0,0,0,0,0,0,0,0,0,0,0,0,0,0,0,0,0,0,0,0,0,0,0,0,0,0,2020/04/04 00:00:00,2020/04/04 00:00:00,2,1,Other,1, ,28, ,28,ha,0,0,0,0,1,0,Band
36.833333333,5.53333333300003,26524,2020/04/04 00:00:00,08:03,2020/04/04 00:00:00,08:03,No,Early,Citiemba,65,Exact,ET,443847,RAMSES38_ETH20-26.XL, ,1,0,1,2,1,0,0,0,0,0,0,0,0,0,0,0,0,0,0,0,0,0,0,0,0,0,0,0,0,0,0,0,0,0,0,0,0,0,0,0,0,0,0,-1,0,0,0,0,0,1,0,0,0,0,0,1,0,0,0,0,0,0,0,0,0,0,0,0,0,0,0,0,0,0,0,0,0,0,0,0,0,0,0,0,0,0,0,0,0,0,0,0,0,0,0,0,0,0,0,0,0,0,0,0,0,0,0,0,0,0,0,0,0,0,0,0,0,0,2020/04/04 00:00:00,2020/04/04 00:00:00,2,1,Other,1, ,16, ,16,ha,0,0,0,0,1,0,Band
37.016666667,5.3,26525,2020/04/04 00:00:00,08:05,2020/04/04 00:00:00,08:05,No,Early,Enchete,155,Exact,ET,443848,RAMSES38_ETH20-26.XL, ,1,0,1,2,1,0,0,0,0,0,0,0,0,0,0,0,0,0,0,0,0,0,0,0,0,0,0,0,0,0,0,0,0,0,0,0,0,0,0,0,0,0,0,-1,0,0,0,0,0,1,0,0,0,0,0,1,0,0,0,0,0,0,0,0,0,0,0,0,0,0,0,0,0,0,0,0,0,0,0,0,0,0,0,0,0,0,0,0,0,0,0,0,0,0,0,0,0,0,0,0,0,0,0,0,0,0,0,0,0,0,0,0,0,0,0,0,0,0,2020/04/04 00:00:00,2020/04/04 00:00:00,2,1,Other,1, ,16, ,16,ha,0,0,0,0,1,0,Band
36.966666667,5.3,26526,2020/04/04 00:00:00,08:21,2020/04/04 00:00:00,08:21,No,Early,Duma,120.5,Exact,ET,443849,RAMSES38_ETH20-26.XL, ,1,0,1,2,1,0,0,0,0,0,0,0,0,0,0,0,0,0,0,0,0,0,0,0,0,0,0,0,0,0,0,0,0,0,0,0,0,0,0,0,0,0,0,-1,0,0,0,0,0,1,0,0,0,0,0,1,0,0,0,0,0,0,0,0,0,0,0,0,0,0,0,0,0,0,0,0,0,0,0,0,0,0,0,0,0,0,0,0,0,0,0,0,0,0,0,0,0,0,0,0,0,0,0,0,0,0,0,0,0,0,0,0,0,0,0,0,0,0,2020/04/04 00:00:00,2020/04/04 00:00:00,2,1,Other,1, ,16, ,16,ha,0,0,0,0,1,0,Band
36.9166666670001,5.43333333300006,26527,2020/04/04 00:00:00,08:23,2020/04/04 00:00:00,08:23,No,Early,Luka,299,Exact,ET,443850,RAMSES38_ETH20-26.XL, ,1,0,1,2,1,0,0,0,0,0,0,0,0,0,0,0,0,0,0,0,0,0,0,0,0,0,0,0,0,0,0,0,0,0,0,0,0,0,0,0,0,0,0,-1,0,0,0,0,0,0,1,0,0,0,0,1,0,0,0,0,0,0,0,0,0,0,0,0,0,0,0,0,0,0,0,0,0,0,0,0,0,0,0,0,0,0,0,0,0,0,0,0,0,0,0,0,0,0,0,0,0,0,0,0,0,0,0,0,0,0,0,0,0,0,0,0,0,0,2020/04/04 00:00:00,2020/04/04 00:00:00,2,1,Malathion,1,ha,165,l,165,ha,0,1,0,0,0,0,Band
36.8,5.48333333300008,26528,2020/04/02 00:00:00,08:18,2020/04/02 00:00:00,08:18,No,Early,Sitimba,500,Exact,ET,443851,RAMSES38_ETH20-26.XL, ,1,0,1,2,1,0,0,0,0,0,0,0,0,0,0,0,0,0,0,0,0,0,0,0,0,0,0,0,0,0,0,0,0,0,0,0,0,0,0,0,0,0,0,-1,0,0,0,0,0,0,1,0,0,0,0,1,0,0,0,0,0,0,0,0,0,0,0,0,0,0,0,0,0,0,0,0,0,0,0,0,0,0,0,0,0,0,0,0,0,0,0,0,0,0,0,0,0,0,0,0,0,0,0,0,0,0,0,0,0,0,0,0,0,0,0,0,0,0,2020/04/02 00:00:00,2020/04/02 00:00:00,2,1,Chlorpyrifos,1,ha,400,l,400,ha,0,0,1,0,0,0,Band
36.833333333,5.53333333300003,26529,2020/04/03 00:00:00,08:20,2020/04/03 00:00:00,08:20,No,Early,Citi emba,72,Exact,ET,443852,RAMSES38_ETH20-26.XL, ,1,0,1,2,1,0,0,0,0,0,0,0,0,0,0,0,0,0,0,0,0,0,0,0,0,0,0,0,0,0,0,0,0,0,0,0,0,0,0,0,0,0,0,-1,0,0,0,0,0,1,0,0,0,0,0,1,0,0,0,0,0,0,0,0,0,0,0,0,0,0,0,0,0,0,0,0,0,0,0,0,0,0,0,0,0,0,0,0,0,0,0,0,0,0,0,0,0,0,0,0,0,0,0,0,0,0,0,0,0,0,0,0,0,0,0,0,0,0,2020/04/03 00:00:00,2020/04/03 00:00:00,2,1,Other,1, ,16, ,16,ha,1,0,0,0,0,0,Band
36.8833333330001,5.18333333300006,26530,2020/04/04 00:00:00,08:26,2020/04/04 00:00:00,08:26,No,Early,Bola,48,Exact,ET,443853,RAMSES38_ETH20-26.XL, ,1,0,1,2,1,0,0,0,0,0,0,0,0,0,0,0,0,0,0,0,0,0,0,0,0,0,0,0,0,0,0,0,0,0,0,0,0,0,0,0,0,0,0,-1,0,0,0,0,0,1,0,0,0,0,0,1,0,0,0,0,0,0,0,0,0,0,0,0,0,0,0,0,0,0,0,0,0,0,0,0,0,0,0,0,0,0,0,0,0,0,0,0,0,0,0,0,0,0,0,0,0,0,0,0,0,0,0,0,0,0,0,0,0,0,0,0,0,0,2020/04/04 00:00:00,2020/04/04 00:00:00,2,1,Other,1, ,16, ,16,ha,0,0,0,0,1,0,Band
36.783333333,5.3,26531,2020/04/04 00:00:00,08:28,2020/04/04 00:00:00,08:28,No,Early,Ollo,54,Exact,ET,443854,RAMSES38_ETH20-26.XL, ,1,0,1,2,1,0,0,0,0,0,0,0,0,0,0,0,0,0,0,0,0,0,0,0,0,0,0,0,0,0,0,0,0,0,0,0,0,0,0,0,0,0,0,-1,0,0,0,0,0,1,0,0,0,0,0,1,0,0,0,0,0,0,0,0,0,0,0,0,0,0,0,0,0,0,0,0,0,0,0,0,0,0,0,0,0,0,0,0,0,0,0,0,0,0,0,0,0,0,0,0,0,0,0,0,0,0,0,0,0,0,0,0,0,0,0,0,0,0,2020/04/04 00:00:00,2020/04/04 00:00:00,2,1,Other,1, ,8, ,8,ha,0,0,0,0,1,0,Band
36.8833333330001,5.1,26532,2020/04/04 00:00:00,08:30,2020/04/04 00:00:00,08:30,No,Early,Bura,109,Exact,ET,443855,RAMSES38_ETH20-26.XL, ,1,0,1,2,1,0,0,0,0,0,0,0,0,0,0,0,0,0,0,0,0,0,0,0,0,0,0,0,0,0,0,0,0,0,0,0,0,0,0,0,0,0,0,-1,0,0,0,0,0,1,0,0,0,0,0,1,0,0,0,0,0,0,0,0,0,0,0,0,0,0,0,0,0,0,0,0,0,0,0,0,0,0,0,0,0,0,0,0,0,0,0,0,0,0,0,0,0,0,0,0,0,0,0,0,0,0,0,0,0,0,0,0,0,0,0,0,0,0,2020/04/04 00:00:00,2020/04/04 00:00:00,2,1,Other,1, ,16, ,16,ha,0,0,0,0,1,0,Band
37.75,5.46666666700003,26533,2020/04/04 00:00:00,08:33,2020/04/04 00:00:00,08:33,No,Early,Gisma,63,Exact,ET,443856,RAMSES38_ETH20-26.XL, ,1,0,1,2,1,0,0,0,0,0,0,0,0,0,0,0,0,0,0,0,0,0,0,0,0,0,0,0,0,0,0,0,0,0,0,0,0,0,0,0,0,0,0,-1,0,0,0,0,0,0,1,0,0,0,0,1,0,0,0,0,0,0,0,0,0,0,0,0,0,0,0,0,0,0,0,0,0,0,0,0,0,0,0,0,0,0,0,0,0,0,0,0,0,0,0,0,0,0,0,0,0,0,0,0,0,0,0,0,0,0,0,0,0,0,0,0,0,0,2020/04/04 00:00:00,2020/04/04 00:00:00,2,1,Other,1, ,32, ,32,ha,0,0,0,0,1,0,Band
36.716666667,5.46666666700003,26534,2020/04/04 00:00:00,08:38,2020/04/04 00:00:00,08:38,No,Early,Shaba,47,Exact,ET,443857,RAMSES38_ETH20-26.XL, ,1,0,1,2,1,0,0,0,0,0,0,0,0,0,0,0,0,0,0,0,0,0,0,0,0,0,0,0,0,0,0,0,0,0,0,0,0,0,0,0,0,0,0,-1,0,0,0,0,0,0,1,0,0,0,0,1,0,0,0,0,0,0,0,0,0,0,0,0,0,0,0,0,0,0,0,0,0,0,0,0,0,0,0,0,0,0,0,0,0,0,0,0,0,0,0,0,0,0,0,0,0,0,0,0,0,0,0,0,0,0,0,0,0,0,0,0,0,0,2020/04/04 00:00:00,2020/04/04 00:00:00,2,1,Other,1, ,32, ,32,ha,0,0,0,0,1,0,Band
36.716666667,5.31666666700005,26535,2020/04/04 00:00:00,08:42,2020/04/04 00:00:00,08:42,No,Early,Ansonda,88,Exact,ET,443858,RAMSES38_ETH20-26.XL, ,1,0,1,2,1,0,0,0,0,0,0,0,0,0,0,0,0,0,0,0,0,0,0,0,0,0,0,0,0,0,0,0,0,0,0,0,0,0,0,0,0,0,0,-1,0,0,0,0,0,1,0,0,0,0,0,1,0,0,0,0,0,0,0,0,0,0,0,0,0,0,0,0,0,0,0,0,0,0,0,0,0,0,0,0,0,0,0,0,0,0,0,0,0,0,0,0,0,0,0,0,0,0,0,0,0,0,0,0,0,0,0,0,0,0,0,0,0,0,2020/04/04 00:00:00,2020/04/04 00:00:00,2,1,Other,1, ,32, ,32,ha,0,0,0,0,1,0,Band
36.783333333,5.31666666700005,26536,2020/04/04 00:00:00,08:50,2020/04/04 00:00:00,08:50,No,Early,Shala 1,85,Exact,ET,443859,RAMSES38_ETH20-26.XL, ,1,0,1,2,1,0,0,0,0,0,0,0,0,0,0,0,0,0,0,0,0,0,0,0,0,0,0,0,0,0,0,0,0,0,0,0,0,0,0,0,0,0,0,-1,0,0,0,0,0,1,1,0,0,0,0,1,0,0,0,0,0,0,0,0,0,0,0,0,0,0,0,0,0,0,0,0,0,0,0,0,0,0,0,0,0,0,0,0,0,0,0,0,0,0,0,0,0,0,0,0,0,0,0,0,0,0,0,0,0,0,0,0,0,0,0,0,0,0,2020/04/04 00:00:00,2020/04/04 00:00:00,2,1,Malathion,1, ,28, ,28,ha,0,0,0,0,1,0,Band
36.7,5.35,26537,2020/04/04 00:00:00,08:52,2020/04/04 00:00:00,08:52,No,Early,Uffi,81,Exact,ET,443860,RAMSES38_ETH20-26.XL, ,1,0,1,2,1,0,0,0,0,0,0,0,0,0,0,0,0,0,0,0,0,0,0,0,0,0,0,0,0,0,0,0,0,0,0,0,0,0,0,0,0,0,0,-1,0,0,0,0,0,0,1,0,0,0,0,1,0,0,0,0,0,0,0,0,0,0,0,0,0,0,0,0,0,0,0,0,0,0,0,0,0,0,0,0,0,0,0,0,0,0,0,0,0,0,0,0,0,0,0,0,0,0,0,0,0,0,0,0,0,0,0,0,0,0,0,0,0,0,2020/04/04 00:00:00,2020/04/04 00:00:00,2,1,Other,1, ,32, ,32,ha,0,0,0,0,1,0,Band
36.7333333330001,5.38333333300005,26538,2020/04/04 00:00:00,08:56,2020/04/04 00:00:00,08:56,No,Early,Gone,38,Exact,ET,443861,RAMSES38_ETH20-26.XL, ,1,0,1,2,1,0,0,0,0,0,0,0,0,0,0,0,0,0,0,0,0,0,0,0,0,0,0,0,0,0,0,0,0,0,0,0,0,0,0,0,0,0,0,-1,0,0,0,0,0,0,1,0,0,0,0,1,0,0,0,0,0,0,0,0,0,0,0,0,0,0,0,0,0,0,0,0,0,0,0,0,0,0,0,0,0,0,0,0,0,0,0,0,0,0,0,0,0,0,0,0,0,0,0,0,0,0,0,0,0,0,0,0,0,0,0,0,0,0,2020/04/04 00:00:00,2020/04/04 00:00:00,2,1,Other,1, ,16, ,16,ha,0,0,0,0,1,0,Band
36.6961111110001,1.09666666700002,26539,2020/04/28 00:00:00,00:00,2020/04/28 00:00:00,00:00,No,Late,Samburu,1,Exact,KE,452951,RAMSES38_KEN20-56.XL, ,1,0,1,2,1,0,0,0,0,0,0,0,0,0,0,0,0,0,0,0,0,0,0,0,0,0,0,0,0,0,0,0,0,0,0,0,0,0,0,0,0,0,0,-1,0,0,1,0,0,0,0,0,0,0,0,0,1,0,0,0,0,0,0,0,0,0,0,0,0,0,0,0,0,0,0,0,0,0,0,0,0,0,0,0,0,0,0,0,0,0,0,0,0,0,0,0,0,0,0,0,0,0,0,0,0,0,0,0,0,0,0,0,0,0,0,0,0,0,1899/12/30 00:00:00,1899/12/30 00:00:00,0,0, ,0, ,0, ,0, ,0,0,0,0,0,0,Band
37.831666667,0.001111111000057,26540,2020/04/03 00:00:00,00:00,2020/04/03 00:00:00,00:00,No,Early,Gachua,5,Exact,KE,445563,RAMSES38_KEN20-47.XL, ,1,0,1,2,1,0,0,0,0,0,0,0,0,0,0,0,0,0,0,0,0,0,0,0,0,0,0,0,0,0,0,0,0,0,0,0,0,0,0,0,0,0,0,-1,0,0,0,0,0,0,0,0,0,1,0,0,0,0,0,0,0,0,0,0,0,0,0,0,0,0,0,0,0,0,0,0,0,0,0,0,0,0,0,0,0,0,0,0,0,0,0,0,0,0,0,0,0,0,0,0,0,0,0,0,0,0,0,0,0,0,0,0,0,0,0,0,0,0,1899/12/30 00:00:00,1899/12/30 00:00:00,0,0, ,0, ,0, ,0, ,0,0,0,0,0,0,Band
48.6880555560001,26.713611111,26541,2020/04/30 00:00:00,11:08,2020/04/30 00:00:00,11:08,No,Late,Al Aqir,500,Exact,SA,453374,RAMSES38_SAU20-23.XL, ,1,0,1,2,1,0,0,0,0,0,0,0,0,0,0,0,0,0,0,0,0,0,0,0,0,0,0,0,0,0,0,0,0,0,0,0,0,0,1,0,0,0,60,-1,0,0,0,0,0,0,3,0,1,0,0,1,0,1,1,0,0,1,0,0,0,0,0,0,0,0,0,0,0,0,0,0,0,0,0,0,0,0,0,0,0,0,0,0,0,0,0,0,0,0,0,0,0,0,0,0,0,0,0,0,0,0,0,0,0,0,0,0,0,0,0,0,0,0,2020/04/30 00:00:00,2020/04/30 00:00:00,2,3,Lambdacyhalothrin,1,ha,150,l,150,ha,0,1,0,0,0,85,Band
46.7361111110001,22.3741666670001,26542,2020/04/26 00:00:00,05:46,2020/04/26 00:00:00,05:46,No,Late,OSEELAIE,500,Exact,SA,453387,RAMSES38_SAU20-23.XL, ,1,0,1,2,1,0,0,0,0,0,0,0,0,0,0,0,0,0,0,0,0,0,0,0,0,0,0,0,0,0,0,0,0,0,0,0,0,0,0,1,0,0,0,-1,0,0,0,1,3,0,0,0,0,0,0,1,0,2,2,0,0,1,0,0,0,0,0,0,0,0,0,0,0,0,0,0,0,0,0,0,0,0,0,0,0,0,0,0,0,0,0,0,0,0,0,0,0,0,0,0,0,0,0,0,0,0,0,0,0,0,0,0,0,0,0,0,0,0,2020/04/26 00:00:00,2020/04/26 00:00:00,2,3,Lambdacyhalothrin,1,ha,90,l,90,ha,0,1,0,0,0,5,Band
49.8672222220001,26.3088888890001,26543,2020/04/26 00:00:00,08:26,2020/04/26 00:00:00,08:26,No,Late,Al damam,1000,Exact,SA,453392,RAMSES38_SAU20-23.XL, ,1,0,1,2,1,0,0,0,0,0,0,0,0,0,0,0,0,0,0,0,0,0,0,0,0,0,0,0,0,0,0,0,0,0,0,0,0,0,0,1,0,0,10,-1,0,0,0,0,0,1,3,0,0,0,0,1,0,0.0099999998,0.0099999998,0,1,0,0,0,0,0,0,0,0,0,0,0,0,0,0,0,0,0,0,0,0,0,0,0,0,0,0,0,0,0,0,0,0,0,0,0,0,0,0,0,0,0,0,0,0,0,0,0,0,0,0,0,0,0,0,0,0,0,2020/04/26 00:00:00,2020/04/26 00:00:00,2,3,Deltamethrin,1,ha,400,l,400,ha,0,1,0,0,0,5,Band
41.407777778,28.2927777780001,26545,2020/04/26 00:00:00,20:26,2020/04/26 00:00:00,20:26,No,Late,alrdafh,80,Exact,SA,453398,RAMSES38_SAU20-23.XL, ,1,0,1,2,1,0,0,0,0,0,0,0,0,0,0,0,0,0,0,0,0,0,0,0,0,0,0,0,0,0,0,0,0,0,0,0,0,0,0,1,0,0,6,-1,0,0,0,1,3,0,0,0,0,0,0,1,0,0.0099999998,0.0099999998,0,1,0,0,0,0,0,0,0,0,0,0,0,0,0,0,0,0,0,0,0,0,0,0,0,0,0,0,0,0,0,0,0,0,0,0,0,0,0,0,0,0,0,0,0,0,0,0,0,0,0,0,0,0,0,0,0,0,0,2020/04/26 00:00:00,2020/04/26 00:00:00,2,3,Lambdacyhalothrin,1,ha,80,l,80,ha,0,1,0,0,0,80,Band
41.407777778,28.2927777780001,26546,2020/04/26 00:00:00,21:11,2020/04/26 00:00:00,21:11,No,Late,alrdifh,1,Exact,SA,453399,RAMSES38_SAU20-23.XL, ,1,0,1,2,1,0,0,0,0,0,0,0,0,0,0,0,0,0,0,0,0,0,0,0,0,0,0,0,0,0,0,0,0,0,0,0,0,0,0,1,0,0,1,-1,0,0,0,1,3,0,0,0,0,0,0,1,0,0.0099999998,0.0099999998,0,1,0,0,0,0,0,0,0,0,0,0,0,0,0,0,0,0,0,0,0,0,0,0,0,0,0,0,0,0,0,0,0,0,0,0,0,0,0,0,0,0,0,0,0,0,0,0,0,0,0,0,0,0,0,0,0,0,0,1899/12/30 00:00:00,1899/12/30 00:00:00,0,0, ,0, ,0, ,0, ,0,0,0,0,0,0,Band
41.400277778,28.3091666670001,26547,2020/04/26 00:00:00,21:28,2020/04/26 00:00:00,21:28,No,Late,qriet alrdeifh,40,Exact,SA,453400,RAMSES38_SAU20-23.XL, ,1,0,1,2,1,0,0,0,0,0,0,0,0,0,0,0,0,0,0,0,0,0,0,0,0,0,0,0,0,0,0,0,0,0,0,0,0,0,1,0,0,0,1,-1,0,0,0,1,3,0,0,0,0,0,0,1,0,100,100,0,0,0,0,1,0,0,0,0,0,0,0,0,0,0,0,0,0,0,0,0,0,0,0,0,0,0,0,0,0,0,0,0,0,0,0,0,0,0,0,0,0,0,0,0,0,0,0,0,0,0,0,0,0,0,0,0,0,0,2020/04/26 00:00:00,2020/04/26 00:00:00,2,3,Fenitrothion,1,ha,20,l,20,ha,0,1,0,0,0,90,Band
49.7911111110001,26.2525,26548,2020/04/27 00:00:00,06:11,2020/04/27 00:00:00,06:11,No,Late,Al damam,200,Exact,SA,453404,RAMSES38_SAU20-23.XL, ,1,0,1,2,1,0,0,0,0,0,0,0,0,0,0,0,0,0,0,0,0,0,0,0,0,0,0,0,0,0,0,0,0,0,0,0,0,0,0,1,0,0,5,-1,0,0,0,0,0,1,3,0,0,0,0,1,0,0.0099999998,0.0099999998,0,1,0,0,0,0,0,0,0,0,0,0,0,0,0,0,0,0,0,0,0,0,0,0,0,0,0,0,0,0,0,0,0,0,0,0,0,0,0,0,0,0,0,0,0,0,0,0,0,0,0,0,0,0,0,0,0,0,0,1899/12/30 00:00:00,1899/12/30 00:00:00,0,0, ,0, ,0, ,0, ,0,0,0,0,0,0,Band
46.8141666670001,22.208055556,26549,2020/04/27 00:00:00,07:24,2020/04/27 00:00:00,07:24,No,Late,AL  SAEH,400,Exact,SA,453407,RAMSES38_SAU20-23.XL, ,1,0,1,2,1,0,0,0,0,0,0,0,0,0,0,0,0,0,0,0,0,0,0,0,0,0,0,0,0,0,0,0,0,0,0,0,0,0,1,0,0,0,15,-1,0,0,0,1,0,0,0,0,0,0,0,0,1,2,2,0,0,1,0,0,0,0,0,0,0,0,0,0,0,0,0,0,0,0,0,0,0,0,0,0,0,0,0,0,0,0,0,0,0,0,0,0,0,0,0,0,0,0,0,0,0,0,0,0,0,0,0,0,0,0,0,0,0,0,2020/04/27 00:00:00,2020/04/27 00:00:00,2,3,Lambdacyhalothrin,1,ha,60,l,60,ha,0,1,0,0,0,15,Band
49.7947222220001,26.2519444440001,26550,2020/04/27 00:00:00,09:11,2020/04/27 00:00:00,09:11,No,Late,Al damam,200,Exact,SA,453414,RAMSES38_SAU20-23.XL, ,1,0,1,2,1,0,0,0,0,0,0,0,0,0,0,0,0,0,0,0,0,0,0,0,0,0,0,0,0,0,0,0,0,0,0,0,0,0,0,1,0,0,0,-1,0,0,0,0,0,3,1,0,3,0,0,1,0,4,4,0,0,1,0,0,0,0,0,0,0,0,0,0,0,0,0,0,0,0,0,0,0,0,0,0,0,0,0,0,0,0,0,0,0,0,0,0,0,0,0,0,0,0,0,0,0,0,0,0,0,0,0,0,0,0,0,0,0,0,2020/04/27 00:00:00,2020/04/27 00:00:00,2,3,Deltamethrin,1,ha,70,l,70,ha,0,1,0,0,0,15,Band
48.7561111110001,27.593333333,26551,2020/04/27 00:00:00,10:35,2020/04/27 00:00:00,10:35,No,Late,E. Naeria,500,Exact,SA,453420,RAMSES38_SAU20-23.XL, ,1,0,1,2,1,0,0,0,0,0,0,0,0,0,0,0,0,0,0,0,0,0,0,0,0,0,0,0,0,0,0,0,0,0,0,0,0,0,1,0,0,0,80,-1,0,0,0,0,0,1,3,0,0,0,0,1,0,2,2,0,0,1,0,0,0,0,0,0,0,0,0,0,0,0,0,0,0,0,0,0,0,0,0,0,0,0,0,0,0,0,0,0,0,0,0,0,0,0,0,0,0,0,0,0,0,0,0,0,0,0,0,0,0,0,0,0,0,0,2020/04/27 00:00:00,2020/04/27 00:00:00,2,3,Lambdacyhalothrin,1,ha,350,l,350,ha,0,1,0,0,0,90,Band
49.8125,26.267222222,26552,2020/04/26 00:00:00,09:11,2020/04/26 00:00:00,09:11,No,Late,west aldahran,200,Exact,SA,453438,RAMSES38_SAU20-23.XL, ,1,0,1,2,1,0,0,0,0,0,0,0,0,0,0,0,0,0,0,0,0,0,0,0,0,0,0,0,0,0,0,0,0,0,0,0,0,0,0,1,0,0,10,-1,0,0,0,0,0,3,1,0,3,0,0,1,0,5,5,0,0,1,0,0,0,0,0,0,0,0,0,0,0,0,0,0,0,0,0,0,0,0,0,0,0,0,0,0,0,0,0,0,0,0,0,0,0,0,0,0,0,0,0,0,0,0,0,0,0,0,0,0,0,0,0,0,0,0,2020/04/26 00:00:00,2020/04/26 00:00:00,2,3,Fenitrothion,1,ha,30,l,30,ha,0,1,0,0,0,90,Band
49.9088888890001,26.3088888890001,26553,2020/04/26 00:00:00,10:58,2020/04/26 00:00:00,10:58,No,Late,tareq alriyadh,300,Exact,SA,453439,RAMSES38_SAU20-23.XL, ,1,0,1,2,1,0,0,0,0,0,0,0,0,0,0,0,0,0,0,0,0,0,0,0,0,0,0,0,0,0,0,0,0,0,0,0,0,0,1,0,0,0,0,-1,0,0,0,0,0,3,1,0,3,0,0,1,0,1,1,0,0,1,0,0,0,0,0,0,0,0,0,0,0,0,0,0,0,0,0,0,0,0,0,0,0,0,0,0,0,0,0,0,0,0,0,0,0,0,0,0,0,0,0,0,0,0,0,0,0,0,0,0,0,0,0,0,0,0,2020/04/26 00:00:00,2020/04/26 00:00:00,2,3,Fenitrothion,1,ha,20,l,20,ha,0,1,0,0,0,90,Band
49.951388889,26.3475,26554,2020/04/27 00:00:00,09:08,2020/04/27 00:00:00,09:08,No,Late,alfursan,200,Exact,SA,453440,RAMSES38_SAU20-23.XL, ,1,0,1,2,1,0,0,0,0,0,0,0,0,0,0,0,0,0,0,0,0,0,0,0,0,0,0,0,0,0,0,0,0,0,0,0,0,0,0,1,0,0,15,-1,0,0,0,0,0,3,1,0,3,0,0,1,0,3,3,0,0,1,0,0,0,0,0,0,0,0,0,0,0,0,0,0,0,0,0,0,0,0,0,0,0,0,0,0,0,0,0,0,0,0,0,0,0,0,0,0,0,0,0,0,0,0,0,0,0,0,0,0,0,0,0,0,0,0,2020/04/27 00:00:00,2020/04/27 00:00:00,2,3,Fenitrothion,1,ha,15,l,15,ha,0,1,0,0,0,90,Band
49.9255555560001,26.339722222,26555,2020/04/27 00:00:00,11:03,2020/04/27 00:00:00,11:03,No,Late,alhadabah,300,Exact,SA,453441,RAMSES38_SAU20-23.XL, ,1,0,1,2,1,0,0,0,0,0,0,0,0,0,0,0,0,0,0,0,0,0,0,0,0,0,0,0,0,0,0,0,0,0,0,0,0,0,0,1,0,0,10,-1,0,0,0,0,0,3,1,0,3,0,0,1,0,2,2,0,0,1,0,0,0,0,0,0,0,0,0,0,0,0,0,0,0,0,0,0,0,0,0,0,0,0,0,0,0,0,0,0,0,0,0,0,0,0,0,0,0,0,0,0,0,0,0,0,0,0,0,0,0,0,0,0,0,0,2020/04/27 00:00:00,2020/04/27 00:00:00,2,3,Fenitrothion,1,ha,10,l,10,ha,0,1,0,0,0,90,Band
46.4822222220001,22.583055556,26556,2020/04/28 00:00:00,06:24,2020/04/28 00:00:00,06:24,No,Late,AL  GHAIL,200,Exact,SA,453450,RAMSES38_SAU20-23.XL, ,1,0,1,2,1,0,0,0,0,0,0,0,0,0,0,0,0,0,0,0,0,0,0,0,0,0,0,0,0,0,0,0,0,0,0,0,0,0,1,0,0,0,0,-1,0,0,1,1,0,0,0,0,0,0,0,0,1,1,1,0,0,1,0,0,0,0,0,0,0,0,0,0,0,0,0,0,0,0,0,0,0,0,0,0,0,0,0,0,0,0,0,0,0,0,0,0,0,0,0,0,0,0,0,0,0,0,0,0,0,0,0,0,0,0,0,0,0,0,2020/04/28 00:00:00,2020/04/28 00:00:00,2,3,Lambdacyhalothrin,1,ha,40,l,40,ha,0,1,0,0,0,20,Band
49.7863888890001,26.2341666670001,26557,2020/04/28 00:00:00,07:24,2020/04/28 00:00:00,07:24,No,Late,Al damam,200,Exact,SA,453453,RAMSES38_SAU20-23.XL, ,1,0,1,2,1,0,0,0,0,0,0,0,0,0,0,0,0,0,0,0,0,0,0,0,0,0,0,0,0,0,0,0,0,0,0,0,0,0,1,0,0,0,0,-1,0,0,0,0,0,1,1,0,1,0,0,1,0,3,3,0,0,1,0,0,0,0,0,0,0,0,0,0,0,0,0,0,0,0,0,0,0,0,0,0,0,0,0,0,0,0,0,0,0,0,0,0,0,0,0,0,0,0,0,0,0,0,0,0,0,0,0,0,0,0,0,0,0,0,2020/04/28 00:00:00,2020/04/28 00:00:00,2,3,Deltamethrin,1,ha,100,l,100,ha,0,1,0,0,0,20,Band
49.784722222,26.2377777780001,26558,2020/04/28 00:00:00,09:02,2020/04/28 00:00:00,09:02,No,Late,Al damam,500,Exact,SA,453454,RAMSES38_SAU20-23.XL, ,1,0,1,2,1,0,0,0,0,0,0,0,0,0,0,0,0,0,0,0,0,0,0,0,0,0,0,0,0,0,0,0,0,0,0,0,0,0,1,0,0,0,0,-1,0,0,0,0,0,1,1,0,3,0,0,1,0,1,1,0,0,1,0,0,0,0,0,0,0,0,0,0,0,0,0,0,0,0,0,0,0,0,0,0,0,0,0,0,0,0,0,0,0,0,0,0,0,0,0,0,0,0,0,0,0,0,0,0,0,0,0,0,0,0,0,0,0,0,2020/04/28 00:00:00,2020/04/28 00:00:00,2,3,Deltamethrin,1,ha,200,l,200,ha,0,1,0,0,0,20,Band
48.6808333330001,26.6947222220001,26559,2020/04/28 00:00:00,09:30,2020/04/28 00:00:00,09:30,No,Late,Al Aqir,500,Exact,SA,453456,RAMSES38_SAU20-23.XL, ,1,0,1,2,1,0,0,0,0,0,0,0,0,0,0,0,0,0,0,0,0,0,0,0,0,0,0,0,0,0,0,0,0,0,0,0,0,0,0,1,0,0,0,-1,0,0,0,0,1,3,1,0,3,0,0,1,0,4,4,0,0,1,0,0,0,0,0,0,0,0,0,0,0,0,0,0,0,0,0,0,0,0,0,0,0,0,0,0,0,0,0,0,0,0,0,0,0,0,0,0,0,0,0,0,0,0,0,0,0,0,0,0,0,0,0,0,0,0,2020/04/28 00:00:00,2020/04/28 00:00:00,2,3,Lambdacyhalothrin,1,ha,250,l,250,ha,0,1,0,0,0,90,Band
48.6777777780001,26.7419444440001,26560,2020/04/28 00:00:00,10:36,2020/04/28 00:00:00,10:36,No,Late,Al Aqir,200,Exact,SA,453457,RAMSES38_SAU20-23.XL, ,1,0,1,2,1,0,0,0,0,0,0,0,0,0,0,0,0,0,0,0,0,0,0,0,0,0,0,0,0,0,0,0,0,0,0,0,0,0,0,1,0,0,40,-1,0,0,0,0,0,1,3,0,0,0,0,1,0,1,1,0,0,1,0,0,0,0,0,0,0,0,0,0,0,0,0,0,0,0,0,0,0,0,0,0,0,0,0,0,0,0,0,0,0,0,0,0,0,0,0,0,0,0,0,0,0,0,0,0,0,0,0,0,0,0,0,0,0,0,2020/04/28 00:00:00,2020/04/28 00:00:00,2,3,Deltamethrin,0.5,ha,35,l,70,ha,0,1,0,0,0,90,Band
41.392777778,28.2877777780001,26561,2020/04/28 00:00:00,18:20,2020/04/28 00:00:00,18:20,No,Late,qareit alrdeifh,2,Exact,SA,453462,RAMSES38_SAU20-23.XL, ,1,0,1,2,1,0,0,0,0,0,0,0,0,0,0,0,0,0,0,0,0,0,0,0,0,0,0,0,0,0,0,0,0,0,0,0,0,0,0,1,0,0,5,-1,0,0,0,1,3,0,0,0,0,0,0,1,0,0.0099999998,0.0099999998,0,1,0,0,0,0,0,0,0,0,0,0,0,0,0,0,0,0,0,0,0,0,0,0,0,0,0,0,0,0,0,0,0,0,0,0,0,0,0,0,0,0,0,0,0,0,0,0,0,0,0,0,0,0,0,0,0,0,0,1899/12/30 00:00:00,1899/12/30 00:00:00,0,0, ,0, ,0, ,0, ,0,0,0,0,0,0,Band
46.4877777780001,22.0519444440001,26562,2020/04/29 00:00:00,06:11,2020/04/29 00:00:00,06:11,No,Late,AL BADIE,300,Exact,SA,453463,RAMSES38_SAU20-23.XL, ,1,0,1,2,1,0,0,0,0,0,0,0,0,0,0,0,0,0,0,0,0,0,0,0,0,0,0,0,0,0,0,0,0,0,0,0,0,0,1,0,0,0,0,-1,0,0,0,0,0,3,1,0,3,0,0,1,0,3,3,0,0,1,0,0,0,0,0,0,0,0,0,0,0,0,0,0,0,0,0,0,0,0,0,0,0,0,0,0,0,0,0,0,0,0,0,0,0,0,0,0,0,0,0,0,0,0,0,0,0,0,0,0,0,0,0,0,0,0,2020/04/29 00:00:00,2020/04/29 00:00:00,2,3,Lambdacyhalothrin,1,ha,80,l,80,ha,0,1,0,0,0,90,Band
49.787222222,26.2391666670001,26563,2020/04/29 00:00:00,08:28,2020/04/29 00:00:00,08:28,No,Late,Al damam,400,Exact,SA,453468,RAMSES38_SAU20-23.XL, ,1,0,1,2,1,0,0,0,0,0,0,0,0,0,0,0,0,0,0,0,0,0,0,0,0,0,0,0,0,0,0,0,0,0,0,0,0,0,0,0,1,0,8,-1,0,1,0,0,0,0,3,0,1,0,0,1,0,0.0099999998,0.0099999998,0,1,0,0,0,0,0,0,0,0,0,0,0,0,0,0,0,0,0,0,0,0,0,0,0,0,0,0,0,0,0,0,0,0,0,0,0,0,0,0,0,0,0,0,0,0,0,0,0,0,0,0,0,0,0,0,0,0,0,2020/04/29 00:00:00,2020/04/29 00:00:00,2,3,Deltamethrin,1,ha,200,l,200,ha,0,1,0,0,0,90,Band
49.7830555560001,26.235,26564,2020/04/29 00:00:00,09:03,2020/04/29 00:00:00,09:03,No,Late,Al damam,400,Exact,SA,453469,RAMSES38_SAU20-23.XL, ,1,0,1,2,1,0,0,0,0,0,0,0,0,0,0,0,0,0,0,0,0,0,0,0,0,0,0,0,0,0,0,0,0,0,0,0,0,0,1,0,0,0,0,-1,0,0,0,0,0,3,1,0,3,0,0,1,0,3,3,0,0,1,0,0,0,0,0,0,0,0,0,0,0,0,0,0,0,0,0,0,0,0,0,0,0,0,0,0,0,0,0,0,0,0,0,0,0,0,0,0,0,0,0,0,0,0,0,0,0,0,0,0,0,0,0,0,0,0,2020/04/29 00:00:00,2020/04/29 00:00:00,2,3,Deltamethrin,1,ha,200,l,200,ha,0,1,0,0,0,90,Band
48.6858333330001,26.755,26565,2020/04/29 00:00:00,10:01,2020/04/29 00:00:00,10:01,No,Late,Al Aqir,200,Exact,SA,453471,RAMSES38_SAU20-23.XL, ,1,0,1,2,1,0,0,0,0,0,0,0,0,0,0,0,0,0,0,0,0,0,0,0,0,0,0,0,0,0,0,0,0,0,0,0,0,0,0,1,0,0,100,-1,0,0,0,0,0,1,3,0,0,0,0,1,0,0.079999998,0.079999998,0,1,0,0,0,0,0,0,0,0,0,0,0,0,0,0,0,0,0,0,0,0,0,0,0,0,0,0,0,0,0,0,0,0,0,0,0,0,0,0,0,0,0,0,0,0,0,0,0,0,0,0,0,0,0,0,0,0,0,2020/04/29 00:00:00,2020/04/29 00:00:00,2,3,Deltamethrin,0.5,ha,30,l,60,ha,0,1,0,0,0,75,Band
41.3627777780001,28.2902777780001,26566,2020/04/29 00:00:00,17:31,2020/04/29 00:00:00,17:31,No,Late,qareit alradeifh,20,Exact,SA,453480,RAMSES38_SAU20-23.XL, ,1,0,1,2,1,0,0,0,0,0,0,0,0,0,0,0,0,0,0,0,0,0,0,0,0,0,0,0,0,0,0,0,0,0,0,0,0,0,0,1,0,0,1,-1,0,0,0,1,3,0,0,0,0,0,1,0,0,100,100,0,0,0,0,1,0,0,0,0,0,0,0,0,0,0,0,0,0,0,0,0,0,0,0,0,0,0,0,0,0,0,0,0,0,0,0,0,0,0,0,0,0,0,0,0,0,0,0,0,0,0,0,0,0,0,0,0,0,0,1899/12/30 00:00:00,1899/12/30 00:00:00,0,0, ,0, ,0, ,0, ,0,0,0,0,0,0,Band
41.3808333330001,28.2902777780001,26567,2020/04/29 00:00:00,18:11,2020/04/29 00:00:00,18:11,No,Late,qareit alradeifh,10,Exact,SA,453482,RAMSES38_SAU20-23.XL, ,1,0,1,2,1,0,0,0,0,0,0,0,0,0,0,0,0,0,0,0,0,0,0,0,0,0,0,0,0,0,0,0,0,0,0,0,0,0,0,0,1,0,4,-1,0,0,0,1,3,0,0,0,0,0,0,1,0,0.0099999998,0.0099999998,0,1,0,0,0,0,0,0,0,0,0,0,0,0,0,0,0,0,0,0,0,0,0,0,0,0,0,0,0,0,0,0,0,0,0,0,0,0,0,0,0,0,0,0,0,0,0,0,0,0,0,0,0,0,0,0,0,0,0,2020/04/29 00:00:00,2020/04/29 00:00:00,2,3,Lambdacyhalothrin,1,ha,10,l,10,ha,0,1,0,0,0,75,Band
48.6763888890001,26.6219444440001,26568,2020/04/30 00:00:00,07:43,2020/04/30 00:00:00,07:43,No,Late,Hanidh,200,Exact,SA,453483,RAMSES38_SAU20-23.XL, ,1,0,1,2,1,0,0,0,0,0,0,0,0,0,0,0,0,0,0,0,0,0,0,0,0,0,0,0,0,0,0,0,0,0,0,0,0,0,0,1,0,0,45,-1,0,0,0,0,0,1,3,0,0,0,0,1,0,1,1,0,0,1,0,0,0,0,0,0,0,0,0,0,0,0,0,0,0,0,0,0,0,0,0,0,0,0,0,0,0,0,0,0,0,0,0,0,0,0,0,0,0,0,0,0,0,0,0,0,0,0,0,0,0,0,0,0,0,0,2020/04/30 00:00:00,2020/04/30 00:00:00,2,3,Lambdacyhalothrin,1,ha,70,l,70,ha,0,1,0,0,0,85,Band
49.8005555560001,26.258888889,26569,2020/04/30 00:00:00,08:53,2020/04/30 00:00:00,08:53,No,Late,Al damam,1000,Exact,SA,453484,RAMSES38_SAU20-23.XL, ,1,0,1,2,1,0,0,0,0,0,0,0,0,0,0,0,0,0,0,0,0,0,0,0,0,0,0,0,0,0,0,0,0,0,0,0,0,0,1,0,0,0,0,-1,0,0,0,0,0,3,1,0,3,0,0,1,0,4,4,0,0,1,0,0,0,0,0,0,0,0,0,0,0,0,0,0,0,0,0,0,0,0,0,0,0,0,0,0,0,0,0,0,0,0,0,0,0,0,0,0,0,0,0,0,0,0,0,0,0,0,0,0,0,0,0,0,0,0,2020/04/30 00:00:00,2020/04/30 00:00:00,2,3,Deltamethrin,1,ha,400,l,400,ha,0,1,0,0,0,85,Band
36.8480555560001,3.435,26570,2020/04/07 00:00:00,00:00,2020/04/07 00:00:00,00:00,No,Early,Marsabit,10,Exact,KE,445227,RAMSES38_KEN20-46.XL, ,1,0,1,2,1,0,0,0,0,0,0,0,0,0,0,0,0,0,0,0,0,0,0,0,0,0,0,0,0,0,0,0,0,0,0,0,0,0,0,0,0,0,0,-1,0,0,0,0,0,0,1,0,0,1,0,0,0,0,0,0,0,0,0,0,0,0,0,0,0,0,0,0,0,0,0,0,0,0,0,0,0,0,0,0,0,0,0,0,0,0,0,0,0,0,0,0,0,0,0,0,0,0,0,0,0,0,0,0,0,0,0,0,0,0,0,0,0,0,2020/04/07 00:00:00,2020/04/07 00:00:00,2,1,Unknown,1, ,10, ,10,ha,0,0,0,0,1,0,Band
37.068055556,3.32138888900005,26571,2020/04/07 00:00:00,00:00,2020/04/07 00:00:00,00:00,No,Early,Marsabit,20,Exact,KE,445231,RAMSES38_KEN20-46.XL, ,1,0,1,2,1,0,0,0,0,0,0,0,0,0,0,0,0,0,0,0,0,0,0,0,0,0,0,0,0,0,0,0,0,0,0,0,0,0,0,0,0,0,0,-1,0,0,1,1,0,0,0,0,0,1,0,0,0,0,0,0,0,0,0,0,0,0,0,0,0,0,0,0,0,0,0,0,0,0,0,0,0,0,0,0,0,0,0,0,0,0,0,0,0,0,0,0,0,0,0,0,0,0,0,0,0,0,0,0,0,0,0,0,0,0,0,0,0,0,2020/04/07 00:00:00,2020/04/07 00:00:00,2,1,Unknown,0, ,0, ,0, ,0,0,0,0,1,0,Band
37.566666667,5.26666666700004,26572,2020/04/04 00:00:00,09:00,2020/04/04 00:00:00,09:00,No,Early,Gisma 1,300,Exact,ET,443863,RAMSES38_ETH20-26.XL, ,1,0,1,2,1,0,0,0,0,0,0,0,0,0,0,0,0,0,0,0,0,0,0,0,0,0,0,0,0,0,0,0,0,0,0,0,0,0,0,0,0,0,0,-1,0,0,0,0,0,0,0,0,1,0,0,0,0,0,0,0,0,0,0,0,0,0,0,0,0,0,0,0,0,0,0,0,0,0,0,0,0,0,0,0,0,0,0,0,0,0,0,0,0,0,0,0,0,0,0,0,0,0,0,0,0,0,0,0,0,0,0,0,0,0,0,0,0,0,2020/04/04 00:00:00,2020/04/04 00:00:00,2,1,Chlorpyrifos,1,ha,200,l,200,ha,0,0,1,0,0,0,Band
37.6666666670001,5.23333333300008,26573,2020/04/04 00:00:00,09:03,2020/04/04 00:00:00,09:03,No,Early,Gisma 2,350,Exact,ET,443864,RAMSES38_ETH20-26.XL, ,1,0,1,2,1,0,0,0,0,0,0,0,0,0,0,0,0,0,0,0,0,0,0,0,0,0,0,0,0,0,0,0,0,0,0,0,0,0,0,0,0,0,0,-1,0,0,0,0,0,0,0,0,1,0,0,0,0,0,0,0,0,0,0,0,0,0,0,0,0,0,0,0,0,0,0,0,0,0,0,0,0,0,0,0,0,0,0,0,0,0,0,0,0,0,0,0,0,0,0,0,0,0,0,0,0,0,0,0,0,0,0,0,0,0,0,0,0,0,2020/04/04 00:00:00,2020/04/04 00:00:00,2,1,Chlorpyrifos,1,ha,200,l,200,ha,0,0,1,0,0,0,Band
37.2333333330001,5.15,26574,2020/04/04 00:00:00,09:05,2020/04/04 00:00:00,09:05,No,Early,Blla,300,Exact,ET,443865,RAMSES38_ETH20-26.XL, ,1,0,1,2,1,0,0,0,0,0,0,0,0,0,0,0,0,0,0,0,0,0,0,0,0,0,0,0,0,0,0,0,0,0,0,0,0,0,0,0,0,0,0,-1,0,0,0,0,0,0,0,0,1,0,0,0,0,0,0,0,0,0,0,0,0,0,0,0,0,0,0,0,0,0,0,0,0,0,0,0,0,0,0,0,0,0,0,0,0,0,0,0,0,0,0,0,0,0,0,0,0,0,0,0,0,0,0,0,0,0,0,0,0,0,0,0,0,0,2020/04/04 00:00:00,2020/04/04 00:00:00,2,1,Chlorpyrifos,1,ha,200,l,200,ha,0,0,1,0,0,0,Band
37.35,5.3,26575,2020/04/04 00:00:00,09:08,2020/04/04 00:00:00,09:08,No,Early,Shala 2,1500,Exact,ET,443866,RAMSES38_ETH20-26.XL, ,1,0,1,2,1,0,0,0,0,0,0,0,0,0,0,0,0,0,0,0,0,0,0,0,0,0,0,0,0,0,0,0,0,0,0,0,0,0,0,0,0,0,0,-1,0,0,0,0,0,0,0,0,1,0,0,0,0,0,0,0,0,0,0,0,0,0,0,0,0,0,0,0,0,0,0,0,0,0,0,0,0,0,0,0,0,0,0,0,0,0,0,0,0,0,0,0,0,0,0,0,0,0,0,0,0,0,0,0,0,0,0,0,0,0,0,0,0,0,2020/04/04 00:00:00,2020/04/04 00:00:00,2,1,Chlorpyrifos,1,ha,200,l,200,ha,0,0,1,0,0,0,Band
36.833333333,5.48333333300008,26576,2020/04/04 00:00:00,09:16,2020/04/04 00:00:00,09:16,No,Early,Shala 4,750,Exact,ET,443867,RAMSES38_ETH20-26.XL, ,1,0,1,2,1,0,0,0,0,0,0,0,0,0,0,0,0,0,0,0,0,0,0,0,0,0,0,0,0,0,0,0,0,0,0,0,0,0,0,0,0,0,0,-1,0,0,0,0,0,0,0,0,1,0,0,0,0,0,0,0,0,0,0,0,0,0,0,0,0,0,0,0,0,0,0,0,0,0,0,0,0,0,0,0,0,0,0,0,0,0,0,0,0,0,0,0,0,0,0,0,0,0,0,0,0,0,0,0,0,0,0,0,0,0,0,0,0,0,2020/04/04 00:00:00,2020/04/04 00:00:00,2,1,Chlorpyrifos,1,ha,600,l,600,ha,0,0,1,0,0,0,Band
37.2,5.18333333300006,26577,2020/04/04 00:00:00,09:11,2020/04/04 00:00:00,09:11,No,Early,Gisma 3,600,Exact,ET,443868,RAMSES38_ETH20-26.XL, ,1,0,1,2,1,0,0,0,0,0,0,0,0,0,0,0,0,0,0,0,0,0,0,0,0,0,0,0,0,0,0,0,0,0,0,0,0,0,0,0,0,0,0,-1,0,0,0,0,0,0,0,0,1,0,0,0,0,0,0,0,0,0,0,0,0,0,0,0,0,0,0,0,0,0,0,0,0,0,0,0,0,0,0,0,0,0,0,0,0,0,0,0,0,0,0,0,0,0,0,0,0,0,0,0,0,0,0,0,0,0,0,0,0,0,0,0,0,0,2020/04/04 00:00:00,2020/04/04 00:00:00,2,1,Chlorpyrifos,1,ha,200,l,200,ha,0,0,1,0,0,0,Band
37.066666667,5.16666666700007,26578,2020/04/04 00:00:00,09:19,2020/04/04 00:00:00,09:19,No,Early,Wayu wondo,70,Exact,ET,443870,RAMSES38_ETH20-26.XL, ,1,0,1,2,1,0,0,0,0,0,0,0,0,0,0,0,0,0,0,0,0,0,0,0,0,0,0,0,0,0,0,0,0,0,0,0,0,0,0,0,0,0,0,-1,0,0,0,0,0,1,0,0,0,0,0,1,0,0,0,0,0,0,0,0,0,0,0,0,0,0,0,0,0,0,0,0,0,0,0,0,0,0,0,0,0,0,0,0,0,0,0,0,0,0,0,0,0,0,0,0,0,0,0,0,0,0,0,0,0,0,0,0,0,0,0,0,0,0,2020/04/04 00:00:00,2020/04/04 00:00:00,2,1,Other,1, ,55, ,55,ha,0,0,0,0,1,0,Band
36.816666667,5.48333333300008,26579,2020/04/05 00:00:00,09:30,2020/04/05 00:00:00,09:30,No,Early,Sitimba,1200,Exact,ET,443874,RAMSES38_ETH20-26.XL, ,1,0,1,2,1,0,0,0,0,0,0,0,0,0,0,0,0,0,0,0,0,0,0,0,0,0,0,0,0,0,0,0,0,0,0,0,0,0,0,0,0,0,0,-1,0,0,0,0,0,0,0,0,1,0,0,0,0,0,0,0,0,0,0,0,0,0,0,0,0,0,0,0,0,0,0,0,0,0,0,0,0,0,0,0,0,0,0,0,0,0,0,0,0,0,0,0,0,0,0,0,0,0,0,0,0,0,0,0,0,0,0,0,0,0,0,0,0,0,2020/04/05 00:00:00,2020/04/05 00:00:00,2,1,Chlorpyrifos,1,ha,1000,l,1000,ha,0,0,1,0,0,0,Band
49.763888889,26.4525,26580,2020/04/05 00:00:00,12:05,2020/04/05 00:00:00,12:05,No,Early,Al damam,600,Exact,SA,443876,RAMSES38_SAU20-18.XL, ,1,0,1,2,1,0,0,0,0,0,0,0,0,0,0,0,0,0,0,0,0,0,0,0,0,0,0,0,0,0,0,0,0,0,0,0,0,0,0,0,1,0,8,-1,0,0,0,1,0,0,0,0,0,0,0,1,0,0.0099999998,0.0099999998,0,1,0,0,0,0,0,0,0,0,0,0,0,0,0,0,0,0,0,0,0,0,0,0,0,0,0,0,0,0,0,0,0,0,0,0,0,0,0,0,0,0,0,0,0,0,0,0,0,0,0,0,0,0,0,0,0,0,0,2020/04/05 00:00:00,2020/04/05 00:00:00,2,1,Lambdacyhalothrin,1,ha,220,l,220,ha,0,1,0,0,0,0,Band
49.7547222220001,26.4855555560001,26581,2020/04/05 00:00:00,12:19,2020/04/05 00:00:00,12:19,No,Early,Al damam,800,Exact,SA,443877,RAMSES38_SAU20-18.XL, ,1,0,1,2,1,0,0,0,0,0,0,0,0,0,0,0,0,0,0,0,0,0,0,0,0,0,0,0,0,0,0,0,0,0,0,0,0,0,0,1,0,0,7,-1,0,0,0,1,0,0,0,0,0,0,0,1,0,0.0099999998,0.0099999998,0,1,0,0,0,0,0,0,0,0,0,0,0,0,0,0,0,0,0,0,0,0,0,0,0,0,0,0,0,0,0,0,0,0,0,0,0,0,0,0,0,0,0,0,0,0,0,0,0,0,0,0,0,0,0,0,0,0,0,2020/04/05 00:00:00,2020/04/05 00:00:00,2,1,Lambdacyhalothrin,1,ha,120,l,120,ha,0,1,0,0,0,0,Band
48.4952777780001,27.0452777780001,26582,2020/04/05 00:00:00,08:18,2020/04/05 00:00:00,08:18,No,Early,GENWAH,300,Exact,SA,443887,RAMSES38_SAU20-18.XL, ,1,0,1,2,1,0,0,0,0,0,0,0,0,0,0,0,0,0,0,0,0,0,0,0,0,0,0,0,0,0,0,0,0,0,0,0,0,0,0,1,0,0,10,-1,0,0,0,1,0,0,0,0,0,0,0,0,1,0.0049999999,0.0049999999,0,1,0,0,0,0,0,0,0,0,0,0,0,0,0,0,0,0,0,0,0,0,0,0,0,0,0,0,0,0,0,0,0,0,0,0,0,0,0,0,0,0,0,0,0,0,0,0,0,0,0,0,0,0,0,0,0,0,0,2020/04/05 00:00:00,2020/04/05 00:00:00,2,1,Fenitrothion,1,ha,100,l,100,ha,0,1,0,0,0,0,Band
49.3755555560001,26.1119444440001,26583,2020/04/05 00:00:00,08:34,2020/04/05 00:00:00,08:34,No,Early,SLASEL,400,Exact,SA,443888,RAMSES38_SAU20-18.XL, ,1,0,1,2,1,0,0,0,0,0,0,0,0,0,0,0,0,0,0,0,0,0,0,0,0,0,0,0,0,0,0,0,0,0,0,0,0,0,0,1,0,0,20,-1,0,0,1,3,0,0,0,0,0,0,0,0,1,0.003,0.003,0,1,0,0,0,0,0,0,0,0,0,0,0,0,0,0,0,0,0,0,0,0,0,0,0,0,0,0,0,0,0,0,0,0,0,0,0,0,0,0,0,0,0,0,0,0,0,0,0,0,0,0,0,0,0,0,0,0,0,2020/04/05 00:00:00,2020/04/05 00:00:00,2,1,Fenitrothion,1,ha,100,l,100,ha,0,1,0,0,0,0,Band
48.4411111110001,27.461944444,26584,2020/04/05 00:00:00,08:37,2020/04/05 00:00:00,08:37,No,Early,ALNEAERIAH,200,Exact,SA,443889,RAMSES38_SAU20-18.XL, ,1,0,1,2,1,0,0,0,0,0,0,0,0,0,0,0,0,0,0,0,0,0,0,0,0,0,0,0,0,0,0,0,0,0,0,0,0,0,0,1,0,0,10,-1,0,0,1,3,0,0,0,0,0,0,0,0,1,0.0049999999,0.0049999999,0,1,0,0,0,0,0,0,0,0,0,0,0,0,0,0,0,0,0,0,0,0,0,0,0,0,0,0,0,0,0,0,0,0,0,0,0,0,0,0,0,0,0,0,0,0,0,0,0,0,0,0,0,0,0,0,0,0,0,2020/04/05 00:00:00,2020/04/05 00:00:00,2,1,Fenitrothion,1,ha,50,l,50,ha,0,1,0,0,0,0,Band
49.641388889,26.508888889,26585,2020/04/05 00:00:00,08:40,2020/04/05 00:00:00,08:40,No,Early,ALDAMAM,300,Exact,SA,443890,RAMSES38_SAU20-18.XL, ,1,0,1,2,1,0,0,0,0,0,0,0,0,0,0,0,0,0,0,0,0,0,0,0,0,0,0,0,0,0,0,0,0,0,0,0,0,0,0,1,0,0,10,-1,0,0,0,1,0,0,0,0,0,0,0,0,1,0.003,0.003,0,1,0,0,0,0,0,0,0,0,0,0,0,0,0,0,0,0,0,0,0,0,0,0,0,0,0,0,0,0,0,0,0,0,0,0,0,0,0,0,0,0,0,0,0,0,0,0,0,0,0,0,0,0,0,0,0,0,0,2020/04/05 00:00:00,2020/04/05 00:00:00,2,1,Fenitrothion,1,ha,70,l,70,ha,0,1,0,0,0,0,Band
48.5558333330001,26.658611111,26586,2020/04/05 00:00:00,09:16,2020/04/05 00:00:00,09:16,No,Early,MKATI,400,Exact,SA,443891,RAMSES38_SAU20-18.XL, ,1,0,1,2,1,0,0,0,0,0,0,0,0,0,0,0,0,0,0,0,0,0,0,0,0,0,0,0,0,0,0,0,0,0,0,0,0,0,0,1,0,0,14,-1,0,0,0,1,0,0,0,0,0,0,0,0,1,0.0049999999,0.0049999999,0,1,0,0,0,0,0,0,0,0,0,0,0,0,0,0,0,0,0,0,0,0,0,0,0,0,0,0,0,0,0,0,0,0,0,0,0,0,0,0,0,0,0,0,0,0,0,0,0,0,0,0,0,0,0,0,0,0,0,2020/04/05 00:00:00,2020/04/05 00:00:00,2,1,Fenitrothion,1,ha,160,l,160,ha,0,1,0,0,0,0,Band
49.4391666670001,26.095277778,26587,2020/04/05 00:00:00,09:28,2020/04/05 00:00:00,09:28,No,Early,SLASEL,400,Exact,SA,443892,RAMSES38_SAU20-18.XL, ,1,0,1,2,1,0,0,0,0,0,0,0,0,0,0,0,0,0,0,0,0,0,0,0,0,0,0,0,0,0,0,0,0,0,0,0,0,0,0,1,0,0,3,-1,0,0,0,1,0,0,0,0,0,0,0,0,1,0.0040000002,0.0040000002,0,1,0,0,0,0,0,0,0,0,0,0,0,0,0,0,0,0,0,0,0,0,0,0,0,0,0,0,0,0,0,0,0,0,0,0,0,0,0,0,0,0,0,0,0,0,0,0,0,0,0,0,0,0,0,0,0,0,0,2020/04/05 00:00:00,2020/04/05 00:00:00,2,1,Fenitrothion,1,ha,35,l,35,ha,0,1,0,0,0,0,Band
49.008888889,25.889166667,26588,2020/04/05 00:00:00,09:30,2020/04/05 00:00:00,09:30,No,Early,OM ALARAD,200,Exact,SA,443893,RAMSES38_SAU20-18.XL, ,1,0,1,2,1,0,0,0,0,0,0,0,0,0,0,0,0,0,0,0,0,0,0,0,0,0,0,0,0,0,0,0,0,0,0,0,0,0,0,1,0,0,30,-1,0,0,0,1,0,0,0,0,0,0,0,0,1,0.0049999999,0.0049999999,0,1,0,0,0,0,0,0,0,0,0,0,0,0,0,0,0,0,0,0,0,0,0,0,0,0,0,0,0,0,0,0,0,0,0,0,0,0,0,0,0,0,0,0,0,0,0,0,0,0,0,0,0,0,0,0,0,0,0,2020/04/05 00:00:00,2020/04/05 00:00:00,2,1,Fenitrothion,1,ha,70,l,70,ha,0,1,0,0,0,0,Band
48.6027777780001,27.161944444,26589,2020/04/05 00:00:00,16:21,2020/04/05 00:00:00,16:21,No,Early,ATEG,400,Exact,SA,443894,RAMSES38_SAU20-18.XL, ,1,0,1,2,1,0,0,0,0,0,0,0,0,0,0,0,0,0,0,0,0,0,0,0,0,0,0,0,0,0,0,0,0,0,0,0,0,0,0,1,0,0,10,-1,0,0,0,1,0,0,0,0,0,0,0,0,1,0.0049999999,0.0049999999,0,1,0,0,0,0,0,0,0,0,0,0,0,0,0,0,0,0,0,0,0,0,0,0,0,0,0,0,0,0,0,0,0,0,0,0,0,0,0,0,0,0,0,0,0,0,0,0,0,0,0,0,0,0,0,0,0,0,0,2020/04/05 00:00:00,2020/04/05 00:00:00,2,1,Fenitrothion,1,ha,100,l,100,ha,0,1,0,0,0,0,Band
48.342222222,27.008888889,26590,2020/04/05 00:00:00,16:24,2020/04/05 00:00:00,16:24,No,Early,ALSRAR,300,Exact,SA,443895,RAMSES38_SAU20-18.XL, ,1,0,1,2,1,0,0,0,0,0,0,0,0,0,0,0,0,0,0,0,0,0,0,0,0,0,0,0,0,0,0,0,0,0,0,0,0,0,0,1,0,0,13,-1,0,0,0,1,0,0,0,0,0,0,0,0,1,0.0040000002,0.0040000002,0,1,0,0,0,0,0,0,0,0,0,0,0,0,0,0,0,0,0,0,0,0,0,0,0,0,0,0,0,0,0,0,0,0,0,0,0,0,0,0,0,0,0,0,0,0,0,0,0,0,0,0,0,0,0,0,0,0,0,2020/04/05 00:00:00,2020/04/05 00:00:00,2,1,Fenitrothion,1,ha,100,l,100,ha,0,1,0,0,0,0,Band
38.045,-0.154444443999978,26591,2020/04/07 00:00:00,08:06,2020/04/07 00:00:00,08:06,No,Early,Balambala 3,60,Exact,KE,445246,RAMSES38_KEN20-46.XL, ,1,0,1,2,1,0,0,0,0,0,0,0,0,0,0,0,0,0,0,0,0,0,0,0,0,0,0,0,0,0,0,0,0,0,0,0,0,0,0,0,0,0,0,-1,0,0,0,0,0,0,1,0,0,0,0,1,0,0,0,0,0,0,0,0,0,0,0,0,0,0,0,0,0,0,0,0,0,0,0,0,0,0,0,0,0,0,0,0,0,0,0,0,0,0,0,-1,1,0,0,0,0,0,0,1,0,0,0,0,0,0,0,0,0,0,0,0,0,0,2020/04/07 00:00:00,2020/04/07 00:00:00,2,1,Unknown,1, ,60, ,60,ha,0,0,1,0,0,0,Band
39.8833333330001,-0.7,26592,2020/04/08 00:00:00,16:37,2020/04/08 00:00:00,16:37,No,Early,Kamuthe Sprayed,100,Exact,KE,445261,RAMSES38_KEN20-46.XL, ,1,0,1,2,1,0,0,0,0,0,0,0,0,0,0,0,0,0,0,0,0,0,0,0,0,0,0,0,0,0,0,0,0,0,0,0,0,0,0,0,0,0,0,-1,0,0,0,0,0,0,1,0,0,0,0,1,0,0,0,0,0,0,0,0,0,0,0,0,0,0,0,0,0,0,0,0,0,0,0,0,0,0,0,0,0,0,0,0,0,0,0,0,0,0,0,0,0,0,0,0,0,0,0,0,0,0,0,0,0,0,0,0,0,0,0,0,0,0,1899/12/30 00:00:00,1899/12/30 00:00:00,0,0, ,0, ,0, ,0, ,0,0,0,0,0,0,Band
48.6891666670001,26.4952777780001,26593,2020/04/05 00:00:00,17:23,2020/04/05 00:00:00,17:23,No,Early,SHFIAH,400,Exact,SA,443896,RAMSES38_SAU20-18.XL, ,1,0,1,2,1,0,0,0,0,0,0,0,0,0,0,0,0,0,0,0,0,0,0,0,0,0,0,0,0,0,0,0,0,0,0,0,0,0,0,1,0,0,7,-1,0,0,0,1,0,0,0,0,0,0,0,0,1,0.0049999999,0.0049999999,0,1,0,0,0,0,0,0,0,0,0,0,0,0,0,0,0,0,0,0,0,0,0,0,0,0,0,0,0,0,0,0,0,0,0,0,0,0,0,0,0,0,0,0,0,0,0,0,0,0,0,0,0,0,0,0,0,0,0,2020/04/05 00:00:00,2020/04/05 00:00:00,2,1,Fenitrothion,1,ha,50,l,50,ha,0,1,0,0,0,0,Band
48.4966666670001,27.328611111,26594,2020/04/05 00:00:00,17:45,2020/04/05 00:00:00,17:45,No,Early,MLEAGAH,300,Exact,SA,443897,RAMSES38_SAU20-18.XL, ,1,0,1,2,1,0,0,0,0,0,0,0,0,0,0,0,0,0,0,0,0,0,0,0,0,0,0,0,0,0,0,0,0,0,0,0,0,0,0,1,0,0,15,-1,0,0,0,1,0,0,0,0,0,0,0,0,1,0.0049999999,0.0049999999,0,1,0,0,0,0,0,0,0,0,0,0,0,0,0,0,0,0,0,0,0,0,0,0,0,0,0,0,0,0,0,0,0,0,0,0,0,0,0,0,0,0,0,0,0,0,0,0,0,0,0,0,0,0,0,0,0,0,0,2020/04/05 00:00:00,2020/04/05 00:00:00,2,1,Fenitrothion,1,ha,70,l,70,ha,0,1,0,0,0,0,Band
49.715,26.4855555560001,26595,2020/04/01 00:00:00,09:20,2020/04/01 00:00:00,09:20,No,Early,Al damam,300,Exact,SA,443900,RAMSES38_SAU20-18.XL, ,1,0,1,2,1,0,0,0,0,0,0,0,0,0,0,0,0,0,0,0,0,0,0,0,0,0,0,0,0,0,0,0,0,0,0,0,0,0,0,1,0,0,6,-1,0,1,3,0,0,0,0,0,0,0,0,0,1,0.0099999998,0.0099999998,0,1,0,0,0,0,0,0,0,0,0,0,0,0,0,0,0,0,0,0,0,0,0,0,0,0,0,0,0,0,0,0,0,0,0,0,0,0,0,0,0,0,0,0,0,0,0,0,0,0,0,0,0,0,0,0,0,0,0,2020/04/01 00:00:00,2020/04/01 00:00:00,2,1,Lambdacyhalothrin,1,ha,100,l,100,ha,0,1,0,0,0,0,Band
46.9361111110001,22.1230555560001,26596,2020/04/05 00:00:00,11:01,2020/04/05 00:00:00,11:01,No,Early,AS   SEEH,900,Exact,SA,443903,RAMSES38_SAU20-18.XL, ,1,0,1,2,1,0,0,0,0,0,0,0,0,0,0,0,0,0,0,0,0,0,0,0,0,0,0,0,0,0,0,0,0,0,0,0,0,0,0,1,0,0,3,-1,0,0,1,0,0,0,0,0,0,0,0,0,1,0.0049999999,0.0049999999,0,1,0,0,0,0,0,0,0,0,0,0,0,0,0,0,0,0,0,0,0,0,0,0,0,0,0,0,0,0,0,0,0,0,0,0,0,0,0,0,0,0,0,0,0,0,0,0,0,0,0,0,0,0,0,0,0,0,0,1899/12/30 00:00:00,1899/12/30 00:00:00,0,0, ,0, ,0, ,0, ,0,0,0,0,0,0,Band
49.709722222,26.485,26597,2020/04/03 00:00:00,07:24,2020/04/03 00:00:00,07:24,No,Early,Al damam,300,Exact,SA,443933,RAMSES38_SAU20-18.XL, ,1,0,1,2,1,0,0,0,0,0,0,0,0,0,0,0,0,0,0,0,0,0,0,0,0,0,0,0,0,0,0,0,0,0,0,0,0,0,0,1,0,0,5,-1,0,1,3,0,0,0,0,0,0,0,0,0,1,0.0099999998,0.0099999998,0,1,0,0,0,0,0,0,0,0,0,0,0,0,0,0,0,0,0,0,0,0,0,0,0,0,0,0,0,0,0,0,0,0,0,0,0,0,0,0,0,0,0,0,0,0,0,0,0,0,0,0,0,0,0,0,0,0,0,2020/04/03 00:00:00,2020/04/03 00:00:00,2,1,Lambdacyhalothrin,1,ha,130,l,130,ha,0,1,0,0,0,0,Band
49.708055556,26.495,26598,2020/04/03 00:00:00,12:30,2020/04/03 00:00:00,12:30,No,Early,Al damam,500,Exact,SA,443935,RAMSES38_SAU20-18.XL, ,1,0,1,2,1,0,0,0,0,0,0,0,0,0,0,0,0,0,0,0,0,0,0,0,0,0,0,0,0,0,0,0,0,0,0,0,0,0,0,0,1,0,10,-1,0,1,3,0,0,0,0,0,0,0,0,0,1,0.0099999998,0.0099999998,0,1,0,0,0,0,0,0,0,0,0,0,0,0,0,0,0,0,0,0,0,0,0,0,0,0,0,0,0,0,0,0,0,0,0,0,0,0,0,0,0,0,0,0,0,0,0,0,0,0,0,0,0,0,0,0,0,0,0,2020/04/03 00:00:00,2020/04/03 00:00:00,2,1,Lambdacyhalothrin,1,ha,250,l,250,ha,0,1,0,0,0,0,Band
49.701944444,26.5075,26599,2020/04/03 00:00:00,12:36,2020/04/03 00:00:00,12:36,No,Early,Al damam,400,Exact,SA,443936,RAMSES38_SAU20-18.XL, ,1,0,1,2,1,0,0,0,0,0,0,0,0,0,0,0,0,0,0,0,0,0,0,0,0,0,0,0,0,0,0,0,0,0,0,0,0,0,0,0,1,0,0,-1,0,1,3,0,0,0,0,0,0,0,0,0,1,0.0099999998,0.0099999998,0,1,0,0,0,0,0,0,0,0,0,0,0,0,0,0,0,0,0,0,0,0,0,0,0,0,0,0,0,0,0,0,0,0,0,0,0,0,0,0,0,0,0,0,0,0,0,0,0,0,0,0,0,0,0,0,0,0,0,2020/04/03 00:00:00,2020/04/03 00:00:00,2,1,Lambdacyhalothrin,1,ha,250,l,250,ha,0,1,0,0,0,0,Band
48.842222222,25.9755555560001,26600,2020/04/01 00:00:00,06:02,2020/04/01 00:00:00,06:02,No,Early,AREAARAH,300,Exact,SA,443952,RAMSES38_SAU20-18.XL, ,1,0,1,2,1,0,0,0,0,0,0,0,0,0,0,0,0,0,0,0,0,0,0,0,0,0,0,0,0,0,0,0,0,0,0,0,0,0,0,1,0,0,20,-1,0,0,1,0,0,0,0,0,0,0,0,0,1,0.0099999998,0.0099999998,0,1,0,0,0,0,0,0,0,0,0,0,0,0,0,0,0,0,0,0,0,0,0,0,0,0,0,0,0,0,0,0,0,0,0,0,0,0,0,0,0,0,0,0,0,0,0,0,0,0,0,0,0,0,0,0,0,0,0,2020/04/01 00:00:00,2020/04/01 00:00:00,2,1,Fenitrothion,1,ha,100,l,100,ha,0,1,0,0,0,0,Band
49.395277778,26.1922222220001,26601,2020/04/01 00:00:00,07:43,2020/04/01 00:00:00,07:43,No,Early,N SALASEL,400,Exact,SA,443953,RAMSES38_SAU20-18.XL, ,1,0,1,2,1,0,0,0,0,0,0,0,0,0,0,0,0,0,0,0,0,0,0,0,0,0,0,0,0,0,0,0,0,0,0,0,0,0,0,1,0,0,0,-1,0,0,1,0,0,0,0,0,0,0,0,0,1,0.0099999998,0.0099999998,0,1,0,0,0,0,0,0,0,0,0,0,0,0,0,0,0,0,0,0,0,0,0,0,0,0,0,0,0,0,0,0,0,0,0,0,0,0,0,0,0,0,0,0,0,0,0,0,0,0,0,0,0,0,0,0,0,0,0,2020/04/01 00:00:00,2020/04/01 00:00:00,2,1,Fenitrothion,1,ha,150,l,150,ha,0,1,0,0,0,0,Band
49.4255555560001,25.908888889,26602,2020/04/01 00:00:00,08:34,2020/04/01 00:00:00,08:34,No,Early,AEN DAR,300,Exact,SA,443954,RAMSES38_SAU20-18.XL, ,1,0,1,2,1,0,0,0,0,0,0,0,0,0,0,0,0,0,0,0,0,0,0,0,0,0,0,0,0,0,0,0,0,0,0,0,0,0,0,1,0,0,10,-1,0,0,1,0,0,0,0,0,0,0,0,0,1,0.0099999998,0.0099999998,0,1,0,0,0,0,0,0,0,0,0,0,0,0,0,0,0,0,0,0,0,0,0,0,0,0,0,0,0,0,0,0,0,0,0,0,0,0,0,0,0,0,0,0,0,0,0,0,0,0,0,0,0,0,0,0,0,0,0,2020/04/01 00:00:00,2020/04/01 00:00:00,2,1,Fenitrothion,1,ha,150,l,150,ha,0,1,0,0,0,0,Band
49.645277778,26.461944444,26603,2020/04/01 00:00:00,08:54,2020/04/01 00:00:00,08:54,No,Early,ALDMAM,300,Exact,SA,443955,RAMSES38_SAU20-18.XL, ,1,0,1,2,1,0,0,0,0,0,0,0,0,0,0,0,0,0,0,0,0,0,0,0,0,0,0,0,0,0,0,0,0,0,0,0,0,0,0,1,0,0,16,-1,0,0,1,0,0,0,0,0,0,0,0,0,1,0.0099999998,0.0099999998,0,1,0,0,0,0,0,0,0,0,0,0,0,0,0,0,0,0,0,0,0,0,0,0,0,0,0,0,0,0,0,0,0,0,0,0,0,0,0,0,0,0,0,0,0,0,0,0,0,0,0,0,0,0,0,0,0,0,0,2020/04/01 00:00:00,2020/04/01 00:00:00,2,1,Fenitrothion,1,ha,100,l,100,ha,0,1,0,0,0,0,Band
48.3619444440001,26.958888889,26604,2020/04/01 00:00:00,23:12,2020/04/01 00:00:00,23:12,No,Early,ALSRAR,300,Exact,SA,443956,RAMSES38_SAU20-18.XL, ,1,0,1,2,1,0,0,0,0,0,0,0,0,0,0,0,0,0,0,0,0,0,0,0,0,0,0,0,0,0,0,0,0,0,0,0,0,0,0,1,0,0,15,-1,0,0,1,0,0,0,0,0,0,0,0,0,1,0.0099999998,0.0099999998,0,1,0,0,0,0,0,0,0,0,0,0,0,0,0,0,0,0,0,0,0,0,0,0,0,0,0,0,0,0,0,0,0,0,0,0,0,0,0,0,0,0,0,0,0,0,0,0,0,0,0,0,0,0,0,0,0,0,0,2020/04/01 00:00:00,2020/04/01 00:00:00,2,1,Fenitrothion,1,ha,100,l,100,ha,0,1,0,0,0,0,Band
48.842222222,26.025555556,26605,2020/04/02 00:00:00,08:04,2020/04/02 00:00:00,08:04,No,Early,OM RABEEAHA,300,Exact,SA,443957,RAMSES38_SAU20-18.XL, ,1,0,1,2,1,0,0,0,0,0,0,0,0,0,0,0,0,0,0,0,0,0,0,0,0,0,0,0,0,0,0,0,0,0,0,0,0,0,0,1,0,0,14,-1,0,0,1,0,0,0,0,0,0,0,0,0,1,0.0099999998,0.0099999998,0,1,0,0,0,0,0,0,0,0,0,0,0,0,0,0,0,0,0,0,0,0,0,0,0,0,0,0,0,0,0,0,0,0,0,0,0,0,0,0,0,0,0,0,0,0,0,0,0,0,0,0,0,0,0,0,0,0,0,2020/04/02 00:00:00,2020/04/02 00:00:00,2,1,Fenitrothion,1,ha,100,l,100,ha,0,1,0,0,0,0,Band
49.3755555560001,25.9952777780001,26606,2020/04/02 00:00:00,08:08,2020/04/02 00:00:00,08:08,No,Early,OLD AEN DAR,500,Exact,SA,443958,RAMSES38_SAU20-18.XL, ,1,0,1,2,1,0,0,0,0,0,0,0,0,0,0,0,0,0,0,0,0,0,0,0,0,0,0,0,0,0,0,0,0,0,0,0,0,0,0,1,0,0,0,-1,0,0,1,0,0,0,0,0,0,0,0,0,1,0.0099999998,0.0099999998,0,1,0,0,0,0,0,0,0,0,0,0,0,0,0,0,0,0,0,0,0,0,0,0,0,0,0,0,0,0,0,0,0,0,0,0,0,0,0,0,0,0,0,0,0,0,0,0,0,0,0,0,0,0,0,0,0,0,0,2020/04/02 00:00:00,2020/04/02 00:00:00,2,1,Fenitrothion,1,ha,150,l,150,ha,0,1,0,0,0,0,Band
49.142222222,26.0452777780001,26607,2020/04/02 00:00:00,08:45,2020/04/02 00:00:00,08:45,No,Early,OM ALARAD,300,Exact,SA,443959,RAMSES38_SAU20-18.XL, ,1,0,1,2,1,0,0,0,0,0,0,0,0,0,0,0,0,0,0,0,0,0,0,0,0,0,0,0,0,0,0,0,0,0,0,0,0,0,0,1,0,0,0,-1,0,0,1,0,0,0,0,0,0,0,0,0,1,0.0099999998,0.0099999998,0,1,0,0,0,0,0,0,0,0,0,0,0,0,0,0,0,0,0,0,0,0,0,0,0,0,0,0,0,0,0,0,0,0,0,0,0,0,0,0,0,0,0,0,0,0,0,0,0,0,0,0,0,0,0,0,0,0,0,2020/04/02 00:00:00,2020/04/02 00:00:00,2,1,Fenitrothion,1,ha,150,l,150,ha,0,1,0,0,0,0,Band
49.161944444,26.775555556,26608,2020/04/02 00:00:00,08:57,2020/04/02 00:00:00,08:57,No,Early,ALHNAH,300,Exact,SA,443960,RAMSES38_SAU20-18.XL, ,1,0,1,2,1,0,0,0,0,0,0,0,0,0,0,0,0,0,0,0,0,0,0,0,0,0,0,0,0,0,0,0,0,0,0,0,0,0,0,1,0,0,0,-1,0,0,1,0,0,0,0,0,0,0,0,0,1,0.0099999998,0.0099999998,0,1,0,0,0,0,0,0,0,0,0,0,0,0,0,0,0,0,0,0,0,0,0,0,0,0,0,0,0,0,0,0,0,0,0,0,0,0,0,0,0,0,0,0,0,0,0,0,0,0,0,0,0,0,0,0,0,0,0,2020/04/02 00:00:00,2020/04/02 00:00:00,2,1,Fenitrothion,1,ha,100,l,100,ha,0,1,0,0,0,0,Band
49.5366666670001,26.4952777780001,26609,2020/04/02 00:00:00,09:00,2020/04/02 00:00:00,09:00,No,Early,ALDMAM,300,Exact,SA,443961,RAMSES38_SAU20-18.XL, ,1,0,1,2,1,0,0,0,0,0,0,0,0,0,0,0,0,0,0,0,0,0,0,0,0,0,0,0,0,0,0,0,0,0,0,0,0,0,0,1,0,0,16,-1,0,0,1,0,0,0,0,0,0,0,0,0,1,0.0099999998,0.0099999998,0,1,0,0,0,0,0,0,0,0,0,0,0,0,0,0,0,0,0,0,0,0,0,0,0,0,0,0,0,0,0,0,0,0,0,0,0,0,0,0,0,0,0,0,0,0,0,0,0,0,0,0,0,0,0,0,0,0,0,2020/04/02 00:00:00,2020/04/02 00:00:00,2,1,Fenitrothion,1,ha,100,l,100,ha,0,1,0,0,0,0,Band
48.706388889,26.458888889,26610,2020/04/03 00:00:00,07:07,2020/04/03 00:00:00,07:07,No,Early,HANED,300,Exact,SA,443962,RAMSES38_SAU20-18.XL, ,1,0,1,2,1,0,0,0,0,0,0,0,0,0,0,0,0,0,0,0,0,0,0,0,0,0,0,0,0,0,0,0,0,0,0,0,0,0,0,1,0,0,20,-1,0,0,1,0,0,0,0,0,0,0,0,0,1,0.0099999998,0.0099999998,0,1,0,0,0,0,0,0,0,0,0,0,0,0,0,0,0,0,0,0,0,0,0,0,0,0,0,0,0,0,0,0,0,0,0,0,0,0,0,0,0,0,0,0,0,0,0,0,0,0,0,0,0,0,0,0,0,0,0,2020/04/03 00:00:00,2020/04/03 00:00:00,2,1,Fenitrothion,1,ha,100,l,100,ha,0,1,0,0,0,0,Band
48.4952777780001,27.278888889,26611,2020/04/03 00:00:00,07:15,2020/04/03 00:00:00,07:15,No,Early,MLEAGAH,400,Exact,SA,443963,RAMSES38_SAU20-18.XL, ,1,0,1,2,1,0,0,0,0,0,0,0,0,0,0,0,0,0,0,0,0,0,0,0,0,0,0,0,0,0,0,0,0,0,0,0,0,0,0,1,0,0,20,-1,0,0,1,0,0,0,0,0,0,0,0,0,1,0.0099999998,0.0099999998,0,1,0,0,0,0,0,0,0,0,0,0,0,0,0,0,0,0,0,0,0,0,0,0,0,0,0,0,0,0,0,0,0,0,0,0,0,0,0,0,0,0,0,0,0,0,0,0,0,0,0,0,0,0,0,0,0,0,0,2020/04/03 00:00:00,2020/04/03 00:00:00,2,1,Fenitrothion,1,ha,100,l,100,ha,0,1,0,0,0,0,Band
49.458888889,26.081388889,26612,2020/04/03 00:00:00,07:40,2020/04/03 00:00:00,07:40,No,Early,SALASEL,300,Exact,SA,443964,RAMSES38_SAU20-18.XL, ,1,0,1,2,1,0,0,0,0,0,0,0,0,0,0,0,0,0,0,0,0,0,0,0,0,0,0,0,0,0,0,0,0,0,0,0,0,0,0,1,0,0,0,-1,0,0,1,0,0,0,0,0,0,0,0,0,1,0.0099999998,0.0099999998,0,1,0,0,0,0,0,0,0,0,0,0,0,0,0,0,0,0,0,0,0,0,0,0,0,0,0,0,0,0,0,0,0,0,0,0,0,0,0,0,0,0,0,0,0,0,0,0,0,0,0,0,0,0,0,0,0,0,0,2020/04/03 00:00:00,2020/04/03 00:00:00,2,1,Fenitrothion,1,ha,150,l,150,ha,0,1,0,0,0,0,Band
49.025555556,25.9286111110001,26613,2020/04/03 00:00:00,07:47,2020/04/03 00:00:00,07:47,No,Early,OM ALARAD,400,Exact,SA,443965,RAMSES38_SAU20-18.XL, ,1,0,1,2,1,0,0,0,0,0,0,0,0,0,0,0,0,0,0,0,0,0,0,0,0,0,0,0,0,0,0,0,0,0,0,0,0,0,0,1,0,0,0,-1,0,0,1,0,0,0,0,0,0,0,0,0,1,0.0099999998,0.0099999998,0,1,0,0,0,0,0,0,0,0,0,0,0,0,0,0,0,0,0,0,0,0,0,0,0,0,0,0,0,0,0,0,0,0,0,0,0,0,0,0,0,0,0,0,0,0,0,0,0,0,0,0,0,0,0,0,0,0,0,2020/04/03 00:00:00,2020/04/03 00:00:00,2,1,Fenitrothion,1,ha,150,l,150,ha,0,1,0,0,0,0,Band
48.708888889,26.8119444440001,26614,2020/04/03 00:00:00,09:08,2020/04/03 00:00:00,09:08,No,Early,THAG,200,Exact,SA,443966,RAMSES38_SAU20-18.XL, ,1,0,1,2,1,0,0,0,0,0,0,0,0,0,0,0,0,0,0,0,0,0,0,0,0,0,0,0,0,0,0,0,0,0,0,0,0,0,0,1,0,0,17,-1,0,0,1,0,0,0,0,0,0,0,0,0,1,0.0099999998,0.0099999998,0,1,0,0,0,0,0,0,0,0,0,0,0,0,0,0,0,0,0,0,0,0,0,0,0,0,0,0,0,0,0,0,0,0,0,0,0,0,0,0,0,0,0,0,0,0,0,0,0,0,0,0,0,0,0,0,0,0,0,2020/04/03 00:00:00,2020/04/03 00:00:00,2,1,Fenitrothion,1,ha,100,l,100,ha,0,1,0,0,0,0,Band
49.5825,26.845277778,26615,2020/04/04 00:00:00,07:07,2020/04/04 00:00:00,07:07,No,Early,west aldmam,200,Exact,SA,443967,RAMSES38_SAU20-18.XL, ,1,0,1,2,1,0,0,0,0,0,0,0,0,0,0,0,0,0,0,0,0,0,0,0,0,0,0,0,0,0,0,0,0,0,0,0,0,0,0,1,0,0,17,-1,0,0,1,0,0,0,0,0,0,0,0,0,1,0.0099999998,0.0099999998,0,1,0,0,0,0,0,0,0,0,0,0,0,0,0,0,0,0,0,0,0,0,0,0,0,0,0,0,0,0,0,0,0,0,0,0,0,0,0,0,0,0,0,0,0,0,0,0,0,0,0,0,0,0,0,0,0,0,0,2020/04/04 00:00:00,2020/04/04 00:00:00,2,1,Fenitrothion,1,ha,130,l,130,ha,0,1,0,0,0,0,Band
48.839166667,25.9952777780001,26616,2020/04/04 00:00:00,07:27,2020/04/04 00:00:00,07:27,No,Early,areaarah,400,Exact,SA,443968,RAMSES38_SAU20-18.XL, ,1,0,1,2,1,0,0,0,0,0,0,0,0,0,0,0,0,0,0,0,0,0,0,0,0,0,0,0,0,0,0,0,0,0,0,0,0,0,0,1,0,0,20,-1,0,0,1,0,0,0,0,0,0,0,0,0,1,0.0099999998,0.0099999998,0,1,0,0,0,0,0,0,0,0,0,0,0,0,0,0,0,0,0,0,0,0,0,0,0,0,0,0,0,0,0,0,0,0,0,0,0,0,0,0,0,0,0,0,0,0,0,0,0,0,0,0,0,0,0,0,0,0,0,2020/04/04 00:00:00,2020/04/04 00:00:00,2,1,Fenitrothion,1,ha,100,l,100,ha,0,1,0,0,0,0,Band
48.4952777780001,26.660833333,26617,2020/04/04 00:00:00,07:30,2020/04/04 00:00:00,07:30,No,Early,haned,200,Exact,SA,443969,RAMSES38_SAU20-18.XL, ,1,0,1,2,1,0,0,0,0,0,0,0,0,0,0,0,0,0,0,0,0,0,0,0,0,0,0,0,0,0,0,0,0,0,0,0,0,0,0,1,0,0,10,-1,0,0,1,0,0,0,0,0,0,0,0,0,1,0.0099999998,0.0099999998,0,1,0,0,0,0,0,0,0,0,0,0,0,0,0,0,0,0,0,0,0,0,0,0,0,0,0,0,0,0,0,0,0,0,0,0,0,0,0,0,0,0,0,0,0,0,0,0,0,0,0,0,0,0,0,0,0,0,0,2020/04/04 00:00:00,2020/04/04 00:00:00,2,1,Fenitrothion,1,ha,100,l,100,ha,0,1,0,0,0,0,Band
49.142222222,26.758888889,26618,2020/04/04 00:00:00,07:47,2020/04/04 00:00:00,07:47,No,Early,alhnah,200,Exact,SA,443970,RAMSES38_SAU20-18.XL, ,1,0,1,2,1,0,0,0,0,0,0,0,0,0,0,0,0,0,0,0,0,0,0,0,0,0,0,0,0,0,0,0,0,0,0,0,0,0,0,1,0,0,20,-1,0,0,1,0,0,0,0,0,0,0,0,0,1,0.0099999998,0.0099999998,0,1,0,0,0,0,0,0,0,0,0,0,0,0,0,0,0,0,0,0,0,0,0,0,0,0,0,0,0,0,0,0,0,0,0,0,0,0,0,0,0,0,0,0,0,0,0,0,0,0,0,0,0,0,0,0,0,0,0,2020/04/04 00:00:00,2020/04/04 00:00:00,2,1,Fenitrothion,1,ha,100,l,100,ha,0,1,0,0,0,0,Band
49.0366666670001,25.908888889,26619,2020/04/04 00:00:00,08:23,2020/04/04 00:00:00,08:23,No,Early,om alarad,400,Exact,SA,443971,RAMSES38_SAU20-18.XL, ,1,0,1,2,1,0,0,0,0,0,0,0,0,0,0,0,0,0,0,0,0,0,0,0,0,0,0,0,0,0,0,0,0,0,0,0,0,0,0,1,0,0,20,-1,0,0,1,0,0,0,0,0,0,0,0,0,1,0.0099999998,0.0099999998,0,1,0,0,0,0,0,0,0,0,0,0,0,0,0,0,0,0,0,0,0,0,0,0,0,0,0,0,0,0,0,0,0,0,0,0,0,0,0,0,0,0,0,0,0,0,0,0,0,0,0,0,0,0,0,0,0,0,0,2020/04/04 00:00:00,2020/04/04 00:00:00,2,1,Fenitrothion,1,ha,150,l,150,ha,0,1,0,0,0,0,Band
49.2977777780001,27.075277778,26620,2020/04/04 00:00:00,08:43,2020/04/04 00:00:00,08:43,No,Early,aljubel,300,Exact,SA,443972,RAMSES38_SAU20-18.XL, ,1,0,1,2,1,0,0,0,0,0,0,0,0,0,0,0,0,0,0,0,0,0,0,0,0,0,0,0,0,0,0,0,0,0,0,0,0,0,0,1,0,0,17,-1,0,0,1,0,0,0,0,0,0,0,0,0,1,0.0099999998,0.0099999998,0,1,0,0,0,0,0,0,0,0,0,0,0,0,0,0,0,0,0,0,0,0,0,0,0,0,0,0,0,0,0,0,0,0,0,0,0,0,0,0,0,0,0,0,0,0,0,0,0,0,0,0,0,0,0,0,0,0,0,2020/04/04 00:00:00,2020/04/04 00:00:00,2,1,Fenitrothion,1,ha,100,l,100,ha,0,1,0,0,0,0,Band
48.445277778,26.9922222220001,26621,2020/04/04 00:00:00,22:33,2020/04/04 00:00:00,22:33,No,Early,alzokben,200,Exact,SA,443973,RAMSES38_SAU20-18.XL, ,1,0,1,2,1,0,0,0,0,0,0,0,0,0,0,0,0,0,0,0,0,0,0,0,0,0,0,0,0,0,0,0,0,0,0,0,0,0,0,1,0,0,13,-1,0,0,1,0,0,0,0,0,0,0,0,0,1,0.0099999998,0.0099999998,0,1,0,0,0,0,0,0,0,0,0,0,0,0,0,0,0,0,0,0,0,0,0,0,0,0,0,0,0,0,0,0,0,0,0,0,0,0,0,0,0,0,0,0,0,0,0,0,0,0,0,0,0,0,0,0,0,0,0,2020/04/04 00:00:00,2020/04/04 00:00:00,2,1,Fenitrothion,1,ha,100,l,100,ha,0,1,0,0,0,0,Band
49.2977777780001,27.0725,26622,2020/04/04 00:00:00,22:40,2020/04/04 00:00:00,22:40,No,Early,aldmam,300,Exact,SA,443974,RAMSES38_SAU20-18.XL, ,1,0,1,2,1,0,0,0,0,0,0,0,0,0,0,0,0,0,0,0,0,0,0,0,0,0,0,0,0,0,0,0,0,0,0,0,0,0,0,1,0,0,14,-1,0,0,1,0,0,0,0,0,0,0,0,0,1,0.0099999998,0.0099999998,0,1,0,0,0,0,0,0,0,0,0,0,0,0,0,0,0,0,0,0,0,0,0,0,0,0,0,0,0,0,0,0,0,0,0,0,0,0,0,0,0,0,0,0,0,0,0,0,0,0,0,0,0,0,0,0,0,0,0,2020/04/04 00:00:00,2020/04/04 00:00:00,2,1,Fenitrothion,1,ha,100,l,100,ha,0,1,0,0,0,0,Band
49.761388889,26.468611111,26623,2020/04/05 00:00:00,08:23,2020/04/05 00:00:00,08:23,No,Early,Aldamam,300,Exact,SA,443981,RAMSES38_SAU20-18.XL, ,1,0,1,2,1,0,0,0,0,0,0,0,0,0,0,0,0,0,0,0,0,0,0,0,0,0,0,0,0,0,0,0,0,0,0,0,0,0,0,1,0,0,4,-1,0,0,0,1,0,0,0,0,0,0,0,1,0,0.0099999998,0.0099999998,0,1,0,0,0,0,0,0,0,0,0,0,0,0,0,0,0,0,0,0,0,0,0,0,0,0,0,0,0,0,0,0,0,0,0,0,0,0,0,0,0,0,0,0,0,0,0,0,0,0,0,0,0,0,0,0,0,0,0,2020/04/05 00:00:00,2020/04/05 00:00:00,2,1,Lambdacyhalothrin,1,ha,100,l,100,ha,0,1,0,0,0,0,Band
55.8138888890001,23.914722222,26624,2020/04/22 00:00:00,21:19,2020/04/22 00:00:00,21:19,No,Late,Al Qabil,200,Exact,OM,452283,RAMSES38_OMN20-23.XL,Gregarious appearing,1,0,1,2,1,0,0,0,0,0,0,0,0,0,0,0,0,0,0,0,0,0,0,0,0,0,0,0,0,0,0,0,0,0,0,0,0,0,0,1,0,0,30,-1,0,0,0,0,0,0,3,0,1,0,0,1,0,0.0020000001,0.0020000001,1,0,0,0,0,0,0,0,0,0,1,0,0,2,1,0,0,0,0,0,0,0,1,0,0,0,0,1,0,0,0,0,0,0,0,0,0,0,0,0,0,0,0,0,0,0,0,0,0,0,0,0,0,0,0,0,0,0,0,2020/04/22 00:00:00,2020/04/22 00:00:00,2,3,Deltamethrin,1,ha,90,l,90,ha,0,1,0,0,0,0,Band
66.011388889,29.5425,26625,2020/04/02 00:00:00,00:00,2020/04/02 00:00:00,00:00,No,Early,Balochistan,8,Exact,PA,443690,RAMSES38_PAK20-19.XL, ,1,0,1,2,1,0,0,0,0,0,0,0,0,0,0,0,0,0,0,0,0,0,0,0,0,0,0,0,0,0,0,0,0,0,0,0,0,0,0,0,0,0,0,-1,0,0,0,0,1,1,0,0,0,1,0,0,0,0,0,0,0,0,0,0,0,0,0,0,0,0,0,0,0,0,0,0,0,0,0,0,0,0,0,0,0,0,0,0,0,0,0,0,0,0,0,0,0,0,0,0,0,0,0,0,0,0,0,0,0,0,0,0,0,0,0,0,0,0,2020/04/02 00:00:00,2020/04/02 00:00:00,2,1,Unknown,0, ,0, ,0, ,0,0,0,0,1,85,Band
36.828888889,2.48944444400007,26626,2020/04/01 00:00:00,00:00,2020/04/01 00:00:00,00:00,No,Early,Serima,5,Exact,KE,443320,RAMSES38_KEN20-43.XL,Ground control under,1,0,1,2,1,0,0,0,0,0,0,0,0,0,0,0,0,0,0,0,0,0,0,0,0,0,0,0,0,0,0,0,0,0,0,0,0,0,0,0,0,0,0,-1,0,0,0,0,1,1,1,0,0,1,0,0,0,0,0,0,0,0,0,0,0,0,0,0,0,0,0,0,0,0,0,0,0,0,0,0,0,0,0,0,0,0,0,0,0,0,0,0,0,0,0,0,0,0,0,0,0,0,0,0,0,0,0,0,0,0,0,0,0,0,0,0,0,0,1899/12/30 00:00:00,1899/12/30 00:00:00,0,0, ,0, ,0, ,0, ,0,0,0,0,0,0,Band
37.581388889,0.443333333000055,26627,2020/04/02 00:00:00,00:00,2020/04/02 00:00:00,00:00,No,Early,Meru,3,Exact,KE,443332,RAMSES38_KEN20-43.XL, ,1,0,1,2,1,0,0,0,0,0,0,0,0,0,0,0,0,0,0,0,0,0,0,0,0,0,0,0,0,0,0,0,0,0,0,0,0,0,0,0,0,0,0,-1,0,0,0,0,1,1,0,0,0,1,0,0,0,0,0,0,0,0,0,0,0,0,0,0,0,0,0,0,0,0,0,0,0,0,0,0,0,0,0,0,0,0,0,0,0,0,0,0,0,0,0,0,0,0,0,0,0,0,0,0,0,0,0,0,0,0,0,0,0,0,0,0,0,0,1899/12/30 00:00:00,1899/12/30 00:00:00,0,0, ,0, ,0, ,0, ,0,0,0,0,0,0,Band
53.3627777780001,27.2486111110001,26628,2020/04/17 00:00:00,16:27,2020/04/17 00:00:00,16:27,No,Middle,Aliabad,400,Exact,IR,454247,RAMSES38_IRN20-51.XL, ,1,0,1,2,1,0,0,0,0,0,0,1,0,0,-1,0,0,0,0,0,0,0,0,0,0,0,0,0,1,0,0,0,1,0,0,0,0,0,0,1,0,0,0,-1,0,0,1,3,1,0,0,0,0,0,0,1,0,0,0,0,0,0,0,0,0,0,0,0,0,0,0,0,0,0,0,0,0,0,0,0,0,0,0,0,0,0,0,0,0,0,0,0,0,0,0,0,0,0,0,0,0,0,0,0,0,0,0,0,0,0,0,0,0,0,0,0,0,0,2020/04/17 00:00:00,2020/04/17 00:00:00,2,2,Deltamethrin,0.5,ha,150,l,300,ha,0,1,0,0,0,95,Band
54.512777778,26.767222222,26629,2020/04/19 00:00:00,11:01,2020/04/19 00:00:00,11:01,No,Middle,soro,40,Exact,IR,454267,RAMSES38_IRN20-51.XL, ,1,0,1,2,1,0,0,0,0,0,0,1,0,0,-1,0,0,0,0,0,0,0,0,0,0,0,0,0,1,0,0,0,1,0,0,0,0,0,0,0,1,0,30,-1,0,0,0,1,3,3,0,0,3,0,0,1,0,1,1,0,0,1,0,0,0,0,0,0,0,0,0,0,0,0,0,0,0,0,0,0,0,0,0,0,0,0,0,0,0,0,0,0,0,0,0,0,0,0,0,0,0,0,0,0,0,0,0,0,0,0,0,0,0,0,0,0,0,0,2020/04/19 00:00:00,2020/04/19 00:00:00,2,2,Deltamethrin,1,ha,90,l,90,ha,0,1,0,0,0,90,Band
54.495,26.8052777780001,26630,2020/04/19 00:00:00,12:44,2020/04/19 00:00:00,12:44,No,Middle,Ermak 3,50,Exact,IR,454271,RAMSES38_IRN20-51.XL, ,1,0,1,2,1,0,0,0,0,0,0,1,0,0,-1,0,0,0,0,0,0,0,0,0,0,0,0,0,1,0,0,0,1,0,0,0,0,0,0,0,1,0,15,-1,0,0,0,0,3,1,0,0,0,0,0,1,0,1,1,0,0,1,0,0,0,0,0,0,0,0,0,0,0,0,0,0,0,0,0,0,0,0,0,0,0,0,0,0,0,0,0,0,0,0,0,0,0,0,0,0,0,0,0,0,0,0,0,0,0,0,0,0,0,0,0,0,0,0,2020/04/19 00:00:00,2020/04/19 00:00:00,2,2,Malathion,1,ha,35,l,35,ha,0,1,0,0,0,90,Band
51.586111111,28.707777778,26631,2020/04/24 00:00:00,14:42,2020/04/24 00:00:00,14:42,No,Late,Gardane gachi,600,Exact,IR,454274,RAMSES38_IRN20-51.XL, ,1,0,1,2,1,0,0,0,0,0,0,0,0,0,0,0,0,0,0,0,0,0,0,0,0,0,0,0,0,0,0,0,0,0,0,0,0,0,0,1,0,0,0,-1,0,0,1,3,1,0,0,0,0,0,0,1,0,0,0,0,0,0,0,0,0,0,0,0,0,0,0,0,0,0,0,0,0,0,0,0,0,0,0,0,0,0,0,0,0,0,0,0,0,0,0,0,0,0,0,0,0,0,0,0,0,0,0,0,0,0,0,0,0,0,0,0,0,0,2020/04/24 00:00:00,2020/04/24 00:00:00,2,3,Malathion,1.5,ha,525,l,350,ha,0,1,0,0,0,90,Band
57.2455555560001,26.140277778,26632,2020/04/26 00:00:00,00:00,2020/04/26 00:00:00,00:00,No,Late,Hormozgan Province,50,Exact,IR,454979,RAMSES38_IRN20-51.XL, ,1,0,1,2,1,0,0,0,0,0,0,0,0,0,0,0,0,0,0,0,0,0,0,0,0,0,0,0,0,0,0,0,0,0,0,0,0,0,0,0,0,0,0,-1,0,0,1,0,0,0,0,0,0,1,0,0,0,0,0,0,0,0,0,0,0,0,0,0,0,0,0,0,0,0,0,0,0,0,0,0,0,0,0,0,0,0,0,0,0,0,0,0,0,0,0,0,0,0,0,0,0,0,0,0,0,0,0,0,0,0,0,0,0,0,0,0,0,0,1899/12/30 00:00:00,1899/12/30 00:00:00,0,0, ,0, ,0, ,0, ,0,0,0,0,0,0,Band
54.460555556,26.8244444440001,26633,2020/04/27 00:00:00,10:02,2020/04/27 00:00:00,10:02,No,Late,Ermak 1,40,Exact,IR,455008,RAMSES38_IRN20-51.XL, ,1,0,1,2,1,0,0,0,0,0,0,0,0,0,0,0,0,0,0,0,0,0,0,0,0,0,0,0,0,0,0,0,0,0,0,0,0,0,1,0,0,0,2,-1,0,0,0,0,0,3,1,0,3,0,0,1,0,1,1,0,0,1,0,0,0,0,0,0,0,0,0,0,0,0,0,0,0,0,0,0,0,0,0,0,0,0,0,0,0,0,0,0,0,0,0,0,0,0,0,0,0,0,0,0,0,0,0,0,0,0,0,0,0,0,0,0,0,0,2020/04/27 00:00:00,2020/04/27 00:00:00,2,3,Deltamethrin,1,ha,2,l,2,ha,0,1,0,0,0,90,Band
72.0119444440001,31.5605555560001,26634,2020/04/26 00:00:00,00:00,2020/04/26 00:00:00,00:00,No,Late,Punjab,324,Exact,PA,451211,RAMSES38_PAK20-26.XL,Locust Nymph Combat,1,0,1,2,1,0,0,0,0,0,0,0,0,0,0,0,0,0,0,0,0,0,0,0,0,0,0,0,0,0,0,0,0,0,0,0,0,0,0,0,0,0,0,-1,0,0,0,0,1,1,0,0,0,1,0,0,0,0,0,0,0,0,0,0,0,0,0,0,0,0,0,0,0,0,0,0,0,0,0,0,0,0,0,0,0,0,0,0,0,0,0,0,0,0,0,0,0,0,0,0,0,0,0,0,0,0,0,0,0,0,0,0,0,0,0,0,0,0,2020/04/26 00:00:00,2020/04/26 00:00:00,2,3,Unknown,0, ,0, ,0, ,0,0,0,0,1,90,Band
71.7433333330001,31.1794444440001,26635,2020/04/26 00:00:00,00:00,2020/04/26 00:00:00,00:00,No,Late,Punjab,20,Exact,PA,451213,RAMSES38_PAK20-26.XL,combat operation,1,0,1,2,1,0,0,0,0,0,0,0,0,0,0,0,0,0,0,0,0,0,0,0,0,0,0,0,0,0,0,0,0,0,0,0,0,0,0,0,0,0,0,-1,0,0,0,0,0,0,1,0,0,1,0,0,0,0,0,0,0,0,0,0,0,0,0,0,0,0,0,0,0,0,0,0,0,0,0,0,0,0,0,0,0,0,0,0,0,0,0,0,0,0,0,0,0,0,0,0,0,0,0,0,0,0,0,0,0,0,0,0,0,0,0,0,0,0,2020/04/26 00:00:00,2020/04/26 00:00:00,2,3,Unknown,0, ,0, ,0, ,0,0,0,0,1,90,Band
71.75,31.1752777780001,26636,2020/04/21 00:00:00,00:00,2020/04/21 00:00:00,00:00,No,Late,Punjab,10,Exact,PA,448960,RAMSES38_PAK20-24.XL, ,1,0,1,2,1,0,0,0,0,0,0,0,0,0,0,0,0,0,0,0,0,0,0,0,0,0,0,0,0,0,0,0,0,0,0,0,0,0,0,0,0,0,0,-1,0,0,1,1,1,0,0,0,0,1,0,0,0,0,0,0,0,0,0,0,0,0,0,0,0,0,0,0,0,0,0,0,0,0,0,0,0,0,0,0,0,0,0,0,0,0,0,0,0,0,0,0,0,0,0,0,0,0,0,0,0,0,0,0,0,0,0,0,0,0,0,0,0,0,2020/04/21 00:00:00,2020/04/21 00:00:00,2,3,Unknown,0, ,0, ,0, ,0,0,0,0,1,85,Band
71.7513888890001,31.1744444440001,26637,2020/04/21 00:00:00,00:00,2020/04/21 00:00:00,00:00,No,Late,Punjab,25,Exact,PA,448992,RAMSES38_PAK20-24.XL,combat operation in,1,0,1,2,1,0,0,0,0,0,0,0,0,0,0,0,0,0,0,0,0,0,0,0,0,0,0,0,0,0,0,0,0,0,0,0,0,0,0,0,0,0,0,-1,0,0,0,0,0,0,1,0,0,1,0,0,0,0,0,0,0,0,0,0,0,0,0,0,0,0,0,0,0,0,0,0,0,0,0,0,0,0,0,0,0,0,0,0,0,0,0,0,0,0,0,0,0,0,0,0,0,0,0,0,0,0,0,0,0,0,0,0,0,0,0,0,0,0,2020/04/21 00:00:00,2020/04/21 00:00:00,2,3,Unknown,0, ,0, ,0, ,0,0,0,0,1,85,Band
71.9102777780001,31.528333333,26638,2020/04/21 00:00:00,00:00,2020/04/21 00:00:00,00:00,No,Late,Punjab,15,Exact,PA,448993,RAMSES38_PAK20-24.XL,operation continued,1,0,1,2,1,0,0,0,0,0,0,0,0,0,0,0,0,0,0,0,0,0,0,0,0,0,0,0,0,0,0,0,0,0,0,0,0,0,0,0,0,0,0,-1,0,0,0,0,0,1,0,0,0,1,0,0,0,0,0,0,0,0,0,0,0,0,0,0,0,0,0,0,0,0,0,0,0,0,0,0,0,0,0,0,0,0,0,0,0,0,0,0,0,0,0,0,0,0,0,0,0,0,0,0,0,0,0,0,0,0,0,0,0,0,0,0,0,0,2020/04/21 00:00:00,2020/04/21 00:00:00,2,3,Unknown,0, ,0, ,0, ,0,0,0,0,1,85,Band
71.7513888890001,31.1738888890001,26639,2020/04/21 00:00:00,00:00,2020/04/21 00:00:00,00:00,No,Late,Punjab,25,Exact,PA,448994,RAMSES38_PAK20-24.XL,locust combat operat,1,0,1,2,1,0,0,0,0,0,0,0,0,0,0,0,0,0,0,0,0,0,0,0,0,0,0,0,0,0,0,0,0,0,0,0,0,0,0,0,0,0,0,-1,0,0,0,0,0,0,1,0,0,1,0,0,0,0,0,0,0,0,0,0,0,0,0,0,0,0,0,0,0,0,0,0,0,0,0,0,0,0,0,0,0,0,0,0,0,0,0,0,0,0,0,0,0,0,0,0,0,0,0,0,0,0,0,0,0,0,0,0,0,0,0,0,0,0,2020/04/21 00:00:00,2020/04/21 00:00:00,2,3,Unknown,0, ,0, ,0, ,0,0,0,0,1,85,Band
54.4913888890001,26.7988888890001,26640,2020/04/21 00:00:00,09:08,2020/04/21 00:00:00,09:08,No,Late,Ermak 2,40,Exact,IR,453516,RAMSES38_IRN20-51.XL, ,1,0,1,2,1,0,0,0,0,0,0,0,0,0,0,0,0,0,0,0,0,0,0,0,0,0,0,0,0,0,0,0,0,0,0,0,0,0,0,1,0,0,15,-1,0,0,0,0,1,3,0,0,3,0,0,1,0,1,1,0,0,1,0,0,0,0,0,0,0,0,0,0,0,0,0,0,0,0,0,0,0,0,0,0,0,0,0,0,0,0,0,0,0,0,0,0,0,0,0,0,0,0,0,0,0,0,0,0,0,0,0,0,0,0,0,0,0,0,2020/04/21 00:00:00,2020/04/21 00:00:00,2,3,Deltamethrin,1,ha,25,l,25,ha,0,1,0,0,0,90,Band
54.452777778,26.826666667,26641,2020/04/21 00:00:00,10:35,2020/04/21 00:00:00,10:35,No,Late,Ermak 3,40,Exact,IR,453519,RAMSES38_IRN20-51.XL, ,1,0,1,2,1,0,0,0,0,0,0,0,0,0,0,0,0,0,0,0,0,0,0,0,0,0,0,0,0,0,0,0,0,0,0,0,0,0,0,1,0,0,20,-1,0,0,0,0,3,1,0,0,0,0,0,1,0,1,1,0,0,1,0,0,0,0,0,0,0,0,0,0,0,0,0,0,0,0,0,0,0,0,0,0,0,0,0,0,0,0,0,0,0,0,0,0,0,0,0,0,0,0,0,0,0,0,0,0,0,0,0,0,0,0,0,0,0,0,2020/04/21 00:00:00,2020/04/21 00:00:00,2,3,Deltamethrin,1,ha,35,l,35,ha,0,1,0,0,0,90,Band
57.2827777780001,26.338333333,26642,2020/04/24 00:00:00,00:00,2020/04/24 00:00:00,00:00,No,Late,Hormozgan Province,40,Exact,IR,453531,RAMSES38_IRN20-51.XL, ,1,0,1,2,1,0,0,0,0,0,0,0,0,0,0,0,0,0,0,0,0,0,0,0,0,0,0,0,0,0,0,0,0,0,0,0,0,0,0,0,0,0,0,-1,0,0,1,1,0,0,0,0,0,1,0,0,0,0,0,0,0,0,0,0,0,0,0,0,0,0,0,0,0,0,0,0,0,0,0,0,0,0,0,0,0,0,0,0,0,0,0,0,0,0,0,0,0,0,0,0,0,0,0,0,0,0,0,0,0,0,0,0,0,0,0,0,0,0,1899/12/30 00:00:00,1899/12/30 00:00:00,0,0, ,0, ,0, ,0, ,0,0,0,0,0,0,Band
53.3675,27.273333333,26643,2020/04/27 00:00:00,10:16,2020/04/27 00:00:00,10:16,No,Late,Aliabad,500,Exact,IR,453539,RAMSES38_IRN20-51.XL, ,1,0,1,2,1,0,0,0,0,0,0,0,0,0,0,0,0,0,0,0,0,0,0,0,0,0,0,0,0,0,0,0,0,0,0,0,0,0,0,1,0,0,0,-1,0,0,1,1,0,0,0,0,0,0,0,1,0,0,0,0,0,0,0,0,0,0,0,0,0,0,0,0,0,0,0,0,0,0,0,0,0,0,0,0,0,0,0,0,0,0,0,0,0,0,0,0,0,0,0,0,0,0,0,0,0,0,0,0,0,0,0,0,0,0,0,0,0,0,2020/04/27 00:00:00,2020/04/27 00:00:00,2,3,Deltamethrin,0.5,ha,100,l,200,ha,0,1,0,0,0,90,Band
52.784444444,27.568055556,26644,2020/04/28 00:00:00,10:07,2020/04/28 00:00:00,10:07,No,Late,Tang shool,500,Exact,IR,453541,RAMSES38_IRN20-51.XL, ,1,0,1,2,1,0,0,0,0,0,0,0,0,0,0,0,0,0,0,0,0,0,0,0,0,0,0,0,0,0,0,0,0,0,0,0,0,0,0,1,0,0,0,-1,0,0,0,0,3,1,0,0,0,0,0,1,0,0,0,0,0,0,0,0,0,0,0,0,0,0,0,0,0,0,0,0,0,0,0,0,0,0,0,0,0,0,0,0,0,0,0,0,0,0,0,0,0,0,0,0,0,0,0,0,0,0,0,0,0,0,0,0,0,0,0,0,0,0,2020/04/28 00:00:00,2020/04/28 00:00:00,2,3,Deltamethrin,0.5,ha,125,l,250,ha,0,1,0,0,0,90,Band
54.6252777780001,27.406388889,26645,2020/04/16 00:00:00,11:22,2020/04/16 00:00:00,11:22,No,Middle,Dehong,200,Exact,IR,453547,RAMSES38_IRN20-51.XL, ,1,0,1,2,1,0,0,0,0,0,0,0,0,0,0,0,0,0,0,0,0,0,0,0,0,0,0,0,0,0,0,0,0,0,0,0,0,0,0,1,0,0,0,-1,0,0,1,0,0,0,0,0,0,0,0,1,0,0,0,0,0,0,0,0,0,0,0,0,0,0,0,0,0,0,0,0,0,0,0,0,0,0,0,0,0,0,0,0,0,0,0,0,0,0,0,0,0,0,0,0,0,0,0,0,0,0,0,0,0,0,0,0,0,0,0,0,0,0,2020/04/16 00:00:00,2020/04/16 00:00:00,2,2,Malathion,1.5,ha,225,l,150,ha,0,1,0,0,0,90,Band
54.7888888890001,27.229444444,26646,2020/04/16 00:00:00,11:33,2020/04/16 00:00:00,11:33,No,Middle,Dehtal,250,Exact,IR,453548,RAMSES38_IRN20-51.XL, ,1,0,1,2,1,0,0,0,0,0,0,0,0,0,0,0,0,0,0,0,0,0,0,0,0,0,0,0,0,0,0,0,0,0,0,0,0,0,0,0,1,0,0,-1,0,0,1,0,0,0,0,0,0,0,0,1,0,0,0,0,0,0,0,0,0,0,0,0,0,0,0,0,0,0,0,0,0,0,0,0,0,0,0,0,0,0,0,0,0,0,0,0,0,0,0,0,0,0,0,0,0,0,0,0,0,0,0,0,0,0,0,0,0,0,0,0,0,0,2020/04/16 00:00:00,2020/04/16 00:00:00,2,2,Malathion,1.5,ha,300,l,200,ha,0,1,0,0,0,85,Band
54.518055556,26.7905555560001,26647,2020/04/26 00:00:00,08:18,2020/04/26 00:00:00,08:18,No,Late,soro,40,Exact,IR,454326,RAMSES38_IRN20-51.XL, ,1,0,1,2,1,0,0,0,0,0,0,0,0,0,0,0,0,0,0,0,0,0,0,0,0,0,0,0,0,0,0,0,0,0,0,0,0,0,0,1,0,0,6,-1,0,0,0,0,0,3,1,0,3,0,0,1,0,1,1,0,0,1,0,0,0,0,0,0,0,0,0,0,0,0,0,0,0,0,0,0,0,0,0,0,0,0,0,0,0,0,0,0,0,0,0,0,0,0,0,0,0,0,0,0,0,0,0,0,0,0,0,0,0,0,0,0,0,0,2020/04/26 00:00:00,2020/04/26 00:00:00,2,3,Deltamethrin,1,ha,6,l,6,ha,0,1,0,0,0,90,Band
54.1819444440001,26.841666667,26648,2020/04/20 00:00:00,10:13,2020/04/20 00:00:00,10:13,No,Middle,Bshmani,40,Exact,IR,454327,RAMSES38_IRN20-51.XL, ,1,0,1,2,1,0,0,0,0,0,0,1,0,0,-1,0,0,0,0,0,0,0,0,0,0,0,0,0,1,0,0,0,1,0,0,0,0,0,1,0,0,0,18,-1,0,0,0,1,3,1,0,0,0,0,0,1,0,1,1,0,0,1,0,0,0,0,0,0,0,0,0,0,0,0,0,0,0,0,0,0,0,0,0,0,0,0,0,0,0,0,0,0,0,0,0,0,0,0,0,0,0,0,0,0,0,0,0,0,0,0,0,0,0,0,0,0,0,0,2020/04/20 00:00:00,2020/04/20 00:00:00,2,2,Deltamethrin,1,ha,10,l,10,ha,0,1,0,0,0,90,Band
54.0475,26.8569444440001,26649,2020/04/20 00:00:00,10:47,2020/04/20 00:00:00,10:47,No,Middle,Rostami,40,Exact,IR,454328,RAMSES38_IRN20-51.XL, ,1,0,1,2,1,0,0,0,0,0,0,0,0,0,0,0,0,0,0,0,0,0,0,0,0,0,0,0,0,0,0,0,0,0,0,0,0,0,1,0,0,0,5,-1,0,0,0,0,3,1,0,0,0,0,0,1,0,1,1,0,0,1,0,0,0,0,0,0,0,0,0,0,0,0,0,0,0,0,0,0,0,0,0,0,0,0,0,0,0,0,0,0,0,0,0,0,0,0,0,0,0,0,0,0,0,0,0,0,0,0,0,0,0,0,0,0,0,0,2020/04/20 00:00:00,2020/04/20 00:00:00,2,2,Deltamethrin,1,ha,5,l,5,ha,0,1,0,0,0,90,Band
54.008888889,26.8547222220001,26650,2020/04/20 00:00:00,11:43,2020/04/20 00:00:00,11:43,No,Middle,Lelemi 1,40,Exact,IR,454329,RAMSES38_IRN20-51.XL, ,1,0,1,2,1,0,0,0,0,0,0,0,0,0,0,0,0,0,0,0,0,0,0,0,0,0,0,0,0,0,0,0,0,0,0,0,0,0,0,0,1,0,10,-1,0,0,0,1,3,1,0,0,0,0,0,1,0,1,1,0,0,1,0,0,0,0,0,0,0,0,0,0,0,0,0,0,0,0,0,0,0,0,0,0,0,0,0,0,0,0,0,0,0,0,0,0,0,0,0,0,0,0,0,0,0,0,0,0,0,0,0,0,0,0,0,0,0,0,2020/04/20 00:00:00,2020/04/20 00:00:00,2,2,Deltamethrin,1,ha,38,l,38,ha,0,1,0,0,0,90,Band
54.6219444440001,27.400555556,26651,2020/04/10 00:00:00,08:19,2020/04/10 00:00:00,08:19,No,Early,Dehang,400,Exact,IR,455019,RAMSES38_IRN20-51.XL, ,1,0,1,2,1,0,0,0,0,0,0,0,0,0,0,0,0,0,0,0,0,0,0,0,0,0,0,0,0,0,0,0,0,0,0,0,0,0,0,0,0,0,0,-1,0,0,1,0,0,0,0,0,0,0,0,1,0,0,0,0,0,0,0,0,0,0,0,0,0,0,0,0,0,0,0,0,0,0,0,0,0,0,0,0,0,0,0,0,0,0,0,0,0,0,0,0,0,0,0,0,0,0,0,0,0,0,0,0,0,0,0,0,0,0,0,0,0,0,2020/04/10 00:00:00,2020/04/10 00:00:00,2,1,Malathion,1.5,ha,450,l,300,ha,0,1,0,0,0,90,Band
54.338888889,26.77,26652,2020/04/20 00:00:00,12:14,2020/04/20 00:00:00,12:14,No,Middle,Baverdan,40,Exact,IR,454330,RAMSES38_IRN20-51.XL, ,1,0,1,2,1,0,0,0,0,0,0,0,0,0,0,0,0,0,0,0,0,0,0,0,0,0,0,0,0,0,0,0,0,0,0,0,0,0,1,0,0,0,5,-1,0,0,0,0,3,1,0,0,0,0,0,1,0,1,1,0,0,1,0,0,0,0,0,0,0,0,0,0,0,0,0,0,0,0,0,0,0,0,0,0,0,0,0,0,0,0,0,0,0,0,0,0,0,0,0,0,0,0,0,0,0,0,0,0,0,0,0,0,0,0,0,0,0,0,2020/04/20 00:00:00,2020/04/20 00:00:00,2,2,Deltamethrin,1,ha,10,l,10,ha,0,1,0,0,0,90,Band
53.9763888890001,27.020277778,26653,2020/04/23 00:00:00,00:00,2020/04/23 00:00:00,00:00,No,Late,Hormozgan Province,20,Exact,IR,454337,RAMSES38_IRN20-51.XL, ,1,0,1,2,1,0,0,0,0,0,0,0,0,0,0,0,0,0,0,0,0,0,0,0,0,0,0,0,0,0,0,0,0,0,0,0,0,0,0,0,0,0,0,-1,0,0,0,1,0,0,0,0,0,1,0,0,0,0,0,0,0,0,0,0,0,0,0,0,0,0,0,0,0,0,0,0,0,0,0,0,0,0,0,0,0,0,0,0,0,0,0,0,0,0,0,0,0,0,0,0,0,0,0,0,0,0,0,0,0,0,0,0,0,0,0,0,0,0,1899/12/30 00:00:00,1899/12/30 00:00:00,0,0, ,0, ,0, ,0, ,0,0,0,0,0,0,Band
54.0447222220001,27.008055556,26654,2020/04/23 00:00:00,00:00,2020/04/23 00:00:00,00:00,No,Late,Hormozgan Province,7,Exact,IR,454341,RAMSES38_IRN20-51.XL, ,1,0,1,2,1,0,0,0,0,0,0,0,0,0,0,0,0,0,0,0,0,0,0,0,0,0,0,0,0,0,0,0,0,0,0,0,0,0,0,0,0,0,0,-1,0,0,0,1,0,0,0,0,0,1,0,0,0,0,0,0,0,0,0,0,0,0,0,0,0,0,0,0,0,0,0,0,0,0,0,0,0,0,0,0,0,0,0,0,0,0,0,0,0,0,0,0,0,0,0,0,0,0,0,0,0,0,0,0,0,0,0,0,0,0,0,0,0,0,1899/12/30 00:00:00,1899/12/30 00:00:00,0,0, ,0, ,0, ,0, ,0,0,0,0,0,0,Band
54.4213888890001,27.0594444440001,26655,2020/04/26 00:00:00,09:13,2020/04/26 00:00:00,09:13,No,Late,Herang,350,Exact,IR,454351,RAMSES38_IRN20-51.XL, ,1,0,1,2,1,0,0,0,0,0,0,0,0,0,0,0,0,0,0,0,0,0,0,0,0,0,0,0,0,0,0,0,0,0,0,0,0,0,0,1,0,0,0,-1,0,0,0,1,0,0,0,0,0,0,0,1,0,0,0,0,0,0,0,0,0,0,0,0,0,0,0,0,0,0,0,0,0,0,0,0,0,0,0,0,0,0,0,0,0,0,0,0,0,0,0,0,0,0,0,0,0,0,0,0,0,0,0,0,0,0,0,0,0,0,0,0,0,0,2020/04/26 00:00:00,2020/04/26 00:00:00,2,3,Malathion,1.5,ha,450,l,300,ha,0,1,0,0,0,90,Band
52.04,27.9741666670001,26656,2020/04/26 00:00:00,10:35,2020/04/26 00:00:00,10:35,No,Late,Ahmad salman,600,Exact,IR,454353,RAMSES38_IRN20-51.XL, ,1,0,1,2,1,0,0,0,0,0,0,0,0,0,0,0,0,0,0,0,0,0,0,0,0,0,0,0,0,0,0,0,0,0,0,0,0,0,0,1,0,0,0,-1,0,0,1,3,1,0,0,0,0,0,0,0,0,0,0,0,0,0,0,0,0,0,0,0,0,0,0,0,0,0,0,0,0,0,0,0,0,0,0,0,0,0,0,0,0,0,0,0,0,0,0,0,0,0,0,0,0,0,0,0,0,0,0,0,0,0,0,0,0,0,0,0,0,0,2020/04/26 00:00:00,2020/04/26 00:00:00,2,3,Malathion,1.5,ha,450,l,300,ha,0,1,0,0,0,85,Band
53.402777778,27.209722222,26657,2020/04/21 00:00:00,10:42,2020/04/21 00:00:00,10:42,No,Late,Lavar khasht,400,Exact,IR,454359,RAMSES38_IRN20-51.XL, ,1,0,1,2,1,0,0,0,0,0,0,0,0,0,0,0,0,0,0,0,0,0,0,0,0,0,0,0,0,0,0,0,0,0,0,0,0,0,0,1,0,0,0,-1,0,0,0,3,1,0,0,0,0,0,0,1,0,0,0,0,0,0,0,0,0,0,0,0,0,0,0,0,0,0,0,0,0,0,0,0,0,0,0,0,0,0,0,0,0,0,0,0,0,0,0,0,0,0,0,0,0,0,0,0,0,0,0,0,0,0,0,0,0,0,0,0,0,0,2020/04/21 00:00:00,2020/04/21 00:00:00,2,3,Deltamethrin,0.5,ha,150,l,300,ha,0,1,0,0,0,90,Band
54.7347222220001,27.235,26658,2020/04/23 00:00:00,13:34,2020/04/23 00:00:00,13:34,No,Late,Chah dezdan,300,Exact,IR,454372,RAMSES38_IRN20-51.XL, ,1,0,1,2,1,0,0,0,0,0,0,0,0,0,0,0,0,0,0,0,0,0,0,0,0,0,0,0,0,0,0,0,0,0,0,0,0,0,0,1,0,0,0,-1,0,0,0,1,0,0,0,0,0,0,0,1,0,0,0,0,0,0,0,0,0,0,0,0,0,0,0,0,0,0,0,0,0,0,0,0,0,0,0,0,0,0,0,0,0,0,0,0,0,0,0,0,0,0,0,0,0,0,0,0,0,0,0,0,0,0,0,0,0,0,0,0,0,0,2020/04/23 00:00:00,2020/04/23 00:00:00,2,3,Deltamethrin,0.5,ha,100,l,200,ha,0,1,0,0,0,90,Band
53.4227777780001,27.201666667,26659,2020/04/24 00:00:00,08:41,2020/04/24 00:00:00,08:41,No,Late,Lavar khasht,400,Exact,IR,454374,RAMSES38_IRN20-51.XL, ,1,0,1,2,1,0,0,0,0,0,0,0,0,0,0,0,0,0,0,0,0,0,0,0,0,0,0,0,0,0,0,0,0,0,0,0,0,0,0,1,0,0,0,-1,0,0,1,1,3,1,0,0,0,0,0,1,0,0,0,0,0,0,0,0,0,0,0,0,0,0,0,0,0,0,0,0,0,0,0,0,0,0,0,0,0,0,0,0,0,0,0,0,0,0,0,0,0,0,0,0,0,0,0,0,0,0,0,0,0,0,0,0,0,0,0,0,0,0,2020/04/24 00:00:00,2020/04/24 00:00:00,2,3,Deltamethrin,0.5,ha,150,l,300,ha,0,1,0,0,0,90,Band
53.895833333,27.0525,26660,2020/04/08 00:00:00,19:33,2020/04/08 00:00:00,19:33,No,Early,Kemeshk,500,Exact,IR,455097,RAMSES38_IRN20-51.XL, ,1,0,1,2,1,0,0,0,0,0,0,0,0,0,0,0,0,0,0,0,0,0,0,0,0,0,0,0,0,0,0,0,0,0,0,0,0,0,0,0,0,0,0,-1,0,0,1,0,0,0,0,0,0,0,0,1,0,0,0,0,0,0,0,0,0,0,0,0,0,0,0,0,0,0,0,0,0,0,0,0,0,0,0,0,0,0,0,0,0,0,0,0,0,0,0,0,0,0,0,0,0,0,0,0,0,0,0,0,0,0,0,0,0,0,0,0,0,0,2020/04/08 00:00:00,2020/04/08 00:00:00,2,1,Malathion,1.5,ha,600,l,400,ha,0,1,0,0,0,90,Band
54.8105555560001,27.204444444,26661,2020/04/12 00:00:00,14:15,2020/04/12 00:00:00,14:15,No,Middle,Bastak,500,Exact,IR,455106,RAMSES38_IRN20-51.XL, ,1,0,1,2,1,0,0,0,0,0,0,0,0,0,0,0,0,0,0,0,0,0,0,0,0,0,0,0,0,0,0,0,0,0,0,0,0,0,0,0,1,0,0,-1,0,0,1,0,0,0,0,0,0,0,0,1,0,0,0,0,0,0,0,0,0,0,0,0,0,0,0,0,0,0,0,0,0,0,0,0,0,0,0,0,0,0,0,0,0,0,0,0,0,0,0,0,0,0,0,0,0,0,0,0,0,0,0,0,0,0,0,0,0,0,0,0,0,0,2020/04/12 00:00:00,2020/04/12 00:00:00,2,2,Malathion,1.5,ha,450,l,300,ha,0,1,0,0,0,90,Band
71.947777778,31.51,26662,2020/04/28 00:00:00,00:00,2020/04/28 00:00:00,00:00,No,Late,Punjab,30,Exact,PA,451302,RAMSES38_PAK20-26.XL,operation continued,1,0,1,2,1,0,0,0,0,0,0,0,0,0,0,0,0,0,0,0,0,0,0,0,0,0,0,0,0,0,0,0,0,0,0,0,0,0,0,0,0,0,0,-1,0,0,0,0,0,1,0,0,0,1,0,0,0,0,0,0,0,0,0,0,0,0,0,0,0,0,0,0,0,0,0,0,0,0,0,0,0,0,0,0,0,0,0,0,0,0,0,0,0,0,0,0,0,0,0,0,0,0,0,0,0,0,0,0,0,0,0,0,0,0,0,0,0,0,2020/04/28 00:00:00,2020/04/28 00:00:00,2,3,Unknown,0, ,0, ,0, ,0,0,0,0,1,90,Band
70.9063888890001,32.6088888890001,26663,2020/04/28 00:00:00,00:00,2020/04/28 00:00:00,00:00,No,Late,Khyber Pakhtunkhwa,285,Exact,PA,451303,RAMSES38_PAK20-26.XL, ,1,0,1,2,1,0,0,0,0,0,0,0,0,0,0,0,0,0,0,0,0,0,0,0,0,0,0,0,0,0,0,0,0,0,0,0,0,0,0,0,0,0,0,-1,0,0,0,0,0,1,0,0,0,1,0,0,0,0,0,0,0,0,0,0,0,0,0,0,0,0,0,0,0,0,0,0,0,0,0,0,0,0,0,0,0,0,0,0,0,0,0,0,0,0,0,0,0,0,0,0,0,0,0,0,0,0,0,0,0,0,0,0,0,0,0,0,0,0,2020/04/28 00:00:00,2020/04/28 00:00:00,2,3,Unknown,0, ,0, ,0, ,0,0,0,0,1,90,Band
52.767777778,27.5652777780001,26664,2020/04/29 00:00:00,10:03,2020/04/29 00:00:00,10:03,No,Late,Tang shool,500,Exact,IR,453601,RAMSES38_IRN20-51.XL, ,1,0,1,2,1,0,0,0,0,0,0,0,0,0,0,0,0,0,0,0,0,0,0,0,0,0,0,0,0,0,0,0,0,0,0,0,0,0,0,1,0,0,0,-1,0,0,0,0,3,1,0,0,0,0,0,1,0,0,0,0,0,0,0,0,0,0,0,0,0,0,0,0,0,0,0,0,0,0,0,0,0,0,0,0,0,0,0,0,0,0,0,0,0,0,0,0,0,0,0,0,0,0,0,0,0,0,0,0,0,0,0,0,0,0,0,0,0,0,2020/04/29 00:00:00,2020/04/29 00:00:00,2,3,Deltamethrin,0.5,ha,100,l,200,ha,0,1,0,0,0,90,Band
53.3597222220001,27.272777778,26665,2020/04/30 00:00:00,12:20,2020/04/30 00:00:00,12:20,No,Late,Gezdon,600,Exact,IR,453608,RAMSES38_IRN20-51.XL, ,1,0,1,2,1,0,0,0,0,0,0,0,0,0,0,0,0,0,0,0,0,0,0,0,0,0,0,0,0,0,0,0,0,0,0,0,0,0,0,1,0,0,0,-1,0,0,0,1,0,0,0,0,0,0,0,1,0,0,0,0,0,0,0,0,0,0,0,0,0,0,0,0,0,0,0,0,0,0,0,0,0,0,0,0,0,0,0,0,0,0,0,0,0,0,0,0,0,0,0,0,0,0,0,0,0,0,0,0,0,0,0,0,0,0,0,0,0,0,2020/04/30 00:00:00,2020/04/30 00:00:00,2,3,Deltamethrin,0.5,ha,100,l,200,ha,0,1,0,0,0,90,Band
54.200833333,26.8083333330001,26666,2020/04/12 00:00:00,09:50,2020/04/12 00:00:00,09:50,No,Middle,Bahmani,40,Exact,IR,453635,RAMSES38_IRN20-51.XL, ,1,0,1,2,1,0,0,0,0,0,0,0,0,0,0,0,0,0,0,0,0,0,0,0,0,0,0,0,0,0,0,0,0,0,0,0,0,0,0,1,0,0,19,-1,0,0,0,3,1,0,0,0,0,0,0,0,1,1,1,0,0,1,0,0,0,0,0,0,0,0,0,0,0,0,0,0,0,0,0,0,0,0,0,0,0,0,0,0,0,0,0,0,0,0,0,0,0,0,0,0,0,0,0,0,0,0,0,0,0,0,0,0,0,0,0,0,0,0,1899/12/30 00:00:00,1899/12/30 00:00:00,0,0, ,0, ,0, ,0, ,0,0,0,0,0,0,Band
51.5444444440001,28.728333333,26667,2020/04/16 00:00:00,13:25,2020/04/16 00:00:00,13:25,No,Middle,Khaeez,500,Exact,IR,453637,RAMSES38_IRN20-51.XL, ,1,0,1,2,1,0,0,0,0,0,0,1,0,0,-1,0,0,1,3,0,0,0,0,0,0,0,0,0,1,0,1,0,1,0,0,0,0,0,0,0,1,0,0,-1,0,0,1,3,0,0,0,0,0,0,0,1,0,0,0,0,0,0,0,0,0,0,0,0,0,0,0,0,0,0,0,0,0,0,0,0,0,0,0,0,0,0,0,0,0,0,0,0,0,0,0,0,0,0,0,0,0,0,0,0,0,0,0,0,0,0,0,0,0,0,0,0,0,0,2020/04/16 00:00:00,2020/04/16 00:00:00,2,2,Malathion,1.5,ha,600,l,400,ha,0,1,0,0,0,90,Band
53.42,27.210277778,26668,2020/04/16 00:00:00,16:19,2020/04/16 00:00:00,16:19,No,Middle,Lavar khasht,600,Exact,IR,453639,RAMSES38_IRN20-51.XL, ,1,0,1,2,1,0,0,0,0,0,0,0,0,0,0,0,0,0,0,0,0,0,0,0,0,0,0,0,0,0,0,0,0,0,0,0,0,0,0,1,0,0,0,-1,0,0,1,1,0,0,0,0,0,0,0,1,0,0,0,0,0,0,0,0,0,0,0,0,0,0,0,0,0,0,0,0,0,0,0,0,0,0,0,0,0,0,0,0,0,0,0,0,0,0,0,0,0,0,0,0,0,0,0,0,0,0,0,0,0,0,0,0,0,0,0,0,0,0,2020/04/16 00:00:00,2020/04/16 00:00:00,2,2,Deltamethrin,0.5,ha,250,l,500,ha,0,1,0,0,0,95,Band
54.518333333,26.776388889,26669,2020/04/23 00:00:00,08:56,2020/04/23 00:00:00,08:56,No,Late,soro,40,Exact,IR,454377,RAMSES38_IRN20-51.XL, ,1,0,1,2,1,0,0,0,0,0,0,0,0,0,0,0,0,0,0,0,0,0,0,0,0,0,0,0,0,0,0,0,0,0,0,0,0,0,0,0,1,0,20,-1,0,0,0,0,3,1,0,0,0,0,0,1,0,1,1,0,0,1,0,0,0,0,0,0,0,0,0,0,0,0,0,0,0,0,0,0,0,0,0,0,0,0,0,0,0,0,0,0,0,0,0,0,0,0,0,0,0,0,0,0,0,0,0,0,0,0,0,0,0,0,0,0,0,0,2020/04/23 00:00:00,2020/04/23 00:00:00,2,3,Deltamethrin,1,ha,15,l,15,ha,0,1,0,0,0,90,Band
54.4291666670001,26.8027777780001,26670,2020/04/23 00:00:00,10:05,2020/04/23 00:00:00,10:05,No,Late,Kondoran,40,Exact,IR,454379,RAMSES38_IRN20-51.XL, ,1,0,1,2,1,0,0,0,0,0,0,0,0,0,0,0,0,0,0,0,0,0,0,0,0,0,0,0,0,0,0,0,0,0,0,0,0,0,0,1,0,0,12,-1,0,0,0,0,3,1,0,0,0,0,0,1,0,1,1,0,0,1,0,0,0,0,0,0,0,0,0,0,0,0,0,0,0,0,0,0,0,0,0,0,0,0,0,0,0,0,0,0,0,0,0,0,0,0,0,0,0,0,0,0,0,0,0,0,0,0,0,0,0,0,0,0,0,0,2020/04/23 00:00:00,2020/04/23 00:00:00,2,3,Deltamethrin,1,ha,20,l,20,ha,0,1,0,0,0,90,Band
53.0069444440001,27.404444444,26671,2020/04/14 00:00:00,00:00,2020/04/14 00:00:00,00:00,No,Middle,Fars Province,300,Exact,IR,454419,RAMSES38_IRN20-51.XL, ,1,0,1,2,1,0,0,0,0,0,0,0,0,0,0,0,0,0,0,0,0,0,0,0,0,0,0,0,0,0,0,0,0,0,0,0,0,0,0,0,0,0,0,-1,0,0,1,1,1,0,0,0,0,1,0,0,0,0,0,0,0,0,0,0,0,0,0,0,0,0,0,0,0,0,0,0,0,0,0,0,0,0,0,0,0,0,0,0,0,0,0,0,0,0,0,0,0,0,0,0,0,0,0,0,0,0,0,0,0,0,0,0,0,0,0,0,0,0,2020/04/14 00:00:00,2020/04/14 00:00:00,2,2,Unknown,0, ,0, ,0, ,0,0,0,0,1,85,Band
52.891111111,27.55,26672,2020/04/14 00:00:00,00:00,2020/04/14 00:00:00,00:00,No,Middle,Fars Province,200,Exact,IR,454420,RAMSES38_IRN20-51.XL, ,1,0,1,2,1,0,0,0,0,0,0,0,0,0,0,0,0,0,0,0,0,0,0,0,0,0,0,0,0,0,0,0,0,0,0,0,0,0,0,0,0,0,0,-1,0,0,1,1,1,0,0,0,0,1,0,0,0,0,0,0,0,0,0,0,0,0,0,0,0,0,0,0,0,0,0,0,0,0,0,0,0,0,0,0,0,0,0,0,0,0,0,0,0,0,0,0,0,0,0,0,0,0,0,0,0,0,0,0,0,0,0,0,0,0,0,0,0,0,2020/04/14 00:00:00,2020/04/14 00:00:00,2,2,Unknown,0, ,0, ,0, ,0,0,0,0,1,85,Band
54.5033333330001,26.8011111110001,26673,2020/04/04 00:00:00,09:00,2020/04/04 00:00:00,09:00,No,Early,Ermak 1,40,Exact,IR,455110,RAMSES38_IRN20-51.XL, ,1,0,1,2,1,0,0,0,0,0,0,0,0,0,0,0,0,0,0,0,0,0,0,0,0,0,0,0,0,0,0,0,0,0,0,0,0,0,0,1,0,0,11,-1,0,0,0,3,1,0,0,0,0,0,0,0,1,1,1,0,0,1,0,0,0,0,0,0,0,0,0,0,0,0,0,0,0,0,0,0,0,0,0,0,0,0,0,0,0,0,0,0,0,0,0,0,0,0,0,0,0,0,0,0,0,0,0,0,0,0,0,0,0,0,0,0,0,0,2020/04/04 00:00:00,2020/04/04 00:00:00,2,1,Malathion,1.5,ha,12,l,9,ha,0,1,0,0,0,95,Band
54.3183333330001,26.782222222,26674,2020/04/04 00:00:00,10:49,2020/04/04 00:00:00,10:49,No,Early,Baverdan,40,Exact,IR,455114,RAMSES38_IRN20-51.XL, ,1,0,1,2,1,0,0,0,0,0,0,0,0,0,0,0,0,0,0,0,0,0,0,0,0,0,0,0,0,0,0,0,0,0,0,0,0,0,0,1,0,0,16,-1,0,0,1,3,0,0,0,0,0,0,0,0,1,1,1,0,0,1,0,0,0,0,0,0,0,0,0,0,0,0,0,0,0,0,0,0,0,0,0,0,0,0,0,0,0,0,0,0,0,0,0,0,0,0,0,0,0,0,0,0,0,0,0,0,0,0,0,0,0,0,0,0,0,0,2020/04/04 00:00:00,2020/04/04 00:00:00,2,1,Malathion,1.2,ha,9,l,7,ha,0,1,0,0,0,90,Band
54.0005555560001,27.208611111,26675,2020/04/09 00:00:00,08:11,2020/04/09 00:00:00,08:11,No,Early,Lavar mistan,250,Exact,IR,455123,RAMSES38_IRN20-51.XL, ,1,0,1,2,1,0,0,0,0,0,0,0,0,0,0,0,0,0,0,0,0,0,0,0,0,0,0,0,0,0,0,0,0,0,0,0,0,0,0,0,0,0,0,-1,0,0,1,0,0,0,0,0,0,0,0,1,0,0,0,0,0,0,0,0,0,0,0,0,0,0,0,0,0,0,0,0,0,0,0,0,0,0,0,0,0,0,0,0,0,0,0,0,0,0,0,0,0,0,0,0,0,0,0,0,0,0,0,0,0,0,0,0,0,0,0,0,0,0,2020/04/09 00:00:00,2020/04/09 00:00:00,2,1,Malathion,1.5,ha,300,l,200,ha,0,1,0,0,0,90,Band
54.4797222220001,27.075833333,26676,2020/04/09 00:00:00,08:15,2020/04/09 00:00:00,08:15,No,Early,Kookherd,500,Exact,IR,455124,RAMSES38_IRN20-51.XL, ,1,0,1,2,1,0,0,0,0,0,0,0,0,0,0,0,0,0,0,0,0,0,0,0,0,0,0,0,0,0,0,0,0,0,0,0,0,0,0,0,0,0,0,-1,0,0,1,0,0,0,0,0,0,0,0,1,0,0,0,0,0,0,0,0,0,0,0,0,0,0,0,0,0,0,0,0,0,0,0,0,0,0,0,0,0,0,0,0,0,0,0,0,0,0,0,0,0,0,0,0,0,0,0,0,0,0,0,0,0,0,0,0,0,0,0,0,0,0,2020/04/09 00:00:00,2020/04/09 00:00:00,2,1,Malathion,1.5,ha,525,l,350,ha,0,1,0,0,0,90,Band
69.6241666670001,28.4916666670001,26677,2020/04/22 00:00:00,00:00,2020/04/22 00:00:00,00:00,No,Late,Punjab,115,Exact,PA,449115,RAMSES38_PAK20-24.XL, ,1,0,1,2,1,0,0,0,0,0,0,0,0,0,0,0,0,0,0,0,0,0,0,0,0,0,0,0,0,0,0,0,0,0,0,0,0,0,0,0,0,0,0,-1,0,0,0,0,0,0,0,0,0,1,0,0,0,0,0,0,0,0,0,0,0,0,0,0,0,0,0,0,0,0,0,0,0,0,0,0,0,0,0,0,0,0,0,0,0,0,0,0,0,0,0,0,0,0,0,0,0,0,0,0,0,0,0,0,0,0,0,0,0,0,0,0,0,0,2020/04/22 00:00:00,2020/04/22 00:00:00,2,3,Unknown,0, ,0, ,0, ,0,0,0,0,1,85,Band
51.516944444,28.457777778,26678,2020/04/15 00:00:00,00:00,2020/04/15 00:00:00,00:00,No,Middle,Bushehr Province,200,Exact,IR,454427,RAMSES38_IRN20-51.XL, ,1,0,1,2,1,0,0,0,0,0,0,0,0,0,0,0,0,0,0,0,0,0,0,0,0,0,0,0,0,0,0,0,0,0,0,0,0,0,0,0,0,0,0,-1,0,0,1,1,0,0,0,0,0,1,0,0,0,0,0,0,0,0,0,0,0,0,0,0,0,0,0,0,0,0,0,0,0,0,0,0,0,0,0,0,0,0,0,0,0,0,0,0,0,0,0,0,0,0,0,0,0,0,0,0,0,0,0,0,0,0,0,0,0,0,0,0,0,0,2020/04/15 00:00:00,2020/04/15 00:00:00,2,2,Unknown,0, ,0, ,0, ,0,0,0,0,1,90,Band
51.5963888890001,28.707222222,26679,2020/04/13 00:00:00,08:01,2020/04/13 00:00:00,08:01,No,Middle,Derang,700,Exact,IR,455154,RAMSES38_IRN20-51.XL, ,1,0,1,2,1,0,0,0,0,0,0,1,0,0,-1,0,0,0,0,0,0,0,0,0,0,0,0,0,1,0,0,0,1,0,0,0,0,0,0,0,0,0,0,-1,0,0,3,1,0,0,0,0,0,0,0,1,0,0,0,0,0,0,0,0,0,0,0,0,0,0,0,0,0,0,0,0,0,0,0,0,0,0,0,0,0,0,0,0,0,0,0,0,0,0,0,0,0,0,0,0,0,0,0,0,0,0,0,0,0,0,0,0,0,0,0,0,0,0,2020/04/13 00:00:00,2020/04/13 00:00:00,2,2,Malathion,1.5,ha,675,l,450,ha,0,1,0,0,0,90,Band
53.8975,27.0488888890001,26680,2020/04/13 00:00:00,14:02,2020/04/13 00:00:00,14:02,No,Middle,Kemeshk,500,Exact,IR,455156,RAMSES38_IRN20-51.XL, ,1,0,1,2,1,0,0,0,0,0,0,0,0,0,0,0,0,0,0,0,0,0,0,0,0,0,0,0,0,0,0,0,0,0,0,0,0,0,0,0,0,0,0,-1,0,0,1,0,0,0,0,0,0,0,0,1,0,0,0,0,0,0,0,0,0,0,0,0,0,0,0,0,0,0,0,0,0,0,0,0,0,0,0,0,0,0,0,0,0,0,0,0,0,0,0,0,0,0,0,0,0,0,0,0,0,0,0,0,0,0,0,0,0,0,0,0,0,0,2020/04/13 00:00:00,2020/04/13 00:00:00,2,2,Malathion,1.5,ha,600,l,400,ha,0,1,0,0,0,90,Band
54.795,27.2291666670001,26681,2020/04/13 00:00:00,14:06,2020/04/13 00:00:00,14:06,No,Middle,Dehtal,450,Exact,IR,455157,RAMSES38_IRN20-51.XL, ,1,0,1,2,1,0,0,0,0,0,0,0,0,0,0,0,0,0,0,0,0,0,0,0,0,0,0,0,0,0,0,0,0,0,0,0,0,0,0,0,0,0,0,-1,0,0,1,0,0,0,0,0,0,0,0,1,0,0,0,0,0,0,0,0,0,0,0,0,0,0,0,0,0,0,0,0,0,0,0,0,0,0,0,0,0,0,0,0,0,0,0,0,0,0,0,0,0,0,0,0,0,0,0,0,0,0,0,0,0,0,0,0,0,0,0,0,0,0,2020/04/13 00:00:00,2020/04/13 00:00:00,2,2,Malathion,1.5,ha,375,l,250,ha,0,1,0,0,0,90,Band
70.0402777780001,28.8094444440001,26682,2020/04/20 00:00:00,00:00,2020/04/20 00:00:00,00:00,No,Middle,Punjab,25,Exact,PA,449126,RAMSES38_PAK20-24.XL, ,1,0,1,2,1,0,0,0,0,0,0,0,0,0,0,0,0,0,0,0,0,0,0,0,0,0,0,0,0,0,0,0,0,0,0,0,0,0,0,0,0,0,0,-1,0,0,0,0,0,0,1,0,0,1,0,0,0,0,0,0,0,0,0,0,0,0,0,0,0,0,0,0,0,0,0,0,0,0,0,0,0,0,0,0,0,0,0,0,0,0,0,0,0,0,0,0,0,0,0,0,0,0,0,0,0,0,0,0,0,0,0,0,0,0,0,0,0,0,1899/12/30 00:00:00,1899/12/30 00:00:00,0,0, ,0, ,0, ,0, ,0,0,0,0,0,0,Band
70.0025,28.7863888890001,26683,2020/04/20 00:00:00,00:00,2020/04/20 00:00:00,00:00,No,Middle,Punjab,10,Exact,PA,449127,RAMSES38_PAK20-24.XL, ,1,0,1,2,1,0,0,0,0,0,0,0,0,0,0,0,0,0,0,0,0,0,0,0,0,0,0,0,0,0,0,0,0,0,0,0,0,0,0,0,0,0,0,-1,0,0,0,0,0,0,1,0,0,1,0,0,0,0,0,0,0,0,0,0,0,0,0,0,0,0,0,0,0,0,0,0,0,0,0,0,0,0,0,0,0,0,0,0,0,0,0,0,0,0,0,0,0,0,0,0,0,0,0,0,0,0,0,0,0,0,0,0,0,0,0,0,0,0,2020/04/20 00:00:00,2020/04/20 00:00:00,2,2,Unknown,0, ,0, ,0, ,0,0,0,0,1,85,Band
71.773611111,31.1158333330001,26684,2020/04/20 00:00:00,00:00,2020/04/20 00:00:00,00:00,No,Middle,Punjab,2,Exact,PA,449130,RAMSES38_PAK20-24.XL,Combat Operation is,1,0,1,2,1,0,0,0,0,0,0,0,0,0,0,0,0,0,0,0,0,0,0,0,0,0,0,0,0,0,0,0,0,0,0,0,0,0,0,0,0,0,0,-1,0,0,0,0,0,0,1,0,0,1,0,0,0,0,0,0,0,0,0,0,0,0,0,0,0,0,0,0,0,0,0,0,0,0,0,0,0,0,0,0,0,0,0,0,0,0,0,0,0,0,0,0,0,0,0,0,0,0,0,0,0,0,0,0,0,0,0,0,0,0,0,0,0,0,2020/04/20 00:00:00,2020/04/20 00:00:00,2,2,Unknown,0, ,0, ,0, ,0,0,0,0,1,85,Band
71.9127777780001,31.518055556,26685,2020/04/20 00:00:00,00:00,2020/04/20 00:00:00,00:00,No,Middle,Punjab,15,Exact,PA,449132,RAMSES38_PAK20-24.XL,operation continued,1,0,1,2,1,0,0,0,0,0,0,0,0,0,0,0,0,0,0,0,0,0,0,0,0,0,0,0,0,0,0,0,0,0,0,0,0,0,0,0,0,0,0,-1,0,0,0,0,0,1,0,0,0,1,0,0,0,0,0,0,0,0,0,0,0,0,0,0,0,0,0,0,0,0,0,0,0,0,0,0,0,0,0,0,0,0,0,0,0,0,0,0,0,0,0,0,0,0,0,0,0,0,0,0,0,0,0,0,0,0,0,0,0,0,0,0,0,0,2020/04/20 00:00:00,2020/04/20 00:00:00,2,2,Unknown,0, ,0, ,0, ,0,0,0,0,1,85,Band
71.95,31.525277778,26686,2020/04/20 00:00:00,00:00,2020/04/20 00:00:00,00:00,No,Middle,Punjab,20,Exact,PA,449134,RAMSES38_PAK20-24.XL,operation continued,1,0,1,2,1,0,0,0,0,0,0,0,0,0,0,0,0,0,0,0,0,0,0,0,0,0,0,0,0,0,0,0,0,0,0,0,0,0,0,0,0,0,0,-1,0,0,0,0,0,1,0,0,0,1,0,0,0,0,0,0,0,0,0,0,0,0,0,0,0,0,0,0,0,0,0,0,0,0,0,0,0,0,0,0,0,0,0,0,0,0,0,0,0,0,0,0,0,0,0,0,0,0,0,0,0,0,0,0,0,0,0,0,0,0,0,0,0,0,2020/04/20 00:00:00,2020/04/20 00:00:00,2,2,Unknown,0, ,0, ,0, ,0,0,0,0,1,85,Band
71.78,31.1288888890001,26687,2020/04/20 00:00:00,00:00,2020/04/20 00:00:00,00:00,No,Middle,Punjab,50,Exact,PA,449162,RAMSES38_PAK20-24.XL,locust operation don,1,0,1,2,1,0,0,0,0,0,0,0,0,0,0,0,0,0,0,0,0,0,0,0,0,0,0,0,0,0,0,0,0,0,0,0,0,0,0,0,0,0,0,-1,0,0,0,0,1,1,0,0,0,1,0,0,0,0,0,0,0,0,0,0,0,0,0,0,0,0,0,0,0,0,0,0,0,0,0,0,0,0,0,0,0,0,0,0,0,0,0,0,0,0,0,0,0,0,0,0,0,0,0,0,0,0,0,0,0,0,0,0,0,0,0,0,0,0,1899/12/30 00:00:00,1899/12/30 00:00:00,0,0, ,0, ,0, ,0, ,0,0,0,0,0,0,Band
71.775555556,31.1147222220001,26688,2020/04/20 00:00:00,00:00,2020/04/20 00:00:00,00:00,No,Middle,Punjab,20,Exact,PA,449163,RAMSES38_PAK20-24.XL,operation done,1,0,1,2,1,0,0,0,0,0,0,0,0,0,0,0,0,0,0,0,0,0,0,0,0,0,0,0,0,0,0,0,0,0,0,0,0,0,0,0,0,0,0,-1,0,0,0,0,1,1,0,0,0,1,0,0,0,0,0,0,0,0,0,0,0,0,0,0,0,0,0,0,0,0,0,0,0,0,0,0,0,0,0,0,0,0,0,0,0,0,0,0,0,0,0,0,0,0,0,0,0,0,0,0,0,0,0,0,0,0,0,0,0,0,0,0,0,0,1899/12/30 00:00:00,1899/12/30 00:00:00,0,0, ,0, ,0, ,0, ,0,0,0,0,0,0,Band
71.7538888890001,31.1733333330001,26689,2020/04/20 00:00:00,00:00,2020/04/20 00:00:00,00:00,No,Middle,Punjab,20,Exact,PA,449164,RAMSES38_PAK20-24.XL, ,1,0,1,2,1,0,0,0,0,0,0,0,0,0,0,0,0,0,0,0,0,0,0,0,0,0,0,0,0,0,0,0,0,0,0,0,0,0,0,0,0,0,0,-1,0,0,1,1,1,0,0,0,0,1,0,0,0,0,0,0,0,0,0,0,0,0,0,0,0,1,0,0,-1,0,0,0,0,0,0,0,0,0,0,0,0,0,0,1,0,0,0,0,0,0,0,0,0,0,0,0,0,0,0,0,0,0,0,0,0,0,0,0,0,0,0,0,0,0,2020/04/20 00:00:00,2020/04/20 00:00:00,2,2,Unknown,0, ,0, ,0, ,0,0,0,0,1,85,Band
53.019722222,27.3591666670001,26690,2020/04/13 00:00:00,13:39,2020/04/13 00:00:00,13:39,No,Middle,Tang malo,500,Exact,IR,453708,RAMSES38_IRN20-51.XL, ,1,0,1,2,1,0,0,0,0,0,0,1,0,0,-1,0,0,0,0,0,0,0,0,0,0,0,0,0,1,0,0,0,1,0,0,0,0,0,0,1,0,0,0,-1,0,0,0,3,1,0,0,0,0,0,0,1,0,0,0,0,0,0,0,0,0,0,0,0,0,0,0,0,0,0,0,0,0,0,0,0,0,0,0,0,0,0,0,0,0,0,0,0,0,0,0,0,0,0,0,0,0,0,0,0,0,0,0,0,0,0,0,0,0,0,0,0,0,0,2020/04/13 00:00:00,2020/04/13 00:00:00,2,2,Deltamethrin,0.5,ha,175,l,350,ha,0,1,0,0,0,95,Band
52.855,27.5538888890001,26691,2020/04/13 00:00:00,13:42,2020/04/13 00:00:00,13:42,No,Middle,Mohr,500,Exact,IR,453709,RAMSES38_IRN20-51.XL, ,1,0,1,2,1,0,0,0,0,0,0,1,0,0,-1,0,0,0,0,0,0,0,0,0,0,0,0,0,1,0,0,0,1,0,0,0,0,0,0,0,1,0,0,-1,0,0,1,0,0,0,0,0,0,0,0,1,0,0,0,0,0,0,0,0,0,0,0,0,0,0,0,0,0,0,0,0,0,0,0,0,0,0,0,0,0,0,0,0,0,0,0,0,0,0,0,0,0,0,0,0,0,0,0,0,0,0,0,0,0,0,0,0,0,0,0,0,0,0,2020/04/13 00:00:00,2020/04/13 00:00:00,2,2,Deltamethrin,0.5,ha,200,l,400,ha,0,1,0,0,0,95,Band
53.1311111110001,27.332222222,26692,2020/04/14 00:00:00,07:51,2020/04/14 00:00:00,07:51,No,Middle,Tange naidan,300,Exact,IR,453710,RAMSES38_IRN20-51.XL, ,1,0,1,2,1,0,0,0,0,0,0,0,0,0,0,0,0,0,0,0,0,0,0,0,0,0,0,0,0,0,0,0,0,0,0,0,0,0,0,1,0,0,0,-1,0,0,3,1,0,0,0,0,0,0,0,0,0,0,0,0,0,0,0,0,0,0,0,0,0,0,0,0,0,0,0,0,0,0,0,0,0,0,0,0,0,0,0,0,0,0,0,0,0,0,0,0,0,0,0,0,0,0,0,0,0,0,0,0,0,0,0,0,0,0,0,0,0,0,2020/04/14 00:00:00,2020/04/14 00:00:00,2,2,Deltamethrin,0.5,ha,100,l,200,ha,0,1,0,0,0,90,Band
51.691666667,28.3641666670001,26693,2020/04/15 00:00:00,00:00,2020/04/15 00:00:00,00:00,No,Middle,Bushehr Province,200,Exact,IR,454479,RAMSES38_IRN20-51.XL, ,1,0,1,2,1,0,0,0,0,0,0,0,0,0,0,0,0,0,0,0,0,0,0,0,0,0,0,0,0,0,0,0,0,0,0,0,0,0,0,0,0,0,0,-1,0,0,1,1,0,0,0,0,0,1,0,0,0,0,0,0,0,0,0,0,0,0,0,0,0,0,0,0,0,0,0,0,0,0,0,0,0,0,0,0,0,0,0,0,0,0,0,0,0,0,0,0,0,0,0,0,0,0,0,0,0,0,0,0,0,0,0,0,0,0,0,0,0,0,2020/04/15 00:00:00,2020/04/15 00:00:00,2,2,Unknown,0, ,0, ,0, ,0,0,0,0,1,90,Band
53.4188888890001,27.220277778,26694,2020/04/20 00:00:00,10:39,2020/04/20 00:00:00,10:39,No,Middle,Lavar khasht,400,Exact,IR,454481,RAMSES38_IRN20-51.XL, ,1,0,1,2,1,0,0,0,0,0,0,0,0,0,0,0,0,0,0,0,0,0,0,0,0,0,0,0,0,0,0,0,0,0,0,0,0,0,0,1,0,0,0,-1,0,0,0,3,1,0,0,0,0,0,0,1,0,0,0,0,0,0,0,0,0,0,0,0,0,0,0,0,0,0,0,0,0,0,0,0,0,0,0,0,0,0,0,0,0,0,0,0,0,0,0,0,0,0,0,0,0,0,0,0,0,0,0,0,0,0,0,0,0,0,0,0,0,0,2020/04/20 00:00:00,2020/04/20 00:00:00,2,2,Deltamethrin,0.5,ha,150,l,300,ha,0,1,0,0,0,90,Band
54.016944444,27.016666667,26695,2020/04/20 00:00:00,11:29,2020/04/20 00:00:00,11:29,No,Middle,Gachooyeh,300,Exact,IR,454484,RAMSES38_IRN20-51.XL, ,1,0,1,2,1,0,0,0,0,0,0,0,0,0,0,0,0,0,0,0,0,0,0,0,0,0,0,0,0,0,0,0,0,0,0,0,0,0,0,1,0,0,0,-1,0,0,0,1,0,0,0,0,0,0,0,1,0,0,0,0,0,0,0,0,0,0,0,0,0,0,0,0,0,0,0,0,0,0,0,0,0,0,0,0,0,0,0,0,0,0,0,0,0,0,0,0,0,0,0,0,0,0,0,0,0,0,0,0,0,0,0,0,0,0,0,0,0,0,2020/04/20 00:00:00,2020/04/20 00:00:00,2,2,Malathion,1.5,ha,375,l,250,ha,0,1,0,0,0,90,Band
52.7980555560001,27.5544444440001,26696,2020/04/20 00:00:00,12:50,2020/04/20 00:00:00,12:50,No,Middle,Tang ghalemohamad al,250,Exact,IR,454488,RAMSES38_IRN20-51.XL, ,1,0,1,2,1,0,0,0,0,0,0,0,0,0,0,0,0,0,0,0,0,0,0,0,0,0,0,0,0,0,0,0,0,0,0,0,0,0,0,1,0,0,0,-1,0,0,1,3,0,0,0,0,0,0,0,1,0,0,0,0,0,0,0,0,0,0,0,0,0,0,0,0,0,0,0,0,0,0,0,0,0,0,0,0,0,0,0,0,0,0,0,0,0,0,0,0,0,0,0,0,0,0,0,0,0,0,0,0,0,0,0,0,0,0,0,0,0,0,2020/04/20 00:00:00,2020/04/20 00:00:00,2,2,Deltamethrin,0.5,ha,100,l,200,ha,0,1,0,0,0,90,Band
51.651111111,28.393333333,26697,2020/04/13 00:00:00,08:06,2020/04/13 00:00:00,08:06,No,Middle,Dargoo,600,Exact,IR,455213,RAMSES38_IRN20-51.XL, ,1,0,1,2,1,0,0,0,0,0,0,0,0,0,0,0,0,0,0,0,0,0,0,0,0,0,0,0,0,0,0,0,0,0,0,0,0,0,0,1,0,0,0,-1,0,0,3,1,0,0,0,0,0,0,0,0,0,0,0,0,0,0,0,0,0,0,0,0,0,0,0,0,0,0,0,0,0,0,0,0,0,0,0,0,0,0,0,0,0,0,0,0,0,0,0,0,0,0,0,0,0,0,0,0,0,0,0,0,0,0,0,0,0,0,0,0,0,0,2020/04/13 00:00:00,2020/04/13 00:00:00,2,2,Deltamethrin,0.5,ha,200,l,400,ha,0,1,0,0,0,90,Band
51.7916666670001,28.412222222,26698,2020/04/13 00:00:00,08:10,2020/04/13 00:00:00,08:10,No,Middle,Poshtetang shonbeh,300,Exact,IR,455214,RAMSES38_IRN20-51.XL, ,1,0,1,2,1,0,0,0,0,0,0,0,0,0,0,0,0,0,0,0,0,0,0,0,0,0,0,0,0,0,0,0,0,0,0,0,0,0,0,1,0,0,0,-1,0,0,0,3,1,0,0,0,0,0,0,1,0,0,0,0,0,0,0,0,0,0,0,0,0,0,0,0,0,0,0,0,0,0,0,0,0,0,0,0,0,0,0,0,0,0,0,0,0,0,0,0,0,0,0,0,0,0,0,0,0,0,0,0,0,0,0,0,0,0,0,0,0,0,2020/04/13 00:00:00,2020/04/13 00:00:00,2,2,Malathion,1.5,ha,450,l,300,ha,0,1,0,0,0,90,Band
41.316666667,9.7,26699,2020/04/25 00:00:00,07:37,2020/04/25 00:00:00,07:37,No,Late,Hori,550,Exact,ET,450361,RAMSES38_ETH20-42.XL, ,1,0,1,2,1,0,0,0,0,0,0,0,0,0,0,0,0,0,0,0,0,0,0,0,0,0,0,0,0,0,0,0,0,0,0,0,0,0,0,0,0,0,0,-1,0,0,0,0,1,0,0,0,0,0,0,1,0,0,0,0,0,0,0,0,0,0,0,0,0,0,0,0,0,0,0,0,0,0,0,0,0,0,0,0,0,0,0,0,0,0,0,0,0,0,0,0,0,0,0,0,0,0,0,0,0,0,0,0,0,0,0,0,0,0,0,0,0,0,2020/04/25 00:00:00,2020/04/25 00:00:00,2,3,Chlorpyrifos,1,ha,400,l,400,ha,0,0,1,0,0,0,Band
41.35,9.63333333300005,26700,2020/04/25 00:00:00,07:41,2020/04/25 00:00:00,07:41,No,Late,Bona,740,Exact,ET,450362,RAMSES38_ETH20-42.XL, ,1,0,1,2,1,0,0,0,0,0,0,0,0,0,0,0,0,0,0,0,0,0,0,0,0,0,0,0,0,0,0,0,0,0,0,0,0,0,0,0,0,0,0,-1,0,0,0,0,1,0,0,0,0,0,0,1,0,0,0,0,0,0,0,0,0,0,0,0,0,0,0,0,0,0,0,0,0,0,0,0,0,0,0,0,0,0,0,0,0,0,0,0,0,0,0,0,0,0,0,0,0,0,0,0,0,0,0,0,0,0,0,0,0,0,0,0,0,0,2020/04/25 00:00:00,2020/04/25 00:00:00,2,3,Chlorpyrifos,1,ha,300,l,300,ha,0,0,1,0,0,0,Band
41.3666666670001,9.65,26701,2020/04/25 00:00:00,07:45,2020/04/25 00:00:00,07:45,No,Late,Aseba,500,Exact,ET,450363,RAMSES38_ETH20-42.XL, ,1,0,1,2,1,0,0,0,0,0,0,0,0,0,0,0,0,0,0,0,0,0,0,0,0,0,0,0,0,0,0,0,0,0,0,0,0,0,0,0,0,0,0,-1,0,0,0,0,1,0,0,0,0,0,0,1,0,0,0,0,0,0,0,0,0,0,0,0,0,0,0,0,0,0,0,0,0,0,0,0,0,0,0,0,0,0,0,0,0,0,0,0,0,0,0,0,0,0,0,0,0,0,0,0,0,0,0,0,0,0,0,0,0,0,0,0,0,0,2020/04/25 00:00:00,2020/04/25 00:00:00,2,3,Chlorpyrifos,1,ha,400,l,400,ha,0,0,1,0,0,0,Band
41.3,9.75,26702,2020/04/26 00:00:00,07:16,2020/04/26 00:00:00,07:16,No,Late,Ordora,400,Exact,ET,450379,RAMSES38_ETH20-42.XL, ,1,0,1,2,1,0,0,0,0,0,0,0,0,0,0,0,0,0,0,0,0,0,0,0,0,0,0,0,0,0,0,0,0,0,0,0,0,0,0,0,0,0,0,-1,0,0,0,0,1,0,0,0,0,0,0,1,0,0,0,0,0,0,0,0,0,0,0,0,0,0,0,0,0,0,0,0,0,0,0,0,0,0,0,0,0,0,0,0,0,0,0,0,0,0,0,0,0,0,0,0,0,0,0,0,0,0,0,0,0,0,0,0,0,0,0,0,0,0,2020/04/26 00:00:00,2020/04/26 00:00:00,2,3,Chlorpyrifos,1,ha,200,l,200,ha,0,0,1,0,0,0,Band
41.25,9.83333333300004,26703,2020/04/26 00:00:00,07:18,2020/04/26 00:00:00,07:18,No,Late,Asbuli.,1500,Exact,ET,450380,RAMSES38_ETH20-42.XL, ,1,0,1,2,1,0,0,0,0,0,0,0,0,0,0,0,0,0,0,0,0,0,0,0,0,0,0,0,0,0,0,0,0,0,0,0,0,0,0,0,0,0,0,-1,0,0,0,0,1,0,0,0,0,0,0,1,0,0,0,0,0,0,0,0,0,0,0,0,0,0,0,0,0,0,0,0,0,0,0,0,0,0,0,0,0,0,0,0,0,0,0,0,0,0,0,0,0,0,0,0,0,0,0,0,0,0,0,0,0,0,0,0,0,0,0,0,0,0,2020/04/26 00:00:00,2020/04/26 00:00:00,2,3,Chlorpyrifos,1,ha,600,l,600,ha,0,0,1,0,0,0,Band
41.25,9.83333333300004,26704,2020/04/27 00:00:00,07:28,2020/04/27 00:00:00,07:28,No,Late,Asbuli.,900,Exact,ET,450383,RAMSES38_ETH20-42.XL, ,1,0,1,2,1,0,0,0,0,0,0,0,0,0,0,0,0,0,0,0,0,0,0,0,0,0,0,0,0,0,0,0,0,0,0,0,0,0,0,0,0,0,0,-1,0,0,0,0,1,0,0,0,0,0,0,1,0,0,0,0,0,0,0,0,0,0,0,0,0,0,0,0,0,0,0,0,0,0,0,0,0,0,0,0,0,0,0,0,0,0,0,0,0,0,0,0,0,0,0,0,0,0,0,0,0,0,0,0,0,0,0,0,0,0,0,0,0,0,2020/04/27 00:00:00,2020/04/27 00:00:00,2,3,Chlorpyrifos,1,ha,600,l,600,ha,0,0,1,0,0,0,Band
49.825555556,26.273888889,26705,2020/04/21 00:00:00,10:41,2020/04/21 00:00:00,10:41,No,Late,Al damam,1000,Exact,SA,450313,RAMSES38_SAU20-22.XL, ,1,0,1,2,1,0,0,0,0,0,0,0,0,0,0,0,0,0,0,0,0,0,0,0,0,0,0,0,0,0,0,0,0,0,0,0,0,0,0,0,1,0,15,-1,0,0,0,0,0,3,1,0,3,0,0,1,0,0.0099999998,0.0099999998,0,1,0,0,0,0,0,0,0,0,0,0,0,0,0,0,0,0,0,0,0,0,0,0,0,0,0,0,0,0,0,0,0,0,0,0,0,0,0,0,0,0,0,0,0,0,0,0,0,0,0,0,0,0,0,0,0,0,0,2020/04/21 00:00:00,2020/04/21 00:00:00,2,3,Deltamethrin,1,ha,200,l,200,ha,0,1,0,0,0,0,Band
48.714722222,26.351944444,26706,2020/04/21 00:00:00,13:50,2020/04/21 00:00:00,13:50,No,Late,Arara,1000,Exact,SA,450317,RAMSES38_SAU20-22.XL, ,1,0,1,2,1,0,0,0,0,0,0,0,0,0,0,0,0,0,0,0,0,0,0,0,0,0,0,0,0,0,0,0,0,0,0,0,0,0,0,1,0,0,80,-1,0,0,0,0,3,1,0,0,0,0,0,1,0,0.0099999998,0.0099999998,0,1,0,0,0,0,0,0,0,0,0,0,0,0,0,0,0,0,0,0,0,0,0,0,0,0,0,0,0,0,0,0,0,0,0,0,0,0,0,0,0,0,0,0,0,0,0,0,0,0,0,0,0,0,0,0,0,0,0,2020/04/21 00:00:00,2020/04/21 00:00:00,2,3,Deltamethrin,0.5,ha,30,l,30,ha,0,1,0,0,0,90,Band
49.8569444440001,26.2994444440001,26707,2020/04/22 00:00:00,11:34,2020/04/22 00:00:00,11:34,No,Late,Al damam,1000,Exact,SA,450323,RAMSES38_SAU20-22.XL, ,1,0,1,2,1,0,0,0,0,0,0,0,0,0,0,0,0,0,0,0,0,0,0,0,0,0,0,0,0,0,0,0,0,0,0,0,0,0,0,0,1,0,15,-1,0,0,0,0,0,3,1,0,3,0,0,1,0,0.0099999998,0.0099999998,0,1,0,0,0,0,0,0,0,0,0,0,0,0,0,0,0,0,0,0,0,0,0,0,0,0,0,0,0,0,0,0,0,0,0,0,0,0,0,0,0,0,0,0,0,0,0,0,0,0,0,0,0,0,0,0,0,0,0,2020/04/22 00:00:00,2020/04/22 00:00:00,2,3,Deltamethrin,1,ha,100,l,100,ha,0,1,0,0,0,90,Band
48.76,27.57,26708,2020/04/22 00:00:00,12:45,2020/04/22 00:00:00,12:45,No,Late,E. Naeria,100,Exact,SA,450324,RAMSES38_SAU20-22.XL, ,1,0,1,2,1,0,0,0,0,0,0,0,0,0,0,0,0,0,0,0,0,0,0,0,0,0,0,0,0,0,0,0,0,0,0,0,0,0,1,0,0,0,25,-1,0,0,0,0,0,1,3,0,0,0,0,1,0,0.029999999,0.029999999,0,1,0,0,0,0,0,0,0,0,0,0,0,0,0,0,0,0,0,0,0,0,0,0,0,0,0,0,0,0,0,0,0,0,0,0,0,0,0,0,0,0,0,0,0,0,0,0,0,0,0,0,0,0,0,0,0,0,0,2020/04/22 00:00:00,2020/04/22 00:00:00,2,3,Deltamethrin,0.5,ha,15,l,15,ha,0,1,0,0,0,85,Band
48.68,27.5555555560001,26709,2020/04/22 00:00:00,13:32,2020/04/22 00:00:00,13:32,No,Late,E. Naeria,600,Exact,SA,450325,RAMSES38_SAU20-22.XL, ,1,0,1,2,1,0,0,0,0,0,0,0,0,0,0,0,0,0,0,0,0,0,0,0,0,0,0,0,0,0,0,0,0,0,0,0,0,0,1,0,0,0,60,-1,0,0,0,1,3,1,1,0,0,0,0,0,1,2,2,0,0,1,0,0,0,0,0,0,0,0,0,0,0,0,0,0,0,0,0,0,0,0,0,0,0,0,0,0,0,0,0,0,0,0,0,0,0,0,0,0,0,0,0,0,0,0,0,0,0,0,0,0,0,0,0,0,0,0,2020/04/22 00:00:00,2020/04/22 00:00:00,2,3,Lambdacyhalothrin,1,ha,300,l,300,ha,0,1,0,0,0,90,Band
49.8527777780001,26.277777778,26710,2020/04/23 00:00:00,10:29,2020/04/23 00:00:00,10:29,No,Late,Al damam,1000,Exact,SA,450327,RAMSES38_SAU20-22.XL, ,1,0,1,2,1,0,0,0,0,0,0,0,0,0,0,0,0,0,0,0,0,0,0,0,0,0,0,0,0,0,0,0,0,0,0,0,0,0,0,0,1,0,25,-1,0,0,0,0,0,3,1,0,3,0,0,1,0,0.0099999998,0.0099999998,0,1,0,0,0,0,0,0,0,0,0,0,0,0,0,0,0,0,0,0,0,0,0,0,0,0,0,0,0,0,0,0,0,0,0,0,0,0,0,0,0,0,0,0,0,0,0,0,0,0,0,0,0,0,0,0,0,0,0,2020/04/23 00:00:00,2020/04/23 00:00:00,2,3,Deltamethrin,1,ha,200,l,200,ha,0,1,0,0,0,90,Band
48.6738888890001,26.696388889,26711,2020/04/23 00:00:00,11:26,2020/04/23 00:00:00,11:26,No,Late,Aqiar,500,Exact,SA,450328,RAMSES38_SAU20-22.XL, ,1,0,1,2,1,0,0,0,0,0,0,0,0,0,0,0,0,0,0,0,0,0,0,0,0,0,0,0,0,0,0,0,0,0,0,0,0,0,1,0,0,0,75,-1,0,0,0,0,1,3,1,0,3,0,0,0,1,2,2,0,0,1,0,0,0,0,0,0,0,0,0,0,0,0,0,0,0,0,0,0,0,0,0,0,0,0,0,0,0,0,0,0,0,0,0,0,0,0,0,0,0,0,0,0,0,0,0,0,0,0,0,0,0,0,0,0,0,0,2020/04/23 00:00:00,2020/04/23 00:00:00,2,3,Lambdacyhalothrin,1,ha,345,l,345,ha,0,1,0,0,0,90,Band
49.784722222,26.291944444,26712,2020/04/24 00:00:00,10:07,2020/04/24 00:00:00,10:07,No,Late,Al damam,1000,Exact,SA,450329,RAMSES38_SAU20-22.XL, ,1,0,1,2,1,0,0,0,0,0,0,0,0,0,0,0,0,0,0,0,0,0,0,0,0,0,0,0,0,0,0,0,0,0,0,0,0,0,0,0,1,0,15,-1,0,0,0,0,0,3,1,0,3,0,0,1,0,0.0099999998,0.0099999998,0,1,0,0,0,0,0,0,0,0,0,0,0,0,0,0,0,0,0,0,0,0,0,0,0,0,0,0,0,0,0,0,0,0,0,0,0,0,0,0,0,0,0,0,0,0,0,0,0,0,0,0,0,0,0,0,0,0,0,2020/04/24 00:00:00,2020/04/24 00:00:00,2,3,Deltamethrin,1,ha,100,l,100,ha,0,1,0,0,0,90,Band
51.445277778,24.0425,26713,2020/04/21 00:00:00,09:20,2020/04/21 00:00:00,09:20,No,Late,albatha,200,Exact,SA,450336,RAMSES38_SAU20-22.XL, ,1,0,1,2,1,0,0,0,0,0,0,0,0,0,0,0,0,0,0,0,0,0,0,0,0,0,0,0,0,0,0,0,0,0,0,0,0,0,0,1,0,0,10,-1,0,0,0,0,0,1,0,0,0,0,0,1,0,1,1,0,0,1,0,0,0,0,0,0,0,0,0,0,0,0,0,0,0,0,0,0,0,0,0,0,0,0,0,0,0,0,0,0,0,0,0,0,0,0,0,0,0,0,0,0,0,0,0,0,0,0,0,0,0,0,0,0,0,0,2020/04/21 00:00:00,2020/04/21 00:00:00,2,3,Fenitrothion,1,ha,50,l,50,ha,0,1,0,0,0,90,Band
48.6755555560001,26.961944444,26714,2020/04/21 00:00:00,10:09,2020/04/21 00:00:00,10:09,No,Late,thaq,100,Exact,SA,450337,RAMSES38_SAU20-22.XL, ,1,0,1,2,1,0,0,0,0,0,0,0,0,0,0,0,0,0,0,0,0,0,0,0,0,0,0,0,0,0,0,0,0,0,0,0,0,0,1,0,0,0,16,-1,0,0,0,0,0,3,1,0,3,0,0,1,0,3,3,0,0,1,0,0,0,0,0,0,0,0,0,0,0,0,0,0,0,0,0,0,0,0,0,0,0,0,0,0,0,0,0,0,0,0,0,0,0,0,0,0,0,0,0,0,0,0,0,0,0,0,0,0,0,0,0,0,0,0,2020/04/21 00:00:00,2020/04/21 00:00:00,2,3,Fenitrothion,1,ha,30,l,30,ha,0,1,0,0,0,90,Band
48.389166667,27.0594444440001,26715,2020/04/22 00:00:00,07:35,2020/04/22 00:00:00,07:35,No,Late,alsrar,100,Exact,SA,450338,RAMSES38_SAU20-22.XL, ,1,0,1,2,1,0,0,0,0,0,0,0,0,0,0,0,0,0,0,0,0,0,0,0,0,0,0,0,0,0,0,0,0,0,0,0,0,0,0,1,0,0,10,-1,0,0,0,0,0,3,1,0,3,0,0,1,0,1,1,0,0,1,0,0,0,0,0,0,0,0,0,0,0,0,0,0,0,0,0,0,0,0,0,0,0,0,0,0,0,0,0,0,0,0,0,0,0,0,0,0,0,0,0,0,0,0,0,0,0,0,0,0,0,0,0,0,0,0,2020/04/22 00:00:00,2020/04/22 00:00:00,2,3,Fenitrothion,1,ha,25,l,25,ha,0,1,0,0,0,90,Band
49.961944444,25.908888889,26716,2020/04/22 00:00:00,08:23,2020/04/22 00:00:00,08:23,No,Late,bkeak,300,Exact,SA,450339,RAMSES38_SAU20-22.XL, ,1,0,1,2,1,0,0,0,0,0,0,0,0,0,0,0,0,0,0,0,0,0,0,0,0,0,0,0,0,0,0,0,0,0,0,0,0,0,0,1,0,0,10,-1,0,0,0,0,0,0,1,0,0,0,0,1,0,1,1,0,0,1,0,0,0,0,0,0,0,0,0,0,0,0,0,0,0,0,0,0,0,0,0,0,0,0,0,0,0,0,0,0,0,0,0,0,0,0,0,0,0,0,0,0,0,0,0,0,0,0,0,0,0,0,0,0,0,0,2020/04/22 00:00:00,2020/04/22 00:00:00,2,3,Fenitrothion,1,ha,30,l,30,ha,0,1,0,0,0,90,Band
49.828611111,26.2422222220001,26717,2020/04/23 00:00:00,07:07,2020/04/23 00:00:00,07:07,No,Late,aldahran,80,Exact,SA,450340,RAMSES38_SAU20-22.XL, ,1,0,1,2,1,0,0,0,0,0,0,0,0,0,0,0,0,0,0,0,0,0,0,0,0,0,0,0,0,0,0,0,0,0,0,0,0,0,0,1,0,0,15,-1,0,0,0,0,0,3,1,0,3,0,0,1,0,5,5,0,0,1,0,0,0,0,0,0,0,0,0,0,0,0,0,0,0,0,0,0,0,0,0,0,0,0,0,0,0,0,0,0,0,0,0,0,0,0,0,0,0,0,0,0,0,0,0,0,0,0,0,0,0,0,0,0,0,0,2020/04/23 00:00:00,2020/04/23 00:00:00,2,3,Fenitrothion,1,ha,40,l,40,ha,0,1,0,0,0,90,Band
48.631666667,26.711944444,26718,2020/04/23 00:00:00,07:38,2020/04/23 00:00:00,07:38,No,Late,mkati,100,Exact,SA,450341,RAMSES38_SAU20-22.XL, ,1,0,1,2,1,0,0,0,0,0,0,0,0,0,0,0,0,0,0,0,0,0,0,0,0,0,0,0,0,0,0,0,0,0,0,0,0,0,0,1,0,0,12,-1,0,0,0,0,0,3,1,0,3,0,0,1,0,2,2,0,0,1,0,0,0,0,0,0,0,0,0,0,0,0,0,0,0,0,0,0,0,0,0,0,0,0,0,0,0,0,0,0,0,0,0,0,0,0,0,0,0,0,0,0,0,0,0,0,0,0,0,0,0,0,0,0,0,0,2020/04/23 00:00:00,2020/04/23 00:00:00,2,3,Fenitrothion,1,ha,40,l,40,ha,0,1,0,0,0,90,Band
49.775555556,26.645277778,26719,2020/04/24 00:00:00,09:28,2020/04/24 00:00:00,09:28,No,Late,safwa,200,Exact,SA,450342,RAMSES38_SAU20-22.XL, ,1,0,1,2,1,0,0,0,0,0,0,0,0,0,0,0,0,0,0,0,0,0,0,0,0,0,0,0,0,0,0,0,0,0,0,0,0,0,0,1,0,0,10,-1,0,0,0,0,0,3,1,0,3,0,0,1,0,3,3,0,0,1,0,0,0,0,0,0,0,0,0,0,0,0,0,0,0,0,0,0,0,0,0,0,0,0,0,0,0,0,0,0,0,0,0,0,0,0,0,0,0,0,0,0,0,0,0,0,0,0,0,0,0,0,0,0,0,0,2020/04/24 00:00:00,2020/04/24 00:00:00,2,3,Fenitrothion,1,ha,50,l,50,ha,0,1,0,0,0,90,Band
48.7952777780001,25.9952777780001,26720,2020/04/24 00:00:00,14:40,2020/04/24 00:00:00,14:40,No,Late,arearah,300,Exact,SA,450343,RAMSES38_SAU20-22.XL, ,1,0,1,2,1,0,0,0,0,0,0,0,0,0,0,0,0,0,0,0,0,0,0,0,0,0,0,0,0,0,0,0,0,0,0,0,0,0,0,1,0,0,5,-1,0,0,0,0,0,1,3,0,0,0,0,1,0,1,1,0,0,1,0,0,0,0,0,0,0,0,0,0,0,0,0,0,0,0,0,0,0,0,0,0,0,0,0,0,0,0,0,0,0,0,0,0,0,0,0,0,0,0,0,0,0,0,0,0,0,0,0,0,0,0,0,0,0,0,2020/04/24 00:00:00,2020/04/24 00:00:00,2,3,Fenitrothion,1,ha,20,l,20,ha,0,1,0,0,0,90,Band
49.145277778,26.8088888890001,26721,2020/04/25 00:00:00,09:30,2020/04/25 00:00:00,09:30,No,Late,aljubil,100,Exact,SA,450344,RAMSES38_SAU20-22.XL, ,1,0,1,2,1,0,0,0,0,0,0,0,0,0,0,0,0,0,0,0,0,0,0,0,0,0,0,0,0,0,0,0,0,0,0,0,0,0,0,1,0,0,15,-1,0,0,0,0,0,3,1,0,3,0,0,1,0,2,2,0,0,1,0,0,0,0,0,0,0,0,0,0,0,0,0,0,0,0,0,0,0,0,0,0,0,0,0,0,0,0,0,0,0,0,0,0,0,0,0,0,0,0,0,0,0,0,0,0,0,0,0,0,0,0,0,0,0,0,2020/04/25 00:00:00,2020/04/25 00:00:00,2,3,Fenitrothion,1,ha,30,l,30,ha,0,1,0,0,0,90,Band
49.0094444440001,25.945277778,26722,2020/04/25 00:00:00,10:44,2020/04/25 00:00:00,10:44,No,Late,om alarad,70,Exact,SA,450345,RAMSES38_SAU20-22.XL, ,1,0,1,2,1,0,0,0,0,0,0,0,0,0,0,0,0,0,0,0,0,0,0,0,0,0,0,0,0,0,0,0,0,0,0,0,0,0,0,1,0,0,12,-1,0,0,0,0,0,3,1,0,3,0,0,1,0,1,1,0,0,1,0,0,0,0,0,0,0,0,0,0,0,0,0,0,0,0,0,0,0,0,0,0,0,0,0,0,0,0,0,0,0,0,0,0,0,0,0,0,0,0,0,0,0,0,0,0,0,0,0,0,0,0,0,0,0,0,2020/04/25 00:00:00,2020/04/25 00:00:00,2,3,Fenitrothion,1,ha,30,l,30,ha,0,1,0,0,0,90,Band
41.408888889,28.2922222220001,26723,2020/04/21 00:00:00,15:06,2020/04/21 00:00:00,15:06,No,Late,alnfod,80,Exact,SA,450346,RAMSES38_SAU20-22.XL, ,1,0,1,2,1,0,0,0,0,0,0,0,0,0,0,0,0,0,0,0,0,0,0,0,0,0,0,0,0,0,0,0,0,0,0,0,0,0,0,1,0,0,15,-1,0,0,0,1,3,0,0,0,0,0,0,1,0,1,1,0,0,1,0,0,0,0,0,0,0,0,0,0,0,0,0,0,0,0,0,0,0,0,0,0,0,0,0,0,0,0,0,0,0,0,0,0,0,0,0,0,0,0,0,0,0,0,0,0,0,0,0,0,0,0,0,0,0,0,2020/04/21 00:00:00,2020/04/21 00:00:00,2,3,Fenitrothion,1,ha,50,l,50,ha,0,1,0,0,0,90,Band
41.395277778,28.2925,26724,2020/04/22 00:00:00,15:10,2020/04/22 00:00:00,15:10,No,Late,alnfoud,100,Exact,SA,450347,RAMSES38_SAU20-22.XL, ,1,0,1,2,1,0,0,0,0,0,0,0,0,0,0,0,0,0,0,0,0,0,0,0,0,0,0,0,0,0,0,0,0,0,0,0,0,0,0,1,0,0,3,-1,0,0,0,1,3,0,0,0,0,0,0,1,0,2,2,0,0,1,0,0,0,0,0,0,0,0,0,0,0,0,0,0,0,0,0,0,0,0,0,0,0,0,0,0,0,0,0,0,0,0,0,0,0,0,0,0,0,0,0,0,0,0,0,0,0,0,0,0,0,0,0,0,0,0,2020/04/22 00:00:00,2020/04/22 00:00:00,2,3,Fenitrothion,1,ha,50,l,50,ha,0,1,0,0,0,90,Band
41.3588888890001,28.258888889,26725,2020/04/23 00:00:00,15:17,2020/04/23 00:00:00,15:17,No,Late,alnfoud,100,Exact,SA,450348,RAMSES38_SAU20-22.XL, ,1,0,1,2,1,0,0,0,0,0,0,0,0,0,0,0,0,0,0,0,0,0,0,0,0,0,0,0,0,0,0,0,0,0,0,0,0,0,0,1,0,0,12,-1,0,0,0,1,3,0,0,0,0,0,0,1,0,3,3,0,0,1,0,0,0,0,0,0,0,0,0,0,0,0,0,0,0,0,0,0,0,0,0,0,0,0,0,0,0,0,0,0,0,0,0,0,0,0,0,0,0,0,0,0,0,0,0,0,0,0,0,0,0,0,0,0,0,0,2020/04/23 00:00:00,2020/04/23 00:00:00,2,3,Fenitrothion,1,ha,50,l,50,ha,0,1,0,0,0,90,Band
41.345277778,28.2619444440001,26726,2020/04/24 00:00:00,15:22,2020/04/24 00:00:00,15:22,No,Late,alnfoud,60,Exact,SA,450349,RAMSES38_SAU20-22.XL, ,1,0,1,2,1,0,0,0,0,0,0,0,0,0,0,0,0,0,0,0,0,0,0,0,0,0,0,0,0,0,0,0,0,0,0,0,0,0,0,1,0,0,10,-1,0,0,0,1,3,0,0,0,0,0,0,1,0,2,2,0,0,1,0,0,0,0,0,0,0,0,0,0,0,0,0,0,0,0,0,0,0,0,0,0,0,0,0,0,0,0,0,0,0,0,0,0,0,0,0,0,0,0,0,0,0,0,0,0,0,0,0,0,0,0,0,0,0,0,2020/04/24 00:00:00,2020/04/24 00:00:00,2,3,Fenitrothion,1,ha,50,l,50,ha,0,1,0,0,0,90,Band
41.4286111110001,28.2452777780001,26727,2020/04/25 00:00:00,15:24,2020/04/25 00:00:00,15:24,No,Late,alnfoud,300,Exact,SA,450350,RAMSES38_SAU20-22.XL, ,1,0,1,2,1,0,0,0,0,0,0,0,0,0,0,0,0,0,0,0,0,0,0,0,0,0,0,0,0,0,0,0,0,0,0,0,0,0,0,1,0,0,15,-1,0,0,0,0,3,1,0,0,0,0,0,1,0,2,2,0,0,1,0,0,0,0,0,0,0,0,0,0,0,0,0,0,0,0,0,0,0,0,0,0,0,0,0,0,0,0,0,0,0,0,0,0,0,0,0,0,0,0,0,0,0,0,0,0,0,0,0,0,0,0,0,0,0,0,2020/04/25 00:00:00,2020/04/25 00:00:00,2,3,Fenitrothion,1,ha,100,l,100,ha,0,1,0,0,0,90,Band
48.5119444440001,27.3727777780001,26728,2020/04/25 00:00:00,08:23,2020/04/25 00:00:00,08:23,No,Late,E. Naeria,500,Exact,SA,450351,RAMSES38_SAU20-22.XL, ,1,0,1,2,1,0,0,0,0,0,0,0,0,0,0,0,0,0,0,0,0,0,0,0,0,0,0,0,0,0,0,0,0,0,0,0,0,0,1,0,0,0,75,-1,0,0,0,0,0,1,3,0,0,0,0,1,0,1,1,0,0,1,0,0,0,0,0,0,0,0,0,0,0,0,0,0,0,0,0,0,0,0,0,0,0,0,0,0,0,0,0,0,0,0,0,0,0,0,0,0,0,0,0,0,0,0,0,0,0,0,0,0,0,0,0,0,0,0,2020/04/25 00:00:00,2020/04/25 00:00:00,2,3,Lambdacyhalothrin,1,ha,200,l,200,ha,0,1,0,0,0,90,Band
48.6805555560001,27.5588888890001,26729,2020/04/25 00:00:00,11:29,2020/04/25 00:00:00,11:29,No,Late,E. Naeria,200,Exact,SA,450354,RAMSES38_SAU20-22.XL, ,1,0,1,2,1,0,0,0,0,0,0,0,0,0,0,0,0,0,0,0,0,0,0,0,0,0,0,0,0,0,0,0,0,0,0,0,0,0,1,0,0,0,30,-1,0,0,0,0,1,3,1,0,3,0,0,0,1,1,1,0,0,1,0,0,0,0,0,0,0,0,0,0,0,0,0,0,0,0,0,0,0,0,0,0,0,0,0,0,0,0,0,0,0,0,0,0,0,0,0,0,0,0,0,0,0,0,0,0,0,0,0,0,0,0,0,0,0,0,2020/04/25 00:00:00,2020/04/25 00:00:00,2,3,Deltamethrin,0.5,ha,40,l,80,ha,0,1,0,0,0,95,Band
49.849444444,26.3055555560001,26730,2020/04/25 00:00:00,08:06,2020/04/25 00:00:00,08:06,No,Late,Al damam,1000,Exact,SA,450355,RAMSES38_SAU20-22.XL, ,1,0,1,2,1,0,0,0,0,0,0,0,0,0,0,0,0,0,0,0,0,0,0,0,0,0,0,0,0,0,0,0,0,0,0,0,0,0,0,0,1,0,18,-1,0,0,0,0,1,3,1,0,3,0,0,1,0,0.0099999998,0.0099999998,0,1,0,0,0,0,0,0,0,0,0,0,0,0,0,0,0,0,0,0,0,0,0,0,0,0,0,0,0,0,0,0,0,0,0,0,0,0,0,0,0,0,0,0,0,0,0,0,0,0,0,0,0,0,0,0,0,0,0,2020/04/25 00:00:00,2020/04/25 00:00:00,2,3,Deltamethrin,1,ha,400,l,400,ha,0,1,0,0,0,95,Band
52.04,27.958888889,26731,2020/04/29 00:00:00,09:45,2020/04/29 00:00:00,09:45,No,Late,Ahmad salman,600,Exact,IR,453736,RAMSES38_IRN20-51.XL, ,1,0,1,2,1,0,0,0,0,0,0,0,0,0,0,0,0,0,0,0,0,0,0,0,0,0,0,0,0,0,0,0,0,0,0,0,0,0,0,1,0,0,0,-1,0,0,0,3,1,0,0,0,0,0,0,1,0,0,0,0,0,0,0,0,0,0,0,0,0,0,0,0,0,0,0,0,0,0,0,0,0,0,0,0,0,0,0,0,0,0,0,0,0,0,0,0,0,0,0,0,0,0,0,0,0,0,0,0,0,0,0,0,0,0,0,0,0,0,2020/04/29 00:00:00,2020/04/29 00:00:00,2,3,Malathion,1.5,ha,750,l,500,ha,0,1,0,0,0,90,Band
53.017777778,27.378055556,26732,2020/04/26 00:00:00,10:34,2020/04/26 00:00:00,10:34,No,Late,Tang malo,500,Exact,IR,453738,RAMSES38_IRN20-51.XL, ,1,0,1,2,1,0,0,0,0,0,0,0,0,0,0,0,0,0,0,0,0,0,0,0,0,0,0,0,0,0,0,0,0,0,0,0,0,0,0,1,0,0,0,-1,0,0,0,0,3,1,0,0,0,0,0,1,0,0,0,0,0,0,0,0,0,0,0,0,0,0,0,0,0,0,0,0,0,0,0,0,0,0,0,0,0,0,0,0,0,0,0,0,0,0,0,0,0,0,0,0,0,0,0,0,0,0,0,0,0,0,0,0,0,0,0,0,0,0,2020/04/26 00:00:00,2020/04/26 00:00:00,2,3,Deltamethrin,0.5,ha,125,l,250,ha,0,1,0,0,0,90,Band
52.7980555560001,27.5711111110001,26733,2020/04/26 00:00:00,10:38,2020/04/26 00:00:00,10:38,No,Late,Tang ghalemohamad al,400,Exact,IR,453739,RAMSES38_IRN20-51.XL, ,1,0,1,2,1,0,0,0,0,0,0,0,0,0,0,0,0,0,0,0,0,0,0,0,0,0,0,0,0,0,0,0,0,0,0,0,0,0,0,1,0,0,0,-1,0,0,0,0,3,1,0,0,0,0,0,1,0,0,0,0,0,0,0,0,0,0,0,0,0,0,0,0,0,0,0,0,0,0,0,0,0,0,0,0,0,0,0,0,0,0,0,0,0,0,0,0,0,0,0,0,0,0,0,0,0,0,0,0,0,0,0,0,0,0,0,0,0,0,2020/04/26 00:00:00,2020/04/26 00:00:00,2,3,Deltamethrin,0.5,ha,150,l,300,ha,0,1,0,0,0,90,Band
54.003055556,27.0377777780001,26734,2020/04/28 00:00:00,00:00,2020/04/28 00:00:00,00:00,No,Late,Hormozgan Province,10,Exact,IR,453748,RAMSES38_IRN20-51.XL, ,1,0,1,2,1,0,0,0,0,0,0,0,0,0,0,0,0,0,0,0,0,0,0,0,0,0,0,0,0,0,0,0,0,0,0,0,0,0,0,0,0,0,0,-1,0,0,0,0,1,1,1,0,0,1,0,0,0,0,0,0,0,0,0,0,0,0,0,0,0,0,0,0,0,0,0,0,0,0,0,0,0,0,0,0,0,0,0,0,0,0,0,0,0,0,0,0,0,0,0,0,0,0,0,0,0,0,0,0,0,0,0,0,0,0,0,0,0,0,1899/12/30 00:00:00,1899/12/30 00:00:00,0,0, ,0, ,0, ,0, ,0,0,0,0,0,0,Band
53.012222222,27.3794444440001,26735,2020/04/12 00:00:00,13:35,2020/04/12 00:00:00,13:35,No,Middle,Tang malo,500,Exact,IR,453764,RAMSES38_IRN20-51.XL, ,1,0,1,2,1,0,0,0,0,0,0,1,0,0,-1,0,0,0,0,0,0,0,0,0,0,0,0,0,1,0,0,0,1,0,0,0,0,0,0,0,0,0,0,-1,0,0,0,3,1,0,0,0,0,0,0,1,0,0,0,0,0,0,0,0,0,0,0,0,0,0,0,0,0,0,0,0,0,0,0,0,0,0,0,0,0,0,0,0,0,0,0,0,0,0,0,0,0,0,0,0,0,0,0,0,0,0,0,0,0,0,0,0,0,0,0,0,0,0,2020/04/12 00:00:00,2020/04/12 00:00:00,2,2,Deltamethrin,0.5,ha,175,l,350,ha,0,1,0,0,0,95,Band
52.7961111110001,27.5569444440001,26736,2020/04/12 00:00:00,13:48,2020/04/12 00:00:00,13:48,No,Middle,Tang shool,500,Exact,IR,453765,RAMSES38_IRN20-51.XL, ,1,0,1,2,1,0,0,0,0,0,0,0,0,0,0,0,0,0,0,0,0,0,0,0,0,0,0,0,0,0,0,0,0,0,0,0,0,0,0,0,1,0,0,-1,0,0,1,0,0,0,0,0,0,0,0,1,0,0,0,0,0,0,0,0,0,0,0,0,0,0,0,0,0,0,0,0,0,0,0,0,0,0,0,0,0,0,0,0,0,0,0,0,0,0,0,0,0,0,0,0,0,0,0,0,0,0,0,0,0,0,0,0,0,0,0,0,0,0,2020/04/12 00:00:00,2020/04/12 00:00:00,2,2,Deltamethrin,0.5,ha,175,l,350,ha,0,1,0,0,0,95,Band
53.405833333,27.207777778,26737,2020/04/13 00:00:00,07:38,2020/04/13 00:00:00,07:38,No,Middle,Lavar khasht,500,Exact,IR,453766,RAMSES38_IRN20-51.XL, ,1,0,1,2,1,0,0,0,0,0,0,0,0,0,0,0,0,0,0,0,0,0,0,0,0,0,0,0,0,0,0,0,0,0,0,0,0,0,0,1,0,0,0,-1,0,0,0,3,1,0,0,0,0,0,0,1,0,0,0,0,0,0,0,0,0,0,0,0,0,0,0,0,0,0,0,0,0,0,0,0,0,0,0,0,0,0,0,0,0,0,0,0,0,0,0,0,0,0,0,0,0,0,0,0,0,0,0,0,0,0,0,0,0,0,0,0,0,0,2020/04/13 00:00:00,2020/04/13 00:00:00,2,2,Deltamethrin,0.5,ha,125,l,250,ha,0,1,0,0,0,90,Band
53.719722222,27.2619444440001,26738,2020/04/13 00:00:00,07:42,2020/04/13 00:00:00,07:42,No,Middle,Paghalat,400,Exact,IR,453767,RAMSES38_IRN20-51.XL, ,1,0,1,2,1,0,0,0,0,0,0,0,0,0,0,0,0,0,0,0,0,0,0,0,0,0,0,0,0,0,0,0,0,0,0,0,0,0,0,1,0,0,0,-1,0,0,1,0,0,0,0,0,0,0,0,1,0,0,0,0,0,0,0,0,0,0,0,0,0,0,0,0,0,0,0,0,0,0,0,0,0,0,0,0,0,0,0,0,0,0,0,0,0,0,0,0,0,0,0,0,0,0,0,0,0,0,0,0,0,0,0,0,0,0,0,0,0,0,2020/04/13 00:00:00,2020/04/13 00:00:00,2,2,Deltamethrin,0.5,ha,150,l,300,ha,0,1,0,0,0,90,Band
54.3041666670001,27.077777778,26739,2020/04/15 00:00:00,14:23,2020/04/15 00:00:00,14:23,No,Middle,Herang,400,Exact,IR,453771,RAMSES38_IRN20-51.XL, ,1,0,1,2,1,0,0,0,0,0,0,0,0,0,0,0,0,0,0,0,0,0,0,0,0,0,0,0,0,0,0,0,0,0,0,0,0,0,0,0,1,0,0,-1,0,0,1,0,0,0,0,0,0,0,0,1,0,0,0,0,0,0,0,0,0,0,0,0,0,0,0,0,0,0,0,0,0,0,0,0,0,0,0,0,0,0,0,0,0,0,0,0,0,0,0,0,0,0,0,0,0,0,0,0,0,0,0,0,0,0,0,0,0,0,0,0,0,0,2020/04/15 00:00:00,2020/04/15 00:00:00,2,2,Malathion,1.5,ha,450,l,300,ha,0,1,0,0,0,90,Band
54.646388889,27.2547222220001,26740,2020/04/15 00:00:00,14:27,2020/04/15 00:00:00,14:27,No,Middle,Eelod,400,Exact,IR,453772,RAMSES38_IRN20-51.XL, ,1,0,1,2,1,0,0,0,0,0,0,0,0,0,0,0,0,0,0,0,0,0,0,0,0,0,0,0,0,0,0,0,0,0,0,0,0,0,0,1,0,0,0,-1,0,0,1,0,0,0,0,0,0,0,0,1,0,0,0,0,0,0,0,0,0,0,0,0,0,0,0,0,0,0,0,0,0,0,0,0,0,0,0,0,0,0,0,0,0,0,0,0,0,0,0,0,0,0,0,0,0,0,0,0,0,0,0,0,0,0,0,0,0,0,0,0,0,0,2020/04/15 00:00:00,2020/04/15 00:00:00,2,2,Malathion,1.5,ha,450,l,300,ha,0,1,0,0,0,90,Band
54.7263888890001,27.280555556,26741,2020/04/27 00:00:00,09:17,2020/04/27 00:00:00,09:17,No,Late,Todruyeh,350,Exact,IR,454514,RAMSES38_IRN20-51.XL, ,1,0,1,2,1,0,0,0,0,0,0,0,0,0,0,0,0,0,0,0,0,0,0,0,0,0,0,0,0,0,0,0,0,0,0,0,0,0,0,1,0,0,0,-1,0,0,0,1,0,0,0,0,0,0,0,1,0,0,0,0,0,0,0,0,0,0,0,0,0,0,0,0,0,0,0,0,0,0,0,0,0,0,0,0,0,0,0,0,0,0,0,0,0,0,0,0,0,0,0,0,0,0,0,0,0,0,0,0,0,0,0,0,0,0,0,0,0,0,2020/04/27 00:00:00,2020/04/27 00:00:00,2,3,Malathion,1.5,ha,375,l,250,ha,0,1,0,0,0,85,Band
54.070277778,27.010277778,26742,2020/04/29 00:00:00,00:00,2020/04/29 00:00:00,00:00,No,Late,Hormozgan Province,20,Exact,IR,454529,RAMSES38_IRN20-51.XL,200ha,1,0,1,2,1,0,0,0,0,0,0,0,0,0,0,0,0,0,0,0,0,0,0,0,0,0,0,0,0,0,0,0,0,0,0,0,0,0,0,0,0,0,0,-1,0,0,0,0,1,1,1,0,0,1,0,0,0,0,0,0,0,0,0,0,0,0,0,0,0,0,0,0,0,0,0,0,0,0,0,0,0,0,0,0,0,0,0,0,0,0,0,0,0,0,0,0,0,0,0,0,0,0,0,0,0,0,0,0,0,0,0,0,0,0,0,0,0,0,2020/04/29 00:00:00,2020/04/29 00:00:00,2,3,Unknown,0, ,0, ,0, ,0,0,0,0,1,10,Band
54.0036111110001,27.013611111,26743,2020/04/29 00:00:00,00:00,2020/04/29 00:00:00,00:00,No,Late,Hormozgan Province,40,Exact,IR,454532,RAMSES38_IRN20-51.XL, ,1,0,1,2,1,0,0,0,0,0,0,0,0,0,0,0,0,0,0,0,0,0,0,0,0,0,0,0,0,0,0,0,0,0,0,0,0,0,0,0,0,0,0,-1,0,0,0,0,1,1,1,0,0,1,0,0,0,0,0,0,0,0,0,0,0,0,0,0,0,0,0,0,0,0,0,0,0,0,0,0,0,0,0,0,0,0,0,0,0,0,0,0,0,0,0,0,0,0,0,0,0,0,0,0,0,0,0,0,0,0,0,0,0,0,0,0,0,0,2020/04/29 00:00:00,2020/04/29 00:00:00,2,3,Unknown,0, ,0, ,0, ,0,0,0,0,1,10,Band
54.781111111,27.2330555560001,26744,2020/04/20 00:00:00,13:27,2020/04/20 00:00:00,13:27,No,Middle,Dehtal,300,Exact,IR,454553,RAMSES38_IRN20-51.XL, ,1,0,1,2,1,0,0,0,0,0,0,0,0,0,0,0,0,0,0,0,0,0,0,0,0,0,0,0,0,0,0,0,0,0,0,0,0,0,0,1,0,0,0,-1,0,0,0,1,0,0,0,0,0,0,0,1,0,0,0,0,0,0,0,0,0,0,0,0,0,0,0,0,0,0,0,0,0,0,0,0,0,0,0,0,0,0,0,0,0,0,0,0,0,0,0,0,0,0,0,0,0,0,0,0,0,0,0,0,0,0,0,0,0,0,0,0,0,0,2020/04/20 00:00:00,2020/04/20 00:00:00,2,2,Malathion,1.5,ha,375,l,250,ha,0,1,0,0,0,90,Band
54.3244444440001,26.776111111,26745,2020/04/11 00:00:00,08:18,2020/04/11 00:00:00,08:18,No,Middle,Baverdan 1,40,Exact,IR,455242,RAMSES38_IRN20-51.XL, ,1,0,1,2,1,0,0,0,0,0,0,1,0,0,-1,0,0,0,0,0,0,0,0,0,0,0,0,0,1,0,0,0,1,0,0,0,0,0,0,0,1,0,18,-1,0,0,0,3,1,0,0,0,0,0,0,0,1,1,1,0,0,1,0,0,0,0,0,0,0,0,0,0,0,0,0,0,0,0,0,0,0,0,0,0,0,0,0,0,0,0,0,0,0,0,0,0,0,0,0,0,0,0,0,0,0,0,0,0,0,0,0,0,0,0,0,0,0,0,2020/04/11 00:00:00,2020/04/11 00:00:00,2,2,Malathion,1.5,ha,22,l,22,ha,0,1,0,0,0,90,Band
54.0488888890001,26.8569444440001,26746,2020/04/11 00:00:00,11:35,2020/04/11 00:00:00,11:35,No,Middle,wadi abad,40,Exact,IR,455247,RAMSES38_IRN20-51.XL, ,1,0,1,2,1,0,0,0,0,0,0,0,0,0,0,0,0,0,0,0,0,0,0,0,0,0,0,0,0,0,0,0,0,0,0,0,0,0,0,1,0,0,8,-1,0,0,0,1,3,0,0,0,0,0,0,1,0,1,1,0,0,1,0,0,0,0,0,0,0,0,0,0,0,0,0,0,0,0,0,0,0,0,0,0,0,0,0,0,0,0,0,0,0,0,0,0,0,0,0,0,0,0,0,0,0,0,0,0,0,0,0,0,0,0,0,0,0,0,2020/04/11 00:00:00,2020/04/11 00:00:00,2,2,Malathion,1.5,ha,21,l,14,ha,0,1,0,0,0,90,Band
54.0558333330001,26.8583333330001,26747,2020/04/11 00:00:00,12:00,2020/04/11 00:00:00,12:00,No,Middle,Rostami,40,Exact,IR,455248,RAMSES38_IRN20-51.XL, ,1,0,1,2,1,0,0,0,0,0,0,0,0,0,0,0,0,0,0,0,0,0,0,0,0,0,0,0,0,0,0,0,0,0,0,0,0,0,0,1,0,0,9,-1,0,0,0,3,1,0,0,0,0,0,0,1,0,1,1,0,0,1,0,0,0,0,0,0,0,0,0,0,0,0,0,0,0,0,0,0,0,0,0,0,0,0,0,0,0,0,0,0,0,0,0,0,0,0,0,0,0,0,0,0,0,0,0,0,0,0,0,0,0,0,0,0,0,0,2020/04/11 00:00:00,2020/04/11 00:00:00,2,2,Deltamethrin,1.5,ha,9,l,6,ha,0,1,0,0,0,90,Band
54.4891666670001,26.8105555560001,26748,2020/04/02 00:00:00,09:06,2020/04/02 00:00:00,09:06,No,Early,Ermak,40,Exact,IR,455257,RAMSES38_IRN20-51.XL, ,1,0,1,2,1,0,0,0,0,0,0,1,0,0,-1,0,0,0,0,0,0,0,0,0,0,0,0,0,0,1,0,0,1,0,0,0,0,0,0,1,0,0,32,-1,0,0,1,3,0,0,0,0,0,0,0,0,1,0.0020000001,0.0020000001,1,0,0,0,0,0,0,0,0,0,0,0,0,0,0,0,0,0,0,0,0,0,0,0,0,0,0,0,0,0,0,0,0,0,0,0,0,0,0,0,0,0,0,0,0,0,0,0,0,0,0,0,0,0,0,0,0,0,0,2020/04/02 00:00:00,2020/04/02 00:00:00,2,1,Malathion,1.2,ha,48,l,35,ha,0,1,0,0,0,90,Band
51.6025,24.354444444,26749,2020/04/18 00:00:00,07:52,2020/04/18 00:00:00,07:52,No,Middle,Ras Ghumies,61,Exact,AE,450305,RAMSES38_UAE20-05.XL, ,1,0,1,2,1,0,0,0,0,0,0,0,0,0,0,0,0,0,0,0,0,0,0,0,0,0,0,0,0,0,0,0,0,0,0,0,0,0,0,0,0,0,0,-1,0,0,0,1,1,1,1,0,0,0,0,0,1,0,0,0,0,0,0,0,0,0,0,0,0,0,0,0,0,0,0,0,0,0,0,0,0,0,0,0,0,0,0,0,0,0,0,0,0,0,0,0,0,0,0,0,0,0,0,0,0,0,0,0,0,0,0,0,0,0,0,0,0,0,2020/04/18 00:00:00,2020/04/18 00:00:00,2,2,Deltamethrin,1.2, ,49, ,49,ha,0,0,0,0,1,0,Band
55.6211111110001,24.016111111,26750,2020/04/19 00:00:00,07:55,2020/04/19 00:00:00,07:55,No,Middle,Al Arad,20,Exact,AE,450306,RAMSES38_UAE20-05.XL, ,1,0,1,2,1,0,0,0,0,0,0,0,0,0,0,0,0,0,0,0,0,0,0,0,0,0,0,0,0,0,0,0,0,0,0,0,0,0,0,0,0,0,0,-1,0,0,0,1,1,1,0,0,0,0,0,0,1,0,0,0,0,0,0,0,0,0,0,0,0,0,0,0,0,0,0,0,0,0,0,0,0,0,0,0,0,0,0,0,0,0,0,0,0,0,0,0,0,0,0,0,0,0,0,0,0,0,0,0,0,0,0,0,0,0,0,0,0,0,2020/04/19 00:00:00,2020/04/19 00:00:00,2,2,Deltamethrin,0.69999999, ,25.799999, ,19.799999,ha,0,0,0,0,1,0,Band
55.5175,23.5502777780001,26751,2020/04/20 00:00:00,07:57,2020/04/20 00:00:00,07:57,No,Middle,Al Aoya,100,Exact,AE,450307,RAMSES38_UAE20-05.XL, ,1,0,1,2,1,0,0,0,0,0,0,0,0,0,0,0,0,0,0,0,0,0,0,0,0,0,0,0,0,0,0,0,0,0,0,0,0,0,0,0,0,0,0,-1,0,0,0,1,1,1,1,0,0,0,0,0,1,0,0,0,0,0,0,0,0,0,0,0,0,0,0,0,0,0,0,0,0,0,0,0,0,0,0,0,0,0,0,0,0,0,0,0,0,0,0,0,0,0,0,0,0,0,0,0,0,0,0,0,0,0,0,0,0,0,0,0,0,0,2020/04/20 00:00:00,2020/04/20 00:00:00,2,2,Deltamethrin,1, ,109, ,109,ha,0,0,0,0,1,0,Band
55.2447222220001,24.5438888890001,26752,2020/04/21 00:00:00,08:02,2020/04/21 00:00:00,08:02,No,Late,Al Ain,1,Exact,AE,450308,RAMSES38_UAE20-05.XL, ,1,0,1,2,1,0,0,0,0,0,0,0,0,0,0,0,0,0,0,0,0,0,0,0,0,0,0,0,0,0,0,0,0,0,0,0,0,0,0,0,0,0,0,-1,0,0,1,1,1,0,0,0,0,0,0,0,1,0,0,0,0,0,0,0,0,0,0,0,0,0,0,0,0,0,0,0,0,0,0,0,0,0,0,0,0,0,0,0,0,0,0,0,0,0,0,0,0,0,0,0,0,0,0,0,0,0,0,0,0,0,0,0,0,0,0,0,0,0,2020/04/21 00:00:00,2020/04/21 00:00:00,2,3,Lambdacyhalothrin,4, ,0.25, ,1,ha,0,0,0,0,1,0,Band
55.4883333330001,23.52,26753,2020/04/22 00:00:00,08:08,2020/04/22 00:00:00,08:08,No,Late,Al Qoua,300,Exact,AE,450309,RAMSES38_UAE20-05.XL, ,1,0,1,2,1,0,0,0,0,0,0,0,0,0,0,0,0,0,0,0,0,0,0,0,0,0,0,0,0,0,0,0,0,0,0,0,0,0,0,0,0,0,0,-1,0,0,0,1,1,1,1,0,0,0,0,0,1,0,0,0,0,0,0,0,0,0,0,0,0,0,0,0,0,0,0,0,0,0,0,0,0,0,0,0,0,0,0,0,0,0,0,0,0,0,0,0,0,0,0,0,0,0,0,0,0,0,0,0,0,0,0,0,0,0,0,0,0,0,2020/04/22 00:00:00,2020/04/22 00:00:00,2,3,Deltamethrin,1.2, ,342, ,371,ha,0,0,0,0,1,0,Band
55.5697222220001,23.6925,26754,2020/04/22 00:00:00,08:11,2020/04/22 00:00:00,08:11,No,Late,Al Wajan,100,Exact,AE,450310,RAMSES38_UAE20-05.XL, ,1,0,1,2,1,0,0,0,0,0,0,0,0,0,0,0,0,0,0,0,0,0,0,0,0,0,0,0,0,0,0,0,0,0,0,0,0,0,0,0,0,0,0,-1,0,0,0,1,1,1,1,0,0,0,0,0,1,0,0,0,0,0,0,0,0,0,0,0,0,0,0,0,0,0,0,0,0,0,0,0,0,0,0,0,0,0,0,0,0,0,0,0,0,0,0,0,0,0,0,0,0,0,0,0,0,0,0,0,0,0,0,0,0,0,0,0,0,0,2020/04/22 00:00:00,2020/04/22 00:00:00,2,3,Deltamethrin,0.80000001, ,122.5, ,114,ha,0,0,0,0,1,0,Band
55.4852777780001,23.945555556,26755,2020/04/17 00:00:00,07:44,2020/04/17 00:00:00,07:44,No,Middle,Al Zahrah,82,Exact,AE,450311,RAMSES38_UAE20-05.XL, ,1,0,1,2,1,0,0,0,0,0,0,0,0,0,0,0,0,0,0,0,0,0,0,0,0,0,0,0,0,0,0,0,0,0,0,0,0,0,0,0,0,0,0,-1,0,0,0,1,1,1,1,0,0,0,0,0,1,0,0,0,0,0,0,0,0,0,0,0,0,0,0,0,0,0,0,0,0,0,0,0,0,0,0,0,0,0,0,0,0,0,0,0,0,0,0,0,0,0,0,0,0,0,0,0,0,0,0,0,0,0,0,0,0,0,0,0,0,0,2020/04/17 00:00:00,2020/04/17 00:00:00,2,2,Deltamethrin,1.2, ,73.300003, ,82,ha,0,0,0,0,1,0,Band
42.6833333330001,10.3833333330001,26756,2020/04/27 00:00:00,07:51,2020/04/27 00:00:00,07:51,No,Late,Biyo Gurgur,400,Exact,ET,450393,RAMSES38_ETH20-42.XL, ,1,0,1,2,1,0,0,0,0,0,0,0,0,0,0,0,0,0,0,0,0,0,0,0,0,0,0,0,0,0,0,0,0,0,0,0,0,0,0,0,0,0,0,-1,0,0,0,0,1,0,0,0,0,0,0,1,0,0,0,0,0,0,0,0,0,0,0,0,0,0,0,0,0,0,0,0,0,0,0,0,0,0,0,0,0,0,0,0,0,0,0,0,0,0,0,0,0,0,0,0,0,0,0,0,0,0,0,0,0,0,0,0,0,0,0,0,0,0,2020/04/27 00:00:00,2020/04/27 00:00:00,2,3,Chlorpyrifos,1,ha,70,l,70,ha,0,1,0,0,0,0,Band
41.384166667,9.55583333300007,26757,2020/04/16 00:00:00,00:00,2020/04/16 00:00:00,00:00,No,Middle,Somali Region,500,Exact,ET,447321,RAMSES38_ETH20-35.XL, ,1,0,1,2,1,0,0,0,0,0,0,0,0,0,0,0,0,0,0,0,0,0,0,0,0,0,0,0,0,0,0,0,0,0,0,0,0,0,0,0,0,0,0,-1,0,0,1,0,0,0,0,0,0,0,0,0,1,0,0,0,0,0,0,0,0,0,0,0,0,0,0,0,0,0,0,0,0,0,0,0,0,0,0,0,0,0,0,0,0,0,0,0,0,0,0,0,0,0,0,0,0,0,0,0,0,0,0,0,0,0,0,0,0,0,0,0,0,0,1899/12/30 00:00:00,1899/12/30 00:00:00,0,0, ,0, ,0, ,0, ,0,0,0,0,0,0,Band
49.8086111110001,26.399444444,26758,2020/04/12 00:00:00,12:22,2020/04/12 00:00:00,12:22,No,Middle,Al damam,600,Exact,SA,447339,RAMSES38_SAU20-20.XL, ,1,0,1,2,1,0,0,0,0,0,0,0,0,0,0,0,0,0,0,0,0,0,0,0,0,0,0,0,0,0,0,0,0,0,0,0,0,0,0,0,1,0,6,-1,0,0,0,0,0,1,0,0,0,0,0,1,0,0.0099999998,0.0099999998,0,1,0,0,0,0,0,0,0,0,0,0,0,0,0,0,0,0,0,0,0,0,0,0,0,0,0,0,0,0,0,0,0,0,0,0,0,0,0,0,0,0,0,0,0,0,0,0,0,0,0,0,0,0,0,0,0,0,0,2020/04/12 00:00:00,2020/04/12 00:00:00,2,2,Lambdacyhalothrin,1,ha,380,l,380,ha,0,1,0,0,0,90,Band
49.819166667,26.397222222,26759,2020/04/12 00:00:00,12:30,2020/04/12 00:00:00,12:30,No,Middle,Al damam,700,Exact,SA,447340,RAMSES38_SAU20-20.XL, ,1,0,1,2,1,0,0,0,0,0,0,0,0,0,0,0,0,0,0,0,0,0,0,0,0,0,0,0,0,0,0,0,0,0,0,0,0,0,0,1,0,0,10,-1,0,0,0,0,0,1,0,0,0,0,0,1,0,0.0099999998,0.0099999998,0,1,0,0,0,0,0,0,0,0,0,0,0,0,0,0,0,0,0,0,0,0,0,0,0,0,0,0,0,0,0,0,0,0,0,0,0,0,0,0,0,0,0,0,0,0,0,0,0,0,0,0,0,0,0,0,0,0,0,2020/04/12 00:00:00,2020/04/12 00:00:00,2,2,Lambdacyhalothrin,1,ha,290,l,290,ha,0,1,0,0,0,90,Band
48.576388889,27.581111111,26760,2020/04/12 00:00:00,19:01,2020/04/12 00:00:00,19:01,No,Middle,Al hdaia,200,Exact,SA,447343,RAMSES38_SAU20-20.XL, ,1,0,1,2,1,0,0,0,0,0,0,0,0,0,0,0,0,0,0,0,0,0,0,0,0,0,0,0,0,0,0,0,0,0,0,0,0,0,0,1,0,0,6,-1,0,0,1,3,1,1,0,0,0,0,0,1,0,1,1,0,0,1,0,0,0,0,0,0,0,0,0,0,0,0,0,0,0,0,0,0,0,0,0,0,0,0,0,0,0,0,0,0,0,0,0,0,0,0,0,0,0,0,0,0,0,0,0,0,0,0,0,0,0,0,0,0,0,0,2020/04/12 00:00:00,2020/04/12 00:00:00,2,2,Lambdacyhalothrin,1,ha,60,l,60,ha,0,1,0,0,0,95,Band
41.4905555560001,28.278333333,26761,2020/04/12 00:00:00,19:05,2020/04/12 00:00:00,19:05,No,Middle,alnfod,70,Exact,SA,447344,RAMSES38_SAU20-20.XL, ,1,0,1,2,1,0,0,0,0,0,0,0,0,0,0,0,0,0,0,0,0,0,0,0,0,0,0,0,0,0,0,0,0,0,0,0,0,0,0,0,1,0,0,-1,0,0,3,1,0,0,0,0,0,0,0,0,1,0.0099999998,0.0099999998,0,1,0,0,0,0,0,0,0,0,0,0,0,0,0,0,0,0,0,0,0,0,0,0,0,0,0,0,0,0,0,0,0,0,0,0,0,0,0,0,0,0,0,0,0,0,0,0,0,0,0,0,0,0,0,0,0,0,0,2020/04/12 00:00:00,2020/04/12 00:00:00,2,2,Lambdacyhalothrin,1,ha,20,l,20,ha,0,1,0,0,0,95,Band
41.4905555560001,28.278611111,26762,2020/04/12 00:00:00,19:29,2020/04/12 00:00:00,19:29,No,Middle,alnfod,70,Exact,SA,447345,RAMSES38_SAU20-20.XL, ,1,0,1,2,1,0,0,0,0,0,0,0,0,0,0,0,0,0,0,0,0,0,0,0,0,0,0,0,0,0,0,0,0,0,0,0,0,0,0,0,1,0,12,-1,0,0,3,1,0,0,0,0,0,0,0,0,1,0.0099999998,0.0099999998,0,1,0,0,0,0,0,0,0,0,0,0,0,0,0,0,0,0,0,0,0,0,0,0,0,0,0,0,0,0,0,0,0,0,0,0,0,0,0,0,0,0,0,0,0,0,0,0,0,0,0,0,0,0,0,0,0,0,0,2020/04/12 00:00:00,2020/04/12 00:00:00,2,2,Lambdacyhalothrin,1,ha,20,l,20,ha,0,1,0,0,0,95,Band
50.1033333330001,25.758888889,26763,2020/04/11 00:00:00,08:09,2020/04/11 00:00:00,08:09,No,Middle,ALAKER,600,Exact,SA,447350,RAMSES38_SAU20-20.XL, ,1,0,1,2,1,0,0,0,0,0,0,0,0,0,0,0,0,0,0,0,0,0,0,0,0,0,0,0,0,0,0,0,0,0,0,0,0,0,0,1,0,0,40,-1,0,0,0,1,3,0,0,0,0,0,0,0,1,0.029999999,0.029999999,0,1,0,0,0,0,0,0,0,0,0,0,0,0,0,0,0,0,0,0,0,0,0,0,0,0,0,0,0,0,0,0,0,0,0,0,0,0,0,0,0,0,0,0,0,0,0,0,0,0,0,0,0,0,0,0,0,0,0,2020/04/11 00:00:00,2020/04/11 00:00:00,2,2,Fenitrothion,1,ha,300,l,300,ha,0,1,0,0,0,95,Band
48.4755555560001,27.328611111,26764,2020/04/11 00:00:00,08:20,2020/04/11 00:00:00,08:20,No,Middle,MLEAGAH,500,Exact,SA,447352,RAMSES38_SAU20-20.XL, ,1,0,1,2,1,0,0,0,0,0,0,0,0,0,0,0,0,0,0,0,0,0,0,0,0,0,0,0,0,0,0,0,0,0,0,0,0,0,0,1,0,0,33,-1,0,0,0,1,3,0,0,0,0,0,0,0,1,0.0099999998,0.0099999998,0,1,0,0,0,0,0,0,0,0,0,0,0,0,0,0,0,0,0,0,0,0,0,0,0,0,0,0,0,0,0,0,0,0,0,0,0,0,0,0,0,0,0,0,0,0,0,0,0,0,0,0,0,0,0,0,0,0,0,2020/04/11 00:00:00,2020/04/11 00:00:00,2,2,Fenitrothion,1,ha,300,l,300,ha,0,1,0,0,0,95,Band
51.445277778,24.0725,26765,2020/04/11 00:00:00,09:06,2020/04/11 00:00:00,09:06,No,Middle,ALBATHA,400,Exact,SA,447353,RAMSES38_SAU20-20.XL, ,1,0,1,2,1,0,0,0,0,0,0,0,0,0,0,0,0,0,0,0,0,0,0,0,0,0,0,0,0,0,0,0,0,0,0,0,0,0,0,1,0,0,35,-1,0,0,0,1,3,0,0,0,0,0,0,1,0,0.029999999,0.029999999,0,1,0,0,0,0,0,0,0,0,0,0,0,0,0,0,0,0,0,0,0,0,0,0,0,0,0,0,0,0,0,0,0,0,0,0,0,0,0,0,0,0,0,0,0,0,0,0,0,0,0,0,0,0,0,0,0,0,0,2020/04/11 00:00:00,2020/04/11 00:00:00,2,2,Fenitrothion,1,ha,300,l,300,ha,0,1,0,0,0,95,Band
71.9091666670001,31.530833333,26766,2020/04/20 00:00:00,00:00,2020/04/20 00:00:00,00:00,No,Middle,Punjab,20,Exact,PA,449223,RAMSES38_PAK20-24.XL,operation continued,1,0,1,2,1,0,0,0,0,0,0,0,0,0,0,0,0,0,0,0,0,0,0,0,0,0,0,0,0,0,0,0,0,0,0,0,0,0,0,0,0,0,0,-1,0,0,0,0,0,1,0,0,0,1,0,0,0,0,0,0,0,0,0,0,0,0,0,0,0,0,0,0,0,0,0,0,0,0,0,0,0,0,0,0,0,0,0,0,0,0,0,0,0,0,0,0,0,0,0,0,0,0,0,0,0,0,0,0,0,0,0,0,0,0,0,0,0,0,2020/04/20 00:00:00,2020/04/20 00:00:00,2,2,Unknown,0, ,0, ,0, ,0,0,0,0,1,85,Band
71.6994444440001,31.3455555560001,26767,2020/04/20 00:00:00,00:00,2020/04/20 00:00:00,00:00,No,Middle,Punjab,15,Exact,PA,449224,RAMSES38_PAK20-24.XL,Combat Operation is,1,0,1,2,1,0,0,0,0,0,0,0,0,0,0,0,0,0,0,0,0,0,0,0,0,0,0,0,0,0,0,0,0,0,0,0,0,0,0,0,0,0,0,-1,0,0,0,0,0,0,1,0,0,1,0,0,0,0,0,0,0,0,0,0,0,0,0,0,0,0,0,0,0,0,0,0,0,0,0,0,0,0,0,0,0,0,0,0,0,0,0,0,0,0,0,0,0,0,0,0,0,0,0,0,0,0,0,0,0,0,0,0,0,0,0,0,0,0,2020/04/20 00:00:00,2020/04/20 00:00:00,2,2,Unknown,0, ,0, ,0, ,0,0,0,0,1,85,Band
71.9425,31.4883333330001,26768,2020/04/20 00:00:00,00:00,2020/04/20 00:00:00,00:00,No,Middle,Punjab,25,Exact,PA,449254,RAMSES38_PAK20-24.XL,operation continued,1,0,1,2,1,0,0,0,0,0,0,0,0,0,0,0,0,0,0,0,0,0,0,0,0,0,0,0,0,0,0,0,0,0,0,0,0,0,0,0,0,0,0,-1,0,0,0,0,0,1,0,0,0,1,0,0,0,0,0,0,0,0,0,0,0,0,0,0,0,0,0,0,0,0,0,0,0,0,0,0,0,0,0,0,0,0,0,0,0,0,0,0,0,0,0,0,0,0,0,0,0,0,0,0,0,0,0,0,0,0,0,0,0,0,0,0,0,0,2020/04/20 00:00:00,2020/04/20 00:00:00,2,2,Unknown,0, ,0, ,0, ,0,0,0,0,1,85,Band
71.7505555560001,31.1736111110001,26769,2020/04/21 00:00:00,00:00,2020/04/21 00:00:00,00:00,No,Late,Punjab,20,Exact,PA,449257,RAMSES38_PAK20-24.XL,operation done,1,0,1,2,1,0,0,0,0,0,0,0,0,0,0,0,0,0,0,0,0,0,0,0,0,0,0,0,0,0,0,0,0,0,0,0,0,0,0,0,0,0,0,-1,0,0,0,0,1,1,0,0,0,1,0,0,0,0,0,0,0,0,0,0,0,0,0,0,0,0,0,0,0,0,0,0,0,0,0,0,0,0,0,0,0,0,0,0,0,0,0,0,0,0,0,0,0,0,0,0,0,0,0,0,0,0,0,0,0,0,0,0,0,0,0,0,0,0,1899/12/30 00:00:00,1899/12/30 00:00:00,0,0, ,0, ,0, ,0, ,0,0,0,0,0,0,Band
54.346944444,26.773333333,26770,2020/04/21 00:00:00,12:14,2020/04/21 00:00:00,12:14,No,Late,Baverdan,40,Exact,IR,453798,RAMSES38_IRN20-51.XL, ,1,0,1,2,1,0,0,0,0,0,0,0,0,0,0,0,0,0,0,0,0,0,0,0,0,0,0,0,0,0,0,0,0,0,0,0,0,0,0,1,0,0,25,-1,0,0,0,1,3,1,0,0,0,0,0,1,0,1,1,0,0,1,0,0,0,0,0,0,0,0,0,0,0,0,0,0,0,0,0,0,0,0,0,0,0,0,0,0,0,0,0,0,0,0,0,0,0,0,0,0,0,0,0,0,0,0,0,0,0,0,0,0,0,0,0,0,0,0,2020/04/21 00:00:00,2020/04/21 00:00:00,2,3,Deltamethrin,1,ha,28,l,28,ha,0,1,0,0,0,90,Band
54.0525,27.0125,26771,2020/04/24 00:00:00,13:37,2020/04/24 00:00:00,13:37,No,Late,Darbast,350,Exact,IR,453815,RAMSES38_IRN20-51.XL, ,1,0,1,2,1,0,0,0,0,0,0,0,0,0,0,0,0,0,0,0,0,0,0,0,0,0,0,0,0,0,0,0,0,0,0,0,0,0,0,1,0,0,0,-1,0,0,0,1,0,0,0,0,0,0,0,1,0,0,0,0,0,0,0,0,0,0,0,0,0,0,0,0,0,0,0,0,0,0,0,0,0,0,0,0,0,0,0,0,0,0,0,0,0,0,0,0,0,0,0,0,0,0,0,0,0,0,0,0,0,0,0,0,0,0,0,0,0,0,2020/04/24 00:00:00,2020/04/24 00:00:00,2,3,Deltamethrin,0.5,ha,125,l,250,ha,0,1,0,0,0,90,Band
54.2372222220001,27.030833333,26772,2020/04/24 00:00:00,13:40,2020/04/24 00:00:00,13:40,No,Late,Gezeh,300,Exact,IR,453816,RAMSES38_IRN20-51.XL, ,1,0,1,2,1,0,0,0,0,0,0,0,0,0,0,0,0,0,0,0,0,0,0,0,0,0,0,0,0,0,0,0,0,0,0,0,0,0,0,1,0,0,0,-1,0,0,0,1,0,0,0,0,0,0,0,1,0,0,0,0,0,0,0,0,0,0,0,0,0,0,0,0,0,0,0,0,0,0,0,0,0,0,0,0,0,0,0,0,0,0,0,0,0,0,0,0,0,0,0,0,0,0,0,0,0,0,0,0,0,0,0,0,0,0,0,0,0,0,2020/04/24 00:00:00,2020/04/24 00:00:00,2,3,Deltamethrin,0.5,ha,100,l,200,ha,0,1,0,0,0,90,Band
54.1588888890001,26.8194444440001,26773,2020/04/23 00:00:00,11:49,2020/04/23 00:00:00,11:49,No,Late,Bahmni,40,Exact,IR,453820,RAMSES38_IRN20-51.XL, ,1,0,1,2,1,0,0,0,0,0,0,0,0,0,0,0,0,0,0,0,0,0,0,0,0,0,0,0,0,0,0,0,0,0,0,0,0,0,1,0,0,0,20,-1,0,0,0,0,3,1,0,0,0,0,0,1,0,1,1,0,0,1,0,0,0,0,0,0,0,0,0,0,0,0,0,0,0,0,0,0,0,0,0,0,0,0,0,0,0,0,0,0,0,0,0,0,0,0,0,0,0,0,0,0,0,0,0,0,0,0,0,0,0,0,0,0,0,0,2020/04/23 00:00:00,2020/04/23 00:00:00,2,3,Deltamethrin,1,ha,11,l,11,ha,0,1,0,0,0,90,Band
54.1947222220001,26.829166667,26774,2020/04/23 00:00:00,12:25,2020/04/23 00:00:00,12:25,No,Late,Nekhle mier,50,Exact,IR,453822,RAMSES38_IRN20-51.XL, ,1,0,1,2,1,0,0,0,0,0,0,0,0,0,0,0,0,0,0,0,0,0,0,0,0,0,0,0,0,0,0,0,0,0,0,0,0,0,1,0,0,0,20,-1,0,0,0,0,3,1,0,0,0,0,0,1,0,1,1,0,0,1,0,0,0,0,0,0,0,0,0,0,0,0,0,0,0,0,0,0,0,0,0,0,0,0,0,0,0,0,0,0,0,0,0,0,0,0,0,0,0,0,0,0,0,0,0,0,0,0,0,0,0,0,0,0,0,0,2020/04/23 00:00:00,2020/04/23 00:00:00,2,3,Deltamethrin,1,ha,9,l,9,ha,0,1,0,0,0,90,Band
54.3619444440001,26.777777778,26775,2020/04/23 00:00:00,13:07,2020/04/23 00:00:00,13:07,No,Late,Baverdan,40,Exact,IR,453823,RAMSES38_IRN20-51.XL, ,1,0,1,2,1,0,0,0,0,0,0,0,0,0,0,0,0,0,0,0,0,0,0,0,0,0,0,0,0,0,0,0,0,0,0,0,0,0,1,0,0,0,5,-1,0,0,0,0,3,1,0,0,0,0,0,1,0,1,1,0,0,1,0,0,0,0,0,0,0,0,0,0,0,0,0,0,0,0,0,0,0,0,0,0,0,0,0,0,0,0,0,0,0,0,0,0,0,0,0,0,0,0,0,0,0,0,0,0,0,0,0,0,0,0,0,0,0,0,2020/04/23 00:00:00,2020/04/23 00:00:00,2,3,Deltamethrin,1,ha,5,l,5,ha,0,1,0,0,0,90,Band
51.581944444,28.6911111110001,26776,2020/04/27 00:00:00,10:57,2020/04/27 00:00:00,10:57,No,Late,Gardane gachi,600,Exact,IR,454581,RAMSES38_IRN20-51.XL, ,1,0,1,2,1,0,0,0,0,0,0,0,0,0,0,0,0,0,0,0,0,0,0,0,0,0,0,0,0,0,0,0,0,0,0,0,0,0,0,1,0,0,0,-1,0,0,1,3,1,0,0,0,0,0,0,1,0,0,0,0,0,0,0,0,0,0,0,0,0,0,0,0,0,0,0,0,0,0,0,0,0,0,0,0,0,0,0,0,0,0,0,0,0,0,0,0,0,0,0,0,0,0,0,0,0,0,0,0,0,0,0,0,0,0,0,0,0,0,2020/04/27 00:00:00,2020/04/27 00:00:00,2,3,Malathion,1.5,ha,825,l,550,ha,0,1,0,0,0,85,Band
51.590833333,28.704444444,26777,2020/04/27 00:00:00,11:02,2020/04/27 00:00:00,11:02,No,Late,28,600,Exact,IR,454582,RAMSES38_IRN20-51.XL, ,1,0,1,2,1,0,0,0,0,0,0,0,0,0,0,0,0,0,0,0,0,0,0,0,0,0,0,0,0,0,0,0,0,0,0,0,0,0,0,1,0,0,0,-1,0,0,1,3,1,0,0,0,0,0,0,1,0,0,0,0,0,0,0,0,0,0,0,0,0,0,0,0,0,0,0,0,0,0,0,0,0,0,0,0,0,0,0,0,0,0,0,0,0,0,0,0,0,0,0,0,0,0,0,0,0,0,0,0,0,0,0,0,0,0,0,0,0,0,2020/04/27 00:00:00,2020/04/27 00:00:00,2,3,Malathion,1.5,ha,600,l,400,ha,0,1,0,0,0,90,Band
54.8027777780001,27.219722222,26778,2020/04/28 00:00:00,09:20,2020/04/28 00:00:00,09:20,No,Late,Dehtal,330,Exact,IR,454589,RAMSES38_IRN20-51.XL, ,1,0,1,2,1,0,0,0,0,0,0,0,0,0,0,0,0,0,0,0,0,0,0,0,0,0,0,0,0,0,0,0,0,0,0,0,0,0,0,1,0,0,0,-1,0,0,0,1,0,0,0,0,0,0,0,1,0,0,0,0,0,0,0,0,0,0,0,0,0,0,0,0,0,0,0,0,0,0,0,0,0,0,0,0,0,0,0,0,0,0,0,0,0,0,0,0,0,0,0,0,0,0,0,0,0,0,0,0,0,0,0,0,0,0,0,0,0,0,2020/04/28 00:00:00,2020/04/28 00:00:00,2,3,Malathion,1.5,ha,375,l,250,ha,0,1,0,0,0,90,Band
54.1180555560001,26.831944444,26779,2020/04/11 00:00:00,12:39,2020/04/11 00:00:00,12:39,No,Middle,Golshan,40,Exact,IR,455283,RAMSES38_IRN20-51.XL, ,1,0,1,2,1,0,0,0,0,0,0,0,0,0,0,0,0,0,0,0,0,0,0,0,0,0,0,0,0,0,0,0,0,0,0,0,0,0,0,1,0,0,11,-1,0,0,0,3,1,0,0,0,0,0,0,1,0,1,1,0,0,1,0,0,0,0,0,0,0,0,0,0,0,0,0,0,0,0,0,0,0,0,0,0,0,0,0,0,0,0,0,0,0,0,0,0,0,0,0,0,0,0,0,0,0,0,0,0,0,0,0,0,0,0,0,0,0,0,2020/04/11 00:00:00,2020/04/11 00:00:00,2,2,Deltamethrin,1.5,ha,33,l,22,ha,0,1,0,0,0,90,Band
51.5444444440001,28.728333333,26780,2020/04/12 00:00:00,07:51,2020/04/12 00:00:00,07:51,No,Middle,Khaeez,300,Exact,IR,455291,RAMSES38_IRN20-51.XL, ,1,0,1,2,1,0,0,0,0,0,0,0,0,0,0,0,0,0,0,0,0,0,0,0,0,0,0,0,0,0,0,0,0,0,0,0,0,0,0,1,0,0,0,-1,0,0,3,1,0,0,0,0,0,0,0,1,0,0,0,0,0,0,0,0,0,0,0,0,0,0,0,0,0,0,0,0,0,0,0,0,0,0,0,0,0,0,0,0,0,0,0,0,0,0,0,0,0,0,0,0,0,0,0,0,0,0,0,0,0,0,0,0,0,0,0,0,0,0,2020/04/12 00:00:00,2020/04/12 00:00:00,2,2,Malathion,1.5,ha,450,l,300,ha,0,1,0,0,0,85,Band
54.26,26.8211111110001,26781,2020/04/02 00:00:00,11:03,2020/04/02 00:00:00,11:03,No,Early,Koghan,50,Exact,IR,455292,RAMSES38_IRN20-51.XL, ,1,0,1,2,1,0,0,0,0,0,0,0,0,0,0,0,0,0,0,0,0,0,0,0,0,0,0,0,0,0,0,0,0,0,0,0,0,0,0,1,0,0,50,-1,0,0,1,3,0,0,0,0,0,0,0,0,1,1,1,0,0,1,0,0,0,0,0,0,0,0,0,0,0,0,0,0,0,0,0,0,0,0,0,0,0,0,0,0,0,0,0,0,0,0,0,0,0,0,0,0,0,0,0,0,0,0,0,0,0,0,0,0,0,0,0,0,0,0,2020/04/02 00:00:00,2020/04/02 00:00:00,2,1,Malathion,1.2,ha,48,l,12,ha,0,1,0,0,0,90,Band
54.3113888890001,26.7855555560001,26782,2020/04/08 00:00:00,08:09,2020/04/08 00:00:00,08:09,No,Early,Baverdan 1,40,Exact,IR,455314,RAMSES38_IRN20-51.XL, ,1,0,1,2,1,0,0,0,0,0,0,1,0,0,-1,0,0,0,0,0,0,0,0,0,0,0,0,0,0,1,0,0,1,0,0,0,0,0,1,0,0,0,0,-1,0,0,1,3,0,0,0,0,0,0,0,0,1,1,1,0,0,1,0,0,0,0,0,0,0,0,0,0,0,0,0,0,0,0,0,0,0,0,0,0,0,0,0,0,0,0,0,0,0,0,0,0,0,0,0,0,0,0,0,0,0,0,0,0,0,0,0,0,0,0,0,0,0,0,2020/04/08 00:00:00,2020/04/08 00:00:00,2,1,Malathion,1.5,ha,7.5,l,5,ha,0,1,0,0,0,90,Band
54.1258333330001,26.826944444,26783,2020/04/08 00:00:00,10:12,2020/04/08 00:00:00,10:12,No,Early,Golshan,50,Exact,IR,455316,RAMSES38_IRN20-51.XL, ,1,0,1,2,1,0,0,0,0,0,0,0,0,0,0,0,0,0,0,0,0,0,0,0,0,0,0,0,0,0,0,0,0,0,0,0,0,0,0,0,1,0,60,-1,0,0,0,3,1,0,0,0,0,0,0,0,1,1,1,0,0,1,0,0,0,0,0,0,0,0,0,0,0,0,0,0,0,0,0,0,0,0,0,0,0,0,0,0,0,0,0,0,0,0,0,0,0,0,0,0,0,0,0,0,0,0,0,0,0,0,0,0,0,0,0,0,0,0,1899/12/30 00:00:00,1899/12/30 00:00:00,0,0, ,0, ,0, ,0, ,0,0,0,0,0,0,Band
47.825555556,27.5563888890001,26784,2020/04/11 00:00:00,09:08,2020/04/11 00:00:00,09:08,No,Middle,QARIAH OLIA,400,Exact,SA,447354,RAMSES38_SAU20-20.XL, ,1,0,1,2,1,0,0,0,0,0,0,0,0,0,0,0,0,0,0,0,0,0,0,0,0,0,0,0,0,0,0,0,0,0,0,0,0,0,0,1,0,0,34,-1,0,0,0,1,3,1,0,0,0,0,0,0,1,0.02,0.02,0,1,0,0,0,0,0,0,0,0,0,0,0,0,0,0,0,0,0,0,0,0,0,0,0,0,0,0,0,0,0,0,0,0,0,0,0,0,0,0,0,0,0,0,0,0,0,0,0,0,0,0,0,0,0,0,0,0,0,2020/04/11 00:00:00,2020/04/11 00:00:00,2,2,Fenitrothion,1,ha,300,l,300,ha,0,1,0,0,0,95,Band
48.8452777780001,25.9786111110001,26785,2020/04/11 00:00:00,11:32,2020/04/11 00:00:00,11:32,No,Middle,AREAARAH,400,Exact,SA,447356,RAMSES38_SAU20-20.XL, ,1,0,1,2,1,0,0,0,0,0,0,0,0,0,0,0,0,0,0,0,0,0,0,0,0,0,0,0,0,0,0,0,0,0,0,0,0,0,0,1,0,0,45,-1,0,0,0,1,3,0,0,0,0,0,0,0,1,0.029999999,0.029999999,0,1,0,0,0,0,0,0,0,0,0,0,0,0,0,0,0,0,0,0,0,0,0,0,0,0,0,0,0,0,0,0,0,0,0,0,0,0,0,0,0,0,0,0,0,0,0,0,0,0,0,0,0,0,0,0,0,0,0,2020/04/11 00:00:00,2020/04/11 00:00:00,2,2,Fenitrothion,1,ha,300,l,300,ha,0,1,0,0,0,95,Band
48.6786111110001,26.775555556,26786,2020/04/11 00:00:00,12:30,2020/04/11 00:00:00,12:30,No,Middle,MKATI,500,Exact,SA,447357,RAMSES38_SAU20-20.XL, ,1,0,1,2,1,0,0,0,0,0,0,0,0,0,0,0,0,0,0,0,0,0,0,0,0,0,0,0,0,0,0,0,0,0,0,0,0,0,0,1,0,0,0,-1,0,0,0,1,3,0,0,0,0,0,0,0,1,0.0099999998,0.0099999998,0,1,0,0,0,0,0,0,0,0,0,0,0,0,0,0,0,0,0,0,0,0,0,0,0,0,0,0,0,0,0,0,0,0,0,0,0,0,0,0,0,0,0,0,0,0,0,0,0,0,0,0,0,0,0,0,0,0,0,2020/04/11 00:00:00,2020/04/11 00:00:00,2,2,Fenitrothion,1,ha,300,l,300,ha,0,1,0,0,0,95,Band
51.6255555560001,24.005277778,26787,2020/04/11 00:00:00,23:48,2020/04/11 00:00:00,23:48,No,Middle,ALBATHA,400,Exact,SA,447358,RAMSES38_SAU20-20.XL, ,1,0,1,2,1,0,0,0,0,0,0,0,0,0,0,0,0,0,0,0,0,0,0,0,0,0,0,0,0,0,0,0,0,0,0,0,0,0,0,1,0,0,30,-1,0,0,0,1,3,0,0,0,0,0,0,0,1,0.02,0.02,0,1,0,0,0,0,0,0,0,0,0,0,0,0,0,0,0,0,0,0,0,0,0,0,0,0,0,0,0,0,0,0,0,0,0,0,0,0,0,0,0,0,0,0,0,0,0,0,0,0,0,0,0,0,0,0,0,0,0,2020/04/11 00:00:00,2020/04/11 00:00:00,2,2,Fenitrothion,1,ha,300,l,300,ha,0,1,0,0,0,95,Band
49.778611111,26.658888889,26788,2020/04/12 00:00:00,09:13,2020/04/12 00:00:00,09:13,No,Middle,ALGMEAAH,400,Exact,SA,447363,RAMSES38_SAU20-20.XL, ,1,0,1,2,1,0,0,0,0,0,0,0,0,0,0,0,0,0,0,0,0,0,0,0,0,0,0,0,0,0,0,0,0,0,0,0,0,0,0,1,0,0,44,-1,0,0,0,1,3,1,0,0,0,0,0,0,1,0.029999999,0.029999999,0,1,0,0,0,0,0,0,0,0,0,0,0,0,0,0,0,0,0,0,0,0,0,0,0,0,0,0,0,0,0,0,0,0,0,0,0,0,0,0,0,0,0,0,0,0,0,0,0,0,0,0,0,0,0,0,0,0,0,2020/04/12 00:00:00,2020/04/12 00:00:00,2,2,Fenitrothion,1,ha,300,l,300,ha,0,1,0,0,0,95,Band
47.339166667,27.6088888890001,26789,2020/04/12 00:00:00,09:16,2020/04/12 00:00:00,09:16,No,Middle,ALSHEAT,400,Exact,SA,447364,RAMSES38_SAU20-20.XL, ,1,0,1,2,1,0,0,0,0,0,0,0,0,0,0,0,0,0,0,0,0,0,0,0,0,0,0,0,0,0,0,0,0,0,0,0,0,0,0,1,0,0,50,-1,0,0,0,1,3,1,0,0,0,0,0,0,1,0.0099999998,0.0099999998,0,1,0,0,0,0,0,0,0,0,0,0,0,0,0,0,0,0,0,0,0,0,0,0,0,0,0,0,0,0,0,0,0,0,0,0,0,0,0,0,0,0,0,0,0,0,0,0,0,0,0,0,0,0,0,0,0,0,0,2020/04/12 00:00:00,2020/04/12 00:00:00,2,2,Fenitrothion,1,ha,300,l,300,ha,0,1,0,0,0,95,Band
51.445277778,24.1755555560001,26790,2020/04/12 00:00:00,09:51,2020/04/12 00:00:00,09:51,No,Middle,ALKWEFERAH,500,Exact,SA,447365,RAMSES38_SAU20-20.XL, ,1,0,1,2,1,0,0,0,0,0,0,0,0,0,0,0,0,0,0,0,0,0,0,0,0,0,0,0,0,0,0,0,0,0,0,0,0,0,0,1,0,0,25,-1,0,0,0,1,3,0,0,0,0,0,0,1,0,0.02,0.02,0,1,0,0,0,0,0,0,0,0,0,0,0,0,0,0,0,0,0,0,0,0,0,0,0,0,0,0,0,0,0,0,0,0,0,0,0,0,0,0,0,0,0,0,0,0,0,0,0,0,0,0,0,0,0,0,0,0,0,2020/04/12 00:00:00,2020/04/12 00:00:00,2,2,Fenitrothion,1,ha,300,l,300,ha,0,1,0,0,0,95,Band
48.6308333330001,27.1730555560001,26791,2020/04/12 00:00:00,11:28,2020/04/12 00:00:00,11:28,No,Middle,ATEG,500,Exact,SA,447366,RAMSES38_SAU20-20.XL, ,1,0,1,2,1,0,0,0,0,0,0,0,0,0,0,0,0,0,0,0,0,0,0,0,0,0,0,0,0,0,0,0,0,0,0,0,0,0,0,1,0,0,27,-1,0,0,0,1,3,0,0,0,0,0,0,0,1,0.02,0.02,0,1,0,0,0,0,0,0,0,0,0,0,0,0,0,0,0,0,0,0,0,0,0,0,0,0,0,0,0,0,0,0,0,0,0,0,0,0,0,0,0,0,0,0,0,0,0,0,0,0,0,0,0,0,0,0,0,0,0,2020/04/12 00:00:00,2020/04/12 00:00:00,2,2,Fenitrothion,1,ha,300,l,300,ha,0,1,0,0,0,95,Band
49.025555556,25.888888889,26792,2020/04/12 00:00:00,11:40,2020/04/12 00:00:00,11:40,No,Middle,OM ALARAD,400,Exact,SA,447367,RAMSES38_SAU20-20.XL, ,1,0,1,2,1,0,0,0,0,0,0,0,0,0,0,0,0,0,0,0,0,0,0,0,0,0,0,0,0,0,0,0,0,0,0,0,0,0,0,1,0,0,43,-1,0,0,0,1,3,0,0,0,0,0,0,0,1,0.0099999998,0.0099999998,0,1,0,0,0,0,0,0,0,0,0,0,0,0,0,0,0,0,0,0,0,0,0,0,0,0,0,0,0,0,0,0,0,0,0,0,0,0,0,0,0,0,0,0,0,0,0,0,0,0,0,0,0,0,0,0,0,0,0,2020/04/12 00:00:00,2020/04/12 00:00:00,2,2,Fenitrothion,1,ha,300,l,300,ha,0,1,0,0,0,95,Band
48.8094444440001,26.282777778,26793,2020/04/13 00:00:00,18:58,2020/04/13 00:00:00,18:58,No,Middle,E. Hadia,500,Exact,SA,447383,RAMSES38_SAU20-20.XL, ,1,0,1,2,1,0,0,0,0,0,0,0,0,0,0,0,0,0,0,0,0,0,0,0,0,0,0,0,0,0,0,0,0,0,0,0,0,0,0,1,0,0,25,-1,0,0,1,3,1,0,0,0,0,0,0,1,0,1,1,0,0,1,0,0,0,0,0,0,0,0,0,0,0,0,0,0,0,0,0,0,0,0,0,0,0,0,0,0,0,0,0,0,0,0,0,0,0,0,0,0,0,0,0,0,0,0,0,0,0,0,0,0,0,0,0,0,0,0,2020/04/13 00:00:00,2020/04/13 00:00:00,2,2,Lambdacyhalothrin,1,ha,100,l,100,ha,0,1,0,0,0,95,Band
46.6783333330001,22.195555556,26794,2020/04/14 00:00:00,10:05,2020/04/14 00:00:00,10:05,No,Middle,ALRODAH,400,Exact,SA,447397,RAMSES38_SAU20-20.XL, ,1,0,1,2,1,0,0,0,0,0,0,0,0,0,0,0,0,0,0,0,0,0,0,0,0,0,0,0,0,0,0,0,0,0,0,0,0,0,0,1,0,0,30,-1,0,0,0,1,3,0,0,0,0,0,0,1,0,2,2,0,0,1,0,0,0,0,0,0,0,0,0,0,0,0,0,0,0,0,0,0,0,0,0,0,0,0,0,0,0,0,0,0,0,0,0,0,0,0,0,0,0,0,0,0,0,0,0,0,0,0,0,0,0,0,0,0,0,0,2020/04/14 00:00:00,2020/04/14 00:00:00,2,2,Fenitrothion,1,ha,80,l,80,ha,0,1,0,0,0,95,Band
49.8005555560001,26.403888889,26795,2020/04/14 00:00:00,11:51,2020/04/14 00:00:00,11:51,No,Middle,Al damam,1000,Exact,SA,447401,RAMSES38_SAU20-20.XL, ,1,0,1,2,1,0,0,0,0,0,0,0,0,0,0,0,0,0,0,0,0,0,0,0,0,0,0,0,0,0,0,0,0,0,0,0,0,0,0,0,1,0,15,-1,0,0,0,0,1,3,0,0,3,0,0,1,0,0.0099999998,0.0099999998,0,1,0,0,0,0,0,0,0,0,0,0,0,0,0,0,0,0,0,0,0,0,0,0,0,0,0,0,0,0,0,0,0,0,0,0,0,0,0,0,0,0,0,0,0,0,0,0,0,0,0,0,0,0,0,0,0,0,0,2020/04/14 00:00:00,2020/04/14 00:00:00,2,2,Lambdacyhalothrin,1,ha,500,l,500,ha,0,1,0,0,0,95,Band
48.8019444440001,26.2988888890001,26796,2020/04/14 00:00:00,13:46,2020/04/14 00:00:00,13:46,No,Middle,E. Hadia,600,Exact,SA,447402,RAMSES38_SAU20-20.XL, ,1,0,1,2,1,0,0,0,0,0,0,0,0,0,0,0,0,0,0,0,0,0,0,0,0,0,0,0,0,0,0,0,0,0,0,0,0,0,1,0,0,0,50,-1,0,0,1,3,1,0,0,0,0,0,0,1,0,1,1,0,0,1,0,0,0,0,0,0,0,0,0,0,0,0,0,0,0,0,0,0,0,0,0,0,0,0,0,0,0,0,0,0,0,0,0,0,0,0,0,0,0,0,0,0,0,0,0,0,0,0,0,0,0,0,0,0,0,0,2020/04/14 00:00:00,2020/04/14 00:00:00,2,2,Deltamethrin,0.5,ha,170,l,170,ha,0,1,0,0,0,95,Band
71.895833333,31.5341666670001,26797,2020/04/20 00:00:00,00:00,2020/04/20 00:00:00,00:00,No,Middle,Punjab,20,Exact,PA,449273,RAMSES38_PAK20-24.XL,operation continued,1,0,1,2,1,0,0,0,0,0,0,0,0,0,0,0,0,0,0,0,0,0,0,0,0,0,0,0,0,0,0,0,0,0,0,0,0,0,0,0,0,0,0,-1,0,0,0,0,0,1,0,0,0,1,0,0,0,0,0,0,0,0,0,0,0,0,0,0,0,0,0,0,0,0,0,0,0,0,0,0,0,0,0,0,0,0,0,0,0,0,0,0,0,0,0,0,0,0,0,0,0,0,0,0,0,0,0,0,0,0,0,0,0,0,0,0,0,0,2020/04/20 00:00:00,2020/04/20 00:00:00,2,2,Unknown,0, ,0, ,0, ,0,0,0,0,1,85,Band
71.899166667,31.531944444,26798,2020/04/20 00:00:00,00:00,2020/04/20 00:00:00,00:00,No,Middle,Punjab,10,Exact,PA,449278,RAMSES38_PAK20-24.XL,operation continued,1,0,1,2,1,0,0,0,0,0,0,0,0,0,0,0,0,0,0,0,0,0,0,0,0,0,0,0,0,0,0,0,0,0,0,0,0,0,0,0,0,0,0,-1,0,0,0,0,0,1,0,0,0,1,0,0,0,0,0,0,0,0,0,0,0,0,0,0,0,0,0,0,0,0,0,0,0,0,0,0,0,0,0,0,0,0,0,0,0,0,0,0,0,0,0,0,0,0,0,0,0,0,0,0,0,0,0,0,0,0,0,0,0,0,0,0,0,0,2020/04/20 00:00:00,2020/04/20 00:00:00,2,2,Unknown,0, ,0, ,0, ,0,0,0,0,1,85,Band
54.0033333330001,27.037222222,26799,2020/04/30 00:00:00,00:00,2020/04/30 00:00:00,00:00,No,Late,Hormozgan Province,25,Exact,IR,453854,RAMSES38_IRN20-51.XL, ,1,0,1,2,1,0,0,0,0,0,0,0,0,0,0,0,0,0,0,0,0,0,0,0,0,0,0,0,0,0,0,0,0,0,0,0,0,0,0,0,0,0,0,-1,0,0,0,0,0,1,1,0,0,1,0,0,0,0,0,0,0,0,0,0,0,0,0,0,0,0,0,0,0,0,0,0,0,0,0,0,0,0,0,0,0,0,0,0,0,0,0,0,0,0,0,0,0,0,0,0,0,0,0,0,0,0,0,0,0,0,0,0,0,0,0,0,0,0,2020/04/30 00:00:00,2020/04/30 00:00:00,2,3,Unknown,0, ,0, ,0, ,0,0,0,0,1,70,Band
53.3761111110001,27.2458333330001,26800,2020/04/12 00:00:00,07:46,2020/04/12 00:00:00,07:46,No,Middle,Kandar kolaboland,400,Exact,IR,453863,RAMSES38_IRN20-51.XL, ,1,0,1,2,1,0,0,0,0,0,0,0,0,0,0,0,0,0,0,0,0,0,0,0,0,0,0,0,0,0,0,0,0,0,0,0,0,0,0,1,0,0,0,-1,0,0,1,0,0,0,0,0,0,0,0,1,0,0,0,0,0,0,0,0,0,0,0,0,0,0,0,0,0,0,0,0,0,0,0,0,0,0,0,0,0,0,0,0,0,0,0,0,0,0,0,0,0,0,0,0,0,0,0,0,0,0,0,0,0,0,0,0,0,0,0,0,0,0,2020/04/12 00:00:00,2020/04/12 00:00:00,2,2,Deltamethrin,0.5,ha,150,l,300,ha,0,1,0,0,0,90,Band
54.066666667,27.014444444,26801,2020/04/15 00:00:00,11:29,2020/04/15 00:00:00,11:29,No,Middle,Darbast,250,Exact,IR,453866,RAMSES38_IRN20-51.XL, ,1,0,1,2,1,0,0,0,0,0,0,0,0,0,0,0,0,0,0,0,0,0,0,0,0,0,0,0,0,0,0,0,0,0,0,0,0,0,0,0,0,0,0,-1,0,0,1,0,0,0,0,0,0,0,0,1,0,0,0,0,0,0,0,0,0,0,0,0,0,0,0,0,0,0,0,0,0,0,0,0,0,0,0,0,0,0,0,0,0,0,0,0,0,0,0,0,0,0,0,0,0,0,0,0,0,0,0,0,0,0,0,0,0,0,0,0,0,0,2020/04/15 00:00:00,2020/04/15 00:00:00,2,2,Malathion,1.5,ha,300,l,200,ha,0,1,0,0,0,90,Band
52.2547222220001,28.164722222,26802,2020/04/13 00:00:00,00:00,2020/04/13 00:00:00,00:00,No,Middle,Fars Province,500,Exact,IR,454610,RAMSES38_IRN20-51.XL, ,1,0,1,2,1,0,0,0,0,0,0,0,0,0,0,0,0,0,0,0,0,0,0,0,0,0,0,0,0,0,0,0,0,0,0,0,0,0,0,0,0,0,0,-1,0,0,1,1,1,0,0,0,0,1,0,0,0,0,0,0,0,0,0,0,0,0,0,0,0,0,0,0,0,0,0,0,0,0,0,0,0,0,0,0,0,0,0,0,0,0,0,0,0,0,0,0,0,0,0,0,0,0,0,0,0,0,0,0,0,0,0,0,0,0,0,0,0,0,1899/12/30 00:00:00,1899/12/30 00:00:00,0,0, ,0, ,0, ,0, ,0,0,0,0,0,0,Band
52.33,28.1830555560001,26803,2020/04/13 00:00:00,00:00,2020/04/13 00:00:00,00:00,No,Middle,Fars Province,200,Exact,IR,454613,RAMSES38_IRN20-51.XL, ,1,0,1,2,1,0,0,0,0,0,0,0,0,0,0,0,0,0,0,0,0,0,0,0,0,0,0,0,0,0,0,0,0,0,0,0,0,0,0,0,0,0,0,-1,0,0,1,1,1,0,0,0,0,1,0,0,0,0,0,0,0,0,0,0,0,0,0,0,0,0,0,0,0,0,0,0,0,0,0,0,0,0,0,0,0,0,0,0,0,0,0,0,0,0,0,0,0,0,0,0,0,0,0,0,0,0,0,0,0,0,0,0,0,0,0,0,0,0,1899/12/30 00:00:00,1899/12/30 00:00:00,0,0, ,0, ,0, ,0, ,0,0,0,0,0,0,Band
54.5175,26.781388889,26804,2020/04/22 00:00:00,14:37,2020/04/22 00:00:00,14:37,No,Late,Ermak,40,Exact,IR,454636,RAMSES38_IRN20-51.XL, ,1,0,1,2,1,0,0,0,0,0,0,0,0,0,0,0,0,0,0,0,0,0,0,0,0,0,0,0,0,0,0,0,0,0,0,0,0,0,0,0,1,0,35,-1,0,0,0,0,3,1,0,0,0,0,0,1,0,1,1,0,0,1,0,0,0,0,0,0,0,0,0,0,0,0,0,0,0,0,0,0,0,0,0,0,0,0,0,0,0,0,0,0,0,0,0,0,0,0,0,0,0,0,0,0,0,0,0,0,0,0,0,0,0,0,0,0,0,0,2020/04/22 00:00:00,2020/04/22 00:00:00,2,3,Deltamethrin,1,ha,30,l,30,ha,0,1,0,0,0,90,Band
54.4963888890001,26.8044444440001,26805,2020/04/05 00:00:00,08:29,2020/04/05 00:00:00,08:29,No,Early,Ermak 1,50,Exact,IR,455334,RAMSES38_IRN20-51.XL, ,1,0,1,2,1,0,0,0,0,0,0,1,0,0,-1,0,0,0,0,0,0,0,0,0,0,0,0,0,0,1,0,0,1,0,0,0,0,0,0,1,0,0,10,-1,0,0,0,3,1,0,0,0,0,0,0,0,1,1,1,0,0,1,0,0,0,0,0,0,0,0,0,0,0,0,0,0,0,0,0,0,0,0,0,0,0,0,0,0,0,0,0,0,0,0,0,0,0,0,0,0,0,0,0,0,0,0,0,0,0,0,0,0,0,0,0,0,0,0,2020/04/05 00:00:00,2020/04/05 00:00:00,2,1,Malathion,1.2,ha,21,l,14,ha,0,1,0,0,0,90,Band
54.1138888890001,26.834166667,26806,2020/04/08 00:00:00,11:57,2020/04/08 00:00:00,11:57,No,Early,Golshan,40,Exact,IR,455339,RAMSES38_IRN20-51.XL, ,1,0,1,2,1,0,0,0,0,0,0,0,0,0,0,0,0,0,0,0,0,0,0,0,0,0,0,0,0,0,0,0,0,0,0,0,0,0,0,0,1,0,60,-1,0,0,0,3,1,0,0,0,0,0,0,0,1,1,1,0,0,1,0,0,0,0,0,0,0,0,0,0,0,0,0,0,0,0,0,0,0,0,0,0,0,0,0,0,0,0,0,0,0,0,0,0,0,0,0,0,0,0,0,0,0,0,0,0,0,0,0,0,0,0,0,0,0,0,2020/04/08 00:00:00,2020/04/08 00:00:00,2,1,Malathion,1.5,ha,66,l,45,ha,0,1,0,0,0,90,Band
54.145555556,26.829722222,26807,2020/04/08 00:00:00,12:11,2020/04/08 00:00:00,12:11,No,Early,Dehnov mir,40,Exact,IR,455340,RAMSES38_IRN20-51.XL, ,1,0,1,2,1,0,0,0,0,0,0,0,0,0,0,0,0,0,0,0,0,0,0,0,0,0,0,0,0,0,0,0,0,0,0,0,0,0,0,0,1,0,25,-1,0,0,0,3,1,0,0,0,0,0,0,0,1,1,1,0,0,1,0,0,0,0,0,0,0,0,0,0,0,0,0,0,0,0,0,0,0,0,0,0,0,0,0,0,0,0,0,0,0,0,0,0,0,0,0,0,0,0,0,0,0,0,0,0,0,0,0,0,0,0,0,0,0,0,2020/04/08 00:00:00,2020/04/08 00:00:00,2,1,Malathion,1.5,ha,60,l,40,ha,0,1,0,0,0,90,Band
54.4969444440001,26.8002777780001,26808,2020/04/05 00:00:00,09:59,2020/04/05 00:00:00,09:59,No,Early,Ermak 3,40,Exact,IR,455354,RAMSES38_IRN20-51.XL, ,1,0,1,2,1,0,0,0,0,0,0,1,0,0,-1,0,0,0,0,0,0,0,0,0,0,0,0,0,0,1,0,0,1,0,0,0,0,0,0,1,0,0,20,-1,0,0,1,3,0,0,0,0,0,0,0,0,1,1,1,0,0,1,0,0,0,0,0,0,0,0,0,0,0,0,0,0,0,0,0,0,0,0,0,0,0,0,0,0,0,0,0,0,0,0,0,0,0,0,0,0,0,0,0,0,0,0,0,0,0,0,0,0,0,0,0,0,0,0,2020/04/05 00:00:00,2020/04/05 00:00:00,2,1,Malathion,1.2,ha,63,l,46,ha,0,1,0,0,0,90,Band
54.509166667,26.8002777780001,26809,2020/04/09 00:00:00,07:01,2020/04/09 00:00:00,07:01,No,Early,Ermak 1,40,Exact,IR,455365,RAMSES38_IRN20-51.XL, ,1,0,1,2,1,0,0,0,0,0,0,0,0,0,0,0,0,0,0,0,0,0,0,0,0,0,0,0,0,0,0,0,0,0,0,0,0,0,0,0,1,0,25,-1,0,0,0,3,1,0,0,0,0,0,0,0,1,1,1,0,0,1,0,0,0,0,0,0,0,0,0,0,0,0,0,0,0,0,0,0,0,0,0,0,0,0,0,0,0,0,0,0,0,0,0,0,0,0,0,0,0,0,0,0,0,0,0,0,0,0,0,0,0,0,0,0,0,0,1899/12/30 00:00:00,1899/12/30 00:00:00,0,0, ,0, ,0, ,0, ,0,0,0,0,0,0,Band
48.6152777780001,27.5608333330001,26810,2020/04/14 00:00:00,19:27,2020/04/14 00:00:00,19:27,No,Middle,E. Naeria,200,Exact,SA,447403,RAMSES38_SAU20-20.XL, ,1,0,1,2,1,0,0,0,0,0,0,0,0,0,0,0,0,0,0,0,0,0,0,0,0,0,0,0,0,0,0,0,0,0,0,0,0,0,0,0,1,0,20,-1,0,0,3,1,1,0,0,0,0,0,0,0,1,1,1,0,0,1,0,0,0,0,0,0,0,0,0,0,0,0,0,0,0,0,0,0,0,0,0,0,0,0,0,0,0,0,0,0,0,0,0,0,0,0,0,0,0,0,0,0,0,0,0,0,0,0,0,0,0,0,0,0,0,0,2020/04/14 00:00:00,2020/04/14 00:00:00,2,2,Deltamethrin,0.5,ha,80,l,80,ha,0,1,0,0,0,95,Band
49.8152777780001,26.398055556,26811,2020/04/15 00:00:00,11:12,2020/04/15 00:00:00,11:12,No,Middle,Al damam,1000,Exact,SA,447407,RAMSES38_SAU20-20.XL, ,1,0,1,2,1,0,0,0,0,0,0,0,0,0,0,0,0,0,0,0,0,0,0,0,0,0,0,0,0,0,0,0,0,0,0,0,0,0,0,1,0,0,10,-1,0,0,0,0,0,1,0,0,0,0,0,1,0,0.0099999998,0.0099999998,0,1,0,0,0,0,0,0,0,0,0,0,0,0,0,0,0,0,0,0,0,0,0,0,0,0,0,0,0,0,0,0,0,0,0,0,0,0,0,0,0,0,0,0,0,0,0,0,0,0,0,0,0,0,0,0,0,0,0,2020/04/15 00:00:00,2020/04/15 00:00:00,2,2,Lambdacyhalothrin,1,ha,270,l,270,ha,0,1,0,0,0,95,Band
48.6747222220001,26.7341666670001,26812,2020/04/15 00:00:00,19:23,2020/04/15 00:00:00,19:23,No,Middle,Al Aqiq,500,Exact,SA,447410,RAMSES38_SAU20-20.XL, ,1,0,1,2,1,0,0,0,0,0,0,0,0,0,0,0,0,0,0,0,0,0,0,0,0,0,0,0,0,0,0,0,0,0,0,0,0,0,0,0,1,0,80,-1,0,0,0,1,3,0,0,0,0,0,0,1,0,1,1,0,0,1,0,0,0,0,0,0,0,0,0,0,0,0,0,0,0,0,0,0,0,0,0,0,0,0,0,0,0,0,0,0,0,0,0,0,0,0,0,0,0,0,0,0,0,0,0,0,0,0,0,0,0,0,0,0,0,0,2020/04/15 00:00:00,2020/04/15 00:00:00,2,2,Deltamethrin,1.5,ha,180,l,180,ha,0,1,0,0,0,95,Band
51.5119444440001,24.161944444,26813,2020/04/13 00:00:00,10:27,2020/04/13 00:00:00,10:27,No,Middle,albatha,400,Exact,SA,447411,RAMSES38_SAU20-20.XL, ,1,0,1,2,1,0,0,0,0,0,0,0,0,0,0,0,0,0,0,0,0,0,0,0,0,0,0,0,0,0,0,0,0,0,0,0,0,0,0,1,0,0,0,-1,0,0,0,1,3,0,0,0,0,0,0,0,1,2,2,0,0,1,0,0,0,0,0,0,0,0,0,0,0,0,0,0,0,0,0,0,0,0,0,0,0,0,0,0,0,0,0,0,0,0,0,0,0,0,0,0,0,0,0,0,0,0,0,0,0,0,0,0,0,0,0,0,0,0,2020/04/13 00:00:00,2020/04/13 00:00:00,2,2,Fenitrothion,1,ha,170,l,170,ha,0,1,0,0,0,95,Band
47.5558333330001,27.3761111110001,26814,2020/04/13 00:00:00,10:46,2020/04/13 00:00:00,10:46,No,Middle,alqariah alolia,300,Exact,SA,447412,RAMSES38_SAU20-20.XL, ,1,0,1,2,1,0,0,0,0,0,0,0,0,0,0,0,0,0,0,0,0,0,0,0,0,0,0,0,0,0,0,0,0,0,0,0,0,0,0,1,0,0,43,-1,0,0,0,1,3,0,0,0,0,0,0,1,0,0.0099999998,0.0099999998,0,1,0,0,0,0,0,0,0,0,0,0,0,0,0,0,0,0,0,0,0,0,0,0,0,0,0,0,0,0,0,0,0,0,0,0,0,0,0,0,0,0,0,0,0,0,0,0,0,0,0,0,0,0,0,0,0,0,0,2020/04/13 00:00:00,2020/04/13 00:00:00,2,2,Fenitrothion,1,ha,180,l,180,ha,0,1,0,0,0,95,Band
48.9088888890001,26.9952777780001,26815,2020/04/13 00:00:00,11:37,2020/04/13 00:00:00,11:37,No,Middle,alhnah,300,Exact,SA,447413,RAMSES38_SAU20-20.XL, ,1,0,1,2,1,0,0,0,0,0,0,0,0,0,0,0,0,0,0,0,0,0,0,0,0,0,0,0,0,0,0,0,0,0,0,0,0,0,0,1,0,0,54,-1,0,0,0,1,3,0,0,0,0,0,0,1,0,0.0099999998,0.0099999998,0,1,0,0,0,0,0,0,0,0,0,0,0,0,0,0,0,0,0,0,0,0,0,0,0,0,0,0,0,0,0,0,0,0,0,0,0,0,0,0,0,0,0,0,0,0,0,0,0,0,0,0,0,0,0,0,0,0,0,2020/04/13 00:00:00,2020/04/13 00:00:00,2,2,Fenitrothion,1,ha,200,l,200,ha,0,1,0,0,0,95,Band
49.775555556,26.4786111110001,26816,2020/04/14 00:00:00,09:31,2020/04/14 00:00:00,09:31,No,Middle,damam airport,300,Exact,SA,447414,RAMSES38_SAU20-20.XL, ,1,0,1,2,1,0,0,0,0,0,0,0,0,0,0,0,0,0,0,0,0,0,0,0,0,0,0,0,0,0,0,0,0,0,0,0,0,0,0,1,0,0,34,-1,0,0,0,1,3,1,0,0,0,0,0,1,0,0.0049999999,0.0049999999,0,1,0,0,0,0,0,0,0,0,0,0,0,0,0,0,0,0,0,0,0,0,0,0,0,0,0,0,0,0,0,0,0,0,0,0,0,0,0,0,0,0,0,0,0,0,0,0,0,0,0,0,0,0,0,0,0,0,0,2020/04/14 00:00:00,2020/04/14 00:00:00,2,2,Fenitrothion,1,ha,300,l,300,ha,0,1,0,0,0,95,Band
49.661944444,26.7225,26817,2020/04/15 00:00:00,10:33,2020/04/15 00:00:00,10:33,No,Middle,safwa,300,Exact,SA,447415,RAMSES38_SAU20-20.XL, ,1,0,1,2,1,0,0,0,0,0,0,0,0,0,0,0,0,0,0,0,0,0,0,0,0,0,0,0,0,0,0,0,0,0,0,0,0,0,0,1,0,0,35,-1,0,0,0,1,3,1,0,0,0,0,0,1,0,0.0049999999,0.0049999999,0,1,0,0,0,0,0,0,0,0,0,0,0,0,0,0,0,0,0,0,0,0,0,0,0,0,0,0,0,0,0,0,0,0,0,0,0,0,0,0,0,0,0,0,0,0,0,0,0,0,0,0,0,0,0,0,0,0,0,2020/04/15 00:00:00,2020/04/15 00:00:00,2,2,Fenitrothion,1,ha,150,l,150,ha,0,1,0,0,0,95,Band
48.335833333,27.395,26818,2020/04/15 00:00:00,19:41,2020/04/15 00:00:00,19:41,No,Middle, ,300,Exact,SA,447416,RAMSES38_SAU20-20.XL, ,1,2,1,2,1,0,0,0,0,0,0,0,0,0,0,0,0,0,0,0,0,0,0,0,0,0,0,0,0,0,0,0,0,0,0,0,0,0,0,1,0,0,0,-1,0,0,0,1,1,0,0,0,0,0,0,1,0,0.0049999999,0.0049999999,0,1,0,0,0,0,0,0,0,0,0,0,0,0,0,0,0,0,0,0,0,0,0,0,0,0,0,0,0,0,0,0,0,0,0,0,0,0,0,0,0,0,0,0,0,0,0,0,0,0,0,0,0,0,0,0,0,0,0,2020/04/15 00:00:00,2020/04/15 00:00:00,2,2,Fenitrothion,1,ha,140,l,140,ha,0,1,0,0,0,95,Band
48.582222222,27.579166667,26819,2020/04/11 00:00:00,09:08,2020/04/11 00:00:00,09:08,No,Middle,hhrhrqhrq alnaeiriuh,500,Exact,SA,447417,RAMSES38_SAU20-20.XL, ,1,0,1,2,1,0,0,0,0,0,0,0,0,0,0,0,0,0,0,0,0,0,0,0,0,0,0,0,0,0,0,0,0,0,0,0,0,0,0,1,0,0,40,-1,0,0,1,3,0,0,0,0,0,0,0,0,1,0.02,0.02,0,1,0,0,0,0,0,0,0,0,0,0,0,0,0,0,0,0,0,0,0,0,0,0,0,0,0,0,0,0,0,0,0,0,0,0,0,0,0,0,0,0,0,0,0,0,0,0,0,0,0,0,0,0,0,0,0,0,0,2020/04/11 00:00:00,2020/04/11 00:00:00,2,2,Malathion,1,ha,245,l,245,ha,0,1,0,0,0,0,Band
49.8175,26.404444444,26820,2020/04/11 00:00:00,11:57,2020/04/11 00:00:00,11:57,No,Middle,Al damam,1000,Exact,SA,447418,RAMSES38_SAU20-20.XL, ,1,0,1,2,1,0,0,0,0,0,0,0,0,0,0,0,0,0,0,0,0,0,0,0,0,0,0,0,0,0,0,0,0,0,0,0,0,0,0,0,1,0,15,-1,0,0,0,0,0,1,0,0,0,0,0,1,0,0.0099999998,0.0099999998,0,1,0,0,0,0,0,0,0,0,0,0,0,0,0,0,0,0,0,0,0,0,0,0,0,0,0,0,0,0,0,0,0,0,0,0,0,0,0,0,0,0,0,0,0,0,0,0,0,0,0,0,0,0,0,0,0,0,0,2020/04/11 00:00:00,2020/04/11 00:00:00,2,2,Lambdacyhalothrin,1,ha,550,l,550,ha,0,1,0,0,0,0,Band
48.4286111110001,26.958888889,26821,2020/04/13 00:00:00,11:39,2020/04/13 00:00:00,11:39,No,Middle,alzkean,400,Exact,SA,447428,RAMSES38_SAU20-20.XL, ,1,0,1,2,1,0,0,0,0,0,0,0,0,0,0,0,0,0,0,0,0,0,0,0,0,0,0,0,0,0,0,0,0,0,0,0,0,0,0,1,0,0,32,-1,0,0,0,1,3,0,0,0,0,0,0,1,0,0.0049999999,0.0049999999,0,1,0,0,0,0,0,0,0,0,0,0,0,0,0,0,0,0,0,0,0,0,0,0,0,0,0,0,0,0,0,0,0,0,0,0,0,0,0,0,0,0,0,0,0,0,0,0,0,0,0,0,0,0,0,0,0,0,0,2020/04/13 00:00:00,2020/04/13 00:00:00,2,2,Fenitrothion,1,ha,160,l,160,ha,0,1,0,0,0,95,Band
48.4952777780001,27.4952777780001,26822,2020/04/13 00:00:00,11:43,2020/04/13 00:00:00,11:43,No,Middle,alneariah,300,Exact,SA,447429,RAMSES38_SAU20-20.XL, ,1,0,1,2,1,0,0,0,0,0,0,0,0,0,0,0,0,0,0,0,0,0,0,0,0,0,0,0,0,0,0,0,0,0,0,0,0,0,0,1,0,0,0,-1,0,0,0,1,3,1,0,0,0,0,0,1,0,0.0049999999,0.0049999999,0,1,0,0,0,0,0,0,0,0,0,0,0,0,0,0,0,0,0,0,0,0,0,0,0,0,0,0,0,0,0,0,0,0,0,0,0,0,0,0,0,0,0,0,0,0,0,0,0,0,0,0,0,0,0,0,0,0,0,2020/04/13 00:00:00,2020/04/13 00:00:00,2,2,Fenitrothion,1,ha,250,l,250,ha,0,1,0,0,0,95,Band
49.889166667,26.092777778,26823,2020/04/14 00:00:00,08:29,2020/04/14 00:00:00,08:29,No,Middle,alakear,300,Exact,SA,447430,RAMSES38_SAU20-20.XL, ,1,0,1,2,1,0,0,0,0,0,0,0,0,0,0,0,0,0,0,0,0,0,0,0,0,0,0,0,0,0,0,0,0,0,0,0,0,0,0,1,0,0,30,-1,0,0,0,1,3,1,0,0,0,0,0,1,0,3,3,0,0,1,0,0,0,0,0,0,0,0,0,0,0,0,0,0,0,0,0,0,0,0,0,0,0,0,0,0,0,0,0,0,0,0,0,0,0,0,0,0,0,0,0,0,0,0,0,0,0,0,0,0,0,0,0,0,0,0,2020/04/14 00:00:00,2020/04/14 00:00:00,2,2,Fenitrothion,1,ha,250,l,250,ha,0,1,0,0,0,95,Band
41.3713888890001,28.261666667,26824,2020/04/12 00:00:00,11:06,2020/04/12 00:00:00,11:06,No,Middle,alnfod,600,Exact,SA,447437,RAMSES38_SAU20-20.XL, ,1,0,1,2,1,0,0,0,0,0,0,0,0,0,0,0,0,0,0,0,0,0,0,0,0,0,0,0,0,0,0,0,0,0,0,0,0,0,0,0,1,0,8,-1,0,1,3,0,0,0,0,0,0,0,0,0,1,0.0099999998,0.0099999998,0,1,0,0,0,0,0,0,0,0,0,0,0,0,0,0,0,0,0,0,0,0,0,0,0,0,0,0,0,0,0,0,0,0,0,0,0,0,0,0,0,0,0,0,0,0,0,0,0,0,0,0,0,0,0,0,0,0,0,2020/04/12 00:00:00,2020/04/12 00:00:00,2,2,Lambdacyhalothrin,1,ha,8,l,8,ha,0,1,0,0,0,95,Band
48.576388889,27.581111111,26825,2020/04/12 00:00:00,11:15,2020/04/12 00:00:00,11:15,No,Middle,Al Nnaeria,1000,Exact,SA,447438,RAMSES38_SAU20-20.XL, ,1,0,1,2,1,0,0,0,0,0,0,0,0,0,0,0,0,0,0,0,0,0,0,0,0,0,0,0,0,0,0,0,0,0,0,0,0,0,1,0,0,0,50,-1,0,0,1,3,0,0,0,0,0,0,0,1,0,5,5,0,0,1,0,0,0,0,0,0,0,0,0,0,0,0,0,0,0,0,0,0,0,0,0,0,0,0,0,0,0,0,0,0,0,0,0,0,0,0,0,0,0,0,0,0,0,0,0,0,0,0,0,0,0,0,0,0,0,0,2020/04/12 00:00:00,2020/04/12 00:00:00,2,2,Lambdacyhalothrin,1,ha,475,l,475,ha,0,1,0,0,0,90,Band
49.8036111110001,26.405277778,26826,2020/04/12 00:00:00,12:14,2020/04/12 00:00:00,12:14,No,Middle,Al damam,600,Exact,SA,447441,RAMSES38_SAU20-20.XL, ,1,0,1,2,1,0,0,0,0,0,0,0,0,0,0,0,0,0,0,0,0,0,0,0,0,0,0,0,0,0,0,0,0,0,0,0,0,0,0,0,1,0,7,-1,0,0,0,0,0,1,0,0,0,0,0,1,0,0.0099999998,0.0099999998,0,1,0,0,0,0,0,0,0,0,0,0,0,0,0,0,0,0,0,0,0,0,0,0,0,0,0,0,0,0,0,0,0,0,0,0,0,0,0,0,0,0,0,0,0,0,0,0,0,0,0,0,0,0,0,0,0,0,0,2020/04/12 00:00:00,2020/04/12 00:00:00,2,2,Lambdacyhalothrin,1,ha,250,l,250,ha,0,1,0,0,0,90,Band
69.7375,28.537222222,26827,2020/04/13 00:00:00,00:00,2020/04/13 00:00:00,00:00,No,Middle,Punjab,30,Exact,PA,452849,RAMSES38_PAK20-22.XL,Behind turkish colon,1,0,1,2,1,0,0,0,0,0,0,0,0,0,0,0,0,0,0,0,0,0,0,0,0,0,0,0,0,0,0,0,0,0,0,0,0,0,0,0,0,0,0,-1,0,0,0,0,1,0,0,0,0,1,0,0,0,0,0,0,0,0,0,0,0,0,0,0,0,0,0,0,0,0,0,0,0,0,0,0,0,0,0,0,0,0,0,0,0,0,0,0,0,0,0,0,0,0,0,0,0,0,0,0,0,0,0,0,0,0,0,0,0,0,0,0,0,0,2020/04/13 00:00:00,2020/04/13 00:00:00,2,2,Unknown,0, ,0, ,0, ,0,0,0,0,1,70,Band
53.9980555560001,27.016944444,26828,2020/04/27 00:00:00,00:00,2020/04/27 00:00:00,00:00,No,Late,Hormozgan Province,15,Exact,IR,454671,RAMSES38_IRN20-51.XL, ,1,0,1,2,1,0,0,0,0,0,0,0,0,0,0,0,0,0,0,0,0,0,0,0,0,0,0,0,0,0,0,0,0,0,0,0,0,0,0,0,0,0,0,-1,0,0,0,0,1,1,0,0,0,1,0,0,0,0,0,0,0,0,0,0,0,0,0,0,0,0,0,0,0,0,0,0,0,0,0,0,0,0,0,0,0,0,0,0,0,0,0,0,0,0,0,0,0,0,0,0,0,0,0,0,0,0,0,0,0,0,0,0,0,0,0,0,0,0,1899/12/30 00:00:00,1899/12/30 00:00:00,0,0, ,0, ,0, ,0, ,0,0,0,0,0,0,Band
53.9955555560001,27.031111111,26829,2020/04/27 00:00:00,00:00,2020/04/27 00:00:00,00:00,No,Late,Hormozgan Province,15,Exact,IR,454672,RAMSES38_IRN20-51.XL, ,1,0,1,2,1,0,0,0,0,0,0,0,0,0,0,0,0,0,0,0,0,0,0,0,0,0,0,0,0,0,0,0,0,0,0,0,0,0,0,0,0,0,0,-1,0,0,0,0,1,1,0,0,0,1,0,0,0,0,0,0,0,0,0,0,0,0,0,0,0,0,0,0,0,0,0,0,0,0,0,0,0,0,0,0,0,0,0,0,0,0,0,0,0,0,0,0,0,0,0,0,0,0,0,0,0,0,0,0,0,0,0,0,0,0,0,0,0,0,1899/12/30 00:00:00,1899/12/30 00:00:00,0,0, ,0, ,0, ,0, ,0,0,0,0,0,0,Band
57.8677777780001,27.520833333,26830,2020/04/27 00:00:00,00:00,2020/04/27 00:00:00,00:00,No,Late,Kerman Province,500,Exact,IR,454680,RAMSES38_IRN20-51.XL, ,1,0,1,2,1,0,0,0,0,0,0,0,0,0,0,0,0,0,0,0,0,0,0,0,0,0,0,0,0,0,0,0,0,0,0,0,0,0,0,0,0,0,0,-1,0,0,1,1,0,0,0,0,0,1,0,0,0,0,0,0,0,0,0,0,0,0,0,0,0,0,0,0,0,0,0,0,0,0,0,0,0,0,0,0,0,0,0,0,0,0,0,0,0,0,0,0,0,0,0,0,0,0,0,0,0,0,0,0,0,0,0,0,0,0,0,0,0,0,1899/12/30 00:00:00,1899/12/30 00:00:00,0,0, ,0, ,0, ,0, ,0,0,0,0,0,0,Band
54.027222222,27.024722222,26831,2020/04/27 00:00:00,00:00,2020/04/27 00:00:00,00:00,No,Late,Hormozgan Province,15,Exact,IR,454688,RAMSES38_IRN20-51.XL, ,1,0,1,2,1,0,0,0,0,0,0,0,0,0,0,0,0,0,0,0,0,0,0,0,0,0,0,0,0,0,0,0,0,0,0,0,0,0,0,0,0,0,0,-1,0,0,0,0,1,1,0,0,0,1,0,0,0,0,0,0,0,0,0,0,0,0,0,0,0,0,0,0,0,0,0,0,0,0,0,0,0,0,0,0,0,0,0,0,0,0,0,0,0,0,0,0,0,0,0,0,0,0,0,0,0,0,0,0,0,0,0,0,0,0,0,0,0,0,1899/12/30 00:00:00,1899/12/30 00:00:00,0,0, ,0, ,0, ,0, ,0,0,0,0,0,0,Band
54.518055556,26.795,26832,2020/04/09 00:00:00,09:25,2020/04/09 00:00:00,09:25,No,Early,Ermak 1,40,Exact,IR,455367,RAMSES38_IRN20-51.XL, ,1,0,1,2,1,0,0,0,0,0,0,1,0,0,-1,0,0,0,0,0,0,0,0,0,0,0,0,0,1,0,0,0,1,0,0,0,0,0,0,1,0,0,20,-1,0,0,0,3,1,0,0,0,0,0,0,1,0,1,1,0,0,1,0,0,0,0,0,0,0,0,0,0,0,0,0,0,0,0,0,0,0,0,0,0,0,0,0,0,0,0,0,0,0,0,0,0,0,0,0,0,0,0,0,0,0,0,0,0,0,0,0,0,0,0,0,0,0,0,2020/04/09 00:00:00,2020/04/09 00:00:00,2,1,Malathion,1.5,ha,33,l,22,ha,0,1,0,0,0,90,Band
54.3175,26.781944444,26833,2020/04/09 00:00:00,10:54,2020/04/09 00:00:00,10:54,No,Early,baverdan,40,Exact,IR,455369,RAMSES38_IRN20-51.XL, ,1,0,1,2,1,0,0,0,0,0,0,1,0,0,-1,0,0,0,0,0,0,0,0,0,0,0,0,0,1,0,0,0,1,0,0,0,0,0,0,1,0,0,14,-1,0,0,1,3,1,0,0,0,0,0,0,0,1,1,1,0,0,1,0,0,0,0,0,0,0,0,0,0,0,0,0,0,0,0,0,0,0,0,0,0,0,0,0,0,0,0,0,0,0,0,0,0,0,0,0,0,0,0,0,0,0,0,0,0,0,0,0,0,0,0,0,0,0,0,2020/04/09 00:00:00,2020/04/09 00:00:00,2,1,Malathion,1.5,ha,39,l,26,ha,0,1,0,0,0,90,Band
54.143611111,26.836666667,26834,2020/04/06 00:00:00,10:02,2020/04/06 00:00:00,10:02,No,Early,Dehnov mir,50,Exact,IR,455384,RAMSES38_IRN20-51.XL, ,1,0,1,2,1,0,0,0,0,0,0,0,0,0,0,0,0,0,0,0,0,0,0,0,0,0,0,0,0,0,0,0,0,0,0,0,0,0,0,0,1,0,45,-1,0,0,0,3,1,0,0,0,0,0,0,0,1,3,3,0,0,1,0,0,0,0,0,0,0,0,0,0,0,0,0,0,0,0,0,0,0,0,0,0,0,0,0,0,0,0,0,0,0,0,0,0,0,0,0,0,0,0,0,0,0,0,0,0,0,0,0,0,0,0,0,0,0,0,1899/12/30 00:00:00,1899/12/30 00:00:00,0,0, ,0, ,0, ,0, ,0,0,0,0,0,0,Band
54.143055556,26.836944444,26835,2020/04/06 00:00:00,11:12,2020/04/06 00:00:00,11:12,No,Early,Dehnov mir 2,40,Exact,IR,455386,RAMSES38_IRN20-51.XL, ,1,0,1,2,1,0,0,0,0,0,0,1,0,0,-1,0,0,0,0,0,0,0,0,0,0,0,0,0,0,1,0,0,1,0,0,0,0,0,0,0,1,0,40,-1,0,0,0,3,1,0,0,0,0,0,0,0,1,2,2,0,0,1,0,0,0,0,0,0,0,0,0,0,0,0,0,0,0,0,0,0,0,0,0,0,0,0,0,0,0,0,0,0,0,0,0,0,0,0,0,0,0,0,0,0,0,0,0,0,0,0,0,0,0,0,0,0,0,0,2020/04/06 00:00:00,2020/04/06 00:00:00,2,1,Malathion,1.2,ha,51,l,35,ha,0,1,0,0,0,95,Band
54.084444444,26.843888889,26836,2020/04/06 00:00:00,13:02,2020/04/06 00:00:00,13:02,No,Early,Wadi abad,40,Exact,IR,455387,RAMSES38_IRN20-51.XL, ,1,0,1,2,1,0,0,0,0,0,0,1,0,0,-1,0,0,0,0,0,0,0,0,0,0,0,0,0,0,1,0,0,1,0,0,0,0,0,0,1,0,0,22,-1,0,0,0,3,1,0,0,0,0,0,0,0,1,2,2,0,0,1,0,0,0,0,0,0,0,0,0,0,0,0,0,0,0,0,0,0,0,0,0,0,0,0,0,0,0,0,0,0,0,0,0,0,0,0,0,0,0,0,0,0,0,0,0,0,0,0,0,0,0,0,0,0,0,0,2020/04/06 00:00:00,2020/04/06 00:00:00,2,1,Malathion,1.2,ha,27,l,18,ha,0,1,0,0,0,90,Band
38.6580555560001,4.49638888900006,26837,2020/04/25 00:00:00,00:00,2020/04/25 00:00:00,00:00,No,Late,Oromia Region,50,Exact,ET,450615,RAMSES38_ETH20-43.XL, ,1,0,1,2,1,0,0,0,0,0,0,0,0,0,0,0,0,0,0,0,0,0,0,0,0,0,0,0,0,0,0,0,0,0,0,0,0,0,0,0,0,0,0,-1,0,0,1,0,0,0,0,0,0,1,0,0,0,0,0,0,0,0,0,0,0,0,0,0,0,0,0,0,0,0,0,0,0,0,0,0,0,0,0,0,0,0,0,0,0,0,0,0,0,0,0,0,0,0,0,0,0,0,0,0,0,0,0,0,0,0,0,0,0,0,0,0,0,0,1899/12/30 00:00:00,1899/12/30 00:00:00,0,0, ,0, ,0, ,0, ,0,0,0,0,0,0,Band
41.386666667,9.55555555600006,26838,2020/04/26 00:00:00,00:00,2020/04/26 00:00:00,00:00,No,Late,Somali Region,24,Exact,ET,450620,RAMSES38_ETH20-43.XL, ,1,0,1,2,1,0,0,0,0,0,0,0,0,0,0,0,0,0,0,0,0,0,0,0,0,0,0,0,0,0,0,0,0,0,0,0,0,0,0,0,0,0,0,-1,0,0,1,0,0,0,0,0,0,0,0,0,0,0,0,0,0,0,0,0,0,0,0,0,0,0,0,0,0,0,0,0,0,0,0,0,0,0,0,0,0,0,0,0,0,0,0,0,0,0,0,0,0,0,0,0,0,0,0,0,0,0,0,0,0,0,0,0,0,0,0,0,0,0,1899/12/30 00:00:00,1899/12/30 00:00:00,0,0, ,0, ,0, ,0, ,0,0,0,0,0,0,Band
71.9469444440001,31.520833333,26839,2020/04/22 00:00:00,00:00,2020/04/22 00:00:00,00:00,No,Late,Punjab,30,Exact,PA,448760,RAMSES38_PAK20-24.XL,operation continued,1,0,1,2,1,0,0,0,0,0,0,0,0,0,0,0,0,0,0,0,0,0,0,0,0,0,0,0,0,0,0,0,0,0,0,0,0,0,0,0,0,0,0,-1,0,0,0,0,0,1,0,0,0,1,0,0,0,0,0,0,0,0,0,0,0,0,0,0,0,0,0,0,0,0,0,0,0,0,0,0,0,0,0,0,0,0,0,0,0,0,0,0,0,0,0,0,0,0,0,0,0,0,0,0,0,0,0,0,0,0,0,0,0,0,0,0,0,0,2020/04/22 00:00:00,2020/04/22 00:00:00,2,3,Unknown,0, ,0, ,0, ,0,0,0,0,1,85,Band
69.7383333330001,28.585277778,26840,2020/04/14 00:00:00,00:00,2020/04/14 00:00:00,00:00,No,Middle,Punjab,80,Exact,PA,452901,RAMSES38_PAK20-22.XL, ,1,0,1,2,1,0,0,0,0,0,0,0,0,0,0,0,0,0,0,0,0,0,0,0,0,0,0,0,0,0,0,0,0,0,0,0,0,0,0,0,0,0,0,-1,0,0,0,0,0,1,0,0,0,1,0,0,0,0,0,0,0,0,0,0,0,0,0,0,0,0,0,0,-1,0,0,0,0,0,0,0,0,0,0,0,0,0,0,1,0,0,0,0,0,0,0,0,0,0,0,0,0,0,0,0,0,0,0,0,0,0,0,0,0,0,0,0,0,0,1899/12/30 00:00:00,1899/12/30 00:00:00,0,0, ,0, ,0, ,0, ,0,0,0,0,0,0,Band
54.3597222220001,26.778611111,26841,2020/04/26 00:00:00,13:07,2020/04/26 00:00:00,13:07,No,Late,Baverdan,50,Exact,IR,453926,RAMSES38_IRN20-51.XL, ,1,0,1,2,1,0,0,0,0,0,0,0,0,0,0,0,0,0,0,0,0,0,0,0,0,0,0,0,0,0,0,0,0,0,0,0,0,0,0,1,0,0,28,-1,0,0,0,0,0,3,1,0,3,0,0,1,0,1,1,0,0,1,0,0,0,0,0,0,0,0,0,0,0,0,0,0,0,0,0,0,0,0,0,0,0,0,0,0,0,0,0,0,0,0,0,0,0,0,0,0,0,0,0,0,0,0,0,0,0,0,0,0,0,0,0,0,0,0,2020/04/26 00:00:00,2020/04/26 00:00:00,2,3,Deltamethrin,1,ha,18,l,18,ha,0,1,0,0,0,90,Band
54.3441666670001,26.7725,26842,2020/04/14 00:00:00,11:26,2020/04/14 00:00:00,11:26,No,Middle,Bverdan 2,40,Exact,IR,453964,RAMSES38_IRN20-51.XL, ,1,0,1,2,1,0,0,0,0,0,0,0,0,0,0,0,0,0,0,0,0,0,0,0,0,0,0,0,0,0,0,0,0,0,0,0,0,0,0,1,0,0,20,-1,0,0,0,1,3,1,0,0,0,0,0,1,0,1,1,0,0,1,0,0,0,0,0,0,0,0,0,0,0,0,0,0,0,0,0,0,0,0,0,0,0,0,0,0,0,0,0,0,0,0,0,0,0,0,0,0,0,0,0,0,0,0,0,0,0,0,0,0,0,0,0,0,0,0,2020/04/14 00:00:00,2020/04/14 00:00:00,2,2,Malathion,1.5,ha,24,l,16,ha,0,1,0,0,0,90,Band
42.693055556,10.399444444,26843,2020/04/27 00:00:00,00:00,2020/04/27 00:00:00,00:00,No,Late,Somali Region,10,Exact,ET,450651,RAMSES38_ETH20-43.XL, ,1,0,1,2,1,0,0,0,0,0,0,0,0,0,0,0,0,0,0,0,0,0,0,0,0,0,0,0,0,0,0,0,0,0,0,0,0,0,0,0,0,0,0,-1,0,0,0,1,0,0,0,0,0,1,0,0,0,0,0,0,0,0,0,0,0,0,0,0,0,0,0,0,0,0,0,0,0,0,0,0,0,0,0,0,0,0,0,0,0,0,0,0,0,0,0,0,0,0,0,0,0,0,0,0,0,0,0,0,0,0,0,0,0,0,0,0,0,0,2020/04/27 00:00:00,2020/04/27 00:00:00,2,3,Unknown,0, ,0, ,10,ha,0,0,0,0,1,0,Band
71.7572222220001,31.1736111110001,26844,2020/04/20 00:00:00,00:00,2020/04/20 00:00:00,00:00,No,Middle,Punjab,100,Exact,PA,448780,RAMSES38_PAK20-24.XL,locust combat operat,1,0,1,2,1,0,0,0,0,0,0,0,0,0,0,0,0,0,0,0,0,0,0,0,0,0,0,0,0,0,0,0,0,0,0,0,0,0,0,0,0,0,0,-1,0,0,0,0,0,1,0,0,0,1,0,0,0,0,0,0,0,0,0,0,0,0,0,0,0,0,0,0,0,0,0,0,0,0,0,0,0,0,0,0,0,0,0,0,0,0,0,0,0,0,0,0,0,0,0,0,0,0,0,0,0,0,0,0,0,0,0,0,0,0,0,0,0,0,2020/04/20 00:00:00,2020/04/20 00:00:00,2,2,Unknown,0, ,0, ,0, ,0,0,0,0,1,85,Band
54.258055556,26.7977777780001,26845,2020/04/14 00:00:00,13:18,2020/04/14 00:00:00,13:18,No,Middle,charak,40,Exact,IR,453965,RAMSES38_IRN20-51.XL, ,1,0,1,2,1,0,0,0,0,0,0,0,0,0,0,0,0,0,0,0,0,0,0,0,0,0,0,0,0,0,0,0,0,0,0,0,0,0,0,1,0,0,7,-1,0,0,0,1,3,0,0,0,0,0,0,1,0,1,1,0,0,1,0,0,0,0,0,0,0,0,0,0,0,0,0,0,0,0,0,0,0,0,0,0,0,0,0,0,0,0,0,0,0,0,0,0,0,0,0,0,0,0,0,0,0,0,0,0,0,0,0,0,0,0,0,0,0,0,2020/04/14 00:00:00,2020/04/14 00:00:00,2,2,Malathion,1.5,ha,3,l,2,ha,0,1,0,0,0,90,Band
54.06,26.8583333330001,26846,2020/04/14 00:00:00,12:39,2020/04/14 00:00:00,12:39,No,Middle,Rostami 1,40,Exact,IR,453967,RAMSES38_IRN20-51.XL, ,1,0,1,2,1,0,0,0,0,0,0,0,0,0,0,0,0,0,0,0,0,0,0,0,0,0,0,0,0,0,0,0,0,0,0,0,0,0,0,1,0,0,2,-1,0,0,0,1,3,0,0,0,0,0,0,1,0,1,1,0,0,1,0,0,0,0,0,0,0,0,0,0,0,0,0,0,0,0,0,0,0,0,0,0,0,0,0,0,0,0,0,0,0,0,0,0,0,0,0,0,0,0,0,0,0,0,0,0,0,0,0,0,0,0,0,0,0,0,2020/04/14 00:00:00,2020/04/14 00:00:00,2,2,Malathion,1.5,ha,3,l,3,ha,0,1,0,0,0,90,Band
54.2997222220001,26.7938888890001,26847,2020/04/14 00:00:00,13:54,2020/04/14 00:00:00,13:54,No,Middle,charek 2,40,Exact,IR,453968,RAMSES38_IRN20-51.XL, ,1,0,1,2,1,0,0,0,0,0,0,0,0,0,0,0,0,0,0,0,0,0,0,0,0,0,0,0,0,0,0,0,0,0,0,0,0,0,0,0,1,0,30,-1,0,0,0,1,3,1,0,0,0,0,0,1,0,1,1,0,0,1,0,0,0,0,0,0,0,0,0,0,0,0,0,0,0,0,0,0,0,0,0,0,0,0,0,0,0,0,0,0,0,0,0,0,0,0,0,0,0,0,0,0,0,0,0,0,0,0,0,0,0,0,0,0,0,0,2020/04/14 00:00:00,2020/04/14 00:00:00,2,2,Malathion,1.5,ha,42,l,28,ha,0,1,0,0,0,90,Band
54.725,27.2972222220001,26848,2020/04/19 00:00:00,11:24,2020/04/19 00:00:00,11:24,No,Middle,Todruyeh,350,Exact,IR,453981,RAMSES38_IRN20-51.XL, ,1,0,1,2,1,0,0,0,0,0,0,0,0,0,0,0,0,0,0,0,0,0,0,0,0,0,0,0,0,0,0,0,0,0,0,0,0,0,0,1,0,0,0,-1,0,0,0,1,0,0,0,0,0,0,0,1,0,0,0,0,0,0,0,0,0,0,0,0,0,0,0,0,0,0,0,0,0,0,0,0,0,0,0,0,0,0,0,0,0,0,0,0,0,0,0,0,0,0,0,0,0,0,0,0,0,0,0,0,0,0,0,0,0,0,0,0,0,0,2020/04/19 00:00:00,2020/04/19 00:00:00,2,2,Malathion,1.5,ha,375,l,250,ha,0,1,0,0,0,90,Band
60.7336111110001,27.1141666670001,26849,2020/04/30 00:00:00,08:34,2020/04/30 00:00:00,08:34,No,Late,sarkhorangaderaahan,300,Exact,IR,454001,RAMSES38_IRN20-51.XL,Gregarious appearing,1,0,1,1,1,0,0,0,0,0,0,0,0,0,0,0,0,0,0,0,0,0,0,0,0,0,0,0,0,0,0,0,0,0,0,0,0,0,0,1,0,0,5,-1,0,3,1,1,1,0,0,0,0,0,0,0,1,0.001,0.001,1,0,0,0,0,0,0,0,0,0,1,0,0,2,0,0,1,0,1,0,1,0,0,0,0,0,0,1,0,0,0,0,0,0,0,0,0,0,0,0,0,0,0,0,0,0,0,0,0,0,0,0,0,0,0,0,0,0,0,2020/04/30 00:00:00,2020/04/30 00:00:00,2,3,Deltamethrin,1,ha,200,l,200,ha,1,0,0,0,0,15,Band
54.515555556,26.789444444,26850,2020/04/25 00:00:00,10:10,2020/04/25 00:00:00,10:10,No,Late,soro,50,Exact,IR,454749,RAMSES38_IRN20-51.XL, ,1,0,1,2,1,0,0,0,0,0,0,0,0,0,0,0,0,0,0,0,0,0,0,0,0,0,0,0,0,0,0,0,0,0,0,0,0,0,0,1,0,0,5,-1,0,0,0,0,0,3,1,0,3,0,0,1,0,1,1,0,0,1,0,0,0,0,0,0,0,0,0,0,0,0,0,0,0,0,0,0,0,0,0,0,0,0,0,0,0,0,0,0,0,0,0,0,0,0,0,0,0,0,0,0,0,0,0,0,0,0,0,0,0,0,0,0,0,0,2020/04/25 00:00:00,2020/04/25 00:00:00,2,3,Deltamethrin,1,ha,6,l,6,ha,0,1,0,0,0,90,Band
54.458333333,26.8211111110001,26851,2020/04/25 00:00:00,11:46,2020/04/25 00:00:00,11:46,No,Late,Ermak 1,40,Exact,IR,454751,RAMSES38_IRN20-51.XL, ,1,0,1,2,1,0,0,0,0,0,0,0,0,0,0,0,0,0,0,0,0,0,0,0,0,0,0,0,0,0,0,0,0,0,0,0,0,0,0,1,0,0,20,-1,0,0,0,0,1,3,0,0,3,0,0,1,0,1,1,0,0,1,0,0,0,0,0,0,0,0,0,0,0,0,0,0,0,0,0,0,0,0,0,0,0,0,0,0,0,0,0,0,0,0,0,0,0,0,0,0,0,0,0,0,0,0,0,0,0,0,0,0,0,0,0,0,0,0,2020/04/25 00:00:00,2020/04/25 00:00:00,2,3,Deltamethrin,1,ha,24,l,24,ha,0,1,0,0,0,90,Band
62.278888889,27.415,26852,2020/04/29 00:00:00,00:00,2020/04/29 00:00:00,00:00,No,Late,Sistan and Baluchest,50,Exact,IR,454761,RAMSES38_IRN20-51.XL, ,1,0,1,2,1,0,0,0,0,0,0,0,0,0,0,0,0,0,0,0,0,0,0,0,0,0,0,0,0,0,0,0,0,0,0,0,0,0,0,0,0,0,0,-1,0,0,1,0,0,0,0,0,0,1,0,0,0,0,0,0,0,0,0,0,0,0,0,0,0,0,0,0,0,0,0,0,0,0,0,0,0,0,0,0,0,0,0,0,0,0,0,0,0,0,0,0,0,0,0,0,0,0,0,0,0,0,0,0,0,0,0,0,0,0,0,0,0,0,2020/04/29 00:00:00,2020/04/29 00:00:00,2,3,Unknown,0, ,0, ,0, ,0,0,0,0,1,10,Band
51.591388889,28.7377777780001,26853,2020/04/29 00:00:00,00:00,2020/04/29 00:00:00,00:00,No,Late,Bushehr Province,400,Exact,IR,454765,RAMSES38_IRN20-51.XL, ,1,0,1,2,1,0,0,0,0,0,0,0,0,0,0,0,0,0,0,0,0,0,0,0,0,0,0,0,0,0,0,0,0,0,0,0,0,0,0,0,0,0,0,-1,0,0,0,0,1,1,0,0,0,1,0,0,0,0,0,0,0,0,0,0,0,0,0,0,0,0,0,0,0,0,0,0,0,0,0,0,0,0,0,0,0,0,0,0,0,0,0,0,0,0,0,0,0,0,0,0,0,0,0,0,0,0,0,0,0,0,0,0,0,0,0,0,0,0,2020/04/29 00:00:00,2020/04/29 00:00:00,2,3,Unknown,0, ,0, ,0, ,0,0,0,0,1,10,Band
51.591388889,28.7377777780001,26854,2020/04/29 00:00:00,00:00,2020/04/29 00:00:00,00:00,No,Late,Bushehr Province,400,Exact,IR,454766,RAMSES38_IRN20-51.XL,800 surrvay,1,0,1,2,1,0,0,0,0,0,0,0,0,0,0,0,0,0,0,0,0,0,0,0,0,0,0,0,0,0,0,0,0,0,0,0,0,0,0,0,0,0,0,-1,0,0,0,0,1,1,0,0,0,1,0,0,0,0,0,0,0,0,0,0,0,0,0,0,0,0,0,0,0,0,0,0,0,0,0,0,0,0,0,0,0,0,0,0,0,0,0,0,0,0,0,0,0,0,0,0,0,0,0,0,0,0,0,0,0,0,0,0,0,0,0,0,0,0,2020/04/29 00:00:00,2020/04/29 00:00:00,2,3,Unknown,0, ,0, ,0, ,0,0,0,0,1,10,Band
54.6733333330001,27.266666667,26855,2020/04/14 00:00:00,14:10,2020/04/14 00:00:00,14:10,No,Middle,Dehong,500,Exact,IR,454771,RAMSES38_IRN20-51.XL, ,1,0,1,2,1,0,0,0,0,0,0,0,0,0,0,0,0,0,0,0,0,0,0,0,0,0,0,0,0,0,0,0,0,0,0,0,0,0,0,0,1,0,0,-1,0,0,1,0,0,0,0,0,0,0,0,1,0,0,0,0,0,0,0,0,0,0,0,0,0,0,0,0,0,0,0,0,0,0,0,0,0,0,0,0,0,0,0,0,0,0,0,0,0,0,0,0,0,0,0,0,0,0,0,0,0,0,0,0,0,0,0,0,0,0,0,0,0,0,2020/04/14 00:00:00,2020/04/14 00:00:00,2,2,Malathion,1.5,ha,570,l,380,ha,0,1,0,0,0,85,Band
69.409444444,28.461944444,26856,2020/04/26 00:00:00,00:00,2020/04/26 00:00:00,00:00,No,Late,Sindh,29,Exact,PA,450966,RAMSES38_PAK20-26.XL, ,1,0,1,2,1,0,0,0,0,0,0,0,0,0,0,0,0,0,0,0,0,0,0,0,0,0,0,0,0,0,0,0,0,0,0,0,0,0,0,0,0,0,0,-1,0,0,0,0,0,1,1,0,0,1,0,0,0,0,0,0,0,0,0,0,0,0,0,0,0,0,0,0,-1,0,0,0,0,0,0,0,0,0,0,0,0,0,0,1,0,0,0,0,0,0,0,0,0,0,0,0,0,0,0,0,0,0,0,0,0,0,0,0,0,0,0,0,0,0,2020/04/26 00:00:00,2020/04/26 00:00:00,2,3,Unknown,0, ,0, ,0, ,0,0,0,0,1,90,Band
71.7802777780001,31.1094444440001,26857,2020/04/20 00:00:00,00:00,2020/04/20 00:00:00,00:00,No,Middle,Punjab,50,Exact,PA,448808,RAMSES38_PAK20-24.XL,locust combat operat,1,0,1,2,1,0,0,0,0,0,0,0,0,0,0,0,0,0,0,0,0,0,0,0,0,0,0,0,0,0,0,0,0,0,0,0,0,0,0,0,0,0,0,-1,0,0,0,0,0,1,0,0,0,1,0,0,0,0,0,0,0,0,0,0,0,0,0,0,0,0,0,0,0,0,0,0,0,0,0,0,0,0,0,0,0,0,0,0,0,0,0,0,0,0,0,0,0,0,0,0,0,0,0,0,0,0,0,0,0,0,0,0,0,0,0,0,0,0,2020/04/20 00:00:00,2020/04/20 00:00:00,2,2,Unknown,0, ,0, ,0, ,0,0,0,0,1,85,Band
71.9391666670001,31.5225,26858,2020/04/21 00:00:00,00:00,2020/04/21 00:00:00,00:00,No,Late,Punjab,5,Exact,PA,448822,RAMSES38_PAK20-24.XL,operation continued,1,0,1,2,1,0,0,0,0,0,0,0,0,0,0,0,0,0,0,0,0,0,0,0,0,0,0,0,0,0,0,0,0,0,0,0,0,0,0,0,0,0,0,-1,0,0,0,0,0,1,0,0,0,1,0,0,0,0,0,0,0,0,0,0,0,0,0,0,0,0,0,0,0,0,0,0,0,0,0,0,0,0,0,0,0,0,0,0,0,0,0,0,0,0,0,0,0,0,0,0,0,0,0,0,0,0,0,0,0,0,0,0,0,0,0,0,0,0,2020/04/21 00:00:00,2020/04/21 00:00:00,2,3,Unknown,0, ,0, ,0, ,0,0,0,0,1,85,Band
53.4305555560001,27.2472222220001,26859,2020/04/20 00:00:00,10:35,2020/04/20 00:00:00,10:35,No,Middle,Lavar khasht,350,Exact,IR,454794,RAMSES38_IRN20-51.XL, ,1,0,1,2,1,0,0,0,0,0,0,0,0,0,0,0,0,0,0,0,0,0,0,0,0,0,0,0,0,0,0,0,0,0,0,0,0,0,0,1,0,0,0,-1,0,0,0,0,0,1,0,0,0,0,0,1,0,0,0,0,0,0,0,0,0,0,0,0,0,0,0,0,0,0,0,0,0,0,0,0,0,0,0,0,0,0,0,0,0,0,0,0,0,0,0,0,0,0,0,0,0,0,0,0,0,0,0,0,0,0,0,0,0,0,0,0,0,0,2020/04/20 00:00:00,2020/04/20 00:00:00,2,2,Deltamethrin,0.5,ha,150,l,300,ha,0,1,0,0,0,90,Band
51.573888889,28.707222222,26860,2020/04/20 00:00:00,10:38,2020/04/20 00:00:00,10:38,No,Middle,Gardane gachi,350,Exact,IR,454795,RAMSES38_IRN20-51.XL, ,1,0,1,2,1,0,0,0,0,0,0,0,0,0,0,0,0,0,0,0,0,0,0,0,0,0,0,0,0,0,0,0,0,0,0,0,0,0,0,1,0,0,0,-1,0,0,1,3,1,0,0,0,0,0,0,1,0,0,0,0,0,0,0,0,0,0,0,0,0,0,0,0,0,0,0,0,0,0,0,0,0,0,0,0,0,0,0,0,0,0,0,0,0,0,0,0,0,0,0,0,0,0,0,0,0,0,0,0,0,0,0,0,0,0,0,0,0,0,2020/04/20 00:00:00,2020/04/20 00:00:00,2,2,Malathion,1.5,ha,450,l,300,ha,0,1,0,0,0,90,Band
57.2827777780001,26.338333333,26861,2020/04/29 00:00:00,00:00,2020/04/29 00:00:00,00:00,No,Late,Hormozgan Province,60,Exact,IR,454804,RAMSES38_IRN20-51.XL, ,1,0,1,2,1,0,0,0,0,0,0,0,0,0,0,0,0,0,0,0,0,0,0,0,0,0,0,0,0,0,0,0,0,0,0,0,0,0,0,0,0,0,0,-1,0,0,0,1,1,0,0,0,0,1,0,0,0,0,0,0,0,0,0,0,0,0,0,0,0,0,0,0,0,0,0,0,0,0,0,0,0,0,0,0,0,0,0,0,0,0,0,0,0,0,0,0,0,0,0,0,0,0,0,0,0,0,0,0,0,0,0,0,0,0,0,0,0,0,2020/04/29 00:00:00,2020/04/29 00:00:00,2,3,Unknown,0, ,0, ,0, ,0,0,0,0,1,10,Band
54.2827777780001,26.8005555560001,26862,2020/04/30 00:00:00,10:10,2020/04/30 00:00:00,10:10,No,Late,charek,40,Exact,IR,454810,RAMSES38_IRN20-51.XL, ,1,0,1,2,1,0,0,0,0,0,0,0,0,0,0,0,0,0,0,0,0,0,0,0,0,0,0,0,0,0,0,0,0,0,0,0,0,0,0,1,0,0,9,-1,0,0,0,0,0,0,3,0,1,0,0,1,0,1,1,0,0,1,0,0,0,0,0,0,0,0,0,0,0,0,0,0,0,0,0,0,0,0,0,0,0,0,0,0,0,0,0,0,0,0,0,0,0,0,0,0,0,0,0,0,0,0,0,0,0,0,0,0,0,0,0,0,0,0,2020/04/30 00:00:00,2020/04/30 00:00:00,2,3,Deltamethrin,1,ha,11,l,11,ha,0,1,0,0,0,90,Band
54.027222222,26.8638888890001,26863,2020/04/30 00:00:00,11:31,2020/04/30 00:00:00,11:31,No,Late,wadi abadn,40,Exact,IR,454813,RAMSES38_IRN20-51.XL, ,1,0,1,2,1,0,0,0,0,0,0,0,0,0,0,0,0,0,0,0,0,0,0,0,0,0,0,0,0,0,0,0,0,0,0,0,0,0,0,1,0,0,10,-1,0,0,0,0,0,0,3,0,1,0,0,1,0,1,1,0,0,1,0,0,0,0,0,0,0,0,0,0,0,0,0,0,0,0,0,0,0,0,0,0,0,0,0,0,0,0,0,0,0,0,0,0,0,0,0,0,0,0,0,0,0,0,0,0,0,0,0,0,0,0,0,0,0,0,2020/04/30 00:00:00,2020/04/30 00:00:00,2,3,Deltamethrin,1,ha,9,l,9,ha,0,1,0,0,0,90,Band
54.1730555560001,26.838611111,26864,2020/04/30 00:00:00,13:10,2020/04/30 00:00:00,13:10,No,Late,Bahmani,40,Exact,IR,454814,RAMSES38_IRN20-51.XL, ,1,0,1,2,1,0,0,0,0,0,0,0,0,0,0,0,0,0,0,0,0,0,0,0,0,0,0,0,0,0,0,0,0,0,0,0,0,0,0,1,0,0,30,-1,0,0,0,0,0,0,3,0,1,0,0,1,0,1,1,0,0,1,0,0,0,0,0,0,0,0,0,0,0,0,0,0,0,0,0,0,0,0,0,0,0,0,0,0,0,0,0,0,0,0,0,0,0,0,0,0,0,0,0,0,0,0,0,0,0,0,0,0,0,0,0,0,0,0,2020/04/30 00:00:00,2020/04/30 00:00:00,2,3,Deltamethrin,1,ha,21,l,21,ha,0,1,0,0,0,90,Band
54.1683333330001,26.844444444,26865,2020/04/13 00:00:00,09:11,2020/04/13 00:00:00,09:11,No,Middle,Bahmani,40,Exact,IR,454823,RAMSES38_IRN20-51.XL, ,1,0,1,2,1,0,0,0,0,0,0,0,0,0,0,0,0,0,0,0,0,0,0,0,0,0,0,0,0,0,0,0,0,0,0,0,0,0,0,1,0,0,8,-1,0,0,0,1,3,1,0,0,0,0,0,1,0,1,1,0,0,1,0,0,0,0,0,0,0,0,0,0,0,0,0,0,0,0,0,0,0,0,0,0,0,0,0,0,0,0,0,0,0,0,0,0,0,0,0,0,0,0,0,0,0,0,0,0,0,0,0,0,0,0,0,0,0,0,2020/04/13 00:00:00,2020/04/13 00:00:00,2,2,Malathion,1.5,ha,15,l,10,ha,0,1,0,0,0,90,Band
51.5572222220001,28.5458333330001,26866,2020/04/24 00:00:00,14:24,2020/04/24 00:00:00,14:24,No,Late,Gardane gachi,450,Exact,IR,454829,RAMSES38_IRN20-51.XL, ,1,0,1,2,1,0,0,0,0,0,0,0,0,0,0,0,0,0,0,0,0,0,0,0,0,0,0,0,0,0,0,0,0,0,0,0,0,0,0,1,0,0,0,-1,0,0,1,3,1,0,0,0,0,0,0,1,0,0,0,0,0,0,0,0,0,0,0,0,0,0,0,0,0,0,0,0,0,0,0,0,0,0,0,0,0,0,0,0,0,0,0,0,0,0,0,0,0,0,0,0,0,0,0,0,0,0,0,0,0,0,0,0,0,0,0,0,0,0,2020/04/24 00:00:00,2020/04/24 00:00:00,2,3,Malathion,1.5,ha,525,l,350,ha,0,1,0,0,0,85,Band
71.755555556,31.1744444440001,26867,2020/04/28 00:00:00,00:00,2020/04/28 00:00:00,00:00,No,Late,Punjab,20,Exact,PA,451436,RAMSES38_PAK20-26.XL,operation done,1,0,1,2,1,0,0,0,0,0,0,0,0,0,0,0,0,0,0,0,0,0,0,0,0,0,0,0,0,0,0,0,0,0,0,0,0,0,0,0,0,0,0,-1,0,0,0,0,1,1,0,0,0,1,0,0,0,0,0,0,0,0,0,0,0,0,0,0,0,0,0,0,0,0,0,0,0,0,0,0,0,0,0,0,0,0,0,0,0,0,0,0,0,0,0,0,0,0,0,0,0,0,0,0,0,0,0,0,0,0,0,0,0,0,0,0,0,0,1899/12/30 00:00:00,1899/12/30 00:00:00,0,0, ,0, ,0, ,0, ,0,0,0,0,0,0,Band
70.961388889,31.2205555560001,26868,2020/04/28 00:00:00,00:00,2020/04/28 00:00:00,00:00,No,Late,Punjab,100,Exact,PA,451442,RAMSES38_PAK20-26.XL,locust combat operat,1,0,1,2,1,0,0,0,0,0,0,0,0,0,0,0,0,0,0,0,0,0,0,0,0,0,0,0,0,0,0,0,0,0,0,0,0,0,0,0,0,0,0,-1,0,0,0,0,0,1,0,0,0,1,0,0,0,0,0,0,0,0,0,0,0,0,0,0,0,0,0,0,0,0,0,0,0,0,0,0,0,0,0,0,0,0,0,0,0,0,0,0,0,0,0,0,0,0,0,0,0,0,0,0,0,0,0,0,0,0,0,0,0,0,0,0,0,0,2020/04/28 00:00:00,2020/04/28 00:00:00,2,3,Unknown,0, ,0, ,0, ,0,0,0,0,1,90,Band
54.4275,26.817777778,26869,2020/04/26 00:00:00,08:37,2020/04/26 00:00:00,08:37,No,Late,cah Dervish,50,Exact,IR,454083,RAMSES38_IRN20-51.XL, ,1,0,1,2,1,0,0,0,0,0,0,0,0,0,0,0,0,0,0,0,0,0,0,0,0,0,0,0,0,0,0,0,0,0,0,0,0,0,0,0,1,0,30,-1,0,0,0,0,0,3,1,0,3,0,0,1,0,1,1,0,0,1,0,0,0,0,0,0,0,0,0,0,0,0,0,0,0,0,0,0,0,0,0,0,0,0,0,0,0,0,0,0,0,0,0,0,0,0,0,0,0,0,0,0,0,0,0,0,0,0,0,0,0,0,0,0,0,0,2020/04/26 00:00:00,2020/04/26 00:00:00,2,3,Deltamethrin,1,ha,10,l,10,ha,0,1,0,0,0,90,Band
54.1622222220001,26.829166667,26870,2020/04/26 00:00:00,10:43,2020/04/26 00:00:00,10:43,No,Late,Bahmani,40,Exact,IR,454088,RAMSES38_IRN20-51.XL, ,1,0,1,2,1,0,0,0,0,0,0,0,0,0,0,0,0,0,0,0,0,0,0,0,0,0,0,0,0,0,0,0,0,0,0,0,0,0,1,0,0,0,10,-1,0,0,0,0,0,1,0,0,0,0,0,1,0,1,1,0,0,1,0,0,0,0,0,0,0,0,0,0,0,0,0,0,0,0,0,0,0,0,0,0,0,0,0,0,0,0,0,0,0,0,0,0,0,0,0,0,0,0,0,0,0,0,0,0,0,0,0,0,0,0,0,0,0,0,2020/04/26 00:00:00,2020/04/26 00:00:00,2,3,Deltamethrin,1,ha,8,l,8,ha,0,1,0,0,0,90,Band
54.0069444440001,26.8727777780001,26871,2020/04/26 00:00:00,12:24,2020/04/26 00:00:00,12:24,No,Late,Jabi,50,Exact,IR,454090,RAMSES38_IRN20-51.XL, ,1,0,1,2,1,0,0,0,0,0,0,0,0,0,0,0,0,0,0,0,0,0,0,0,0,0,0,0,0,0,0,0,0,0,0,0,0,0,0,1,0,0,29,-1,0,0,0,0,1,3,1,0,3,0,0,1,0,1,1,0,0,1,0,0,0,0,0,0,0,0,0,0,0,0,0,0,0,0,0,0,0,0,0,0,0,0,0,0,0,0,0,0,0,0,0,0,0,0,0,0,0,0,0,0,0,0,0,0,0,0,0,0,0,0,0,0,0,0,2020/04/26 00:00:00,2020/04/26 00:00:00,2,3,Deltamethrin,1,ha,21,l,21,ha,0,1,0,0,0,90,Band
57.2433333330001,26.130277778,26872,2020/04/25 00:00:00,00:00,2020/04/25 00:00:00,00:00,No,Late,Hormozgan Province,50,Exact,IR,454841,RAMSES38_IRN20-51.XL, ,1,0,1,2,1,0,0,0,0,0,0,0,0,0,0,0,0,0,0,0,0,0,0,0,0,0,0,0,0,0,0,0,0,0,0,0,0,0,0,0,0,0,0,-1,0,0,1,0,0,0,0,0,0,1,0,0,0,0,0,0,0,0,0,0,0,0,0,0,0,0,0,0,0,0,0,0,0,0,0,0,0,0,0,0,0,0,0,0,0,0,0,0,0,0,0,0,0,0,0,0,0,0,0,0,0,0,0,0,0,0,0,0,0,0,0,0,0,0,1899/12/30 00:00:00,1899/12/30 00:00:00,0,0, ,0, ,0, ,0, ,0,0,0,0,0,0,Band
51.5980555560001,28.704722222,26873,2020/04/17 00:00:00,13:31,2020/04/17 00:00:00,13:31,No,Middle,Derang,450,Exact,IR,454859,RAMSES38_IRN20-51.XL, ,1,0,1,2,1,0,0,0,0,0,0,0,0,0,0,0,0,0,0,0,0,0,0,0,0,0,0,0,0,0,0,0,0,0,0,0,0,0,0,1,0,0,0,-1,0,0,1,3,1,0,0,0,0,0,0,1,0,0,0,0,0,0,0,0,0,0,0,0,0,0,0,0,0,0,0,0,0,0,0,0,0,0,0,0,0,0,0,0,0,0,0,0,0,0,0,0,0,0,0,0,0,0,0,0,0,0,0,0,0,0,0,0,0,0,0,0,0,0,2020/04/17 00:00:00,2020/04/17 00:00:00,2,2,Malathion,1.5,ha,525,l,350,ha,0,1,0,0,0,90,Band
51.6,28.6861111110001,26874,2020/04/17 00:00:00,13:37,2020/04/17 00:00:00,13:37,No,Middle,Derang,400,Exact,IR,454861,RAMSES38_IRN20-51.XL, ,1,0,1,2,1,0,0,0,0,0,0,0,0,0,0,0,0,0,0,0,0,0,0,0,0,0,0,0,0,0,0,0,0,0,0,0,0,0,0,0,1,0,0,-1,0,0,1,3,1,0,0,0,0,0,0,1,0,0,0,0,0,0,0,0,0,0,0,0,0,0,0,0,0,0,0,0,0,0,0,0,0,0,0,0,0,0,0,0,0,0,0,0,0,0,0,0,0,0,0,0,0,0,0,0,0,0,0,0,0,0,0,0,0,0,0,0,0,0,2020/04/17 00:00:00,2020/04/17 00:00:00,2,2,Malathion,1.5,ha,450,l,300,ha,0,1,0,0,0,90,Band
51.573888889,28.6847222220001,26875,2020/04/17 00:00:00,16:14,2020/04/17 00:00:00,16:14,No,Middle,Derang,700,Exact,IR,454864,RAMSES38_IRN20-51.XL, ,1,0,1,2,1,0,0,0,0,0,0,0,0,0,0,0,0,0,0,0,0,0,0,0,0,0,0,0,0,0,0,0,0,0,0,0,0,0,0,1,0,0,0,-1,0,0,1,3,1,0,0,0,0,0,0,1,0,0,0,0,0,0,0,0,0,0,0,0,0,0,0,0,0,0,0,0,0,0,0,0,0,0,0,0,0,0,0,0,0,0,0,0,0,0,0,0,0,0,0,0,0,0,0,0,0,0,0,0,0,0,0,0,0,0,0,0,0,0,2020/04/17 00:00:00,2020/04/17 00:00:00,2,2,Malathion,1.5,ha,675,l,450,ha,0,1,0,0,0,85,Band
53.9991666670001,27.025,26876,2020/04/29 00:00:00,00:00,2020/04/29 00:00:00,00:00,No,Late,Hormozgan Province,60,Exact,IR,454111,RAMSES38_IRN20-51.XL,200ha,1,0,1,2,1,0,0,0,0,0,0,0,0,0,0,0,0,0,0,0,0,0,0,0,0,0,0,0,0,0,0,0,0,0,0,0,0,0,0,0,0,0,0,-1,0,0,0,0,1,1,1,0,0,1,0,0,0,0,0,0,0,0,0,0,0,0,0,0,0,0,0,0,0,0,0,0,0,0,0,0,0,0,0,0,0,0,0,0,0,0,0,0,0,0,0,0,0,0,0,0,0,0,0,0,0,0,0,0,0,0,0,0,0,0,0,0,0,0,2020/04/29 00:00:00,2020/04/29 00:00:00,2,3,Unknown,0, ,0, ,0, ,0,0,0,0,1,10,Band
51.528055556,28.726944444,26877,2020/04/19 00:00:00,10:35,2020/04/19 00:00:00,10:35,No,Middle,Gardane gachi,400,Exact,IR,454142,RAMSES38_IRN20-51.XL, ,1,0,1,2,1,0,0,0,0,0,0,0,0,0,0,0,0,0,0,0,0,0,0,0,0,0,0,0,0,0,0,0,0,0,0,0,0,0,0,1,0,0,0,-1,0,0,1,3,1,0,0,0,0,0,0,1,0,0,0,0,0,0,0,0,0,0,0,0,0,0,0,0,0,0,0,0,0,0,0,0,0,0,0,0,0,0,0,0,0,0,0,0,0,0,0,0,0,0,0,0,0,0,0,0,0,0,0,0,0,0,0,0,0,0,0,0,0,0,2020/04/19 00:00:00,2020/04/19 00:00:00,2,2,Malathion,1.5,ha,450,l,300,ha,0,1,0,0,0,90,Band
54.513055556,26.768055556,26878,2020/04/19 00:00:00,08:12,2020/04/19 00:00:00,08:12,No,Middle,soro 1,40,Exact,IR,454882,RAMSES38_IRN20-51.XL, ,1,0,1,2,1,0,0,0,0,0,0,0,0,0,0,0,0,0,0,0,0,0,0,0,0,0,0,0,0,0,0,0,0,0,0,0,0,0,0,0,1,0,30,-1,0,0,0,0,3,1,0,0,0,0,0,1,0,1,1,0,0,1,0,0,0,0,0,0,0,0,0,0,0,0,0,0,0,0,0,0,0,0,0,0,0,0,0,0,0,0,0,0,0,0,0,0,0,0,0,0,0,0,0,0,0,0,0,0,0,0,0,0,0,0,0,0,0,0,1899/12/30 00:00:00,1899/12/30 00:00:00,0,0, ,0, ,0, ,0, ,0,0,0,0,0,0,Band
53.9902777780001,27.0711111110001,26879,2020/04/29 00:00:00,00:00,2020/04/29 00:00:00,00:00,No,Late,Hormozgan Province,5,Exact,IR,454890,RAMSES38_IRN20-51.XL, ,1,0,1,2,1,0,0,0,0,0,0,0,0,0,0,0,0,0,0,0,0,0,0,0,0,0,0,0,0,0,0,0,0,0,0,0,0,0,0,0,0,0,0,-1,0,0,0,0,1,1,0,0,0,1,0,0,0,0,0,0,0,0,0,0,0,0,0,0,0,0,0,0,0,0,0,0,0,0,0,0,0,0,0,0,0,0,0,0,0,0,0,0,0,0,0,0,0,0,0,0,0,0,0,0,0,0,0,0,0,0,0,0,0,0,0,0,0,0,2020/04/29 00:00:00,2020/04/29 00:00:00,2,3,Unknown,0, ,0, ,0, ,0,0,0,0,1,10,Band
54.1694444440001,26.816666667,26880,2020/04/12 00:00:00,11:31,2020/04/12 00:00:00,11:31,No,Middle,Bahmani 2,50,Exact,IR,454907,RAMSES38_IRN20-51.XL, ,1,0,1,2,1,0,0,0,0,0,0,0,0,0,0,0,0,0,0,0,0,0,0,0,0,0,0,0,0,0,0,0,0,0,0,0,0,0,0,0,1,0,18,-1,0,0,0,3,1,0,0,0,0,0,0,1,0,1,1,0,0,1,0,0,0,0,0,0,0,0,0,0,0,0,0,0,0,0,0,0,0,0,0,0,0,0,0,0,0,0,0,0,0,0,0,0,0,0,0,0,0,0,0,0,0,0,0,0,0,0,0,0,0,0,0,0,0,0,2020/04/12 00:00:00,2020/04/12 00:00:00,2,2,Malathion,1.5,ha,51,l,34,ha,0,1,0,0,0,90,Band
71.9733333330001,31.528055556,26881,2020/04/27 00:00:00,00:00,2020/04/27 00:00:00,00:00,No,Late,Punjab,290,Exact,PA,451093,RAMSES38_PAK20-26.XL,Locust Nymph Combat,1,0,1,2,1,0,0,0,0,0,0,0,0,0,0,0,0,0,0,0,0,0,0,0,0,0,0,0,0,0,0,0,0,0,0,0,0,0,0,0,0,0,0,-1,0,0,0,0,0,1,0,0,0,1,0,0,0,0,0,0,0,0,0,0,0,0,0,0,0,0,0,0,0,0,0,0,0,0,0,0,0,0,0,0,0,0,0,0,0,0,0,0,0,0,0,0,0,0,0,0,0,0,0,0,0,0,0,0,0,0,0,0,0,0,0,0,0,0,2020/04/27 00:00:00,2020/04/27 00:00:00,2,3,Unknown,0, ,0, ,0, ,0,0,0,0,1,90,Band
69.8513888890001,28.843055556,26882,2020/04/22 00:00:00,00:00,2020/04/22 00:00:00,00:00,No,Late,Punjab,247,Exact,PA,448901,RAMSES38_PAK20-24.XL, ,1,0,1,2,1,0,0,0,0,0,0,0,0,0,0,0,0,0,0,0,0,0,0,0,0,0,0,0,0,0,0,0,0,0,0,0,0,0,0,0,0,0,0,-1,0,0,0,0,1,1,1,0,0,1,0,0,0,0,0,0,0,0,0,0,0,0,0,0,0,0,0,0,-1,0,0,0,0,0,0,0,0,0,0,0,0,0,0,1,0,0,0,0,0,0,0,0,0,0,0,0,0,0,0,0,0,0,0,0,0,0,0,0,0,0,0,0,0,0,2020/04/22 00:00:00,2020/04/22 00:00:00,2,3,Unknown,0, ,0, ,0, ,0,0,0,0,1,85,Band
54.4433333330001,26.768888889,26883,2020/04/22 00:00:00,09:28,2020/04/22 00:00:00,09:28,No,Late,Konderan,40,Exact,IR,454164,RAMSES38_IRN20-51.XL, ,1,0,1,2,1,0,0,0,0,0,0,0,0,0,0,0,0,0,0,0,0,0,0,0,0,0,0,0,0,0,0,0,0,0,0,0,0,0,0,0,1,0,40,-1,0,0,0,0,3,1,0,0,0,0,0,1,0,1,1,0,0,1,0,0,0,0,0,0,0,0,0,0,0,0,0,0,0,0,0,0,0,0,0,0,0,0,0,0,0,0,0,0,0,0,0,0,0,0,0,0,0,0,0,0,0,0,0,0,0,0,0,0,0,0,0,0,0,0,2020/04/22 00:00:00,2020/04/22 00:00:00,2,3,Deltamethrin,1,ha,70,l,70,ha,0,1,0,0,0,90,Band
54.2236111110001,26.833333333,26884,2020/04/22 00:00:00,11:15,2020/04/22 00:00:00,11:15,No,Late,seh konar,90,Exact,IR,454167,RAMSES38_IRN20-51.XL, ,1,0,1,2,1,0,0,0,0,0,0,0,0,0,0,0,0,0,0,0,0,0,0,0,0,0,0,0,0,0,0,0,0,0,0,0,0,0,1,0,0,0,15,-1,0,0,0,0,3,1,0,0,0,0,0,1,0,1,1,0,0,1,0,0,0,0,0,0,0,0,0,0,0,0,0,0,0,0,0,0,0,0,0,0,0,0,0,0,0,0,0,0,0,0,0,0,0,0,0,0,0,0,0,0,0,0,0,0,0,0,0,0,0,0,0,0,0,0,2020/04/22 00:00:00,2020/04/22 00:00:00,2,3,Deltamethrin,1,ha,5,l,5,ha,0,1,0,0,0,90,Band
54.204166667,26.836944444,26885,2020/04/22 00:00:00,12:41,2020/04/22 00:00:00,12:41,No,Late,Nekhleh Mir,40,Exact,IR,454168,RAMSES38_IRN20-51.XL, ,1,0,1,2,1,0,0,0,0,0,0,0,0,0,0,0,0,0,0,0,0,0,0,0,0,0,0,0,0,0,0,0,0,0,0,0,0,0,0,1,0,0,20,-1,0,0,0,0,1,3,0,0,3,0,0,1,0,1,1,0,0,1,0,0,0,0,0,0,0,0,0,0,0,0,0,0,0,0,0,0,0,0,0,0,0,0,0,0,0,0,0,0,0,0,0,0,0,0,0,0,0,0,0,0,0,0,0,0,0,0,0,0,0,0,0,0,0,0,2020/04/22 00:00:00,2020/04/22 00:00:00,2,3,Deltamethrin,1,ha,35,l,35,ha,0,1,0,0,0,90,Band
54.4344444440001,26.820277778,26886,2020/04/22 00:00:00,13:33,2020/04/22 00:00:00,13:33,No,Late,Ermak,40,Exact,IR,454170,RAMSES38_IRN20-51.XL, ,1,0,1,2,1,0,0,0,0,0,0,0,0,0,0,0,0,0,0,0,0,0,0,0,0,0,0,0,0,0,0,0,0,0,0,0,0,0,0,1,0,0,10,-1,0,0,0,0,3,1,0,0,0,0,0,1,0,1,1,0,0,1,0,0,0,0,0,0,0,0,0,0,0,0,0,0,0,0,0,0,0,0,0,0,0,0,0,0,0,0,0,0,0,0,0,0,0,0,0,0,0,0,0,0,0,0,0,0,0,0,0,0,0,0,0,0,0,0,2020/04/22 00:00:00,2020/04/22 00:00:00,2,3,Deltamethrin,1,ha,10,l,10,ha,0,1,0,0,0,90,Band
57.276388889,26.341666667,26887,2020/04/22 00:00:00,00:00,2020/04/22 00:00:00,00:00,No,Late,Hormozgan Province,80,Exact,IR,454958,RAMSES38_IRN20-51.XL, ,1,0,1,2,1,0,0,0,0,0,0,0,0,0,0,0,0,0,0,0,0,0,0,0,0,0,0,0,0,0,0,0,0,0,0,0,0,0,0,0,0,0,0,-1,0,0,1,1,0,0,0,0,0,1,0,0,0,0,0,0,0,0,0,0,0,0,0,0,0,0,0,0,0,0,0,0,0,0,0,0,0,0,0,0,0,0,0,0,0,0,0,0,0,0,0,0,0,0,0,0,0,0,0,0,0,0,0,0,0,0,0,0,0,0,0,0,0,0,1899/12/30 00:00:00,1899/12/30 00:00:00,0,0, ,0, ,0, ,0, ,0,0,0,0,0,0,Band
53.3672222220001,27.269444444,26888,2020/04/25 00:00:00,00:00,2020/04/25 00:00:00,00:00,No,Late,Fars Province,100,Exact,IR,454962,RAMSES38_IRN20-51.XL, ,1,0,1,2,1,0,0,0,0,0,0,0,0,0,0,0,0,0,0,0,0,0,0,0,0,0,0,0,0,0,0,0,0,0,0,0,0,0,0,0,0,0,0,-1,0,0,1,1,0,0,0,0,0,1,0,0,0,0,0,0,0,0,0,0,0,0,0,0,0,0,0,0,0,0,0,0,0,0,0,0,0,0,0,0,0,0,0,0,0,0,0,0,0,0,0,0,0,0,0,0,0,0,0,0,0,0,0,0,0,0,0,0,0,0,0,0,0,0,1899/12/30 00:00:00,1899/12/30 00:00:00,0,0, ,0, ,0, ,0, ,0,0,0,0,0,0,Band
37.533333333,0.4,26889,2020/04/22 00:00:00,07:59,2020/04/22 00:00:00,07:59,No,Late,Kipsing Gap 1,10,Exact,KE,449721,RAMSES38_KEN20-53.XL, ,1,0,1,2,1,0,0,0,0,0,0,0,0,0,0,0,0,0,0,0,0,0,0,0,0,0,0,0,0,0,0,0,0,0,0,0,0,0,0,0,0,0,0,-1,0,0,0,0,0,0,0,0,1,0,0,0,0,0,0,0,0,0,0,0,0,0,0,0,0,0,0,0,0,0,0,0,0,0,0,0,0,0,0,0,0,0,0,0,0,0,0,0,0,0,0,0,0,0,0,0,0,0,0,0,0,0,0,0,0,0,0,0,0,0,0,0,0,0,1899/12/30 00:00:00,1899/12/30 00:00:00,0,0, ,0, ,0, ,0, ,0,0,0,0,0,0,Band
69.68,28.441666667,26890,2020/04/12 00:00:00,00:00,2020/04/12 00:00:00,00:00,No,Middle,Punjab,12,Exact,PA,452689,RAMSES38_PAK20-22.XL, ,1,0,1,2,1,0,0,0,0,0,0,0,0,0,0,0,0,0,0,0,0,0,0,0,0,0,0,0,0,0,0,0,0,0,0,0,0,0,0,0,0,0,0,-1,0,0,0,0,1,0,0,0,0,1,0,0,0,0,0,0,0,0,0,0,0,0,0,0,0,0,0,0,0,0,0,0,0,0,0,0,0,0,0,0,0,0,0,0,0,0,0,0,0,0,0,0,0,0,0,0,0,0,0,0,0,0,0,0,0,0,0,0,0,0,0,0,0,0,2020/04/12 00:00:00,2020/04/12 00:00:00,2,2,Unknown,0, ,0, ,0, ,0,0,0,0,1,90,Band
69.8569444440001,28.8491666670001,26891,2020/04/22 00:00:00,00:00,2020/04/22 00:00:00,00:00,No,Late,Punjab,108,Exact,PA,448907,RAMSES38_PAK20-24.XL, ,1,0,1,2,1,0,0,0,0,0,0,0,0,0,0,0,0,0,0,0,0,0,0,0,0,0,0,0,0,0,0,0,0,0,0,0,0,0,0,0,0,0,0,-1,0,0,0,1,1,1,1,0,0,1,0,0,0,0,0,0,0,0,0,0,0,0,0,0,0,0,0,0,-1,0,0,0,0,0,0,0,0,0,0,0,0,0,0,1,0,0,0,0,0,0,0,0,0,0,0,0,0,0,0,0,0,0,0,0,0,0,0,0,0,0,0,0,0,0,2020/04/22 00:00:00,2020/04/22 00:00:00,2,3,Unknown,0, ,0, ,0, ,0,0,0,0,1,85,Band
69.8572222220001,28.8491666670001,26892,2020/04/22 00:00:00,00:00,2020/04/22 00:00:00,00:00,No,Late,Punjab,80,Exact,PA,448908,RAMSES38_PAK20-24.XL, ,1,0,1,2,1,0,0,0,0,0,0,0,0,0,0,0,0,0,0,0,0,0,0,0,0,0,0,0,0,0,0,0,0,0,0,0,0,0,0,0,0,0,0,-1,0,0,0,0,1,1,1,0,0,1,0,0,0,0,0,0,0,0,0,0,0,0,0,0,0,0,0,0,0,0,0,0,0,0,0,0,0,0,0,0,0,0,0,0,0,0,0,0,0,0,0,0,0,0,0,0,0,0,0,0,0,0,0,0,0,0,0,0,0,0,0,0,0,0,2020/04/22 00:00:00,2020/04/22 00:00:00,2,3,Unknown,0, ,0, ,0, ,0,0,0,0,1,85,Band
51.5513888890001,28.713611111,26893,2020/04/15 00:00:00,13:15,2020/04/15 00:00:00,13:15,No,Middle,Khaeez,600,Exact,IR,453492,RAMSES38_IRN20-51.XL, ,1,0,1,2,1,0,0,0,0,0,0,0,0,0,0,0,0,0,0,0,0,0,0,0,0,0,0,0,0,0,0,0,0,0,0,0,0,0,0,1,0,0,0,-1,0,0,1,3,1,0,0,0,0,0,0,1,0,0,0,0,0,0,0,0,0,0,0,0,0,0,0,0,0,0,0,0,0,0,0,0,0,0,0,0,0,0,0,0,0,0,0,0,0,0,0,0,0,0,0,0,0,0,0,0,0,0,0,0,0,0,0,0,0,0,0,0,0,0,2020/04/15 00:00:00,2020/04/15 00:00:00,2,2,Malathion,1.5,ha,600,l,400,ha,0,1,0,0,0,90,Band
51.4419444440001,28.782777778,26894,2020/04/16 00:00:00,00:00,2020/04/16 00:00:00,00:00,No,Middle,Bushehr Province,500,Exact,IR,453501,RAMSES38_IRN20-51.XL, ,1,0,1,2,1,0,0,0,0,0,0,0,0,0,0,0,0,0,0,0,0,0,0,0,0,0,0,0,0,0,0,0,0,0,0,0,0,0,0,0,0,0,0,-1,0,0,1,1,1,0,0,0,0,1,0,0,0,0,0,0,0,0,0,0,0,0,0,0,0,0,0,0,0,0,0,0,0,0,0,0,0,0,0,0,0,0,0,0,0,0,0,0,0,0,0,0,0,0,0,0,0,0,0,0,0,0,0,0,0,0,0,0,0,0,0,0,0,0,2020/04/16 00:00:00,2020/04/16 00:00:00,2,2,Unknown,0, ,0, ,0, ,0,0,0,0,1,90,Band
54.2977777780001,26.7972222220001,26895,2020/04/27 00:00:00,10:41,2020/04/27 00:00:00,10:41,No,Late,charak,40,Exact,IR,454203,RAMSES38_IRN20-51.XL, ,1,0,1,2,1,0,0,0,0,0,0,0,0,0,0,0,0,0,0,0,0,0,0,0,0,0,0,0,0,0,0,0,0,0,0,0,0,0,1,0,0,0,0,-1,0,0,0,0,1,3,0,0,3,0,0,1,0,1,1,0,0,1,0,0,0,0,0,0,0,0,0,0,0,0,0,0,0,0,0,0,0,0,0,0,0,0,0,0,0,0,0,0,0,0,0,0,0,0,0,0,0,0,0,0,0,0,0,0,0,0,0,0,0,0,0,0,0,0,2020/04/27 00:00:00,2020/04/27 00:00:00,2,3,Deltamethrin,1,ha,3,l,6,ha,0,1,0,0,0,90,Band
54.086666667,26.843611111,26896,2020/04/27 00:00:00,12:38,2020/04/27 00:00:00,12:38,No,Late,Golshan,40,Exact,IR,454205,RAMSES38_IRN20-51.XL, ,1,0,1,2,1,0,0,0,0,0,0,0,0,0,0,0,0,0,0,0,0,0,0,0,0,0,0,0,0,0,0,0,0,0,0,0,0,0,1,0,0,0,25,-1,0,0,0,0,3,1,0,0,0,0,0,1,0,1,1,0,0,1,0,0,0,0,0,0,0,0,0,0,0,0,0,0,0,0,0,0,0,0,0,0,0,0,0,0,0,0,0,0,0,0,0,0,0,0,0,0,0,0,0,0,0,0,0,0,0,0,0,0,0,0,0,0,0,0,2020/04/27 00:00:00,2020/04/27 00:00:00,2,3,Deltamethrin,1,ha,17,l,17,ha,0,1,0,0,0,90,Band
54.0075,26.8738888890001,26897,2020/04/27 00:00:00,13:23,2020/04/27 00:00:00,13:23,No,Late,Jabri,40,Exact,IR,454206,RAMSES38_IRN20-51.XL, ,1,0,1,2,1,0,0,0,0,0,0,1,0,0,-1,0,0,0,0,0,0,0,0,0,0,0,0,0,1,0,0,0,1,0,0,0,0,0,0,1,0,0,15,-1,0,0,0,0,0,3,1,0,3,0,0,1,0,1,1,0,0,1,0,0,0,0,0,0,0,0,0,0,0,0,0,0,0,0,0,0,0,0,0,0,0,0,0,0,0,0,0,0,0,0,0,0,0,0,0,0,0,0,0,0,0,0,0,0,0,0,0,0,0,0,0,0,0,0,2020/04/27 00:00:00,2020/04/27 00:00:00,2,3,Deltamethrin,1,ha,4,l,4,ha,0,1,0,0,0,90,Band
54.1766666670001,26.835555556,26898,2020/04/27 00:00:00,14:40,2020/04/27 00:00:00,14:40,No,Late,Bahmani,40,Exact,IR,454207,RAMSES38_IRN20-51.XL, ,1,0,1,2,1,0,0,0,0,0,0,0,0,0,0,0,0,0,0,0,0,0,0,0,0,0,0,0,0,0,0,0,0,0,0,0,0,0,0,1,0,0,40,-1,0,0,0,0,0,1,0,0,0,0,0,1,0,1,1,0,0,1,0,0,0,0,0,0,0,0,0,0,0,0,0,0,0,0,0,0,0,0,0,0,0,0,0,0,0,0,0,0,0,0,0,0,0,0,0,0,0,0,0,0,0,0,0,0,0,0,0,0,0,0,0,0,0,0,2020/04/27 00:00:00,2020/04/27 00:00:00,2,3,Deltamethrin,1,ha,37,l,37,ha,0,1,0,0,0,90,Band
57.2458333330001,26.130277778,26899,2020/04/29 00:00:00,00:00,2020/04/29 00:00:00,00:00,No,Late,Hormozgan Province,50,Exact,IR,454216,RAMSES38_IRN20-51.XL, ,1,0,1,2,1,0,0,0,0,0,0,0,0,0,0,0,0,0,0,0,0,0,0,0,0,0,0,0,0,0,0,0,0,0,0,0,0,0,0,0,0,0,0,-1,0,0,1,1,0,0,0,0,0,1,0,0,0,0,0,0,0,0,0,0,0,0,0,0,0,0,0,0,0,0,0,0,0,0,0,0,0,0,0,0,0,0,0,0,0,0,0,0,0,0,0,0,0,0,0,0,0,0,0,0,0,0,0,0,0,0,0,0,0,0,0,0,0,0,2020/04/29 00:00:00,2020/04/29 00:00:00,2,3,Unknown,0, ,0, ,0, ,0,0,0,0,1,10,Band
54.0413888890001,27.010277778,26900,2020/04/29 00:00:00,00:00,2020/04/29 00:00:00,00:00,No,Late,Hormozgan Province,10,Exact,IR,454223,RAMSES38_IRN20-51.XL, ,1,0,1,2,1,0,0,0,0,0,0,0,0,0,0,0,0,0,0,0,0,0,0,0,0,0,0,0,0,0,0,0,0,0,0,0,0,0,0,0,0,0,0,-1,0,0,0,0,0,0,1,0,0,1,0,0,0,0,0,0,0,0,0,0,0,0,0,0,0,0,0,0,0,0,0,0,0,0,0,0,0,0,0,0,0,0,0,0,0,0,0,0,0,0,0,0,0,0,0,0,0,0,0,0,0,0,0,0,0,0,0,0,0,0,0,0,0,0,1899/12/30 00:00:00,1899/12/30 00:00:00,0,0, ,0, ,0, ,0, ,0,0,0,0,0,0,Band
54.0647222220001,27.014166667,26901,2020/04/29 00:00:00,00:00,2020/04/29 00:00:00,00:00,No,Late,Hormozgan Province,10,Exact,IR,454225,RAMSES38_IRN20-51.XL, ,1,0,1,2,1,0,0,0,0,0,0,0,0,0,0,0,0,0,0,0,0,0,0,0,0,0,0,0,0,0,0,0,0,0,0,0,0,0,0,0,0,0,0,-1,0,0,0,0,0,0,1,0,0,1,0,0,0,0,0,0,0,0,0,0,0,0,0,0,0,0,0,0,0,0,0,0,0,0,0,0,0,0,0,0,0,0,0,0,0,0,0,0,0,0,0,0,0,0,0,0,0,0,0,0,0,0,0,0,0,0,0,0,0,0,0,0,0,0,1899/12/30 00:00:00,1899/12/30 00:00:00,0,0, ,0, ,0, ,0, ,0,0,0,0,0,0,Band
57.785,25.9966666670001,26902,2020/04/30 00:00:00,16:01,2020/04/30 00:00:00,16:01,No,Late,Saran,100,Exact,IR,454229,RAMSES38_IRN20-51.XL, ,1,0,1,2,1,0,0,0,0,0,0,1,0,0,-1,0,0,0,0,0,0,0,0,0,0,0,0,0,1,0,0,0,1,0,0,0,0,0,0,1,0,0,1,-1,0,0,0,1,3,0,0,0,0,0,0,1,0,1,1,0,0,1,0,0,0,0,0,0,0,0,0,0,0,0,0,0,0,0,0,0,0,0,0,0,0,0,0,0,0,0,0,0,0,0,0,0,0,0,0,0,0,0,0,0,0,0,0,0,0,0,0,0,0,0,0,0,0,0,1899/12/30 00:00:00,1899/12/30 00:00:00,0,0, ,0, ,0, ,0, ,0,0,0,0,0,0,Band
37.7416666670001,1.49416666700006,26903,2020/04/10 00:00:00,00:00,2020/04/10 00:00:00,00:00,No,Early,Marsabit,10,Exact,KE,445850,RAMSES38_KEN20-48.XL,Spraying done using,1,0,1,2,1,0,0,0,0,0,0,0,0,0,0,0,0,0,0,0,0,0,0,0,0,0,0,0,0,0,0,0,0,0,0,0,0,0,0,0,0,0,0,-1,0,0,0,0,0,1,0,0,0,1,0,0,0,0,0,0,0,0,0,0,0,0,0,0,0,0,0,0,0,0,0,0,0,0,0,0,0,0,0,0,0,0,0,0,0,0,0,0,0,0,0,-1,1,0,0,0,0,0,0,1,0,0,0,0,0,0,0,0,0,0,0,0,0,0,2020/04/10 00:00:00,2020/04/10 00:00:00,2,1,Unknown,1, ,10, ,10,ha,0,0,0,0,1,0,Band
37.73,1.46361111100003,26904,2020/04/10 00:00:00,00:00,2020/04/10 00:00:00,00:00,No,Early,Marsabit,25,Exact,KE,445855,RAMSES38_KEN20-48.XL, ,1,0,1,2,1,0,0,0,0,0,0,0,0,0,0,0,0,0,0,0,0,0,0,0,0,0,0,0,0,0,0,0,0,0,0,0,0,0,0,0,0,0,0,-1,0,0,0,0,0,1,1,0,0,1,0,0,0,0,0,0,0,0,0,0,0,0,0,0,0,0,0,0,0,0,0,0,0,0,0,0,0,0,0,0,0,0,0,0,0,0,0,0,0,0,0,-1,1,0,0,0,0,0,0,1,0,0,0,0,0,0,0,0,0,0,0,0,0,0,2020/04/10 00:00:00,2020/04/10 00:00:00,2,1,Unknown,1, ,25, ,25,ha,0,0,0,0,1,0,Band
49.8091666670001,26.4952777780001,26905,2020/04/08 00:00:00,07:15,2020/04/08 00:00:00,07:15,No,Early,DAMMAM AIRPORT,200,Exact,SA,446389,RAMSES38_SAU20-19.XL, ,1,0,1,2,1,0,0,0,0,0,0,0,0,0,0,0,0,0,0,0,0,0,0,0,0,0,0,0,0,0,0,0,0,0,0,0,0,0,0,1,0,0,30,-1,0,0,0,1,3,0,0,0,0,0,0,1,0,0.02,0.02,0,1,0,0,0,0,0,0,0,0,0,0,0,0,0,0,0,0,0,0,0,0,0,0,0,0,0,0,0,0,0,0,0,0,0,0,0,0,0,0,0,0,0,0,0,0,0,0,0,0,0,0,0,0,0,0,0,0,0,2020/04/08 00:00:00,2020/04/08 00:00:00,2,1,Fenitrothion,1,ha,100,l,100,ha,0,1,0,0,0,85,Band
51.571388889,24.1227777780001,26906,2020/04/08 00:00:00,08:00,2020/04/08 00:00:00,08:00,No,Early,ALBATHA,300,Exact,SA,446390,RAMSES38_SAU20-19.XL, ,1,0,1,2,1,0,0,0,0,0,0,0,0,0,0,0,0,0,0,0,0,0,0,0,0,0,0,0,0,0,0,0,0,0,0,0,0,0,0,1,0,0,30,-1,0,0,0,1,3,0,0,0,0,0,0,0,1,0.029999999,0.029999999,0,1,0,0,0,0,0,0,0,0,0,0,0,0,0,0,0,0,0,0,0,0,0,0,0,0,0,0,0,0,0,0,0,0,0,0,0,0,0,0,0,0,0,0,0,0,0,0,0,0,0,0,0,0,0,0,0,0,0,2020/04/08 00:00:00,2020/04/08 00:00:00,2,1,Fenitrothion,1,ha,300,l,300,ha,0,1,0,0,0,85,Band
50.210277778,25.642222222,26907,2020/04/08 00:00:00,10:46,2020/04/08 00:00:00,10:46,No,Early,ALAKER,400,Exact,SA,446391,RAMSES38_SAU20-19.XL, ,1,0,1,2,1,0,0,0,0,0,0,0,0,0,0,0,0,0,0,0,0,0,0,0,0,0,0,0,0,0,0,0,0,0,0,0,0,0,0,1,0,0,25,-1,0,0,0,1,3,0,0,0,0,0,0,1,0,0.029999999,0.029999999,0,1,0,0,0,0,0,0,0,0,0,0,0,0,0,0,0,0,0,0,0,0,0,0,0,0,0,0,0,0,0,0,0,0,0,0,0,0,0,0,0,0,0,0,0,0,0,0,0,0,0,0,0,0,0,0,0,0,0,2020/04/08 00:00:00,2020/04/08 00:00:00,2,1,Fenitrothion,1,ha,200,l,200,ha,0,1,0,0,0,85,Band
49.5558333330001,25.9786111110001,26908,2020/04/09 00:00:00,08:04,2020/04/09 00:00:00,08:04,No,Early,AEN DAR,300,Exact,SA,446392,RAMSES38_SAU20-19.XL, ,1,0,1,2,1,0,0,0,0,0,0,0,0,0,0,0,0,0,0,0,0,0,0,0,0,0,0,0,0,0,0,0,0,0,0,0,0,0,0,1,0,0,40,-1,0,0,0,1,3,0,0,0,0,0,0,1,0,0.029999999,0.029999999,0,1,0,0,0,0,0,0,0,0,0,0,0,0,0,0,0,0,0,0,0,0,0,0,0,0,0,0,0,0,0,0,0,0,0,0,0,0,0,0,0,0,0,0,0,0,0,0,0,0,0,0,0,0,0,0,0,0,0,2020/04/09 00:00:00,2020/04/09 00:00:00,2,1,Fenitrothion,1,ha,150,l,150,ha,0,1,0,0,0,85,Band
48.758888889,25.889166667,26909,2020/04/09 00:00:00,10:33,2020/04/09 00:00:00,10:33,No,Early,WEST AREAARAH,200,Exact,SA,446393,RAMSES38_SAU20-19.XL, ,1,0,1,2,1,0,0,0,0,0,0,0,0,0,0,0,0,0,0,0,0,0,0,0,0,0,0,0,0,0,0,0,0,0,0,0,0,0,0,1,0,0,10,-1,0,0,0,1,3,0,0,0,0,0,0,1,0,0.0049999999,0.0049999999,0,1,0,0,0,0,0,0,0,0,0,0,0,0,0,0,0,0,0,0,0,0,0,0,0,0,0,0,0,0,0,0,0,0,0,0,0,0,0,0,0,0,0,0,0,0,0,0,0,0,0,0,0,0,0,0,0,0,0,2020/04/09 00:00:00,2020/04/09 00:00:00,2,1,Fenitrothion,1,ha,100,l,100,ha,0,1,0,0,0,85,Band
50.1816666670001,25.6755555560001,26910,2020/04/09 00:00:00,10:49,2020/04/09 00:00:00,10:49,No,Early,ALAKER,500,Exact,SA,446394,RAMSES38_SAU20-19.XL, ,1,0,1,2,1,0,0,0,0,0,0,0,0,0,0,0,0,0,0,0,0,0,0,0,0,0,0,0,0,0,0,0,0,0,0,0,0,0,0,1,0,0,23,-1,0,0,0,1,3,0,0,0,0,0,0,1,0,0.029999999,0.029999999,0,1,0,0,0,0,0,0,0,0,0,0,0,0,0,0,0,0,0,0,0,0,0,0,0,0,0,0,0,0,0,0,0,0,0,0,0,0,0,0,0,0,0,0,0,0,0,0,0,0,0,0,0,0,0,0,0,0,0,2020/04/09 00:00:00,2020/04/09 00:00:00,2,1,Fenitrothion,1,ha,200,l,200,ha,0,1,0,0,0,85,Band
49.4894444440001,26.1922222220001,26911,2020/04/09 00:00:00,11:23,2020/04/09 00:00:00,11:23,No,Early,SALASL,400,Exact,SA,446395,RAMSES38_SAU20-19.XL, ,1,0,1,2,1,0,0,0,0,0,0,0,0,0,0,0,0,0,0,0,0,0,0,0,0,0,0,0,0,0,0,0,0,0,0,0,0,0,0,1,0,0,24,-1,0,0,0,1,3,0,0,0,0,0,0,1,0,0.02,0.02,0,1,0,0,0,0,0,0,0,0,0,0,0,0,0,0,0,0,0,0,0,0,0,0,0,0,0,0,0,0,0,0,0,0,0,0,0,0,0,0,0,0,0,0,0,0,0,0,0,0,0,0,0,0,0,0,0,0,0,2020/04/09 00:00:00,2020/04/09 00:00:00,2,1,Fenitrothion,1,ha,200,l,200,ha,0,1,0,0,0,85,Band
49.4397222220001,26.075555556,26912,2020/04/10 00:00:00,09:08,2020/04/10 00:00:00,09:08,No,Early,SALASEL,300,Exact,SA,446397,RAMSES38_SAU20-19.XL, ,1,0,1,2,1,0,0,0,0,0,0,0,0,0,0,0,0,0,0,0,0,0,0,0,0,0,0,0,0,0,0,0,0,0,0,0,0,0,0,1,0,0,20,-1,0,0,0,1,3,0,0,0,0,0,0,1,0,0.02,0.02,0,1,0,0,0,0,0,0,0,0,0,0,0,0,0,0,0,0,0,0,0,0,0,0,0,0,0,0,0,0,0,0,0,0,0,0,0,0,0,0,0,0,0,0,0,0,0,0,0,0,0,0,0,0,0,0,0,0,0,2020/04/10 00:00:00,2020/04/10 00:00:00,2,1,Fenitrothion,1,ha,100,l,100,ha,0,1,0,0,0,85,Band
49.3738888890001,25.9922222220001,26913,2020/04/10 00:00:00,11:20,2020/04/10 00:00:00,11:20,No,Early,EAN DAR,400,Exact,SA,446398,RAMSES38_SAU20-19.XL, ,1,0,1,2,1,0,0,0,0,0,0,0,0,0,0,0,0,0,0,0,0,0,0,0,0,0,0,0,0,0,0,0,0,0,0,0,0,0,0,1,0,0,13,-1,0,0,0,1,3,0,0,0,0,0,0,1,0,0.0099999998,0.0099999998,0,1,0,0,0,0,0,0,0,0,0,0,0,0,0,0,0,0,0,0,0,0,0,0,0,0,0,0,0,0,0,0,0,0,0,0,0,0,0,0,0,0,0,0,0,0,0,0,0,0,0,0,0,0,0,0,0,0,0,2020/04/10 00:00:00,2020/04/10 00:00:00,2,1,Fenitrothion,1,ha,100,l,100,ha,0,1,0,0,0,85,Band
49.766944444,26.4372222220001,26914,2020/04/06 00:00:00,09:05,2020/04/06 00:00:00,09:05,No,Early,aldammam,500,Exact,SA,446404,RAMSES38_SAU20-19.XL, ,1,0,1,2,1,0,0,0,0,0,0,0,0,0,0,0,0,0,0,0,0,0,0,0,0,0,0,0,0,0,0,0,0,0,0,0,0,0,0,1,0,0,10,-1,0,0,0,1,3,0,0,0,0,0,0,1,0,0.02,0.02,0,1,0,0,0,0,0,0,0,0,0,0,0,0,0,0,0,0,0,0,0,0,0,0,0,0,0,0,0,0,0,0,0,0,0,0,0,0,0,0,0,0,0,0,0,0,0,0,0,0,0,0,0,0,0,0,0,0,0,2020/04/06 00:00:00,2020/04/06 00:00:00,2,1,Deltamethrin,1,ha,200,l,200,ha,0,1,0,0,0,95,Band
49.764166667,26.4966666670001,26915,2020/04/07 00:00:00,10:35,2020/04/07 00:00:00,10:35,No,Early,aldmamm,400,Exact,SA,446437,RAMSES38_SAU20-19.XL, ,1,0,1,2,1,0,0,0,0,0,0,0,0,0,0,0,0,0,0,0,0,0,0,0,0,0,0,0,0,0,0,0,0,0,0,0,0,0,0,1,0,0,10,-1,0,0,0,1,3,0,0,0,0,0,0,1,0,0.0099999998,0.0099999998,0,1,0,0,0,0,0,0,0,0,0,0,0,0,0,0,0,0,0,0,0,0,0,0,0,0,0,0,0,0,0,0,0,0,0,0,0,0,0,0,0,0,0,0,0,0,0,0,0,0,0,0,0,0,0,0,0,0,0,2020/04/07 00:00:00,2020/04/07 00:00:00,2,1,Lambdacyhalothrin,1,ha,250,l,250,ha,0,1,0,0,0,90,Band
49.774166667,26.456111111,26916,2020/04/07 00:00:00,10:35,2020/04/07 00:00:00,10:35,No,Early,Damam,500,Exact,SA,446438,RAMSES38_SAU20-19.XL, ,1,0,1,2,1,0,0,0,0,0,0,0,0,0,0,0,0,0,0,0,0,0,0,0,0,0,0,0,0,0,0,0,0,0,0,0,0,0,0,1,0,0,50,-1,0,0,0,1,3,0,0,0,0,0,0,1,0,1,1,0,0,1,0,0,0,0,0,0,0,0,0,0,0,0,0,0,0,0,0,0,0,0,0,0,0,0,0,0,0,0,0,0,0,0,0,0,0,0,0,0,0,0,0,0,0,0,0,0,0,0,0,0,0,0,0,0,0,0,2020/04/07 00:00:00,2020/04/07 00:00:00,2,1,Lambdacyhalothrin,1,ha,110,l,110,ha,0,1,0,0,0,95,Band
49.1861111110001,26.8088888890001,26917,2020/04/06 00:00:00,07:18,2020/04/06 00:00:00,07:18,No,Early,ALJUBEL,400,Exact,SA,446462,RAMSES38_SAU20-19.XL, ,1,0,1,2,1,0,0,0,0,0,0,0,0,0,0,0,0,0,0,0,0,0,0,0,0,0,0,0,0,0,0,0,0,0,0,0,0,0,0,1,0,0,30,-1,0,0,0,1,3,0,0,0,0,0,0,1,0,0.029999999,0.029999999,0,1,0,0,0,0,0,0,0,0,0,0,0,0,0,0,0,0,0,0,0,0,0,0,0,0,0,0,0,0,0,0,0,0,0,0,0,0,0,0,0,0,0,0,0,0,0,0,0,0,0,0,0,0,0,0,0,0,0,2020/04/06 00:00:00,2020/04/06 00:00:00,2,1,Fenitrothion,1,ha,300,l,300,ha,0,1,0,0,0,85,Band
51.5366666670001,24.092222222,26918,2020/04/06 00:00:00,07:55,2020/04/06 00:00:00,07:55,No,Early,ALBATHA,400,Exact,SA,446463,RAMSES38_SAU20-19.XL, ,1,0,1,2,1,0,0,0,0,0,0,0,0,0,0,0,0,0,0,0,0,0,0,0,0,0,0,0,0,0,0,0,0,0,0,0,0,0,0,1,0,0,10,-1,0,0,0,1,3,0,0,0,0,0,0,0,1,0.0099999998,0.0099999998,0,1,0,0,0,0,0,0,0,0,0,0,0,0,0,0,0,0,0,0,0,0,0,0,0,0,0,0,0,0,0,0,0,0,0,0,0,0,0,0,0,0,0,0,0,0,0,0,0,0,0,0,0,0,0,0,0,0,0,2020/04/06 00:00:00,2020/04/06 00:00:00,2,1,Fenitrothion,1,ha,100,l,100,ha,0,1,0,0,0,85,Band
48.8588888890001,26.025555556,26919,2020/04/06 00:00:00,08:29,2020/04/06 00:00:00,08:29,No,Early,OM RABEAAH,600,Exact,SA,446464,RAMSES38_SAU20-19.XL, ,1,0,1,2,1,0,0,0,0,0,0,0,0,0,0,0,0,0,0,0,0,0,0,0,0,0,0,0,0,0,0,0,0,0,0,0,0,0,0,1,0,0,32,-1,0,0,0,1,3,0,0,0,0,0,0,1,0,0.029999999,0.029999999,0,1,0,0,0,0,0,0,0,0,0,0,0,0,0,0,0,0,0,0,0,0,0,0,0,0,0,0,0,0,0,0,0,0,0,0,0,0,0,0,0,0,0,0,0,0,0,0,0,0,0,0,0,0,0,0,0,0,0,2020/04/06 00:00:00,2020/04/06 00:00:00,2,1,Fenitrothion,1,ha,300,l,300,ha,0,1,0,0,0,85,Band
48.6755555560001,24.958888889,26920,2020/04/06 00:00:00,09:02,2020/04/06 00:00:00,09:02,No,Early,ALHENE,400,Exact,SA,446474,RAMSES38_SAU20-19.XL, ,1,0,1,2,1,0,0,0,0,0,0,0,0,0,0,0,0,0,0,0,0,0,0,0,0,0,0,0,0,0,0,0,0,0,0,0,0,0,0,1,0,0,20,-1,0,0,0,1,3,0,0,0,0,0,0,0,1,0.029999999,0.029999999,0,1,0,0,0,0,0,0,0,0,0,0,0,0,0,0,0,0,0,0,0,0,0,0,0,0,0,0,0,0,0,0,0,0,0,0,0,0,0,0,0,0,0,0,0,0,0,0,0,0,0,0,0,0,0,0,0,0,0,2020/04/06 00:00:00,2020/04/06 00:00:00,2,1,Fenitrothion,1,ha,300,l,300,ha,0,1,0,0,0,85,Band
49.841388889,26.4755555560001,26921,2020/04/06 00:00:00,09:10,2020/04/06 00:00:00,09:10,No,Early,ALDAMAM,300,Exact,SA,446475,RAMSES38_SAU20-19.XL, ,1,0,1,2,1,0,0,0,0,0,0,0,0,0,0,0,0,0,0,0,0,0,0,0,0,0,0,0,0,0,0,0,0,0,0,0,0,0,0,1,0,0,30,-1,0,0,0,1,3,0,0,0,0,0,0,1,0,0.029999999,0.029999999,0,1,0,0,0,0,0,0,0,0,0,0,0,0,0,0,0,0,0,0,0,0,0,0,0,0,0,0,0,0,0,0,0,0,0,0,0,0,0,0,0,0,0,0,0,0,0,0,0,0,0,0,0,0,0,0,0,0,0,2020/04/06 00:00:00,2020/04/06 00:00:00,2,1,Fenitrothion,1,ha,300,l,300,ha,0,1,0,0,0,85,Band
48.6897222220001,26.4952777780001,26922,2020/04/06 00:00:00,09:36,2020/04/06 00:00:00,09:36,No,Early,SHAFIAH,400,Exact,SA,446476,RAMSES38_SAU20-19.XL, ,1,0,1,2,1,0,0,0,0,0,0,0,0,0,0,0,0,0,0,0,0,0,0,0,0,0,0,0,0,0,0,0,0,0,0,0,0,0,0,1,0,0,30,-1,0,0,0,1,3,0,0,0,0,0,0,1,0,0.02,0.02,0,1,0,0,0,0,0,0,0,0,0,0,0,0,0,0,0,0,0,0,0,0,0,0,0,0,0,0,0,0,0,0,0,0,0,0,0,0,0,0,0,0,0,0,0,0,0,0,0,0,0,0,0,0,0,0,0,0,0,2020/04/06 00:00:00,2020/04/06 00:00:00,2,1,Fenitrothion,1,ha,300,l,300,ha,0,1,0,0,0,85,Band
49.0452777780001,25.908888889,26923,2020/04/06 00:00:00,10:21,2020/04/06 00:00:00,10:21,No,Early,OM ALARAD,700,Exact,SA,446477,RAMSES38_SAU20-19.XL, ,1,0,1,2,1,0,0,0,0,0,0,0,0,0,0,0,0,0,0,0,0,0,0,0,0,0,0,0,0,0,0,0,0,0,0,0,0,0,0,1,0,0,10,-1,0,0,0,1,3,0,0,0,0,0,0,1,0,0.0099999998,0.0099999998,0,1,0,0,0,0,0,0,0,0,0,0,0,0,0,0,0,0,0,0,0,0,0,0,0,0,0,0,0,0,0,0,0,0,0,0,0,0,0,0,0,0,0,0,0,0,0,0,0,0,0,0,0,0,0,0,0,0,0,2020/04/06 00:00:00,2020/04/06 00:00:00,2,1,Fenitrothion,1,ha,150,l,150,ha,0,1,0,0,0,85,Band
47.533333333,27.516388889,26924,2020/04/06 00:00:00,10:40,2020/04/06 00:00:00,10:40,No,Early,QARIAH OLIA,400,Exact,SA,446478,RAMSES38_SAU20-19.XL, ,1,0,1,2,1,0,0,0,0,0,0,0,0,0,0,0,0,0,0,0,0,0,0,0,0,0,0,0,0,0,0,0,0,0,0,0,0,0,0,1,0,0,30,-1,0,0,0,1,3,0,0,0,0,0,0,1,0,0.02,0.02,0,1,0,0,0,0,0,0,0,0,0,0,0,0,0,0,0,0,0,0,0,0,0,0,0,0,0,0,0,0,0,0,0,0,0,0,0,0,0,0,0,0,0,0,0,0,0,0,0,0,0,0,0,0,0,0,0,0,0,2020/04/06 00:00:00,2020/04/06 00:00:00,2,1,Fenitrothion,1,ha,200,l,200,ha,0,1,0,0,0,85,Band
48.4933333330001,27.512222222,26925,2020/04/06 00:00:00,11:29,2020/04/06 00:00:00,11:29,No,Early,ALNEARIAH,300,Exact,SA,446479,RAMSES38_SAU20-19.XL, ,1,0,1,2,1,0,0,0,0,0,0,0,0,0,0,0,0,0,0,0,0,0,0,0,0,0,0,0,0,0,0,0,0,0,0,0,0,0,0,1,0,0,30,-1,0,0,0,1,3,0,0,0,0,0,0,1,0,0.0099999998,0.0099999998,0,1,0,0,0,0,0,0,0,0,0,0,0,0,0,0,0,0,0,0,0,0,0,0,0,0,0,0,0,0,0,0,0,0,0,0,0,0,0,0,0,0,0,0,0,0,0,0,0,0,0,0,0,0,0,0,0,0,0,2020/04/06 00:00:00,2020/04/06 00:00:00,2,1,Fenitrothion,1,ha,200,l,200,ha,0,1,0,0,0,85,Band
48.6286111110001,26.586944444,26926,2020/04/06 00:00:00,11:39,2020/04/06 00:00:00,11:39,No,Early,HANED,200,Exact,SA,446480,RAMSES38_SAU20-19.XL, ,1,0,1,2,1,0,0,0,0,0,0,0,0,0,0,0,0,0,0,0,0,0,0,0,0,0,0,0,0,0,0,0,0,0,0,0,0,0,0,1,0,0,16,-1,0,0,0,1,3,0,0,0,0,0,0,1,0,0.029999999,0.029999999,0,1,0,0,0,0,0,0,0,0,0,0,0,0,0,0,0,0,0,0,0,0,0,0,0,0,0,0,0,0,0,0,0,0,0,0,0,0,0,0,0,0,0,0,0,0,0,0,0,0,0,0,0,0,0,0,0,0,0,2020/04/06 00:00:00,2020/04/06 00:00:00,2,1,Fenitrothion,1,ha,300,l,300,ha,0,1,0,0,0,85,Band
48.9952777780001,25.945277778,26927,2020/04/07 00:00:00,01:24,2020/04/07 00:00:00,01:24,No,Early,OM ALARAD 1,200,Exact,SA,446481,RAMSES38_SAU20-19.XL, ,1,0,1,2,1,0,0,0,0,0,0,0,0,0,0,0,0,0,0,0,0,0,0,0,0,0,0,0,0,0,0,0,0,0,0,0,0,0,0,1,0,0,15,-1,0,0,0,1,3,0,0,0,0,0,0,1,0,0.02,0.02,0,1,0,0,0,0,0,0,0,0,0,0,0,0,0,0,0,0,0,0,0,0,0,0,0,0,0,0,0,0,0,0,0,0,0,0,0,0,0,0,0,0,0,0,0,0,0,0,0,0,0,0,0,0,0,0,0,0,0,2020/04/07 00:00:00,2020/04/07 00:00:00,2,1,Fenitrothion,1,ha,100,l,100,ha,0,1,0,0,0,85,Band
51.462222222,24.1755555560001,26928,2020/04/07 00:00:00,07:57,2020/04/07 00:00:00,07:57,No,Early,ALKWEFERAH,400,Exact,SA,446482,RAMSES38_SAU20-19.XL, ,1,0,1,2,1,0,0,0,0,0,0,0,0,0,0,0,0,0,0,0,0,0,0,0,0,0,0,0,0,0,0,0,0,0,0,0,0,0,0,1,0,0,20,-1,0,0,0,3,1,0,0,0,0,0,0,1,0,0.0099999998,0.0099999998,0,1,0,0,0,0,0,0,0,0,0,0,0,0,0,0,0,0,0,0,0,0,0,0,0,0,0,0,0,0,0,0,0,0,0,0,0,0,0,0,0,0,0,0,0,0,0,0,0,0,0,0,0,0,0,0,0,0,0,2020/04/07 00:00:00,2020/04/07 00:00:00,2,1,Fenitrothion,1,ha,150,l,150,ha,0,1,0,0,0,85,Band
46.6580555560001,22.3425,26929,2020/04/08 00:00:00,10:50,2020/04/08 00:00:00,10:50,No,Early,AL HADAFAH,500,Exact,SA,446484,RAMSES38_SAU20-19.XL, ,1,0,1,2,1,0,0,0,0,0,0,0,0,0,0,0,0,0,0,0,0,0,0,0,0,0,0,0,0,0,0,0,0,0,0,0,0,0,0,1,0,0,5,-1,0,0,1,0,0,0,0,0,0,0,0,0,1,0.0049999999,0.0049999999,0,1,0,0,0,0,0,0,0,0,0,0,0,0,0,0,0,0,0,0,0,0,0,0,0,0,0,0,0,0,0,0,0,0,0,0,0,0,0,0,0,0,0,0,0,0,0,0,0,0,0,0,0,0,0,0,0,0,0,2020/04/08 00:00:00,2020/04/08 00:00:00,2,1,Fenitrothion,1,ha,180,l,180,ha,0,1,0,0,0,95,Band
71.9263888890001,31.3005555560001,26930,2020/04/09 00:00:00,00:00,2020/04/09 00:00:00,00:00,No,Early,Punjab,50,Exact,PA,445912,RAMSES38_PAK20-21.XL, ,1,0,1,2,1,0,0,0,0,0,0,0,0,0,0,0,0,0,0,0,0,0,0,0,0,0,0,0,0,0,0,0,0,0,0,0,0,0,0,0,0,0,0,-1,0,0,0,0,1,0,0,0,0,1,0,0,0,0,0,0,0,0,0,0,0,0,0,0,0,0,0,0,0,0,0,0,0,0,0,0,0,0,0,0,0,0,0,0,0,0,0,0,0,0,0,0,0,0,0,0,0,0,0,0,0,0,0,0,0,0,0,0,0,0,0,0,0,0,2020/04/09 00:00:00,2020/04/09 00:00:00,2,1,Unknown,0, ,0, ,0, ,0,0,0,0,1,85,Band
48.650833333,26.705555556,26931,2020/04/08 00:00:00,11:18,2020/04/08 00:00:00,11:18,No,Early,Al srar,200,Exact,SA,446487,RAMSES38_SAU20-19.XL, ,1,0,1,2,1,0,0,0,0,0,0,0,0,0,0,0,0,0,0,0,0,0,0,0,0,0,0,0,0,0,0,0,0,0,20,120,0,0,0,1,1,0,40,-1,0,0,1,3,1,0,0,0,0,0,0,0,1,1,1,0,0,1,0,0,0,0,0,0,0,0,0,0,0,0,0,0,0,0,0,0,0,0,0,0,0,0,0,0,0,0,0,0,0,0,0,0,0,0,0,0,0,0,0,0,0,0,0,0,0,0,0,0,0,0,0,0,0,0,2020/04/08 00:00:00,2020/04/08 00:00:00,2,1,Lambdacyhalothrin,1,ha,100,l,100,ha,0,1,0,0,0,90,Band
48.3875,26.9902777780001,26932,2020/04/08 00:00:00,19:24,2020/04/08 00:00:00,19:24,No,Early,Atiq,400,Exact,SA,446491,RAMSES38_SAU20-19.XL, ,1,0,1,2,1,0,0,0,0,0,0,0,0,0,0,0,0,0,0,0,0,0,0,0,0,0,0,0,0,0,0,0,0,0,0,0,0,0,0,0,1,0,40,-1,0,0,3,1,0,0,0,0,0,0,0,0,1,0.02,0.02,0,1,0,0,0,0,0,0,0,0,0,0,0,0,0,0,0,0,0,0,0,0,0,0,0,0,0,0,0,0,0,0,0,0,0,0,0,0,0,0,0,0,0,0,0,0,0,0,0,0,0,0,0,0,0,0,0,0,0,2020/04/08 00:00:00,2020/04/08 00:00:00,2,1,Lambdacyhalothrin,1,ha,30,l,30,ha,0,1,0,0,0,90,Band
49.779166667,26.5083333330001,26933,2020/04/09 00:00:00,07:27,2020/04/09 00:00:00,07:27,No,Early,Al damam,400,Exact,SA,446492,RAMSES38_SAU20-19.XL, ,1,0,1,2,1,0,0,0,0,0,0,0,0,0,0,0,0,0,0,0,0,0,0,0,0,0,0,0,0,0,0,0,0,0,0,0,0,0,0,1,0,0,15,-1,0,0,0,1,0,0,0,0,0,0,0,0,1,0.0099999998,0.0099999998,0,1,0,0,0,0,0,0,0,0,0,0,0,0,0,0,0,0,0,0,0,0,0,0,0,0,0,0,0,0,0,0,0,0,0,0,0,0,0,0,0,0,0,0,0,0,0,0,0,0,0,0,0,0,0,0,0,0,0,2020/04/09 00:00:00,2020/04/09 00:00:00,2,1,Lambdacyhalothrin,1,ha,100,l,100,ha,0,1,0,0,0,90,Band
48.6791666670001,26.7,26934,2020/04/09 00:00:00,09:13,2020/04/09 00:00:00,09:13,No,Early,Al Aqir,800,Exact,SA,446493,RAMSES38_SAU20-19.XL, ,1,0,1,2,1,0,0,0,0,0,0,0,0,0,0,0,0,0,0,0,0,0,0,0,0,0,0,0,0,0,0,0,0,0,0,0,0,0,1,0,0,0,7,-1,0,0,3,1,0,0,0,0,0,0,0,0,1,2,2,0,0,1,0,0,0,0,0,0,0,0,0,0,0,0,0,0,0,0,0,0,0,0,0,0,0,0,0,0,0,0,0,0,0,0,0,0,0,0,0,0,0,0,0,0,0,0,0,0,0,0,0,0,0,0,0,0,0,0,2020/04/09 00:00:00,2020/04/09 00:00:00,2,1,Lambdacyhalothrin,1,ha,50,l,50,ha,0,1,0,0,0,85,Band
49.6358333330001,26.5108333330001,26935,2020/04/09 00:00:00,09:42,2020/04/09 00:00:00,09:42,No,Early,Al damam,200,Exact,SA,446494,RAMSES38_SAU20-19.XL, ,1,0,1,2,1,0,0,0,0,0,0,0,0,0,0,0,0,0,0,0,0,0,0,0,0,0,0,0,0,0,0,0,0,0,0,0,0,0,1,0,0,0,4,-1,0,1,0,0,3,0,0,0,0,0,0,1,0,0.0099999998,0.0099999998,0,1,0,0,0,0,0,0,0,0,0,0,0,0,0,0,0,0,0,0,0,0,0,0,0,0,0,0,0,0,0,0,0,0,0,0,0,0,0,0,0,0,0,0,0,0,0,0,0,0,0,0,0,0,0,0,0,0,0,2020/04/09 00:00:00,2020/04/09 00:00:00,2,1,Lambdacyhalothrin,1,ha,100,l,100,ha,0,1,0,0,0,85,Band
36.833333333,5.45,26936,2020/04/11 00:00:00,08:55,2020/04/11 00:00:00,08:55,No,Middle,Bofo,24,Exact,ET,446513,RAMSES38_ETH20-33.XL, ,1,0,1,2,1,0,0,0,0,0,0,0,0,0,0,0,0,0,0,0,0,0,0,0,0,0,0,0,0,0,0,0,0,0,0,0,0,0,0,0,0,0,0,-1,0,0,0,0,0,1,0,0,0,0,0,1,0,0,0,0,0,0,0,0,0,0,0,0,0,0,0,0,0,0,0,0,0,0,0,0,0,0,0,0,0,0,0,0,0,0,0,0,0,0,0,0,0,0,0,0,0,0,0,0,0,0,0,0,0,0,0,0,0,0,0,0,0,0,2020/04/11 00:00:00,2020/04/11 00:00:00,2,2,Other,1, ,8, ,8,ha,0,0,0,0,1,0,Band
36.716666667,5.46666666700003,26937,2020/04/11 00:00:00,09:01,2020/04/11 00:00:00,09:01,No,Middle,Shaba,53,Exact,ET,446514,RAMSES38_ETH20-33.XL, ,1,0,1,2,1,0,0,0,0,0,0,0,0,0,0,0,0,0,0,0,0,0,0,0,0,0,0,0,0,0,0,0,0,0,0,0,0,0,0,0,0,0,0,-1,0,0,0,0,0,0,1,0,0,0,0,1,0,0,0,0,0,0,0,0,0,0,0,0,0,0,0,0,0,0,0,0,0,0,0,0,0,0,0,0,0,0,0,0,0,0,0,0,0,0,0,0,0,0,0,0,0,0,0,0,0,0,0,0,0,0,0,0,0,0,0,0,0,0,2020/04/11 00:00:00,2020/04/11 00:00:00,2,2,Other,1, ,16, ,16,ha,0,0,0,0,1,0,Band
36.766666667,5.35,26938,2020/04/11 00:00:00,09:07,2020/04/11 00:00:00,09:07,No,Middle,Shala,540,Exact,ET,446515,RAMSES38_ETH20-33.XL, ,1,0,1,2,1,0,0,0,0,0,0,0,0,0,0,0,0,0,0,0,0,0,0,0,0,0,0,0,0,0,0,0,0,0,0,0,0,0,0,0,0,0,0,-1,0,0,0,0,0,0,1,0,0,0,0,1,0,0,0,0,0,0,0,0,0,0,0,0,0,0,0,0,0,0,0,0,0,0,0,0,0,0,0,0,0,0,0,0,0,0,0,0,0,0,0,0,0,0,0,0,0,0,0,0,0,0,0,0,0,0,0,0,0,0,0,0,0,0,2020/04/11 00:00:00,2020/04/11 00:00:00,2,2,Chlorpyrifos,1,ha,532,l,532,ha,0,1,0,0,0,0,Band
36.783333333,5.36666666700006,26939,2020/04/11 00:00:00,09:10,2020/04/11 00:00:00,09:10,No,Middle,Uffi,97,Exact,ET,446516,RAMSES38_ETH20-33.XL, ,1,0,1,2,1,0,0,0,0,0,0,0,0,0,0,0,0,0,0,0,0,0,0,0,0,0,0,0,0,0,0,0,0,0,0,0,0,0,0,0,0,0,0,-1,0,0,0,0,0,0,1,0,0,0,0,1,0,0,0,0,0,0,0,0,0,0,0,0,0,0,0,0,0,0,0,0,0,0,0,0,0,0,0,0,0,0,0,0,0,0,0,0,0,0,0,0,0,0,0,0,0,0,0,0,0,0,0,0,0,0,0,0,0,0,0,0,0,0,2020/04/11 00:00:00,2020/04/11 00:00:00,2,2,Other,1, ,16, ,16,ha,0,0,0,0,1,0,Band
36.816666667,5.36666666700006,26940,2020/04/11 00:00:00,09:11,2020/04/11 00:00:00,09:11,No,Middle,Aymele.,131,Exact,ET,446517,RAMSES38_ETH20-33.XL, ,1,0,1,2,1,0,0,0,0,0,0,0,0,0,0,0,0,0,0,0,0,0,0,0,0,0,0,0,0,0,0,0,0,0,0,0,0,0,0,0,0,0,0,-1,0,0,0,0,0,0,1,0,0,0,0,1,0,0,0,0,0,0,0,0,0,0,0,0,0,0,0,0,0,0,0,0,0,0,0,0,0,0,0,0,0,0,0,0,0,0,0,0,0,0,0,0,0,0,0,0,0,0,0,0,0,0,0,0,0,0,0,0,0,0,0,0,0,0,2020/04/11 00:00:00,2020/04/11 00:00:00,2,2,Other,1, ,16, ,16,ha,0,0,0,0,1,0,Band
36.7,5.35,26941,2020/04/11 00:00:00,09:21,2020/04/11 00:00:00,09:21,No,Middle,Wuriri,28,Exact,ET,446518,RAMSES38_ETH20-33.XL, ,1,0,1,2,1,0,0,0,0,0,0,0,0,0,0,0,0,0,0,0,0,0,0,0,0,0,0,0,0,0,0,0,0,0,0,0,0,0,0,0,0,0,0,-1,0,0,0,0,0,0,1,0,0,0,0,1,0,0,0,0,0,0,0,0,0,0,0,0,0,0,0,0,0,0,0,0,0,0,0,0,0,0,0,0,0,0,0,0,0,0,0,0,0,0,0,0,0,0,0,0,0,0,0,0,0,0,0,0,0,0,0,0,0,0,0,0,0,0,2020/04/11 00:00:00,2020/04/11 00:00:00,2,2,Other,1, ,16, ,16,ha,0,0,0,0,1,0,Band
36.816666667,5.46666666700003,26942,2020/04/12 00:00:00,09:31,2020/04/12 00:00:00,09:31,No,Middle,Citiemba,49,Exact,ET,446529,RAMSES38_ETH20-33.XL, ,1,0,1,2,1,0,0,0,0,0,0,0,0,0,0,0,0,0,0,0,0,0,0,0,0,0,0,0,0,0,0,0,0,0,0,0,0,0,0,0,0,0,0,-1,0,0,0,0,0,1,0,0,0,0,0,1,0,0,0,0,0,0,0,0,0,0,0,0,0,0,0,0,0,0,0,0,0,0,0,0,0,0,0,0,0,0,0,0,0,0,0,0,0,0,0,0,0,0,0,0,0,0,0,0,0,0,0,0,0,0,0,0,0,0,0,0,0,0,2020/04/12 00:00:00,2020/04/12 00:00:00,2,2,Other,1, ,16, ,16,ha,0,0,0,0,1,0,Band
36.7333333330001,5.38333333300005,26943,2020/04/12 00:00:00,09:39,2020/04/12 00:00:00,09:39,No,Middle,OLika kibo,75,Exact,ET,446530,RAMSES38_ETH20-33.XL, ,1,0,1,2,1,0,0,0,0,0,0,0,0,0,0,0,0,0,0,0,0,0,0,0,0,0,0,0,0,0,0,0,0,0,0,0,0,0,0,0,0,0,0,-1,0,0,0,0,0,1,0,0,0,0,0,1,0,0,0,0,0,0,0,0,0,0,0,0,0,0,0,0,0,0,0,0,0,0,0,0,0,0,0,0,0,0,0,0,0,0,0,0,0,0,0,0,0,0,0,0,0,0,0,0,0,0,0,0,0,0,0,0,0,0,0,0,0,0,2020/04/12 00:00:00,2020/04/12 00:00:00,2,2,Other,1, ,32, ,32,ha,0,0,0,0,1,0,Band
36.716666667,5.86666666700006,26944,2020/04/12 00:00:00,09:42,2020/04/12 00:00:00,09:42,No,Middle,Shaba,69,Exact,ET,446531,RAMSES38_ETH20-33.XL, ,1,0,1,2,1,0,0,0,0,0,0,0,0,0,0,0,0,0,0,0,0,0,0,0,0,0,0,0,0,0,0,0,0,0,0,0,0,0,0,0,0,0,0,-1,0,0,0,0,0,0,1,0,0,0,0,1,0,0,0,0,0,0,0,0,0,0,0,0,0,0,0,0,0,0,0,0,0,0,0,0,0,0,0,0,0,0,0,0,0,0,0,0,0,0,0,0,0,0,0,0,0,0,0,0,0,0,0,0,0,0,0,0,0,0,0,0,0,0,2020/04/12 00:00:00,2020/04/12 00:00:00,2,2,Other,1, ,32, ,32,ha,0,0,0,0,1,0,Band
36.816666667,5.15,26945,2020/04/12 00:00:00,09:45,2020/04/12 00:00:00,09:45,No,Middle,Shala,88,Exact,ET,446532,RAMSES38_ETH20-33.XL, ,1,0,1,2,1,0,0,0,0,0,0,0,0,0,0,0,0,0,0,0,0,0,0,0,0,0,0,0,0,0,0,0,0,0,0,0,0,0,0,0,0,0,0,-1,0,0,0,0,0,0,1,0,0,0,0,1,0,0,0,0,0,0,0,0,0,0,0,0,0,0,0,0,0,0,0,0,0,0,0,0,0,0,0,0,0,0,0,0,0,0,0,0,0,0,0,0,0,0,0,0,0,0,0,0,0,0,0,0,0,0,0,0,0,0,0,0,0,0,2020/04/12 00:00:00,2020/04/12 00:00:00,2,2,Other,1, ,32, ,32,ha,0,0,0,0,1,0,Band
36.816666667,5.51666666700004,26946,2020/04/12 00:00:00,09:53,2020/04/12 00:00:00,09:53,No,Middle,Argo,37,Exact,ET,446533,RAMSES38_ETH20-33.XL, ,1,0,1,2,1,0,0,0,0,0,0,0,0,0,0,0,0,0,0,0,0,0,0,0,0,0,0,0,0,0,0,0,0,0,0,0,0,0,0,0,0,0,0,-1,0,0,0,0,0,0,1,0,0,0,0,1,0,0,0,0,0,0,0,0,0,0,0,0,0,0,0,0,0,0,0,0,0,0,0,0,0,0,0,0,0,0,0,0,0,0,0,0,0,0,0,0,0,0,0,0,0,0,0,0,0,0,0,0,0,0,0,0,0,0,0,0,0,0,2020/04/12 00:00:00,2020/04/12 00:00:00,2,2,Other,1, ,16, ,16,ha,0,0,0,0,1,0,Band
36.7,5.35,26947,2020/04/12 00:00:00,09:56,2020/04/12 00:00:00,09:56,No,Middle,Wuriri,73,Exact,ET,446534,RAMSES38_ETH20-33.XL, ,1,0,1,2,1,0,0,0,0,0,0,0,0,0,0,0,0,0,0,0,0,0,0,0,0,0,0,0,0,0,0,0,0,0,0,0,0,0,0,0,0,0,0,-1,0,0,0,0,0,0,1,0,0,0,0,1,0,0,0,0,0,0,0,0,0,0,0,0,0,0,0,0,0,0,0,0,0,0,0,0,0,0,0,0,0,0,0,0,0,0,0,0,0,0,0,0,0,0,0,0,0,0,0,0,0,0,0,0,0,0,0,0,0,0,0,0,0,0,2020/04/12 00:00:00,2020/04/12 00:00:00,2,2,Other,1, ,16, ,16,ha,0,0,0,0,1,0,Band
71.9716666670001,31.351944444,26952,2020/04/08 00:00:00,00:00,2020/04/08 00:00:00,00:00,No,Early,Punjab,10,Exact,PA,446049,RAMSES38_PAK20-21.XL,operation continue,1,0,1,2,1,0,0,0,0,0,0,0,0,0,0,0,0,0,0,0,0,0,0,0,0,0,0,0,0,0,0,0,0,0,0,0,0,0,0,0,0,0,0,-1,0,0,0,0,1,0,0,0,0,1,0,0,0,0,0,0,0,0,0,0,0,0,0,0,0,0,0,0,0,0,0,0,0,0,0,0,0,0,0,0,0,0,0,0,0,0,0,0,0,0,0,0,0,0,0,0,0,0,0,0,0,0,0,0,0,0,0,0,0,0,0,0,0,0,2020/04/08 00:00:00,2020/04/08 00:00:00,2,1,Unknown,0, ,0, ,0, ,0,0,0,0,1,85,Band
71.9722222220001,31.352222222,26953,2020/04/08 00:00:00,00:00,2020/04/08 00:00:00,00:00,No,Early,Punjab,3,Exact,PA,446050,RAMSES38_PAK20-21.XL,operation continue,1,0,1,2,1,0,0,0,0,0,0,0,0,0,0,0,0,0,0,0,0,0,0,0,0,0,0,0,0,0,0,0,0,0,0,0,0,0,0,0,0,0,0,-1,0,0,0,0,1,0,0,0,0,1,0,0,0,0,0,0,0,0,0,0,0,0,0,0,0,0,0,0,0,0,0,0,0,0,0,0,0,0,0,0,0,0,0,0,0,0,0,0,0,0,0,0,0,0,0,0,0,0,0,0,0,0,0,0,0,0,0,0,0,0,0,0,0,0,2020/04/08 00:00:00,2020/04/08 00:00:00,2,1,Unknown,0, ,0, ,0, ,0,0,0,0,1,85,Band
72.0522222220001,31.329722222,26954,2020/04/09 00:00:00,00:00,2020/04/09 00:00:00,00:00,No,Early,Punjab,15,Exact,PA,446099,RAMSES38_PAK20-21.XL,operation continued,1,0,1,2,1,0,0,0,0,0,0,0,0,0,0,0,0,0,0,0,0,0,0,0,0,0,0,0,0,0,0,0,0,0,0,0,0,0,0,0,0,0,0,-1,0,0,0,0,1,0,0,0,0,1,0,0,0,0,0,0,0,0,0,0,0,0,0,0,0,0,0,0,0,0,0,0,0,0,0,0,0,0,0,0,0,0,0,0,0,0,0,0,0,0,0,0,0,0,0,0,0,0,0,0,0,0,0,0,0,0,0,0,0,0,0,0,0,0,2020/04/09 00:00:00,2020/04/09 00:00:00,2,1,Unknown,0, ,0, ,0, ,0,0,0,0,1,85,Band
71.9216666670001,31.343888889,26955,2020/04/09 00:00:00,00:00,2020/04/09 00:00:00,00:00,No,Early,Punjab,900,Exact,PA,446102,RAMSES38_PAK20-21.XL,1435 ha has been spr,1,0,1,2,1,0,0,0,0,0,0,0,0,0,0,0,0,0,0,0,0,0,0,0,0,0,0,0,0,0,0,0,0,0,0,0,0,0,0,0,0,0,0,-1,0,0,0,0,1,0,0,0,0,1,0,0,0,0,0,0,0,0,0,0,0,0,0,0,0,0,0,0,0,0,0,0,0,0,0,0,0,0,0,0,0,0,0,0,0,0,0,0,0,0,0,0,0,0,0,0,0,0,0,0,0,0,0,0,0,0,0,0,0,0,0,0,0,0,2020/04/09 00:00:00,2020/04/09 00:00:00,2,1,Unknown,0, ,0, ,0, ,0,0,0,0,1,85,Band
71.880277778,31.2625,26956,2020/04/09 00:00:00,00:00,2020/04/09 00:00:00,00:00,No,Early,Punjab,15,Exact,PA,446190,RAMSES38_PAK20-21.XL,operation continued,1,0,1,2,1,0,0,0,0,0,0,0,0,0,0,0,0,0,0,0,0,0,0,0,0,0,0,0,0,0,0,0,0,0,0,0,0,0,0,0,0,0,0,-1,0,0,0,0,1,0,0,0,0,1,0,0,0,0,0,0,0,0,0,0,0,0,0,0,0,0,0,0,0,0,0,0,0,0,0,0,0,0,0,0,0,0,0,0,0,0,0,0,0,0,0,0,0,0,0,0,0,0,0,0,0,0,0,0,0,0,0,0,0,0,0,0,0,0,2020/04/09 00:00:00,2020/04/09 00:00:00,2,1,Unknown,0, ,0, ,0, ,0,0,0,0,1,90,Band
37.066666667,5.31666666700005,26958,2020/04/06 00:00:00,07:10,2020/04/06 00:00:00,07:10,No,Early,Masoya,18,Exact,ET,445405,RAMSES38_ETH20-30.XL, ,1,0,1,2,1,0,0,0,0,0,0,0,0,0,0,0,0,0,0,0,0,0,0,0,0,0,0,0,0,0,0,0,0,0,0,0,0,0,0,0,0,0,0,-1,0,0,0,0,0,0,1,0,0,0,0,1,0,0,0,0,0,0,0,0,0,0,0,0,0,0,0,0,0,0,0,0,0,0,0,0,0,0,0,0,0,0,0,0,0,0,0,0,0,0,0,0,0,0,0,0,0,0,0,0,0,0,0,0,0,0,0,0,0,0,0,0,0,0,2020/04/06 00:00:00,2020/04/06 00:00:00,2,1,Other,1, ,9, ,9,ha,0,0,0,0,1,0,Band
37.033333333,5.25,26959,2020/04/06 00:00:00,07:13,2020/04/06 00:00:00,07:13,No,Early,Gelgele Kolmale,40,Exact,ET,445406,RAMSES38_ETH20-30.XL, ,1,0,1,2,1,0,0,0,0,0,0,0,0,0,0,0,0,0,0,0,0,0,0,0,0,0,0,0,0,0,0,0,0,0,0,0,0,0,0,0,0,0,0,-1,0,0,0,0,0,0,1,0,0,0,0,1,0,0,0,0,0,0,0,0,0,0,0,0,0,0,0,0,0,0,0,0,0,0,0,0,0,0,0,0,0,0,0,0,0,0,0,0,0,0,0,0,0,0,0,0,0,0,0,0,0,0,0,0,0,0,0,0,0,0,0,0,0,0,2020/04/06 00:00:00,2020/04/06 00:00:00,2,1,Other,1, ,5, ,5,ha,0,0,0,0,1,0,Band
37.1,5.2,26960,2020/04/06 00:00:00,08:15,2020/04/06 00:00:00,08:15,No,Early,Tebla Khcale,61.5,Exact,ET,445407,RAMSES38_ETH20-30.XL, ,1,0,1,2,1,0,0,0,0,0,0,0,0,0,0,0,0,0,0,0,0,0,0,0,0,0,0,0,0,0,0,0,0,0,0,0,0,0,0,0,0,0,0,-1,0,0,0,0,0,0,1,0,0,0,0,1,0,0,0,0,0,0,0,0,0,0,0,0,0,0,0,0,0,0,0,0,0,0,0,0,0,0,0,0,0,0,0,0,0,0,0,0,0,0,0,0,0,0,0,0,0,0,0,0,0,0,0,0,0,0,0,0,0,0,0,0,0,0,2020/04/06 00:00:00,2020/04/06 00:00:00,2,1,Other,1, ,41, ,41,ha,0,0,0,0,1,0,Band
37.0,5.46666666700003,26961,2020/04/06 00:00:00,08:20,2020/04/06 00:00:00,08:20,No,Early,Luka,500,Exact,ET,445409,RAMSES38_ETH20-30.XL, ,1,0,1,2,1,0,0,0,0,0,0,0,0,0,0,0,0,0,0,0,0,0,0,0,0,0,0,0,0,0,0,0,0,0,0,0,0,0,0,0,0,0,0,-1,0,0,0,0,0,0,0,0,1,0,0,0,0,0,0,0,0,0,0,0,0,0,0,0,0,0,0,0,0,0,0,0,0,0,0,0,0,0,0,0,0,0,0,0,0,0,0,0,0,0,0,0,0,0,0,0,0,0,0,0,0,0,0,0,0,0,0,0,0,0,0,0,0,0,2020/04/06 00:00:00,2020/04/06 00:00:00,2,1,Chlorpyrifos,1,ha,400,l,400,ha,0,0,1,0,0,0,Band
37.0,5.28333333300003,26962,2020/04/06 00:00:00,09:24,2020/04/06 00:00:00,09:24,No,Early,Woyito,500,Exact,ET,445410,RAMSES38_ETH20-30.XL, ,1,0,1,2,1,0,0,0,0,0,0,0,0,0,0,0,0,0,0,0,0,0,0,0,0,0,0,0,0,0,0,0,0,0,0,0,0,0,0,0,0,0,0,-1,0,0,0,0,0,0,0,0,1,0,0,0,0,0,0,0,0,0,0,0,0,0,0,0,0,0,0,0,0,0,0,0,0,0,0,0,0,0,0,0,0,0,0,0,0,0,0,0,0,0,0,0,0,0,0,0,0,0,0,0,0,0,0,0,0,0,0,0,0,0,0,0,0,0,2020/04/06 00:00:00,2020/04/06 00:00:00,2,1,Chlorpyrifos,1,ha,400,l,400,ha,0,0,1,0,0,0,Band
36.816666667,5.45,26963,2020/04/07 00:00:00,07:30,2020/04/07 00:00:00,07:30,No,Early,Luka,550,Exact,ET,445412,RAMSES38_ETH20-30.XL, ,1,0,1,2,1,0,0,0,0,0,0,0,0,0,0,0,0,0,0,0,0,0,0,0,0,0,0,0,0,0,0,0,0,0,0,0,0,0,0,0,0,0,0,-1,0,0,0,0,0,0,0,0,1,0,0,0,0,0,0,0,0,0,0,0,0,0,0,0,0,0,0,0,0,0,0,0,0,0,0,0,0,0,0,0,0,0,0,0,0,0,0,0,0,0,0,0,0,0,0,0,0,0,0,0,0,0,0,0,0,0,0,0,0,0,0,0,0,0,2020/04/07 00:00:00,2020/04/07 00:00:00,2,1,Chlorpyrifos,1,ha,400,l,400,ha,0,0,1,0,0,0,Band
37.0,5.31666666700005,26964,2020/04/07 00:00:00,07:32,2020/04/07 00:00:00,07:32,No,Early,Woyito,500,Exact,ET,445413,RAMSES38_ETH20-30.XL, ,1,0,1,2,1,0,0,0,0,0,0,0,0,0,0,0,0,0,0,0,0,0,0,0,0,0,0,0,0,0,0,0,0,0,0,0,0,0,0,0,0,0,0,-1,0,0,0,0,0,0,0,0,1,0,0,0,0,0,0,0,0,0,0,0,0,0,0,0,0,0,0,0,0,0,0,0,0,0,0,0,0,0,0,0,0,0,0,0,0,0,0,0,0,0,0,0,0,0,0,0,0,0,0,0,0,0,0,0,0,0,0,0,0,0,0,0,0,0,2020/04/07 00:00:00,2020/04/07 00:00:00,2,1,Chlorpyrifos,1,ha,400,l,400,ha,0,0,1,0,0,0,Band
36.766666667,5.26666666700004,26965,2020/04/07 00:00:00,07:34,2020/04/07 00:00:00,07:34,No,Early,Shala,300,Exact,ET,445414,RAMSES38_ETH20-30.XL, ,1,0,1,2,1,0,0,0,0,0,0,0,0,0,0,0,0,0,0,0,0,0,0,0,0,0,0,0,0,0,0,0,0,0,0,0,0,0,0,0,0,0,0,-1,0,0,0,0,0,0,0,0,1,0,0,0,0,0,0,0,0,0,0,0,0,0,0,0,0,0,0,0,0,0,0,0,0,0,0,0,0,0,0,0,0,0,0,0,0,0,0,0,0,0,0,0,0,0,0,0,0,0,0,0,0,0,0,0,0,0,0,0,0,0,0,0,0,0,2020/04/07 00:00:00,2020/04/07 00:00:00,2,1,Chlorpyrifos,1,ha,200,l,200,ha,0,0,1,0,0,0,Band
36.75,5.46666666700003,26966,2020/04/07 00:00:00,08:53,2020/04/07 00:00:00,08:53,No,Early,Olika kibo,75,Exact,ET,445418,RAMSES38_ETH20-30.XL, ,1,0,1,2,1,0,0,0,0,0,0,0,0,0,0,0,0,0,0,0,0,0,0,0,0,0,0,0,0,0,0,0,0,0,0,0,0,0,0,0,0,0,0,-1,0,0,0,0,0,1,0,0,0,0,0,1,0,0,0,0,0,0,0,0,0,0,0,0,0,0,0,0,0,0,0,0,0,0,0,0,0,0,0,0,0,0,0,0,0,0,0,0,0,0,0,0,0,0,0,0,0,0,0,0,0,0,0,0,0,0,0,0,0,0,0,0,0,0,2020/04/07 00:00:00,2020/04/07 00:00:00,2,1,Other,1, ,32, ,32,ha,1,0,0,0,0,0,Band
36.766666667,5.28333333300003,26967,2020/04/07 00:00:00,08:56,2020/04/07 00:00:00,08:56,No,Early,Ollo,63,Exact,ET,445419,RAMSES38_ETH20-30.XL, ,1,0,1,2,1,0,0,0,0,0,0,0,0,0,0,0,0,0,0,0,0,0,0,0,0,0,0,0,0,0,0,0,0,0,0,0,0,0,0,0,0,0,0,-1,0,0,0,0,0,1,0,0,0,0,0,1,0,0,0,0,0,0,0,0,0,0,0,0,0,0,0,0,0,0,0,0,0,0,0,0,0,0,0,0,0,0,0,0,0,0,0,0,0,0,0,0,0,0,0,0,0,0,0,0,0,0,0,0,0,0,0,0,0,0,0,0,0,0,2020/04/07 00:00:00,2020/04/07 00:00:00,2,1,Other,1, ,32, ,32,ha,1,0,0,0,0,0,Band
36.716666667,5.36666666700006,26968,2020/04/07 00:00:00,08:59,2020/04/07 00:00:00,08:59,No,Early,Gone,52,Exact,ET,445420,RAMSES38_ETH20-30.XL, ,1,0,1,2,1,0,0,0,0,0,0,0,0,0,0,0,0,0,0,0,0,0,0,0,0,0,0,0,0,0,0,0,0,0,0,0,0,0,0,0,0,0,0,-1,0,0,0,0,0,1,0,0,0,0,0,1,0,0,0,0,0,0,0,0,0,0,0,0,0,0,0,0,0,0,0,0,0,0,0,0,0,0,0,0,0,0,0,0,0,0,0,0,0,0,0,0,0,0,0,0,0,0,0,0,0,0,0,0,0,0,0,0,0,0,0,0,0,0,2020/04/07 00:00:00,2020/04/07 00:00:00,2,1,Other,1, ,16, ,16,ha,0,0,0,0,1,0,Band
36.716666667,5.31666666700005,26969,2020/04/07 00:00:00,09:14,2020/04/07 00:00:00,09:14,No,Early,Ansonda,75,Exact,ET,445421,RAMSES38_ETH20-30.XL, ,1,0,1,2,1,0,0,0,0,0,0,0,0,0,0,0,0,0,0,0,0,0,0,0,0,0,0,0,0,0,0,0,0,0,0,0,0,0,0,0,0,0,0,-1,0,0,0,0,0,1,0,0,0,0,0,1,0,0,0,0,0,0,0,0,0,0,0,0,0,0,0,0,0,0,0,0,0,0,0,0,0,0,0,0,0,0,0,0,0,0,0,0,0,0,0,0,0,0,0,0,0,0,0,0,0,0,0,0,0,0,0,0,0,0,0,0,0,0,2020/04/07 00:00:00,2020/04/07 00:00:00,2,1,Other,1, ,32, ,32,ha,0,0,0,0,1,0,Band
36.816666667,5.45,26970,2020/04/07 00:00:00,09:18,2020/04/07 00:00:00,09:18,No,Early,Bofo,24,Exact,ET,445422,RAMSES38_ETH20-30.XL, ,1,0,1,2,1,0,0,0,0,0,0,0,0,0,0,0,0,0,0,0,0,0,0,0,0,0,0,0,0,0,0,0,0,0,0,0,0,0,0,0,0,0,0,-1,0,0,0,0,0,1,0,0,0,0,0,1,0,0,0,0,0,0,0,0,0,0,0,0,0,0,0,0,0,0,0,0,0,0,0,0,0,0,0,0,0,0,0,0,0,0,0,0,0,0,0,0,0,0,0,0,0,0,0,0,0,0,0,0,0,0,0,0,0,0,0,0,0,0,2020/04/07 00:00:00,2020/04/07 00:00:00,2,1,Other,1, ,4, ,4,ha,0,0,0,0,1,0,Band
37.016666667,5.28333333300003,26971,2020/04/07 00:00:00,09:23,2020/04/07 00:00:00,09:23,No,Early,Enchete,288,Exact,ET,445423,RAMSES38_ETH20-30.XL, ,1,0,1,2,1,0,0,0,0,0,0,0,0,0,0,0,0,0,0,0,0,0,0,0,0,0,0,0,0,0,0,0,0,0,0,0,0,0,0,0,0,0,0,-1,0,0,0,0,0,0,1,0,0,0,0,1,0,0,0,0,0,0,0,0,0,0,0,0,0,0,0,0,0,0,0,0,0,0,0,0,0,0,0,0,0,0,0,0,0,0,0,0,0,0,0,0,0,0,0,0,0,0,0,0,0,0,0,0,0,0,0,0,0,0,0,0,0,0,2020/04/07 00:00:00,2020/04/07 00:00:00,2,1,Other,1, ,71, ,71,ha,0,0,0,0,1,0,Band
36.716666667,5.46666666700003,26972,2020/04/07 00:00:00,09:31,2020/04/07 00:00:00,09:31,No,Early,Shaba,53,Exact,ET,445424,RAMSES38_ETH20-30.XL, ,1,0,1,2,1,0,0,0,0,0,0,0,0,0,0,0,0,0,0,0,0,0,0,0,0,0,0,0,0,0,0,0,0,0,0,0,0,0,0,0,0,0,0,-1,0,0,0,0,0,0,1,0,0,0,0,1,0,0,0,0,0,0,0,0,0,0,0,0,0,0,0,0,0,0,0,0,0,0,0,0,0,0,0,0,0,0,0,0,0,0,0,0,0,0,0,0,0,0,0,0,0,0,0,0,0,0,0,0,0,0,0,0,0,0,0,0,0,0,2020/04/07 00:00:00,2020/04/07 00:00:00,2,1,Other,1, ,32, ,32,ha,1,0,0,0,0,0,Band
36.766666667,5.31666666700005,26973,2020/04/07 00:00:00,09:32,2020/04/07 00:00:00,09:32,No,Early,Shala,65,Exact,ET,445425,RAMSES38_ETH20-30.XL, ,1,0,1,2,1,0,0,0,0,0,0,0,0,0,0,0,0,0,0,0,0,0,0,0,0,0,0,0,0,0,0,0,0,0,0,0,0,0,0,0,0,0,0,-1,0,0,0,0,0,0,1,0,0,0,0,1,0,0,0,0,0,0,0,0,0,0,0,0,0,0,0,0,0,0,0,0,0,0,0,0,0,0,0,0,0,0,0,0,0,0,0,0,0,0,0,0,0,0,0,0,0,0,0,0,0,0,0,0,0,0,0,0,0,0,0,0,0,0,2020/04/07 00:00:00,2020/04/07 00:00:00,2,1,Other,1, ,16, ,16,ha,1,0,0,0,0,0,Band
36.766666667,5.36666666700006,26974,2020/04/07 00:00:00,09:40,2020/04/07 00:00:00,09:40,No,Early,Uffi,97,Exact,ET,445426,RAMSES38_ETH20-30.XL, ,1,0,1,2,1,0,0,0,0,0,0,0,0,0,0,0,0,0,0,0,0,0,0,0,0,0,0,0,0,0,0,0,0,0,0,0,0,0,0,0,0,0,0,-1,0,0,0,0,0,0,1,0,0,0,0,1,0,0,0,0,0,0,0,0,0,0,0,0,0,0,0,0,0,0,0,0,0,0,0,0,0,0,0,0,0,0,0,0,0,0,0,0,0,0,0,0,0,0,0,0,0,0,0,0,0,0,0,0,0,0,0,0,0,0,0,0,0,0,2020/04/07 00:00:00,2020/04/07 00:00:00,2,1,Other,1, ,8, ,8,ha,1,0,0,0,0,0,Band
36.816666667,5.36666666700006,26975,2020/04/07 00:00:00,09:43,2020/04/07 00:00:00,09:43,No,Early,Aymele.,131,Exact,ET,445427,RAMSES38_ETH20-30.XL, ,1,0,1,2,1,0,0,0,0,0,0,0,0,0,0,0,0,0,0,0,0,0,0,0,0,0,0,0,0,0,0,0,0,0,0,0,0,0,0,0,0,0,0,-1,0,0,0,0,0,0,1,0,0,0,0,1,0,0,0,0,0,0,0,0,0,0,0,0,0,0,0,0,0,0,0,0,0,0,0,0,0,0,0,0,0,0,0,0,0,0,0,0,0,0,0,0,0,0,0,0,0,0,0,0,0,0,0,0,0,0,0,0,0,0,0,0,0,0,2020/04/07 00:00:00,2020/04/07 00:00:00,2,1,Other,1, ,8, ,8,ha,1,0,0,0,0,0,Band
42.75,5.33333333300004,26976,2020/04/07 00:00:00,09:46,2020/04/07 00:00:00,09:46,No,Early,Wuriri,73,Exact,ET,445428,RAMSES38_ETH20-30.XL, ,1,0,1,2,1,0,0,0,0,0,0,0,0,0,0,0,0,0,0,0,0,0,0,0,0,0,0,0,0,0,0,0,0,0,0,0,0,0,0,0,0,0,0,-1,0,0,0,0,0,0,1,0,0,0,0,1,0,0,0,0,0,0,0,0,0,0,0,0,0,0,0,0,0,0,0,0,0,0,0,0,0,0,0,0,0,0,0,0,0,0,0,0,0,0,0,0,0,0,0,0,0,0,0,0,0,0,0,0,0,0,0,0,0,0,0,0,0,0,2020/04/07 00:00:00,2020/04/07 00:00:00,2,1,Other,1, ,32, ,32,ha,1,0,0,0,0,0,Band
36.9166666670001,5.76666666700004,26977,2020/04/07 00:00:00,09:57,2020/04/07 00:00:00,09:57,No,Early,Erbo.,43,Exact,ET,445429,RAMSES38_ETH20-30.XL, ,1,0,1,2,1,0,0,0,0,0,0,0,0,0,0,0,0,0,0,0,0,0,0,0,0,0,0,0,0,0,0,0,0,0,0,0,0,0,0,0,0,0,0,-1,0,0,0,0,0,0,1,0,0,0,0,1,0,0,0,0,0,0,0,0,0,0,0,0,0,0,0,0,0,0,0,0,0,0,0,0,0,0,0,0,0,0,0,0,0,0,0,0,0,0,0,0,0,0,0,0,0,0,0,0,0,0,0,0,0,0,0,0,0,0,0,0,0,0,2020/04/07 00:00:00,2020/04/07 00:00:00,2,1,Other,1, ,40, ,40,ha,1,0,0,0,0,0,Band
36.966666667,5.71666666700003,26978,2020/04/07 00:00:00,10:00,2020/04/07 00:00:00,10:00,No,Early,Ajo,12,Exact,ET,445430,RAMSES38_ETH20-30.XL, ,1,0,1,2,1,0,0,0,0,0,0,0,0,0,0,0,0,0,0,0,0,0,0,0,0,0,0,0,0,0,0,0,0,0,0,0,0,0,0,0,0,0,0,-1,0,0,0,0,0,0,1,0,0,0,0,1,0,0,0,0,0,0,0,0,0,0,0,0,0,0,0,0,0,0,0,0,0,0,0,0,0,0,0,0,0,0,0,0,0,0,0,0,0,0,0,0,0,0,0,0,0,0,0,0,0,0,0,0,0,0,0,0,0,0,0,0,0,0,2020/04/07 00:00:00,2020/04/07 00:00:00,2,1,Other,1, ,8, ,8,ha,1,0,0,0,0,0,Band
36.816666667,5.65,26979,2020/04/08 00:00:00,07:14,2020/04/08 00:00:00,07:14,No,Early,Damiker,255,Exact,ET,445431,RAMSES38_ETH20-30.XL, ,1,0,1,2,1,0,0,0,0,0,0,0,0,0,0,0,0,0,0,0,0,0,0,0,0,0,0,0,0,0,0,0,0,0,0,0,0,0,0,0,0,0,0,-1,0,0,0,0,0,0,1,0,0,0,0,1,0,0,0,0,0,0,0,0,0,0,0,0,0,0,0,0,0,0,0,0,0,0,0,0,0,0,0,0,0,0,0,0,0,0,0,0,0,0,0,0,0,0,0,0,0,0,0,0,0,0,0,0,0,0,0,0,0,0,0,0,0,0,2020/04/08 00:00:00,2020/04/08 00:00:00,2,1,Chlorpyrifos,1,ha,229,l,229,ha,0,1,0,0,0,0,Band
36.9166666670001,5.76666666700004,26980,2020/04/08 00:00:00,07:21,2020/04/08 00:00:00,07:21,No,Early,Erbo.,82,Exact,ET,445432,RAMSES38_ETH20-30.XL, ,1,0,1,2,1,0,0,0,0,0,0,0,0,0,0,0,0,0,0,0,0,0,0,0,0,0,0,0,0,0,0,0,0,0,0,0,0,0,0,0,0,0,0,-1,0,0,0,0,0,0,1,0,0,0,0,1,0,0,0,0,0,0,0,0,0,0,0,0,0,0,0,0,0,0,0,0,0,0,0,0,0,0,0,0,0,0,0,0,0,0,0,0,0,0,0,0,0,0,0,0,0,0,0,0,0,0,0,0,0,0,0,0,0,0,0,0,0,0,2020/04/08 00:00:00,2020/04/08 00:00:00,2,1,Other,1, ,76, ,76,ha,1,0,0,0,0,0,Band
36.8666666670001,5.56666666700005,26981,2020/04/08 00:00:00,07:25,2020/04/08 00:00:00,07:25,No,Early,Geragedo,82,Exact,ET,445433,RAMSES38_ETH20-30.XL, ,1,0,1,2,1,0,0,0,0,0,0,0,0,0,0,0,0,0,0,0,0,0,0,0,0,0,0,0,0,0,0,0,0,0,0,0,0,0,0,0,0,0,0,-1,0,0,0,0,0,0,1,0,0,0,0,1,0,0,0,0,0,0,0,0,0,0,0,0,0,0,0,0,0,0,0,0,0,0,0,0,0,0,0,0,0,0,0,0,0,0,0,0,0,0,0,0,0,0,0,0,0,0,0,0,0,0,0,0,0,0,0,0,0,0,0,0,0,0,2020/04/08 00:00:00,2020/04/08 00:00:00,2,1,Chlorpyrifos,1,ha,68,l,68,ha,0,1,0,0,0,0,Band
37.066666667,5.31666666700005,26982,2020/04/08 00:00:00,07:32,2020/04/08 00:00:00,07:32,No,Early,Masoya,17,Exact,ET,445434,RAMSES38_ETH20-30.XL, ,1,0,1,2,1,0,0,0,0,0,0,0,0,0,0,0,0,0,0,0,0,0,0,0,0,0,0,0,0,0,0,0,0,0,0,0,0,0,0,0,0,0,0,-1,0,0,0,0,0,0,1,0,0,0,0,1,0,0,0,0,0,0,0,0,0,0,0,0,0,0,0,0,0,0,0,0,0,0,0,0,0,0,0,0,0,0,0,0,0,0,0,0,0,0,0,0,0,0,0,0,0,0,0,0,0,0,0,0,0,0,0,0,0,0,0,0,0,0,2020/04/08 00:00:00,2020/04/08 00:00:00,2,1,Other,1, ,7, ,7,ha,0,0,0,0,1,0,Band
37.066666667,5.15,26983,2020/04/08 00:00:00,07:37,2020/04/08 00:00:00,07:37,No,Early,Wayu wondo,60,Exact,ET,445435,RAMSES38_ETH20-30.XL, ,1,0,1,2,1,0,0,0,0,0,0,0,0,0,0,0,0,0,0,0,0,0,0,0,0,0,0,0,0,0,0,0,0,0,0,0,0,0,0,0,0,0,0,-1,0,0,0,0,0,0,1,0,0,0,0,1,0,0,0,0,0,0,0,0,0,0,0,0,0,0,0,0,0,0,0,0,0,0,0,0,0,0,0,0,0,0,0,0,0,0,0,0,0,0,0,0,0,0,0,0,0,0,0,0,0,0,0,0,0,0,0,0,0,0,0,0,0,0,2020/04/08 00:00:00,2020/04/08 00:00:00,2,1,Other,1, ,45, ,45,ha,0,0,0,0,1,0,Band
37.1,5.2,26984,2020/04/08 00:00:00,08:00,2020/04/08 00:00:00,08:00,No,Early,Tebla Kcale,26,Exact,ET,445436,RAMSES38_ETH20-30.XL, ,1,0,1,2,1,0,0,0,0,0,0,0,0,0,0,0,0,0,0,0,0,0,0,0,0,0,0,0,0,0,0,0,0,0,0,0,0,0,0,0,0,0,0,-1,0,0,0,0,0,0,1,0,0,0,0,1,0,0,0,0,0,0,0,0,0,0,0,0,0,0,0,0,0,0,0,0,0,0,0,0,0,0,0,0,0,0,0,0,0,0,0,0,0,0,0,0,0,0,0,0,0,0,0,0,0,0,0,0,0,0,0,0,0,0,0,0,0,0,2020/04/08 00:00:00,2020/04/08 00:00:00,2,1,Other,1, ,13, ,13,ha,0,0,0,0,1,0,Band
73.5397222220001,30.6641666670001,26985,2020/04/10 00:00:00,00:00,2020/04/10 00:00:00,00:00,No,Early,Punjab,3,Exact,PA,446328,RAMSES38_PAK20-21.XL, ,1,0,1,2,1,0,0,0,0,0,0,0,0,0,0,0,0,0,0,0,0,0,0,0,0,0,0,0,0,0,0,0,0,0,0,0,0,0,0,0,0,0,0,-1,0,0,0,0,1,0,0,0,0,1,0,0,0,0,0,0,0,0,0,0,0,0,0,0,0,0,0,0,0,0,0,0,0,0,0,0,0,0,0,0,0,0,0,0,0,0,0,0,0,0,0,0,0,0,0,0,0,0,0,0,0,0,0,0,0,0,0,0,0,0,0,0,0,0,2020/04/10 00:00:00,2020/04/10 00:00:00,2,1,Unknown,0, ,0, ,0, ,0,0,0,0,1,85,Band
73.5397222220001,30.664444444,26986,2020/04/10 00:00:00,00:00,2020/04/10 00:00:00,00:00,No,Early,Punjab,2,Exact,PA,446329,RAMSES38_PAK20-21.XL, ,1,0,1,2,1,0,0,0,0,0,0,0,0,0,0,0,0,0,0,0,0,0,0,0,0,0,0,0,0,0,0,0,0,0,0,0,0,0,0,0,0,0,0,-1,0,0,0,0,0,1,0,0,0,1,0,0,0,0,0,0,0,0,0,0,0,0,0,0,0,0,0,0,0,0,0,0,0,0,0,0,0,0,0,0,0,0,0,0,0,0,0,0,0,0,0,0,0,0,0,0,0,0,0,0,0,0,0,0,0,0,0,0,0,0,0,0,0,0,2020/04/10 00:00:00,2020/04/10 00:00:00,2,1,Unknown,0, ,0, ,0, ,0,0,0,0,1,85,Band
36.779444444,5.30138888900007,26987,2020/04/03 00:00:00,00:00,2020/04/03 00:00:00,00:00,No,Early,Southern Nations,200,Exact,ET,443605,RAMSES38_ETH20-25.XL, ,1,0,1,2,1,0,0,0,0,0,0,0,0,0,0,0,0,0,0,0,0,0,0,0,0,0,0,0,0,0,0,0,0,0,0,0,0,0,0,0,0,0,0,-1,0,0,0,0,0,0,1,0,0,1,0,0,0,0,0,0,0,0,0,0,0,0,0,0,0,0,0,0,0,0,0,0,0,0,0,0,0,0,0,0,0,0,0,0,0,0,0,0,0,0,0,0,0,0,0,0,0,0,0,0,0,0,0,0,0,0,0,0,0,0,0,0,0,0,2020/04/03 00:00:00,2020/04/03 00:00:00,2,1,Unknown,1, ,200, ,200,ha,0,0,0,0,1,0,Band
36.7594444440001,5.31333333300006,26988,2020/04/03 00:00:00,00:00,2020/04/03 00:00:00,00:00,No,Early,Southern Nations,200,Exact,ET,443606,RAMSES38_ETH20-25.XL, ,1,0,1,2,1,0,0,0,0,0,0,0,0,0,0,0,0,0,0,0,0,0,0,0,0,0,0,0,0,0,0,0,0,0,0,0,0,0,0,0,0,0,0,-1,0,0,0,0,0,0,1,0,0,1,0,0,0,0,0,0,0,0,0,0,0,0,0,0,0,0,0,0,-1,0,0,0,0,0,0,0,0,0,0,0,0,0,0,1,0,0,0,0,0,0,0,0,0,0,0,0,0,0,0,0,0,0,0,0,0,0,0,0,0,0,0,0,0,0,2020/04/03 00:00:00,2020/04/03 00:00:00,2,1,Unknown,1, ,200, ,200,ha,0,0,0,0,1,0,Band
37.0,1.88333333300005,26989,2020/04/04 00:00:00,09:42,2020/04/04 00:00:00,09:42,No,Early,Ndikir.,100,Exact,KE,443622,RAMSES38_KEN20-44.XL, ,1,0,1,2,1,0,0,0,0,0,0,0,0,0,0,0,0,0,0,0,0,0,0,0,0,0,0,0,0,0,0,0,0,0,0,0,0,0,0,0,0,0,0,-1,0,0,0,0,0,0,3,0,1,0,0,1,0,0,0,0,0,0,0,0,0,0,0,0,0,0,0,0,0,0,0,0,0,0,0,0,0,0,0,0,0,0,0,0,0,0,0,0,0,0,0,-1,1,0,0,0,0,0,0,1,0,0,0,0,1,0,0,0,0,0,0,0,0,0,1899/12/30 00:00:00,1899/12/30 00:00:00,0,0, ,0, ,0, ,0, ,0,0,0,0,0,0,Band
37.1,1.88333333300005,26990,2020/04/04 00:00:00,16:15,2020/04/04 00:00:00,16:15,No,Early,Arsim area,100,Exact,KE,443626,RAMSES38_KEN20-44.XL, ,1,0,1,2,1,0,0,0,0,0,0,0,0,0,0,0,0,0,0,0,0,0,0,0,0,0,0,0,0,0,0,0,0,0,0,0,0,0,0,0,0,0,0,-1,0,0,0,0,0,0,3,0,1,0,0,1,0,0,0,0,0,0,0,0,0,0,0,0,0,0,0,0,0,0,0,0,0,0,0,0,0,0,0,0,0,0,0,0,0,0,0,0,0,0,0,-1,1,0,0,0,0,0,0,1,0,0,0,0,0,0,0,0,0,0,0,0,0,0,1899/12/30 00:00:00,1899/12/30 00:00:00,0,0, ,0, ,0, ,0, ,0,0,0,0,0,0,Band
36.92,2.09638888900002,26991,2020/04/04 00:00:00,00:00,2020/04/04 00:00:00,00:00,No,Early,Samburu,2,Exact,KE,443632,RAMSES38_KEN20-44.XL, ,1,0,1,2,1,0,0,0,0,0,0,0,0,0,0,0,0,0,0,0,0,0,0,0,0,0,0,0,0,0,0,0,0,0,0,0,0,0,0,0,0,0,0,-1,0,0,0,0,0,0,0,0,0,1,0,0,0,0,0,0,0,0,0,0,0,0,0,0,0,0,0,0,0,0,0,0,0,0,0,0,0,0,0,0,0,0,0,0,0,0,0,0,0,0,0,0,0,0,0,0,0,0,0,0,0,0,0,0,0,0,0,0,0,0,0,0,0,0,1899/12/30 00:00:00,1899/12/30 00:00:00,0,0, ,0, ,0, ,0, ,0,0,0,0,0,0,Band
37.55,0.4,26992,2020/04/03 00:00:00,08:22,2020/04/03 00:00:00,08:22,No,Early,Alamach,100,Exact,KE,443633,RAMSES38_KEN20-44.XL, ,1,0,1,2,1,0,0,0,0,0,0,0,0,0,0,0,0,0,0,0,0,0,0,0,0,0,0,0,0,0,0,0,0,0,0,0,0,0,0,0,0,0,0,-1,0,0,0,0,0,0,3,0,1,0,0,1,0,0,0,0,0,0,0,0,0,0,0,0,0,0,0,0,0,0,0,0,0,0,0,0,0,0,0,0,0,0,0,0,0,0,0,0,0,0,0,0,0,0,0,0,0,0,0,0,0,0,0,0,0,0,0,0,0,0,0,0,0,0,1899/12/30 00:00:00,1899/12/30 00:00:00,0,0, ,0, ,0, ,0, ,0,0,0,0,0,0,Band
36.35,0.31666666700005,26993,2020/04/03 00:00:00,10:28,2020/04/03 00:00:00,10:28,No,Early,Laikipia,100,Exact,KE,443635,RAMSES38_KEN20-44.XL, ,1,0,1,2,1,0,0,0,0,0,0,0,0,0,0,0,0,0,0,0,0,0,0,0,0,0,0,0,0,0,0,0,0,0,0,0,0,0,0,0,0,0,0,-1,0,0,0,0,0,0,3,0,1,0,0,1,0,0,0,0,0,0,0,0,0,0,0,0,0,0,0,0,0,0,0,0,0,0,0,0,0,0,0,0,0,0,0,0,0,0,0,0,0,0,0,-1,1,0,0,0,0,0,0,1,0,0,0,0,0,0,0,0,0,0,0,0,0,0,1899/12/30 00:00:00,1899/12/30 00:00:00,0,0, ,0, ,0, ,0, ,0,0,0,0,0,0,Band
36.8666666670001,5.56666666700005,26994,2020/04/09 00:00:00,07:35,2020/04/09 00:00:00,07:35,No,Early,Damiker,45,Exact,ET,445441,RAMSES38_ETH20-30.XL, ,1,0,1,2,1,0,0,0,0,0,0,0,0,0,0,0,0,0,0,0,0,0,0,0,0,0,0,0,0,0,0,0,0,0,0,0,0,0,0,0,0,0,0,-1,0,0,0,0,0,0,1,0,0,0,0,1,0,0,0,0,0,0,0,0,0,0,0,0,0,0,0,0,0,0,0,0,0,0,0,0,0,0,0,0,0,0,0,0,0,0,0,0,0,0,0,0,0,0,0,0,0,0,0,0,0,0,0,0,0,0,0,0,0,0,0,0,0,0,2020/04/09 00:00:00,2020/04/09 00:00:00,2,1,Other,1, ,37, ,37,ha,0,0,0,0,1,0,Band
36.8666666670001,5.71666666700003,26995,2020/04/09 00:00:00,07:40,2020/04/09 00:00:00,07:40,No,Early,Ajo,28,Exact,ET,445442,RAMSES38_ETH20-30.XL, ,1,0,1,2,1,0,0,0,0,0,0,0,0,0,0,0,0,0,0,0,0,0,0,0,0,0,0,0,0,0,0,0,0,0,0,0,0,0,0,0,0,0,0,-1,0,0,0,0,0,0,1,0,0,0,0,1,0,0,0,0,0,0,0,0,0,0,0,0,0,0,0,0,0,0,0,0,0,0,0,0,0,0,0,0,0,0,0,0,0,0,0,0,0,0,0,0,0,0,0,0,0,0,0,0,0,0,0,0,0,0,0,0,0,0,0,0,0,0,2020/04/09 00:00:00,2020/04/09 00:00:00,2,1,Other,1, ,26, ,26,ha,1,0,0,0,0,0,Band
36.0,5.66666666700007,26996,2020/04/09 00:00:00,08:00,2020/04/09 00:00:00,08:00,No,Early,Erbo.,47,Exact,ET,445443,RAMSES38_ETH20-30.XL, ,1,0,1,2,1,0,0,0,0,0,0,0,0,0,0,0,0,0,0,0,0,0,0,0,0,0,0,0,0,0,0,0,0,0,0,0,0,0,0,0,0,0,0,-1,0,0,0,0,0,0,1,0,0,0,0,1,0,0,0,0,0,0,0,0,0,0,0,0,0,0,0,0,0,0,0,0,0,0,0,0,0,0,0,0,0,0,0,0,0,0,0,0,0,0,0,0,0,0,0,0,0,0,0,0,0,0,0,0,0,0,0,0,0,0,0,0,0,0,2020/04/09 00:00:00,2020/04/09 00:00:00,2,1,Other,1, ,44, ,44,ha,1,0,0,0,0,0,Band
36.816666667,5.58333333300004,26997,2020/04/09 00:00:00,08:10,2020/04/09 00:00:00,08:10,No,Early,Geragedo,20,Exact,ET,445444,RAMSES38_ETH20-30.XL, ,1,0,1,2,1,0,0,0,0,0,0,0,0,0,0,0,0,0,0,0,0,0,0,0,0,0,0,0,0,0,0,0,0,0,0,0,0,0,0,0,0,0,0,-1,0,0,0,0,0,0,1,0,0,0,0,1,0,0,0,0,0,0,0,0,0,0,0,0,0,0,0,0,0,0,0,0,0,0,0,0,0,0,0,0,0,0,0,0,0,0,0,0,0,0,0,0,0,0,0,0,0,0,0,0,0,0,0,0,0,0,0,0,0,0,0,0,0,0,2020/04/09 00:00:00,2020/04/09 00:00:00,2,1,Other,1, ,17, ,17,ha,1,0,0,0,0,0,Band
36.766666667,5.31666666700005,26998,2020/04/09 00:00:00,08:15,2020/04/09 00:00:00,08:15,No,Early,Shala,85,Exact,ET,445445,RAMSES38_ETH20-30.XL, ,1,0,1,2,1,0,0,0,0,0,0,0,0,0,0,0,0,0,0,0,0,0,0,0,0,0,0,0,0,0,0,0,0,0,0,0,0,0,0,0,0,0,0,-1,0,0,0,0,0,0,1,0,0,0,0,1,0,0,0,0,0,0,0,0,0,0,0,0,0,0,0,0,0,0,0,0,0,0,0,0,0,0,0,0,0,0,0,0,0,0,0,0,0,0,0,0,0,0,0,0,0,0,0,0,0,0,0,0,0,0,0,0,0,0,0,0,0,0,2020/04/09 00:00:00,2020/04/09 00:00:00,2,1,Other,1, ,32, ,32,ha,1,0,0,0,0,0,Band
36.016666667,5.28333333300003,26999,2020/04/09 00:00:00,08:20,2020/04/09 00:00:00,08:20,No,Early,Enchete,54,Exact,ET,445446,RAMSES38_ETH20-30.XL, ,1,0,1,2,1,0,0,0,0,0,0,0,0,0,0,0,0,0,0,0,0,0,0,0,0,0,0,0,0,0,0,0,0,0,0,0,0,0,0,0,0,0,0,-1,0,0,0,0,0,0,1,0,0,0,0,1,0,0,0,0,0,0,0,0,0,0,0,0,0,0,0,0,0,0,0,0,0,0,0,0,0,0,0,0,0,0,0,0,0,0,0,0,0,0,0,0,0,0,0,0,0,0,0,0,0,0,0,0,0,0,0,0,0,0,0,0,0,0,2020/04/09 00:00:00,2020/04/09 00:00:00,2,1,Other,1, ,45, ,45,ha,1,0,0,0,0,0,Band
36.966666667,5.46666666700003,27000,2020/04/09 00:00:00,08:38,2020/04/09 00:00:00,08:38,No,Early,Duma,25,Exact,ET,445447,RAMSES38_ETH20-30.XL, ,1,0,1,2,1,0,0,0,0,0,0,0,0,0,0,0,0,0,0,0,0,0,0,0,0,0,0,0,0,0,0,0,0,0,0,0,0,0,0,0,0,0,0,-1,0,0,0,0,0,0,1,0,0,0,0,1,0,0,0,0,0,0,0,0,0,0,0,0,0,0,0,0,0,0,0,0,0,0,0,0,0,0,0,0,0,0,0,0,0,0,0,0,0,0,0,0,0,0,0,0,0,0,0,0,0,0,0,0,0,0,0,0,0,0,0,0,0,0,2020/04/09 00:00:00,2020/04/09 00:00:00,2,1,Other,1, ,16, ,16,ha,1,0,0,0,0,0,Band
36.75,5.46666666700003,27001,2020/04/09 00:00:00,08:40,2020/04/09 00:00:00,08:40,No,Early,Olika kibo,17,Exact,ET,445448,RAMSES38_ETH20-30.XL, ,1,0,1,2,1,0,0,0,0,0,0,0,0,0,0,0,0,0,0,0,0,0,0,0,0,0,0,0,0,0,0,0,0,0,0,0,0,0,0,0,0,0,0,-1,0,0,0,0,0,0,1,0,0,0,0,1,0,0,0,0,0,0,0,0,0,0,0,0,0,0,0,0,0,0,0,0,0,0,0,0,0,0,0,0,0,0,0,0,0,0,0,0,0,0,0,0,0,0,0,0,0,0,0,0,0,0,0,0,0,0,0,0,0,0,0,0,0,0,2020/04/09 00:00:00,2020/04/09 00:00:00,2,1,Other,1, ,16, ,16,ha,1,0,0,0,0,0,Band
36.766666667,5.46666666700003,27002,2020/04/09 00:00:00,08:42,2020/04/09 00:00:00,08:42,No,Early,Shaba,24,Exact,ET,445449,RAMSES38_ETH20-30.XL, ,1,0,1,2,1,0,0,0,0,0,0,0,0,0,0,0,0,0,0,0,0,0,0,0,0,0,0,0,0,0,0,0,0,0,0,0,0,0,0,0,0,0,0,-1,0,0,0,0,0,0,1,0,0,0,0,1,0,0,0,0,0,0,0,0,0,0,0,0,0,0,0,0,0,0,0,0,0,0,0,0,0,0,0,0,0,0,0,0,0,0,0,0,0,0,0,0,0,0,0,0,0,0,0,0,0,0,0,0,0,0,0,0,0,0,0,0,0,0,2020/04/09 00:00:00,2020/04/09 00:00:00,2,1,Other,1, ,16, ,16,ha,1,0,0,0,0,0,Band
36.816666667,5.51666666700004,27003,2020/04/09 00:00:00,08:44,2020/04/09 00:00:00,08:44,No,Early,Argo,35,Exact,ET,445450,RAMSES38_ETH20-30.XL, ,1,0,1,2,1,0,0,0,0,0,0,0,0,0,0,0,0,0,0,0,0,0,0,0,0,0,0,0,0,0,0,0,0,0,0,0,0,0,0,0,0,0,0,-1,0,0,0,0,0,0,1,0,0,0,0,1,0,0,0,0,0,0,0,0,0,0,0,0,0,0,0,0,0,0,0,0,0,0,0,0,0,0,0,0,0,0,0,0,0,0,0,0,0,0,0,0,0,0,0,0,0,0,0,0,0,0,0,0,0,0,0,0,0,0,0,0,0,0,2020/04/09 00:00:00,2020/04/09 00:00:00,2,1,Other,1, ,28, ,28,ha,1,0,0,0,0,0,Band
49.635555556,26.5097222220001,27004,2020/04/09 00:00:00,12:19,2020/04/09 00:00:00,12:19,No,Early,Al damam,500,Exact,SA,446369,RAMSES38_SAU20-19.XL, ,1,0,1,2,1,0,0,0,0,0,0,0,0,0,0,0,0,0,0,0,0,0,0,0,0,0,0,0,0,0,0,0,0,0,0,0,0,0,0,1,0,0,7,-1,0,1,0,0,3,0,0,0,0,0,0,1,0,0.0099999998,0.0099999998,0,1,0,0,0,0,0,0,0,0,0,0,0,0,0,0,0,0,0,0,0,0,0,0,0,0,0,0,0,0,0,0,0,0,0,0,0,0,0,0,0,0,0,0,0,0,0,0,0,0,0,0,0,0,0,0,0,0,0,2020/04/09 00:00:00,2020/04/09 00:00:00,2,1,Lambdacyhalothrin,1,ha,65,l,65,ha,0,1,0,0,0,85,Band
41.3875,28.2361111110001,27005,2020/04/10 00:00:00,17:57,2020/04/10 00:00:00,17:57,No,Early,Hail Jobah,100,Exact,SA,446382,RAMSES38_SAU20-19.XL, ,1,0,1,2,1,0,0,0,0,0,0,0,0,0,0,0,0,0,0,0,0,0,0,0,0,0,0,0,0,0,0,0,0,0,0,0,0,0,0,1,0,0,10,-1,0,0,1,0,0,0,0,0,0,0,0,0,1,10,10,0,0,0,1,0,0,0,0,0,0,0,0,0,0,0,0,0,0,0,0,0,0,0,0,0,0,0,0,0,0,0,0,0,0,0,0,0,0,0,0,0,0,0,0,0,0,0,0,0,0,0,0,0,0,0,0,0,0,0,1899/12/30 00:00:00,1899/12/30 00:00:00,0,0, ,0, ,0, ,0, ,0,0,0,0,0,0,Band
49.842222222,26.5038888890001,27006,2020/04/07 00:00:00,08:12,2020/04/07 00:00:00,08:12,No,Early,ALDAMAM1,400,Exact,SA,446385,RAMSES38_SAU20-19.XL, ,1,0,1,2,1,0,0,0,0,0,0,0,0,0,0,0,0,0,0,0,0,0,0,0,0,0,0,0,0,0,0,0,0,0,0,0,0,0,0,1,0,0,25,-1,0,0,0,1,3,0,0,0,0,0,0,1,0,0.02,0.02,0,1,0,0,0,0,0,0,0,0,0,0,0,0,0,0,0,0,0,0,0,0,0,0,0,0,0,0,0,0,0,0,0,0,0,0,0,0,0,0,0,0,0,0,0,0,0,0,0,0,0,0,0,0,0,0,0,0,0,2020/04/07 00:00:00,2020/04/07 00:00:00,2,1,Fenitrothion,1,ha,150,l,150,ha,0,1,0,0,0,85,Band
47.8088888890001,27.5622222220001,27007,2020/04/07 00:00:00,10:44,2020/04/07 00:00:00,10:44,No,Early,SOUTH QARIA OLIA,400,Exact,SA,446386,RAMSES38_SAU20-19.XL, ,1,0,1,2,1,0,0,0,0,0,0,0,0,0,0,0,0,0,0,0,0,0,0,0,0,0,0,0,0,0,0,0,0,0,0,0,0,0,0,1,0,0,35,-1,0,0,0,1,3,0,0,0,0,0,0,1,0,0.02,0.02,0,1,0,0,0,0,0,0,0,0,0,0,0,0,0,0,0,0,0,0,0,0,0,0,0,0,0,0,0,0,0,0,0,0,0,0,0,0,0,0,0,0,0,0,0,0,0,0,0,0,0,0,0,0,0,0,0,0,0,2020/04/07 00:00:00,2020/04/07 00:00:00,2,1,Fenitrothion,1,ha,200,l,200,ha,0,1,0,0,0,85,Band
48.5391666670001,27.4752777780001,27008,2020/04/07 00:00:00,11:26,2020/04/07 00:00:00,11:26,No,Early,ALNEARIAH,300,Exact,SA,446387,RAMSES38_SAU20-19.XL, ,1,0,1,2,1,0,0,0,0,0,0,0,0,0,0,0,0,0,0,0,0,0,0,0,0,0,0,0,0,0,0,0,0,0,0,0,0,0,0,1,0,0,43,-1,0,0,0,1,3,0,0,0,0,0,0,1,0,0.02,0.02,0,1,0,0,0,0,0,0,0,0,0,0,0,0,0,0,0,0,0,0,0,0,0,0,0,0,0,0,0,0,0,0,0,0,0,0,0,0,0,0,0,0,0,0,0,0,0,0,0,0,0,0,0,0,0,0,0,0,0,2020/04/07 00:00:00,2020/04/07 00:00:00,2,1,Fenitrothion,1,ha,200,l,200,ha,0,1,0,0,0,85,Band
48.8119444440001,25.8786111110001,27009,2020/04/07 00:00:00,11:31,2020/04/07 00:00:00,11:31,No,Early,JODA,400,Exact,SA,446388,RAMSES38_SAU20-19.XL, ,1,0,1,2,1,0,0,0,0,0,0,0,0,0,0,0,0,0,0,0,0,0,0,0,0,0,0,0,0,0,0,0,0,0,0,0,0,0,0,1,0,0,30,-1,0,0,0,1,3,0,0,0,0,0,0,1,0,0.0099999998,0.0099999998,0,1,0,0,0,0,0,0,0,0,0,0,0,0,0,0,0,0,0,0,0,0,0,0,0,0,0,0,0,0,0,0,0,0,0,0,0,0,0,0,0,0,0,0,0,0,0,0,0,0,0,0,0,0,0,0,0,0,0,2020/04/07 00:00:00,2020/04/07 00:00:00,2,1,Fenitrothion,1,ha,150,l,150,ha,0,1,0,0,0,85,Band
42.690555556,10.3875,27063,2020/05/08 00:00:00,00:00,2020/05/08 00:00:00,00:00,No,Early,Biyo-gurgur kebele,3,Exact,ET,457635,RAMSES38_ETH20-51.XL, ,1,0,1,2,1,0,0,0,0,0,0,0,0,0,0,0,0,0,0,0,0,0,0,0,0,0,0,0,0,0,0,0,0,0,0,0,0,0,0,0,0,0,0,-1,0,0,0,0,0,1,0,0,0,1,0,0,0,0,0,0,0,0,0,0,0,0,0,0,0,0,0,0,0,0,0,0,0,0,0,0,0,0,0,0,0,0,0,0,0,0,0,0,0,0,0,0,0,0,0,0,0,0,0,0,0,0,0,0,0,0,0,0,0,0,0,0,0,0,2020/05/08 00:00:00,2020/05/08 00:00:00,2,1,Unknown,0, ,0, ,3,ha,0,0,0,0,1,0,Band
42.6897222220001,10.389444444,27064,2020/05/08 00:00:00,00:00,2020/05/08 00:00:00,00:00,No,Early,Biyo-gurgur kebele,5,Exact,ET,457636,RAMSES38_ETH20-51.XL, ,1,0,1,2,1,0,0,0,0,0,0,0,0,0,0,0,0,0,0,0,0,0,0,0,0,0,0,0,0,0,0,0,0,0,0,0,0,0,0,0,0,0,0,-1,0,0,0,0,1,1,0,0,0,1,0,0,0,0,0,0,0,0,0,0,0,0,0,0,0,0,0,0,0,0,0,0,0,0,0,0,0,0,0,0,0,0,0,0,0,0,0,0,0,0,0,0,0,0,0,0,0,0,0,0,0,0,0,0,0,0,0,0,0,0,0,0,0,0,2020/05/08 00:00:00,2020/05/08 00:00:00,2,1,Unknown,0, ,0, ,5,ha,0,0,0,0,1,0,Band
41.4080555560001,9.74305555600006,27065,2020/05/09 00:00:00,00:00,2020/05/09 00:00:00,00:00,No,Early,Somali Region siiti,1000,Exact,ET,457801,RAMSES38_ETH20-51.XL, ,1,0,1,2,1,0,0,0,0,0,0,0,0,0,0,0,0,0,0,0,0,0,0,0,0,0,0,0,0,0,0,0,0,0,0,0,0,0,0,0,0,0,0,-1,0,0,0,0,0,0,1,0,0,1,0,0,0,0,0,0,0,0,0,0,0,0,0,0,0,0,0,0,0,0,0,0,0,0,0,0,0,0,0,0,0,0,0,0,0,0,0,0,0,0,0,0,0,0,0,0,0,0,0,0,0,0,0,0,0,0,0,0,0,0,0,0,0,0,1899/12/30 00:00:00,1899/12/30 00:00:00,0,0, ,0, ,0, ,0, ,0,0,0,0,0,0,Band
71.902222222,31.8777777780001,27066,2020/05/01 00:00:00,00:00,2020/05/01 00:00:00,00:00,No,Early,Punjab,200,Exact,PA,456157,RAMSES38_PAK20-29.XL,Locust Nymph Combat,1,0,1,2,1,0,0,0,0,0,0,0,0,0,0,0,0,0,0,0,0,0,0,0,0,0,0,0,0,0,0,0,0,0,0,0,0,0,0,0,0,0,0,-1,0,0,0,0,0,1,0,0,0,1,0,0,0,0,0,0,0,0,0,0,0,0,0,0,0,0,0,0,0,0,0,0,0,0,0,0,0,0,0,0,0,0,0,0,0,0,0,0,0,0,0,0,0,0,0,0,0,0,0,0,0,0,0,0,0,0,0,0,0,0,0,0,0,0,2020/05/01 00:00:00,2020/05/01 00:00:00,2,1,Unknown,0, ,0, ,0, ,0,0,0,0,1,90,Band
71.7344444440001,31.1752777780001,27067,2020/05/09 00:00:00,00:00,2020/05/09 00:00:00,00:00,No,Early, ,30,Exact,PA,458419,RAMSES38_PAK20-33B.X, ,1,0,1,2,1,0,0,0,0,0,0,0,0,0,0,0,0,0,0,0,0,0,0,0,0,0,0,0,0,0,0,0,0,0,0,0,0,0,0,0,0,0,0,-1,0,0,0,0,1,1,0,0,0,1,0,0,0,0,0,0,0,0,0,0,0,0,0,0,0,1,0,0,-1,0,0,0,0,0,0,0,0,0,0,0,0,0,0,1,0,0,0,0,0,0,0,0,0,0,0,0,0,0,0,0,0,0,0,0,0,0,0,0,0,0,0,0,0,0,2020/05/09 00:00:00,2020/05/09 00:00:00,2,1,Unknown,0, ,0, ,0, ,0,0,0,0,1,0,Band
32.9333333330001,4.66666666700007,27068,2020/05/08 00:00:00,07:12,2020/05/08 00:00:00,07:12,No,Early,Nivasha,2,Exact,SS,458456,RAMSES38_SSD20-20.XL,Matured DL seen Scat,1,0,1,2,1,0,0,0,0,0,0,1,0,0,-1,0,0,0,0,3,1,1,0,0,0,0,0,0,1,0,0,1,0,0,0,0,0,0,0,0,0,0,0,-1,0,0,0,1,1,1,1,0,0,0,0,0,1,0,0,0,0,0,0,0,0,0,0,0,1,0,0,0,-1,1,0,0,0,0,0,0,0,0,0,0,1,0,0,1,0,0,0,0,0,0,0,0,0,0,0,0,0,0,0,0,0,0,0,0,0,0,0,0,0,0,0,0,0,0,1899/12/30 00:00:00,1899/12/30 00:00:00,0,0, ,0, ,0, ,0, ,0,0,0,0,0,0,Band
42.35,9.93333333300006,27069,2020/05/03 00:00:00,07:44,2020/05/03 00:00:00,07:44,No,Early,Madley ma,95,Exact,ET,456255,RAMSES38_ETH20-48.XL, ,1,0,1,2,1,0,0,0,0,0,0,0,0,0,0,0,0,0,0,0,0,0,0,0,0,0,0,0,0,0,0,0,0,0,0,0,0,0,0,0,0,0,0,-1,0,0,0,0,1,0,0,0,0,0,0,1,0,0,0,0,0,0,0,0,0,0,0,0,0,0,0,0,0,0,0,0,0,0,0,0,0,0,0,0,0,0,0,0,0,0,0,0,0,0,0,0,0,0,0,0,0,0,0,0,0,0,0,0,0,0,0,0,0,0,0,0,0,0,2020/05/03 00:00:00,2020/05/03 00:00:00,2,1,Chlorpyrifos,1,ha,25,l,25,ha,0,1,0,0,0,0,Band
41.3666666670001,9.56666666700005,27070,2020/05/03 00:00:00,07:47,2020/05/03 00:00:00,07:47,No,Early,Demtu,20,Exact,ET,456256,RAMSES38_ETH20-48.XL, ,1,0,1,2,1,0,0,0,0,0,0,0,0,0,0,0,0,0,0,0,0,0,0,0,0,0,0,0,0,0,0,0,0,0,0,0,0,0,0,0,0,0,0,-1,0,0,0,0,1,0,0,0,0,0,0,1,0,0,0,0,0,0,0,0,0,0,0,0,0,0,0,0,0,0,0,0,0,0,0,0,0,0,0,0,0,0,0,0,0,0,0,0,0,0,0,0,0,0,0,0,0,0,0,0,0,0,0,0,0,0,0,0,0,0,0,0,0,0,2020/05/03 00:00:00,2020/05/03 00:00:00,2,1,Chlorpyrifos,1,ha,3,l,3,ha,1,0,0,0,0,0,Band
37.05,5.11666666700006,27071,2020/05/04 00:00:00,07:35,2020/05/04 00:00:00,07:35,No,Early,Wayu daga,200,Exact,ET,456257,RAMSES38_ETH20-48.XL, ,1,0,1,2,1,0,0,0,0,0,0,0,0,0,0,0,0,0,0,0,0,0,0,0,0,0,0,0,0,0,0,0,0,0,0,0,0,0,0,0,0,0,0,-1,0,0,0,0,1,0,0,0,0,0,0,1,0,0,0,0,0,0,0,0,0,0,0,0,0,0,0,0,0,0,0,0,0,0,0,0,0,0,0,0,0,0,0,0,0,0,0,0,0,0,0,0,0,0,0,0,0,0,0,0,0,0,0,0,0,0,0,0,0,0,0,0,0,0,2020/05/04 00:00:00,2020/05/04 00:00:00,2,1,Chlorpyrifos,1,ha,3,l,3,ha,1,0,0,0,0,0,Band
42.283333333,9.93333333300006,27072,2020/05/04 00:00:00,07:40,2020/05/04 00:00:00,07:40,No,Early,Gelada,110,Exact,ET,456258,RAMSES38_ETH20-48.XL, ,1,0,1,2,1,0,0,0,0,0,0,0,0,0,0,0,0,0,0,0,0,0,0,0,0,0,0,0,0,0,0,0,0,0,0,0,0,0,0,0,0,0,0,-1,0,0,1,0,0,0,0,0,0,0,0,0,1,0,0,0,0,0,0,0,0,0,0,0,0,0,0,0,0,0,0,0,0,0,0,0,0,0,0,0,0,0,0,0,0,0,0,0,0,0,0,0,0,0,0,0,0,0,0,0,0,0,0,0,0,0,0,0,0,0,0,0,0,0,2020/05/04 00:00:00,2020/05/04 00:00:00,2,1,Chlorpyrifos,1,ha,70,l,70,ha,1,0,0,0,0,0,Band
42.65,9.85,27073,2020/05/04 00:00:00,07:45,2020/05/04 00:00:00,07:45,No,Early,Warabessa,150,Exact,ET,456259,RAMSES38_ETH20-48.XL, ,1,0,1,2,1,0,0,0,0,0,0,0,0,0,0,0,0,0,0,0,0,0,0,0,0,0,0,0,0,0,0,0,0,0,0,0,0,0,0,0,0,0,0,-1,0,0,0,0,1,0,0,0,0,0,0,1,0,0,0,0,0,0,0,0,0,0,0,0,0,0,0,0,0,0,0,0,0,0,0,0,0,0,0,0,0,0,0,0,0,0,0,0,0,0,0,0,0,0,0,0,0,0,0,0,0,0,0,0,0,0,0,0,0,0,0,0,0,0,2020/05/04 00:00:00,2020/05/04 00:00:00,2,1,Chlorpyrifos,1,ha,40,l,40,ha,0,1,0,0,0,0,Band
42.6333333330001,9.83333333300004,27074,2020/05/04 00:00:00,07:48,2020/05/04 00:00:00,07:48,No,Early,Indos,130,Exact,ET,456260,RAMSES38_ETH20-48.XL, ,1,0,1,2,1,0,0,0,0,0,0,0,0,0,0,0,0,0,0,0,0,0,0,0,0,0,0,0,0,0,0,0,0,0,0,0,0,0,0,0,0,0,0,-1,0,0,0,0,1,0,0,0,0,0,0,1,0,0,0,0,0,0,0,0,0,0,0,0,0,0,0,0,0,0,0,0,0,0,0,0,0,0,0,0,0,0,0,0,0,0,0,0,0,0,0,0,0,0,0,0,0,0,0,0,0,0,0,0,0,0,0,0,0,0,0,0,0,0,2020/05/04 00:00:00,2020/05/04 00:00:00,2,1,Chlorpyrifos,1,ha,30,l,30,ha,0,1,0,0,0,0,Band
42.4166666670001,9.88333333300005,27075,2020/05/04 00:00:00,07:50,2020/05/04 00:00:00,07:50,No,Early,Ayinan,60,Exact,ET,456261,RAMSES38_ETH20-48.XL, ,1,0,1,2,1,0,0,0,0,0,0,0,0,0,0,0,0,0,0,0,0,0,0,0,0,0,0,0,0,0,0,0,0,0,0,0,0,0,0,0,0,0,0,-1,0,0,0,0,1,0,0,0,0,0,0,1,0,0,0,0,0,0,0,0,0,0,0,0,0,0,0,0,0,0,0,0,0,0,0,0,0,0,0,0,0,0,0,0,0,0,0,0,0,0,0,0,0,0,0,0,0,0,0,0,0,0,0,0,0,0,0,0,0,0,0,0,0,0,2020/05/04 00:00:00,2020/05/04 00:00:00,2,1,Chlorpyrifos,1,ha,15,l,15,ha,0,1,0,0,0,0,Band
42.6333333330001,9.81666666700005,27076,2020/05/04 00:00:00,07:54,2020/05/04 00:00:00,07:54,No,Early,Golele,45,Exact,ET,456262,RAMSES38_ETH20-48.XL, ,1,0,1,2,1,0,0,0,0,0,0,0,0,0,0,0,0,0,0,0,0,0,0,0,0,0,0,0,0,0,0,0,0,0,0,0,0,0,0,0,0,0,0,-1,0,0,0,0,1,0,0,0,0,0,0,1,0,0,0,0,0,0,0,0,0,0,0,0,0,0,0,0,0,0,0,0,0,0,0,0,0,0,0,0,0,0,0,0,0,0,0,0,0,0,0,0,0,0,0,0,0,0,0,0,0,0,0,0,0,0,0,0,0,0,0,0,0,0,2020/05/04 00:00:00,2020/05/04 00:00:00,2,1,Chlorpyrifos,1,ha,15,l,15,ha,0,1,0,0,0,0,Band
44.1263888890001,5.6575,27077,2020/05/05 00:00:00,00:00,2020/05/05 00:00:00,00:00,No,Early,Somali Region,150,Exact,ET,456300,RAMSES38_ETH20-49.XL, ,1,0,1,2,1,0,0,0,0,0,0,0,0,0,0,0,0,0,0,0,0,0,0,0,0,0,0,0,0,0,0,0,0,0,0,0,0,0,0,0,0,0,0,-1,0,0,1,0,0,0,0,0,0,0,0,0,1,0,0,0,0,0,0,0,0,0,0,0,0,0,0,0,0,0,0,0,0,0,0,0,0,0,0,0,0,0,0,0,0,0,0,0,0,0,0,0,0,0,0,0,0,0,0,0,0,0,0,0,0,0,0,0,0,0,0,0,0,0,1899/12/30 00:00:00,1899/12/30 00:00:00,0,0, ,0, ,0, ,0, ,0,0,0,0,0,0,Band
37.536111111,2.47166666700002,27078,2020/05/04 00:00:00,00:00,2020/05/04 00:00:00,00:00,No,Early,Marsabit,500,Exact,KE,456369,RAMSES38_KEN20-58.XL,there is huge invasi,1,0,1,2,1,0,0,0,0,0,0,0,0,0,0,0,0,0,0,0,0,0,0,0,0,0,0,0,0,0,0,0,0,0,0,0,0,0,0,0,0,0,0,-1,0,0,0,0,0,1,0,0,0,1,0,0,0,0,0,0,0,0,0,0,0,0,0,0,0,0,0,0,0,0,0,0,0,0,0,0,0,0,0,0,0,0,0,0,0,0,0,0,0,0,0,-1,0,0,1,0,0,0,1,0,0,0,0,0,0,0,0,0,0,0,0,0,0,0,1899/12/30 00:00:00,1899/12/30 00:00:00,0,0, ,0, ,0, ,0, ,0,0,0,0,0,0,Band
37.591111111,2.50888888900005,27079,2020/05/04 00:00:00,00:00,2020/05/04 00:00:00,00:00,No,Early,Marsabit,100,Exact,KE,456380,RAMSES38_KEN20-58.XL, ,1,0,1,1,1,0,0,0,0,0,0,0,0,0,0,0,0,0,0,0,0,0,0,0,0,0,0,0,0,0,0,0,0,0,0,0,0,0,0,0,0,0,0,-1,0,0,0,0,0,1,0,0,0,1,0,0,0,0,0,0,0,0,0,0,0,0,0,0,0,0,0,0,-1,0,0,0,0,0,0,0,0,0,0,0,0,0,0,1,0,0,0,0,0,0,0,-1,0,0,1,1,1,0,1,0,0,0,0,0,0,0,0,0,0,0,0,0,0,0,1899/12/30 00:00:00,1899/12/30 00:00:00,0,0, ,0, ,0, ,0, ,0,0,0,0,0,0,Band
36.834166667,3.17833333300007,27080,2020/05/05 00:00:00,00:00,2020/05/05 00:00:00,00:00,No,Early,Marsabit,300,Exact,KE,456405,RAMSES38_KEN20-58.XL, ,1,0,1,2,1,0,0,0,0,0,0,0,0,0,0,0,0,0,0,0,0,0,0,0,0,0,0,0,0,0,0,0,0,0,0,0,0,0,0,0,0,0,0,-1,0,0,0,0,1,1,1,0,0,0,0,1,0,0,0,0,0,0,0,0,0,0,0,0,0,0,0,0,0,0,0,0,0,0,0,0,0,0,0,0,0,0,0,0,0,0,0,0,0,0,0,0,0,0,0,0,0,0,0,0,0,0,0,0,0,0,0,0,0,0,0,0,0,0,1899/12/30 00:00:00,1899/12/30 00:00:00,0,0, ,0, ,0, ,0, ,0,0,0,0,0,0,Band
36.822777778,3.23333333300008,27081,2020/05/05 00:00:00,00:00,2020/05/05 00:00:00,00:00,No,Early,Marsabit,200,Exact,KE,456406,RAMSES38_KEN20-58.XL, ,1,0,1,2,1,0,0,0,0,0,0,0,0,0,0,0,0,0,0,0,0,0,0,0,0,0,0,0,0,0,0,0,0,0,0,0,0,0,0,0,0,0,0,-1,0,0,0,0,1,1,1,0,0,0,0,1,0,0,0,0,0,0,0,0,0,0,0,0,0,0,0,0,0,0,0,0,0,0,0,0,0,0,0,0,0,0,0,0,0,0,0,0,0,0,0,0,0,0,0,0,0,0,0,0,0,0,0,0,0,0,0,0,0,0,0,0,0,0,1899/12/30 00:00:00,1899/12/30 00:00:00,0,0, ,0, ,0, ,0, ,0,0,0,0,0,0,Band
71.7441666670001,31.155,27082,2020/05/05 00:00:00,00:00,2020/05/05 00:00:00,00:00,No,Early,Punjab,20,Exact,PA,456959,RAMSES38_PAK20-31.XL,combat operation,1,0,1,2,1,0,0,0,0,0,0,0,0,0,0,0,0,0,0,0,0,0,0,0,0,0,0,0,0,0,0,0,0,0,0,0,0,0,0,0,0,0,0,-1,0,0,0,0,0,0,0,0,0,1,0,0,0,0,0,0,0,0,0,0,0,0,0,0,0,0,0,0,-1,0,0,0,0,0,0,0,0,0,0,0,0,0,0,1,0,0,0,0,0,0,0,0,0,0,0,0,0,0,0,0,0,0,0,0,0,0,0,0,0,0,0,0,0,0,1899/12/30 00:00:00,1899/12/30 00:00:00,0,0, ,0, ,0, ,0, ,0,0,0,0,0,0,Band
71.7455555560001,31.153611111,27083,2020/05/05 00:00:00,00:00,2020/05/05 00:00:00,00:00,No,Early,Punjab,60,Exact,PA,456960,RAMSES38_PAK20-31.XL, ,1,0,1,2,1,0,0,0,0,0,0,0,0,0,0,0,0,0,0,0,0,0,0,0,0,0,0,0,0,0,0,0,0,0,0,0,0,0,0,0,0,0,0,-1,0,0,0,0,0,0,1,0,0,1,0,0,0,0,0,0,0,0,0,0,0,0,0,0,0,0,0,0,-1,0,0,0,0,0,0,0,0,0,0,0,0,0,0,1,0,0,0,0,0,0,0,0,0,0,0,0,0,0,0,0,0,0,0,0,0,0,0,0,0,0,0,0,0,0,1899/12/30 00:00:00,1899/12/30 00:00:00,0,0, ,0, ,0, ,0, ,0,0,0,0,0,0,Band
71.7861111110001,31.104444444,27084,2020/05/04 00:00:00,00:00,2020/05/04 00:00:00,00:00,No,Early,Punjab,10,Exact,PA,457052,RAMSES38_PAK20-31.XL,combat operation,1,0,1,2,1,0,0,0,0,0,0,0,0,0,0,0,0,0,0,0,0,0,0,0,0,0,0,0,0,0,0,0,0,0,0,0,0,0,0,0,0,0,0,-1,0,0,0,0,0,0,1,0,0,1,0,0,0,0,0,0,0,0,0,0,0,0,0,0,0,0,0,0,-1,0,0,0,0,0,0,0,0,0,0,0,0,0,0,1,0,0,0,0,0,0,0,0,0,0,0,0,0,0,0,0,0,0,0,0,0,0,0,0,0,0,0,0,0,0,2020/05/04 00:00:00,2020/05/04 00:00:00,2,1,Unknown,0, ,0, ,0, ,0,0,0,0,1,85,Band
71.7863888890001,31.1066666670001,27085,2020/05/04 00:00:00,00:00,2020/05/04 00:00:00,00:00,No,Early,Punjab,5,Exact,PA,457053,RAMSES38_PAK20-31.XL,combat operation,1,0,1,2,1,0,0,0,0,0,0,0,0,0,0,0,0,0,0,0,0,0,0,0,0,0,0,0,0,0,0,0,0,0,0,0,0,0,0,0,0,0,0,-1,0,0,0,0,0,0,1,0,0,1,0,0,0,0,0,0,0,0,0,0,0,0,0,0,0,0,0,0,-1,0,0,0,0,0,0,0,0,0,0,0,0,0,0,1,0,0,0,0,0,0,0,0,0,0,0,0,0,0,0,0,0,0,0,0,0,0,0,0,0,0,0,0,0,0,2020/05/04 00:00:00,2020/05/04 00:00:00,2,1,Unknown,0, ,0, ,0, ,0,0,0,0,1,85,Band
42.1127777780001,28.3527777780001,27086,2020/05/03 00:00:00,18:55,2020/05/03 00:00:00,18:55,No,Early,NK 6,60,Exact,SA,457062,RAMSES38_SAU20-25.XL, ,1,0,1,2,1,0,0,0,0,0,0,0,0,0,0,0,0,0,0,0,0,0,0,0,0,0,0,0,0,0,0,0,0,0,0,0,0,0,1,0,0,0,0,-1,0,0,0,1,1,0,0,0,0,0,0,1,0,1,1,0,0,1,0,0,0,0,0,0,0,0,0,0,0,0,0,0,0,0,0,0,0,0,0,0,0,0,0,0,0,0,0,0,0,0,0,0,0,0,0,0,0,0,0,0,0,0,0,0,0,0,0,0,0,0,0,0,0,0,1899/12/30 00:00:00,1899/12/30 00:00:00,0,0, ,0, ,0, ,0, ,0,0,0,0,0,0,Band
41.335,28.710277778,27087,2020/05/03 00:00:00,17:43,2020/05/03 00:00:00,17:43,No,Early,qareit alhafar,1,Exact,SA,457087,RAMSES38_SAU20-25.XL, ,1,0,1,2,1,0,0,0,0,0,0,0,0,0,0,0,0,0,0,0,0,0,0,0,0,0,0,0,0,0,0,0,0,0,0,0,0,0,0,1,0,0,1,-1,0,0,0,0,1,3,0,0,3,0,0,1,0,0.0049999999,0.0049999999,0,1,0,0,0,0,0,0,0,0,0,0,0,0,0,0,0,0,0,0,0,0,0,0,0,0,0,0,0,0,0,0,0,0,0,0,0,0,0,0,0,0,0,0,0,0,0,0,0,0,0,0,0,0,0,0,0,0,0,2020/05/03 00:00:00,2020/05/03 00:00:00,2,1,Fenitrothion,1,ha,10,l,10,ha,0,1,0,0,0,95,Band
51.6047222220001,28.7311111110001,27088,2020/05/06 00:00:00,10:41,2020/05/06 00:00:00,10:41,No,Early,Kazemabad,400,Exact,IR,457177,RAMSES38_IRN20-58.XL, ,1,0,1,2,1,0,0,0,0,0,0,0,0,0,0,0,0,0,0,0,0,0,0,0,0,0,0,0,0,0,0,0,0,0,0,0,0,0,0,1,0,0,0,-1,0,0,0,0,1,1,1,0,0,0,0,1,0,0,0,0,0,0,0,0,0,0,0,0,0,0,0,0,0,0,0,0,0,0,0,0,0,0,0,0,0,0,0,0,0,0,0,0,0,0,0,0,0,0,0,0,0,0,0,0,0,0,0,0,0,0,0,0,0,0,0,0,0,0,2020/05/06 00:00:00,2020/05/06 00:00:00,2,1,Malathion,1.5,ha,450,l,300,ha,0,1,0,0,0,90,Band
57.6719444440001,25.842222222,27089,2020/05/06 00:00:00,09:19,2020/05/06 00:00:00,09:19,No,Early,KHoshkizou,100,Exact,IR,457185,RAMSES38_IRN20-58.XL, ,1,0,1,2,1,0,0,0,0,0,0,1,0,0,-1,0,0,0,0,0,0,0,0,0,0,0,0,0,1,0,0,0,1,0,0,0,0,0,0,1,0,0,1,-1,0,0,0,0,1,3,0,0,3,0,0,1,0,1,1,0,0,1,0,0,0,0,0,0,0,0,0,0,0,0,0,0,0,0,0,0,0,0,0,0,0,0,0,0,0,0,0,0,0,0,0,0,0,0,0,0,0,0,0,0,0,0,0,0,0,0,0,0,0,0,0,0,0,0,1899/12/30 00:00:00,1899/12/30 00:00:00,0,0, ,0, ,0, ,0, ,0,0,0,0,0,0,Band
57.6947222220001,25.8133333330001,27090,2020/05/06 00:00:00,12:30,2020/05/06 00:00:00,12:30,No,Early,Nasari,100,Exact,IR,457189,RAMSES38_IRN20-58.XL, ,1,0,1,2,1,0,0,0,0,0,0,1,0,0,-1,0,0,0,0,0,0,0,0,0,0,0,0,0,1,0,0,0,1,0,0,0,0,0,0,1,0,0,1,-1,0,0,0,0,3,1,0,0,0,0,0,1,0,1,1,0,0,1,0,0,0,0,0,0,0,0,0,0,0,0,0,0,0,0,0,0,0,0,0,0,0,0,0,0,0,0,0,0,0,0,0,0,0,0,0,0,0,0,0,0,0,0,0,0,0,0,0,0,0,0,0,0,0,0,2020/05/06 00:00:00,2020/05/06 00:00:00,2,1,Deltamethrin,0.5,ha,25,l,50,ha,1,0,0,0,0,15,Band
52.221944444,28.277777778,27091,2020/05/06 00:00:00,11:19,2020/05/06 00:00:00,11:19,No,Early,Dejgah,400,Exact,IR,457200,RAMSES38_IRN20-58.XL, ,1,0,1,2,1,0,0,0,0,0,0,0,0,0,0,0,0,0,0,0,0,0,0,0,0,0,0,0,0,0,0,0,0,0,0,0,0,0,0,0,1,0,0,-1,0,0,0,0,0,1,0,0,0,0,0,1,0,0,0,0,0,0,0,0,0,0,0,0,0,0,0,0,0,0,0,0,0,0,0,0,0,0,0,0,0,0,0,0,0,0,0,0,0,0,0,0,0,0,0,0,0,0,0,0,0,0,0,0,0,0,0,0,0,0,0,0,0,0,2020/05/06 00:00:00,2020/05/06 00:00:00,2,1,Deltamethrin,0.5,ha,150,l,300,ha,0,1,0,0,0,90,Band
52.213888889,28.2241666670001,27092,2020/05/07 00:00:00,11:10,2020/05/07 00:00:00,11:10,No,Early,Dejgah,300,Exact,IR,457230,RAMSES38_IRN20-58.XL, ,1,0,1,2,1,0,0,0,0,0,0,0,0,0,0,0,0,0,0,0,0,0,0,0,0,0,0,0,0,0,0,0,0,0,0,0,0,0,0,0,1,0,0,-1,0,0,0,0,0,1,0,0,0,0,0,1,0,0,0,0,0,0,0,0,0,0,0,0,0,0,0,0,0,0,0,0,0,0,0,0,0,0,0,0,0,0,0,0,0,0,0,0,0,0,0,0,0,0,0,0,0,0,0,0,0,0,0,0,0,0,0,0,0,0,0,0,0,0,2020/05/07 00:00:00,2020/05/07 00:00:00,2,1,Deltamethrin,0.5,ha,125,l,250,ha,0,1,0,0,0,90,Band
57.842777778,25.696666667,27093,2020/05/09 00:00:00,17:29,2020/05/09 00:00:00,17:29,No,Early,Bahal,200,Exact,IR,457267,RAMSES38_IRN20-58.XL, ,1,0,1,2,1,0,0,0,0,0,0,1,0,0,-1,0,0,0,0,0,0,0,0,0,0,0,0,0,1,0,0,0,1,0,0,0,0,0,0,0,1,0,1,-1,0,0,0,0,3,1,0,0,0,0,0,1,0,2,2,0,0,1,0,0,0,0,0,0,0,0,0,0,0,0,0,0,0,0,0,0,0,0,0,0,0,0,0,0,0,0,0,0,0,0,0,0,0,0,0,0,0,0,0,0,0,0,0,0,0,0,0,0,0,0,0,0,0,0,2020/05/09 00:00:00,2020/05/09 00:00:00,2,1,Deltamethrin,0.5,ha,50,l,100,ha,1,0,0,0,0,90,Band
51.593888889,28.735,27094,2020/05/07 00:00:00,10:45,2020/05/07 00:00:00,10:45,No,Early,Kazemabad,400,Exact,IR,457275,RAMSES38_IRN20-58.XL, ,1,0,1,2,1,0,0,0,0,0,0,0,0,0,0,0,0,0,0,0,0,0,0,0,0,0,0,0,0,0,0,0,0,0,0,0,0,0,0,0,1,0,0,-1,0,0,0,0,1,1,1,0,0,0,0,1,0,0,0,0,0,0,0,0,0,0,0,0,0,0,0,0,0,0,0,0,0,0,0,0,0,0,0,0,0,0,0,0,0,0,0,0,0,0,0,0,0,0,0,0,0,0,0,0,0,0,0,0,0,0,0,0,0,0,0,0,0,0,2020/05/07 00:00:00,2020/05/07 00:00:00,2,1,Malathion,1.5,ha,600,l,400,ha,0,1,0,0,0,90,Band
60.643333333,25.2927777780001,27095,2020/05/07 00:00:00,00:00,2020/05/07 00:00:00,00:00,No,Early,Sistan and Baluchest,100,Exact,IR,457288,RAMSES38_IRN20-58.XL,It is for test,1,0,1,2,1,0,0,0,0,0,0,0,0,0,0,0,0,0,0,0,0,0,0,0,0,0,0,0,0,0,0,0,0,0,0,0,0,0,0,0,0,0,0,-1,0,0,0,1,1,1,0,0,0,1,0,0,0,0,0,0,0,0,0,0,0,0,0,0,0,0,0,0,0,0,0,0,0,0,0,0,0,0,0,0,0,0,0,0,0,0,0,0,0,0,0,0,0,0,0,0,0,0,0,0,0,0,0,0,0,0,0,0,0,0,0,0,0,0,1899/12/30 00:00:00,1899/12/30 00:00:00,0,0, ,0, ,0, ,0, ,0,0,0,0,0,0,Band
52.2363888890001,28.2538888890001,27096,2020/05/08 00:00:00,11:51,2020/05/08 00:00:00,11:51,No,Early,Dejgah,300,Exact,IR,457454,RAMSES38_IRN20-58.XL, ,1,0,1,2,1,0,0,0,0,0,0,0,0,0,0,0,0,0,0,0,0,0,0,0,0,0,0,0,0,0,0,0,0,0,0,0,0,0,0,1,0,0,0,-1,0,0,0,0,0,1,0,0,0,0,0,1,0,0,0,0,0,0,0,0,0,0,0,0,0,0,0,0,0,0,0,0,0,0,0,0,0,0,0,0,0,0,0,0,0,0,0,0,0,0,0,0,0,0,0,0,0,0,0,0,0,0,0,0,0,0,0,0,0,0,0,0,0,0,2020/05/08 00:00:00,2020/05/08 00:00:00,2,1,Deltamethrin,0.5,ha,125,l,250,ha,0,1,0,0,0,90,Band
41.3630555560001,28.2675,27097,2020/05/05 00:00:00,16:52,2020/05/05 00:00:00,16:52,No,Early,qareit alradeifha,2,Exact,SA,457113,RAMSES38_SAU20-25.XL, ,1,0,1,2,1,0,0,0,0,0,0,0,0,0,0,0,0,0,0,0,0,0,0,0,0,0,0,0,0,0,0,0,0,0,0,0,0,0,0,1,0,0,4,-1,0,0,0,0,1,3,0,0,3,0,0,1,0,0.0099999998,0.0099999998,0,1,0,0,0,0,0,0,0,0,0,0,0,0,0,0,0,0,0,0,0,0,0,0,0,0,0,0,0,0,0,0,0,0,0,0,0,0,0,0,0,0,0,0,0,0,0,0,0,0,0,0,0,0,0,0,0,0,0,1899/12/30 00:00:00,1899/12/30 00:00:00,0,0, ,0, ,0, ,0, ,0,0,0,0,0,0,Band
41.3630555560001,28.2675,27098,2020/05/05 00:00:00,16:58,2020/05/05 00:00:00,16:58,No,Early,qareit alradeifha,2,Exact,SA,457114,RAMSES38_SAU20-25.XL, ,1,0,1,2,1,0,0,0,0,0,0,0,0,0,0,0,0,0,0,0,0,0,0,0,0,0,0,0,0,0,0,0,0,0,0,0,0,0,0,1,0,0,4,-1,0,0,0,0,1,3,0,0,3,0,0,1,0,0.0099999998,0.0099999998,0,1,0,0,0,0,0,0,0,0,0,0,0,0,0,0,0,0,0,0,0,0,0,0,0,0,0,0,0,0,0,0,0,0,0,0,0,0,0,0,0,0,0,0,0,0,0,0,0,0,0,0,0,0,0,0,0,0,0,2020/05/05 00:00:00,2020/05/05 00:00:00,2,1,Lambdacyhalothrin,1,ha,40,l,40,ha,1,0,0,0,0,90,Band
41.346111111,28.282777778,27099,2020/05/05 00:00:00,17:54,2020/05/05 00:00:00,17:54,No,Early,qareit alradeifh,1,Exact,SA,457115,RAMSES38_SAU20-25.XL, ,1,0,1,2,1,0,0,0,0,0,0,0,0,0,0,0,0,0,0,0,0,0,0,0,0,0,0,0,0,0,0,0,0,0,0,0,0,0,0,1,0,0,5,-1,0,0,0,0,1,3,0,0,3,0,0,1,0,0.0099999998,0.0099999998,0,1,0,0,0,0,0,0,0,0,0,0,0,0,0,0,0,0,0,0,0,0,0,0,0,0,0,0,0,0,0,0,0,0,0,0,0,0,0,0,0,0,0,0,0,0,0,0,0,0,0,0,0,0,0,0,0,0,0,2020/05/05 00:00:00,2020/05/05 00:00:00,2,1,Fenitrothion,1,ha,50,l,50,ha,0,1,0,0,0,90,Band
42.152222222,28.3141666670001,27100,2020/05/05 00:00:00,18:25,2020/05/05 00:00:00,18:25,No,Early,NK 1,60,Exact,SA,457116,RAMSES38_SAU20-25.XL, ,1,0,1,2,1,0,0,0,0,0,0,0,0,0,0,0,0,0,0,0,0,0,0,0,0,0,0,0,0,0,0,0,0,0,0,0,0,0,1,0,0,0,0,-1,0,0,0,0,1,0,0,0,0,0,0,1,0,2,2,0,0,1,0,0,0,0,0,0,0,0,0,0,0,0,0,0,0,0,0,0,0,0,0,0,0,0,0,0,0,0,0,0,0,0,0,0,0,0,0,0,0,0,0,0,0,0,0,0,0,0,0,0,0,0,0,0,0,0,1899/12/30 00:00:00,1899/12/30 00:00:00,0,0, ,0, ,0, ,0, ,0,0,0,0,0,0,Band
41.3244444440001,28.276666667,27101,2020/05/01 00:00:00,06:19,2020/05/01 00:00:00,06:19,No,Early,qareit alradeifh,10,Exact,SA,457119,RAMSES38_SAU20-25.XL, ,1,0,1,2,1,0,0,0,0,0,0,0,0,0,0,0,0,0,0,0,0,0,0,0,0,0,0,0,0,0,0,0,0,0,0,0,0,0,0,0,1,0,2,-1,0,0,0,1,3,0,0,0,0,0,1,0,0,0.0099999998,0.0099999998,0,1,0,0,0,0,0,0,0,0,0,0,0,0,0,0,0,0,0,0,0,0,0,0,0,0,0,0,0,0,0,0,0,0,0,0,0,0,0,0,0,0,0,0,0,0,0,0,0,0,0,0,0,0,0,0,0,0,0,1899/12/30 00:00:00,1899/12/30 00:00:00,0,0, ,0, ,0, ,0, ,0,0,0,0,0,0,Band
41.3244444440001,28.276666667,27102,2020/05/01 00:00:00,06:41,2020/05/01 00:00:00,06:41,No,Early,qareit alradeifh,40,Exact,SA,457120,RAMSES38_SAU20-25.XL, ,1,0,1,2,1,0,0,0,0,0,0,0,0,0,0,0,0,0,0,0,0,0,0,0,0,0,0,0,0,0,0,0,0,0,0,0,0,0,0,0,1,0,2,-1,0,0,0,0,1,0,0,0,0,0,1,0,0,100,100,0,0,0,0,1,0,0,0,0,0,0,0,0,0,0,0,0,0,0,0,0,0,0,0,0,0,0,0,0,0,0,0,0,0,0,0,0,0,0,0,0,0,0,0,0,0,0,0,0,0,0,0,0,0,0,0,0,0,0,2020/05/01 00:00:00,2020/05/01 00:00:00,2,1,Lambdacyhalothrin,1,ha,20,l,20,ha,0,1,0,0,0,90,Band
41.325555556,28.277222222,27103,2020/05/01 00:00:00,06:56,2020/05/01 00:00:00,06:56,No,Early,qareit alradeifha,10,Exact,SA,457121,RAMSES38_SAU20-25.XL, ,1,0,1,2,1,0,0,0,0,0,0,0,0,0,0,0,0,0,0,0,0,0,0,0,0,0,0,0,0,0,0,0,0,0,0,0,0,0,0,0,1,0,3,-1,0,0,0,1,3,0,0,0,0,0,0,1,0,0.0099999998,0.0099999998,0,1,0,0,0,0,0,0,0,0,0,0,0,0,0,0,0,0,0,0,0,0,0,0,0,0,0,0,0,0,0,0,0,0,0,0,0,0,0,0,0,0,0,0,0,0,0,0,0,0,0,0,0,0,0,0,0,0,0,2020/05/01 00:00:00,2020/05/01 00:00:00,2,1,Fenitrothion,1,ha,80,l,80,ha,0,1,0,0,0,95,Band
42.9858333330001,6.07305555600004,27104,2020/05/01 00:00:00,00:00,2020/05/01 00:00:00,00:00,No,Early,Somali Region,7,Exact,ET,455608,RAMSES38_ETH20-47.XL, ,1,0,1,1,1,0,0,0,0,0,0,0,0,0,0,0,0,0,0,0,0,0,0,0,0,0,0,0,0,0,0,0,0,0,0,0,0,0,0,0,0,0,0,-1,0,0,0,0,0,1,1,0,0,0,0,0,0,0,0,0,0,0,0,0,0,0,0,0,0,0,0,0,0,0,0,0,0,0,0,0,0,0,0,0,0,0,0,0,0,0,0,0,0,0,0,-1,0,0,1,1,1,0,1,0,0,0,0,0,0,0,0,0,0,0,0,0,0,0,1899/12/30 00:00:00,1899/12/30 00:00:00,0,0, ,0, ,0, ,0, ,0,0,0,0,0,0,Band
54.1641666670001,27.1733333330001,27105,2020/05/08 00:00:00,13:33,2020/05/08 00:00:00,13:33,No,Early,Todruyeh,450,Exact,IR,457310,RAMSES38_IRN20-58.XL, ,1,0,1,2,1,0,0,0,0,0,0,0,0,0,0,0,0,0,0,0,0,0,0,0,0,0,0,0,0,0,0,0,0,0,0,0,0,0,0,0,1,0,0,-1,0,0,0,0,0,1,1,0,0,0,0,1,0,0,0,0,0,0,0,0,0,0,0,0,0,0,0,0,0,0,0,0,0,0,0,0,0,0,0,0,0,0,0,0,0,0,0,0,0,0,0,0,0,0,0,0,0,0,0,0,0,0,0,0,0,0,0,0,0,0,0,0,0,0,2020/05/08 00:00:00,2020/05/08 00:00:00,2,1,Deltamethrin,0.5,ha,175,l,350,ha,0,1,0,0,0,90,Band
41.332222222,28.7266666670001,27106,2020/05/03 00:00:00,16:55,2020/05/03 00:00:00,16:55,No,Early,qareit alhafar,2,Exact,SA,457160,RAMSES38_SAU20-25.XL, ,1,0,1,2,1,0,0,0,0,0,0,0,0,0,0,0,0,0,0,0,0,0,0,0,0,0,0,0,0,0,0,0,0,0,0,0,0,0,0,0,1,0,5,-1,0,0,0,0,1,3,0,0,3,0,0,1,0,0.02,0.02,0,1,0,0,0,0,0,0,0,0,0,0,0,0,0,0,0,0,0,0,0,0,0,0,0,0,0,0,0,0,0,0,0,0,0,0,0,0,0,0,0,0,0,0,0,0,0,0,0,0,0,0,0,0,0,0,0,0,0,1899/12/30 00:00:00,1899/12/30 00:00:00,0,0, ,0, ,0, ,0, ,0,0,0,0,0,0,Band
41.331944444,28.7263888890001,27107,2020/05/03 00:00:00,17:12,2020/05/03 00:00:00,17:12,No,Early,qaereit alhafar,2,Exact,SA,457161,RAMSES38_SAU20-25.XL, ,1,0,1,2,1,0,0,0,0,0,0,0,0,0,0,0,0,0,0,0,0,0,0,0,0,0,0,0,0,0,0,0,0,0,0,0,0,0,0,0,1,0,5,-1,0,0,0,0,1,3,0,0,3,0,0,1,0,0.02,0.02,0,1,0,0,0,0,0,0,0,0,0,0,0,0,0,0,0,0,0,0,0,0,0,0,0,0,0,0,0,0,0,0,0,0,0,0,0,0,0,0,0,0,0,0,0,0,0,0,0,0,0,0,0,0,0,0,0,0,0,2020/05/03 00:00:00,2020/05/03 00:00:00,2,1,Fenitrothion,1,ha,20,l,20,ha,0,1,0,0,0,95,Band
54.318055556,26.779722222,27108,2020/05/02 00:00:00,13:46,2020/05/02 00:00:00,13:46,No,Early,Bavrdan 3,40,Exact,IR,455663,RAMSES38_IRN20-52.XL, ,1,0,1,2,1,0,0,0,0,0,0,0,0,0,0,0,0,0,0,0,0,0,0,0,0,0,0,0,0,0,0,0,0,0,0,0,0,0,1,0,0,0,0,-1,0,0,0,0,0,0,1,0,0,0,0,1,0,1,1,0,0,1,0,0,0,0,0,0,0,0,0,0,0,0,0,0,0,0,0,0,0,0,0,0,0,0,0,0,0,0,0,0,0,0,0,0,0,0,0,0,0,0,0,0,0,0,0,0,0,0,0,0,0,0,0,0,0,0,2020/05/02 00:00:00,2020/05/02 00:00:00,2,1,Deltamethrin,1,ha,10,l,10,ha,0,1,0,0,0,90,Band
57.761388889,25.7925,27109,2020/05/01 00:00:00,08:29,2020/05/01 00:00:00,08:29,No,Early,Kooeek,100,Exact,IR,455675,RAMSES38_IRN20-52.XL, ,1,0,1,2,1,0,0,0,0,0,0,1,0,0,-1,0,0,0,0,0,0,0,0,0,0,0,0,0,1,0,0,0,1,0,0,0,0,0,0,1,0,0,1,-1,0,0,0,0,1,0,0,0,0,0,0,1,0,1,1,0,0,1,0,0,0,0,0,0,0,0,0,0,0,0,0,0,0,0,0,0,0,0,0,0,0,0,0,0,0,0,0,0,0,0,0,0,0,0,0,0,0,0,0,0,0,0,0,0,0,0,0,0,0,0,0,0,0,0,1899/12/30 00:00:00,1899/12/30 00:00:00,0,0, ,0, ,0, ,0, ,0,0,0,0,0,0,Band
54.0047222220001,27.037222222,27110,2020/05/02 00:00:00,00:00,2020/05/02 00:00:00,00:00,No,Early,Hormozgan Province,15,Exact,IR,455685,RAMSES38_IRN20-52.XL, ,1,0,1,2,1,0,0,0,0,0,0,0,0,0,0,0,0,0,0,0,0,0,0,0,0,0,0,0,0,0,0,0,0,0,0,0,0,0,0,0,0,0,0,-1,0,0,0,0,0,1,1,0,0,1,0,0,0,0,0,0,0,0,0,0,0,0,0,0,0,0,0,0,0,0,0,0,0,0,0,0,0,0,0,0,0,0,0,0,0,0,0,0,0,0,0,0,0,0,0,0,0,0,0,0,0,0,0,0,0,0,0,0,0,0,0,0,0,0,2020/05/02 00:00:00,2020/05/02 00:00:00,2,1,Unknown,0, ,0, ,0, ,0,0,0,0,1,90,Band
57.7380555560001,25.7975,27111,2020/05/06 00:00:00,08:04,2020/05/06 00:00:00,08:04,No,Early,SHahrak Gigen,100,Exact,IR,457537,RAMSES38_IRN20-58.XL, ,1,0,1,2,1,0,0,0,0,0,0,1,0,0,-1,0,0,0,0,0,0,0,0,0,0,0,0,0,1,0,0,0,1,0,0,0,0,0,0,1,0,0,1,-1,0,0,0,1,3,1,0,0,0,0,0,1,0,1,1,0,0,1,0,0,0,0,0,0,0,0,0,0,0,0,0,0,0,0,0,0,0,0,0,0,0,0,0,0,0,0,0,0,0,0,0,0,0,0,0,0,0,0,0,0,0,0,0,0,0,0,0,0,0,0,0,0,0,0,1899/12/30 00:00:00,1899/12/30 00:00:00,0,0, ,0, ,0, ,0, ,0,0,0,0,0,0,Band
57.276388889,26.341388889,27112,2020/05/02 00:00:00,00:00,2020/05/02 00:00:00,00:00,No,Early,Hormozgan Province,80,Exact,IR,455716,RAMSES38_IRN20-52.XL, ,1,0,1,2,1,0,0,0,0,0,0,0,0,0,0,0,0,0,0,0,0,0,0,0,0,0,0,0,0,0,0,0,0,0,0,0,0,0,0,0,0,0,0,-1,0,0,0,1,1,0,0,0,0,1,0,0,0,0,0,0,0,0,0,0,0,0,0,0,0,0,0,0,0,0,0,0,0,0,0,0,0,0,0,0,0,0,0,0,0,0,0,0,0,0,0,0,0,0,0,0,0,0,0,0,0,0,0,0,0,0,0,0,0,0,0,0,0,0,2020/05/02 00:00:00,2020/05/02 00:00:00,2,1,Unknown,0, ,0, ,0, ,0,0,0,0,1,90,Band
54.333333333,27.222222222,27113,2020/05/02 00:00:00,00:00,2020/05/02 00:00:00,00:00,No,Early,Hormozgan Province,100,Exact,IR,455739,RAMSES38_IRN20-52.XL,250 ha. su.,1,0,1,2,1,0,0,0,0,0,0,0,0,0,0,0,0,0,0,0,0,0,0,0,0,0,0,0,0,0,0,0,0,0,0,0,0,0,0,0,0,0,0,-1,0,0,0,0,0,0,0,0,0,1,0,0,0,0,0,0,0,0,0,0,0,0,0,0,0,0,0,0,-1,0,0,0,0,0,0,0,0,0,0,0,0,0,0,1,0,0,0,0,0,0,0,0,0,0,0,0,0,0,0,0,0,0,0,0,0,0,0,0,0,0,0,0,0,0,2020/05/02 00:00:00,2020/05/02 00:00:00,2,1,Unknown,0, ,0, ,0, ,0,0,0,0,1,90,Band
54.448611111,27.082222222,27114,2020/05/01 00:00:00,01:49,2020/05/01 00:00:00,01:49,No,Early,Herang,500,Exact,IR,455772,RAMSES38_IRN20-52.XL, ,1,0,1,2,1,0,0,0,0,0,0,0,0,0,0,0,0,0,0,0,0,0,0,0,0,0,0,0,0,0,0,0,0,0,0,0,0,0,0,1,0,0,0,-1,0,0,0,0,3,1,0,0,0,0,0,1,0,0,0,0,0,0,0,0,0,0,0,0,0,0,0,0,0,0,0,0,0,0,0,0,0,0,0,0,0,0,0,0,0,0,0,0,0,0,0,0,0,0,0,0,0,0,0,0,0,0,0,0,0,0,0,0,0,0,0,0,0,0,2020/05/01 00:00:00,2020/05/01 00:00:00,2,1,Deltamethrin,0.5,ha,175,l,350,ha,0,1,0,0,0,90,Band
52.318055556,28.38,27115,2020/05/01 00:00:00,10:46,2020/05/01 00:00:00,10:46,No,Early,Dehram,400,Exact,IR,455774,RAMSES38_IRN20-52.XL, ,1,0,1,2,1,0,0,0,0,0,0,0,0,0,0,0,0,0,0,0,0,0,0,0,0,0,0,0,0,0,0,0,0,0,0,0,0,0,0,1,0,0,0,-1,0,0,0,1,1,1,0,0,0,0,0,1,0,0,0,0,0,0,0,0,0,0,0,0,0,0,0,0,0,0,0,0,0,0,0,0,0,0,0,0,0,0,0,0,0,0,0,0,0,0,0,0,0,0,0,0,0,0,0,0,0,0,0,0,0,0,0,0,0,0,0,0,0,0,2020/05/01 00:00:00,2020/05/01 00:00:00,2,1,Deltamethrin,0.5,ha,150,l,300,ha,0,1,0,0,0,95,Band
53.3597222220001,27.272777778,27116,2020/05/01 00:00:00,11:20,2020/05/01 00:00:00,11:20,No,Early,Gezdon,700,Exact,IR,455785,RAMSES38_IRN20-52.XL, ,1,0,1,2,1,0,0,0,0,0,0,0,0,0,0,0,0,0,0,0,0,0,0,0,0,0,0,0,0,0,0,0,0,0,0,0,0,0,0,1,0,0,0,-1,0,0,0,1,0,0,0,0,0,0,0,1,0,0,0,0,0,0,0,0,0,0,0,0,0,0,0,0,0,0,0,0,0,0,0,0,0,0,0,0,0,0,0,0,0,0,0,0,0,0,0,0,0,0,0,0,0,0,0,0,0,0,0,0,0,0,0,0,0,0,0,0,0,0,2020/05/01 00:00:00,2020/05/01 00:00:00,2,1,Deltamethrin,0.5,ha,175,l,350,ha,0,1,0,0,0,90,Band
53.3702777780001,27.2913888890001,27117,2020/05/01 00:00:00,11:52,2020/05/01 00:00:00,11:52,No,Early,Gezdon,400,Exact,IR,455786,RAMSES38_IRN20-52.XL, ,1,0,1,2,1,0,0,0,0,0,0,0,0,0,0,0,0,0,0,0,0,0,0,0,0,0,0,0,0,0,0,0,0,0,0,0,0,0,0,1,0,0,0,-1,0,0,0,1,0,0,0,0,0,0,0,1,0,0,0,0,0,0,0,0,0,0,0,0,0,0,0,0,0,0,0,0,0,0,0,0,0,0,0,0,0,0,0,0,0,0,0,0,0,0,0,0,0,0,0,0,0,0,0,0,0,0,0,0,0,0,0,0,0,0,0,0,0,0,2020/05/01 00:00:00,2020/05/01 00:00:00,2,1,Deltamethrin,0.5,ha,125,l,250,ha,0,1,0,0,0,90,Band
53.9944444440001,27.028055556,27118,2020/05/02 00:00:00,01:45,2020/05/02 00:00:00,01:45,No,Early,Gachuyeh,350,Exact,IR,455789,RAMSES38_IRN20-52.XL, ,1,0,1,2,1,0,0,0,0,0,0,0,0,0,0,0,0,0,0,0,0,0,0,0,0,0,0,0,0,0,0,0,0,0,0,0,0,0,0,1,0,0,0,-1,0,0,0,0,3,1,0,0,0,0,0,1,0,0,0,0,0,0,0,0,0,0,0,0,0,0,0,0,0,0,0,0,0,0,0,0,0,0,0,0,0,0,0,0,0,0,0,0,0,0,0,0,0,0,0,0,0,0,0,0,0,0,0,0,0,0,0,0,0,0,0,0,0,0,2020/05/02 00:00:00,2020/05/02 00:00:00,2,1,Deltamethrin,0.5,ha,125,l,250,ha,0,1,0,0,0,90,Band
54.630277778,27.4175,27119,2020/05/02 00:00:00,01:55,2020/05/02 00:00:00,01:55,No,Early,Kholoss,400,Exact,IR,455791,RAMSES38_IRN20-52.XL, ,1,0,1,2,1,0,0,0,0,0,0,0,0,0,0,0,0,0,0,0,0,0,0,0,0,0,0,0,0,0,0,0,0,0,0,0,0,0,0,1,0,0,0,-1,0,0,0,0,3,1,0,0,0,0,0,1,0,0,0,0,0,0,0,0,0,0,0,0,0,0,0,0,0,0,0,0,0,0,0,0,0,0,0,0,0,0,0,0,0,0,0,0,0,0,0,0,0,0,0,0,0,0,0,0,0,0,0,0,0,0,0,0,0,0,0,0,0,0,2020/05/02 00:00:00,2020/05/02 00:00:00,2,1,Deltamethrin,0.5,ha,150,l,300,ha,0,1,0,0,0,90,Band
54.7402777780001,27.2297222220001,27120,2020/05/02 00:00:00,02:36,2020/05/02 00:00:00,02:36,No,Early,Jah dezdan,300,Exact,IR,455803,RAMSES38_IRN20-52.XL, ,1,0,1,2,1,0,0,0,0,0,0,0,0,0,0,0,0,0,0,0,0,0,0,0,0,0,0,0,0,0,0,0,0,0,0,0,0,0,0,1,0,0,0,-1,0,0,0,0,3,1,0,0,0,0,0,1,0,0,0,0,0,0,0,0,0,0,0,0,0,0,0,0,0,0,0,0,0,0,0,0,0,0,0,0,0,0,0,0,0,0,0,0,0,0,0,0,0,0,0,0,0,0,0,0,0,0,0,0,0,0,0,0,0,0,0,0,0,0,2020/05/02 00:00:00,2020/05/02 00:00:00,2,1,Deltamethrin,0.5,ha,100,l,200,ha,0,1,0,0,0,90,Band
52.3066666670001,28.3858333330001,27121,2020/05/02 00:00:00,10:56,2020/05/02 00:00:00,10:56,No,Early,Dehram,300,Exact,IR,455805,RAMSES38_IRN20-52.XL, ,1,0,1,2,1,0,0,0,0,0,0,0,0,0,0,0,0,0,0,0,0,0,0,0,0,0,0,0,0,0,0,0,0,0,0,0,0,0,0,1,0,0,0,-1,0,0,0,1,1,1,0,0,0,0,0,1,0,0,0,0,0,0,0,0,0,0,0,0,0,0,0,0,0,0,0,0,0,0,0,0,0,0,0,0,0,0,0,0,0,0,0,0,0,0,0,0,0,0,0,0,0,0,0,0,0,0,0,0,0,0,0,0,0,0,0,0,0,0,2020/05/02 00:00:00,2020/05/02 00:00:00,2,1,Deltamethrin,0.5,ha,150,l,300,ha,0,1,0,0,0,90,Band
51.5733333330001,28.6994444440001,27122,2020/05/01 00:00:00,09:40,2020/05/01 00:00:00,09:40,No,Early,Khaeez,500,Exact,IR,455825,RAMSES38_IRN20-52.XL, ,1,0,1,2,1,0,0,0,0,0,0,1,0,0,-1,0,0,0,0,0,0,0,0,0,0,0,0,0,1,0,0,0,1,0,0,0,0,0,0,0,1,0,0,-1,0,0,0,1,3,0,0,0,0,0,0,1,0,0,0,0,0,0,0,0,0,0,0,0,0,0,0,0,0,0,0,0,0,0,0,0,0,0,0,0,0,0,0,0,0,0,0,0,0,0,0,0,0,0,0,0,0,0,0,0,0,0,0,0,0,0,0,0,0,0,0,0,0,0,2020/05/01 00:00:00,2020/05/01 00:00:00,2,1,Malathion,1.5,ha,750,l,500,ha,0,1,0,0,0,90,Band
54.045,26.8702777780001,27123,2020/05/02 00:00:00,12:33,2020/05/02 00:00:00,12:33,No,Early,Rostami,40,Exact,IR,455837,RAMSES38_IRN20-52.XL,Gregarious appearing,1,0,1,2,1,0,0,0,0,0,0,0,0,0,0,0,0,0,0,0,0,0,0,0,0,0,0,0,0,0,0,0,0,0,0,0,0,0,0,1,0,0,0,-1,0,0,0,0,0,0,3,0,1,0,0,1,0,1,1,0,0,1,0,0,0,0,0,0,0,1,0,0,3,1,0,0,0,0,0,0,0,1,0,0,0,0,1,0,0,0,0,0,0,0,0,0,0,0,0,0,0,0,0,0,0,0,0,0,0,0,0,0,0,0,0,0,0,0,2020/05/02 00:00:00,2020/05/02 00:00:00,2,1,Deltamethrin,1,ha,69,l,69,ha,0,1,0,0,0,90,Band
71.760555556,31.1697222220001,27124,2020/05/05 00:00:00,00:00,2020/05/05 00:00:00,00:00,No,Early,Punjab,10,Exact,PA,456759,RAMSES38_PAK20-31.XL,sial wala,1,0,1,2,1,0,0,0,0,0,0,0,0,0,0,0,0,0,0,0,0,0,0,0,0,0,0,0,0,0,0,0,0,0,0,0,0,0,0,0,0,0,0,-1,0,0,0,0,1,1,0,0,0,1,0,0,0,0,0,0,0,0,0,0,0,0,0,0,0,1,0,0,-1,0,0,0,0,0,0,0,0,0,0,0,0,0,0,1,0,0,0,0,0,0,0,0,0,0,0,0,0,0,0,0,0,0,0,0,0,0,0,0,0,0,0,0,0,0,2020/05/05 00:00:00,2020/05/05 00:00:00,2,1,Unknown,0, ,0, ,0, ,0,0,0,0,1,85,Band
69.7305555560001,28.4936111110001,27125,2020/05/04 00:00:00,00:00,2020/05/04 00:00:00,00:00,No,Early,Punjab,40,Exact,PA,456788,RAMSES38_PAK20-31.XL, ,1,0,1,2,1,0,0,0,0,0,0,0,0,0,0,0,0,0,0,0,0,0,0,0,0,0,0,0,0,0,0,0,0,0,0,0,0,0,0,0,0,0,0,-1,0,0,0,1,0,0,0,0,0,1,0,0,0,0,0,0,0,0,0,0,0,0,0,0,0,0,0,0,0,0,0,0,0,0,0,0,0,0,0,0,0,0,0,0,0,0,0,0,0,0,0,0,0,0,0,0,0,0,0,0,0,0,0,0,0,0,0,0,0,0,0,0,0,0,2020/05/04 00:00:00,2020/05/04 00:00:00,2,1,Unknown,0, ,0, ,0, ,0,0,0,0,1,85,Band
71.7522222220001,31.1736111110001,27126,2020/05/05 00:00:00,00:00,2020/05/05 00:00:00,00:00,No,Early,Punjab,40,Exact,PA,456797,RAMSES38_PAK20-31.XL,Combined Operation D,1,0,1,2,1,0,0,0,0,0,0,0,0,0,0,0,0,0,0,0,0,0,0,0,0,0,0,0,0,0,0,0,0,0,0,0,0,0,0,0,0,0,0,-1,0,0,0,0,1,1,1,0,0,1,0,0,0,0,0,0,0,0,0,0,0,0,0,0,0,0,0,0,-1,0,0,0,0,0,0,0,0,0,0,0,0,0,0,1,0,0,0,0,0,0,0,0,0,0,0,0,0,0,0,0,0,0,0,0,0,0,0,0,0,0,0,0,0,0,2020/05/05 00:00:00,2020/05/05 00:00:00,2,1,Unknown,0, ,0, ,0, ,0,0,0,0,1,85,Band
71.7922222220001,31.0475,27127,2020/05/05 00:00:00,00:00,2020/05/05 00:00:00,00:00,No,Early,Punjab,10,Exact,PA,456799,RAMSES38_PAK20-31.XL, ,1,0,1,2,1,0,0,0,0,0,0,0,0,0,0,0,0,0,0,0,0,0,0,0,0,0,0,0,0,0,0,0,0,0,0,0,0,0,0,0,0,0,0,-1,0,0,0,0,0,1,0,0,0,1,0,0,0,0,0,0,0,0,0,0,0,0,0,0,0,0,0,0,0,0,0,0,0,0,0,0,0,0,0,0,0,0,0,0,0,0,0,0,0,0,0,0,0,0,0,0,0,0,0,0,0,0,0,0,0,0,0,0,0,0,0,0,0,0,2020/05/05 00:00:00,2020/05/05 00:00:00,2,1,Unknown,0, ,0, ,0, ,0,0,0,0,1,85,Band
71.7336111110001,31.1702777780001,27128,2020/05/04 00:00:00,00:00,2020/05/04 00:00:00,00:00,No,Early,Punjab,40,Exact,PA,456804,RAMSES38_PAK20-31.XL,Combat Operation Don,1,0,1,2,1,0,0,0,0,0,0,0,0,0,0,0,0,0,0,0,0,0,0,0,0,0,0,0,0,0,0,0,0,0,0,0,0,0,0,0,0,0,0,-1,0,0,0,0,1,1,1,0,0,1,0,0,0,0,0,0,0,0,0,0,0,0,0,0,0,0,0,0,-1,0,0,0,0,0,0,0,0,0,0,0,0,0,0,1,0,0,0,0,0,0,0,0,0,0,0,0,0,0,0,0,0,0,0,0,0,0,0,0,0,0,0,0,0,0,2020/05/04 00:00:00,2020/05/04 00:00:00,2,1,Unknown,0, ,0, ,0, ,0,0,0,0,1,85,Band
71.7472222220001,31.1788888890001,27129,2020/05/05 00:00:00,00:00,2020/05/05 00:00:00,00:00,No,Early,Punjab,40,Exact,PA,456809,RAMSES38_PAK20-31.XL, ,1,0,1,2,1,0,0,0,0,0,0,0,0,0,0,0,0,0,0,0,0,0,0,0,0,0,0,0,0,0,0,0,0,0,0,0,0,0,0,0,0,0,0,-1,0,0,0,1,1,1,0,0,0,1,0,0,0,0,0,0,0,0,0,0,0,0,0,0,0,1,0,0,-1,0,0,0,0,0,0,0,0,0,0,0,0,0,0,1,0,0,0,0,0,0,0,0,0,0,0,0,0,0,0,0,0,0,0,0,0,0,0,0,0,0,0,0,0,0,2020/05/05 00:00:00,2020/05/05 00:00:00,2,1,Unknown,0, ,0, ,0, ,0,0,0,0,1,85,Band
71.754166667,31.1786111110001,27130,2020/05/06 00:00:00,00:00,2020/05/06 00:00:00,00:00,No,Early,Punjab,30,Exact,PA,456813,RAMSES38_PAK20-31.XL, ,1,0,1,2,1,0,0,0,0,0,0,0,0,0,0,0,0,0,0,0,0,0,0,0,0,0,0,0,0,0,0,0,0,0,0,0,0,0,0,0,0,0,0,-1,0,0,0,0,1,1,0,0,0,1,0,0,0,0,0,0,0,0,0,0,0,0,0,0,0,1,0,0,-1,0,0,0,0,0,0,0,0,0,0,0,0,0,0,1,0,0,0,0,0,0,0,0,0,0,0,0,0,0,0,0,0,0,0,0,0,0,0,0,0,0,0,0,0,0,2020/05/06 00:00:00,2020/05/06 00:00:00,2,1,Unknown,0, ,0, ,0, ,0,0,0,0,1,85,Band
73.828611111,30.0975,27131,2020/05/04 00:00:00,00:00,2020/05/04 00:00:00,00:00,No,Early,Punjab,4,Exact,PA,456819,RAMSES38_PAK20-31.XL,AO EXT MINCHINABAD L,1,0,1,2,1,0,0,0,0,0,0,0,0,0,0,0,0,0,0,0,0,0,0,0,0,0,0,0,0,0,0,0,0,0,0,0,0,0,0,0,0,0,0,-1,0,0,0,0,1,1,1,0,0,1,0,0,0,0,0,0,0,0,0,0,0,0,0,0,0,0,0,0,0,0,0,0,0,0,0,0,0,0,0,0,0,0,0,0,0,0,0,0,0,0,0,0,0,0,0,0,0,0,0,0,0,0,0,0,0,0,0,0,0,0,0,0,0,0,2020/05/04 00:00:00,2020/05/04 00:00:00,2,1,Unknown,0, ,0, ,0, ,0,0,0,0,1,85,Band
38.7,4.53333333300003,27132,2020/05/01 00:00:00,07:03,2020/05/01 00:00:00,07:03,No,Early,Web,40,Exact,ET,456215,RAMSES38_ETH20-48.XL, ,1,0,1,2,1,0,0,0,0,0,0,0,0,0,0,0,0,0,0,0,0,0,0,0,0,0,0,0,0,0,0,0,0,0,0,0,0,0,0,0,0,0,0,-1,0,0,1,0,0,0,0,0,0,0,0,0,1,0,0,0,0,0,0,0,0,0,0,0,0,0,0,0,0,0,0,0,0,0,0,0,0,0,0,0,0,0,0,0,0,0,0,0,0,0,0,0,0,0,0,0,0,0,0,0,0,0,0,0,0,0,0,0,0,0,0,0,0,0,2020/05/01 00:00:00,2020/05/01 00:00:00,2,1,Other,1, ,24, ,24,ha,0,0,0,0,1,0,Band
38.716666667,4.55,27133,2020/05/01 00:00:00,07:07,2020/05/01 00:00:00,07:07,No,Early,Web 2,30,Exact,ET,456216,RAMSES38_ETH20-48.XL, ,1,0,1,2,1,0,0,0,0,0,0,0,0,0,0,0,0,0,0,0,0,0,0,0,0,0,0,0,0,0,0,0,0,0,0,0,0,0,0,0,0,0,0,-1,0,0,1,0,0,0,0,0,0,0,0,0,1,0,0,0,0,0,0,0,0,0,0,0,0,0,0,0,0,0,0,0,0,0,0,0,0,0,0,0,0,0,0,0,0,0,0,0,0,0,0,0,0,0,0,0,0,0,0,0,0,0,0,0,0,0,0,0,0,0,0,0,0,0,2020/05/01 00:00:00,2020/05/01 00:00:00,2,1,Other,1, ,14, ,14,ha,0,0,0,0,1,0,Band
41.45,9.86666666700006,27134,2020/05/01 00:00:00,07:37,2020/05/01 00:00:00,07:37,No,Early,Ayidora.,1800,Exact,ET,456226,RAMSES38_ETH20-48.XL, ,1,0,1,2,1,0,0,0,0,0,0,0,0,0,0,0,0,0,0,0,0,0,0,0,0,0,0,0,0,0,0,0,0,0,0,0,0,0,0,0,0,0,0,-1,0,0,0,0,1,0,0,0,0,0,0,1,0,0,0,0,0,0,0,0,0,0,0,0,0,0,0,0,0,0,0,0,0,0,0,0,0,0,0,0,0,0,0,0,0,0,0,0,0,0,0,0,0,0,0,0,0,0,0,0,0,0,0,0,0,0,0,0,0,0,0,0,0,0,2020/05/01 00:00:00,2020/05/01 00:00:00,2,1,Chlorpyrifos,1,ha,600,l,600,ha,0,0,1,0,0,0,Band
41.833333333,9.71666666700003,27135,2020/05/01 00:00:00,07:43,2020/05/01 00:00:00,07:43,No,Early,Shinle zuri,70,Exact,ET,456228,RAMSES38_ETH20-48.XL, ,1,0,1,2,1,0,0,0,0,0,0,0,0,0,0,0,0,0,0,0,0,0,0,0,0,0,0,0,0,0,0,0,0,0,0,0,0,0,0,0,0,0,0,-1,0,0,0,0,1,0,0,0,0,0,0,1,0,0,0,0,0,0,0,0,0,0,0,0,0,0,0,0,0,0,0,0,0,0,0,0,0,0,0,0,0,0,0,0,0,0,0,0,0,0,0,0,0,0,0,0,0,0,0,0,0,0,0,0,0,0,0,0,0,0,0,0,0,0,2020/05/01 00:00:00,2020/05/01 00:00:00,2,1,Chlorpyrifos,1,ha,10,l,10,ha,0,1,0,0,0,0,Band
42.8666666670001,9.7,27136,2020/05/01 00:00:00,07:45,2020/05/01 00:00:00,07:45,No,Early,Gedi,80,Exact,ET,456229,RAMSES38_ETH20-48.XL, ,1,0,1,2,1,0,0,0,0,0,0,0,0,0,0,0,0,0,0,0,0,0,0,0,0,0,0,0,0,0,0,0,0,0,0,0,0,0,0,0,0,0,0,-1,0,0,0,0,0,1,0,0,0,0,0,1,0,0,0,0,0,0,0,0,0,0,0,0,0,0,0,0,0,0,0,0,0,0,0,0,0,0,0,0,0,0,0,0,0,0,0,0,0,0,0,0,0,0,0,0,0,0,0,0,0,0,0,0,0,0,0,0,0,0,0,0,0,0,2020/05/01 00:00:00,2020/05/01 00:00:00,2,1,Chlorpyrifos,1,ha,20,l,20,ha,0,1,0,0,0,0,Band
41.833333333,9.78333333300003,27137,2020/05/01 00:00:00,07:47,2020/05/01 00:00:00,07:47,No,Early,Chabisa,110,Exact,ET,456230,RAMSES38_ETH20-48.XL, ,1,0,1,2,1,0,0,0,0,0,0,0,0,0,0,0,0,0,0,0,0,0,0,0,0,0,0,0,0,0,0,0,0,0,0,0,0,0,0,0,0,0,0,-1,0,0,0,0,0,1,0,0,0,0,0,1,0,0,0,0,0,0,0,0,0,0,0,0,0,0,0,0,0,0,0,0,0,0,0,0,0,0,0,0,0,0,0,0,0,0,0,0,0,0,0,0,0,0,0,0,0,0,0,0,0,0,0,0,0,0,0,0,0,0,0,0,0,0,2020/05/01 00:00:00,2020/05/01 00:00:00,2,1,Chlorpyrifos,1,ha,30,l,30,ha,0,1,0,0,0,0,Band
41.4166666670001,9.85,27138,2020/05/02 00:00:00,07:55,2020/05/02 00:00:00,07:55,No,Early,Ayidora.,900,Exact,ET,456239,RAMSES38_ETH20-48.XL, ,1,0,1,2,1,0,0,0,0,0,0,0,0,0,0,0,0,0,0,0,0,0,0,0,0,0,0,0,0,0,0,0,0,0,0,0,0,0,0,0,0,0,0,-1,0,0,0,0,0,1,0,0,0,0,0,1,0,0,0,0,0,0,0,0,0,0,0,0,0,0,0,0,0,0,0,0,0,0,0,0,0,0,0,0,0,0,0,0,0,0,0,0,0,0,0,0,0,0,0,0,0,0,0,0,0,0,0,0,0,0,0,0,0,0,0,0,0,0,2020/05/02 00:00:00,2020/05/02 00:00:00,2,1,Chlorpyrifos,1,ha,600,l,600,ha,0,0,1,0,0,0,Band
41.333333333,9.36666666700006,27139,2020/05/02 00:00:00,07:57,2020/05/02 00:00:00,07:57,No,Early,Ayidora 2,800,Exact,ET,456240,RAMSES38_ETH20-48.XL, ,1,0,1,2,1,0,0,0,0,0,0,0,0,0,0,0,0,0,0,0,0,0,0,0,0,0,0,0,0,0,0,0,0,0,0,0,0,0,0,0,0,0,0,-1,0,0,0,0,0,1,0,0,0,0,0,1,0,0,0,0,0,0,0,0,0,0,0,0,0,0,0,0,0,0,0,0,0,0,0,0,0,0,0,0,0,0,0,0,0,0,0,0,0,0,0,0,0,0,0,0,0,0,0,0,0,0,0,0,0,0,0,0,0,0,0,0,0,0,2020/05/02 00:00:00,2020/05/02 00:00:00,2,1,Chlorpyrifos,1,ha,600,l,600,ha,0,0,1,0,0,0,Band
42.716666667,10.3833333330001,27140,2020/05/02 00:00:00,08:03,2020/05/02 00:00:00,08:03,No,Early,Gugfle Bio,125,Exact,ET,456242,RAMSES38_ETH20-48.XL, ,1,0,1,2,1,0,0,0,0,0,0,0,0,0,0,0,0,0,0,0,0,0,0,0,0,0,0,0,0,0,0,0,0,0,0,0,0,0,0,0,0,0,0,-1,0,0,0,0,1,0,0,0,0,0,0,1,0,0,0,0,0,0,0,0,0,0,0,0,0,0,0,0,0,0,0,0,0,0,0,0,0,0,0,0,0,0,0,0,0,0,0,0,0,0,0,0,0,0,0,0,0,0,0,0,0,0,0,0,0,0,0,0,0,0,0,0,0,0,2020/05/02 00:00:00,2020/05/02 00:00:00,2,1,Chlorpyrifos,1,ha,65,l,65,ha,0,1,0,0,0,0,Band
42.316666667,9.95,27141,2020/05/02 00:00:00,08:05,2020/05/02 00:00:00,08:05,No,Early,Gafani,70,Exact,ET,456243,RAMSES38_ETH20-48.XL, ,1,0,1,2,1,0,0,0,0,0,0,0,0,0,0,0,0,0,0,0,0,0,0,0,0,0,0,0,0,0,0,0,0,0,0,0,0,0,0,0,0,0,0,-1,0,0,0,0,1,0,0,0,0,0,0,1,0,0,0,0,0,0,0,0,0,0,0,0,0,0,0,0,0,0,0,0,0,0,0,0,0,0,0,0,0,0,0,0,0,0,0,0,0,0,0,0,0,0,0,0,0,0,0,0,0,0,0,0,0,0,0,0,0,0,0,0,0,0,2020/05/02 00:00:00,2020/05/02 00:00:00,2,1,Chlorpyrifos,1,ha,30,l,30,ha,0,1,0,0,0,0,Band
42.1333333330001,9.86666666700006,27142,2020/05/02 00:00:00,08:07,2020/05/02 00:00:00,08:07,No,Early,Harewa,30,Exact,ET,456244,RAMSES38_ETH20-48.XL, ,1,0,1,2,1,0,0,0,0,0,0,0,0,0,0,0,0,0,0,0,0,0,0,0,0,0,0,0,0,0,0,0,0,0,0,0,0,0,0,0,0,0,0,-1,0,0,0,0,1,0,0,0,0,0,0,1,0,0,0,0,0,0,0,0,0,0,0,0,0,0,0,0,0,0,0,0,0,0,0,0,0,0,0,0,0,0,0,0,0,0,0,0,0,0,0,0,0,0,0,0,0,0,0,0,0,0,0,0,0,0,0,0,0,0,0,0,0,0,2020/05/02 00:00:00,2020/05/02 00:00:00,2,1,Chlorpyrifos,1,ha,10,l,10,ha,0,1,0,0,0,0,Band
42.25,9.91666666700007,27143,2020/05/02 00:00:00,08:10,2020/05/02 00:00:00,08:10,No,Early,Katrin,35,Exact,ET,456245,RAMSES38_ETH20-48.XL, ,1,0,1,2,1,0,0,0,0,0,0,0,0,0,0,0,0,0,0,0,0,0,0,0,0,0,0,0,0,0,0,0,0,0,0,0,0,0,0,0,0,0,0,-1,0,0,0,0,1,0,0,0,0,0,0,1,0,0,0,0,0,0,0,0,0,0,0,0,0,0,0,0,0,0,0,0,0,0,0,0,0,0,0,0,0,0,0,0,0,0,0,0,0,0,0,0,0,0,0,0,0,0,0,0,0,0,0,0,0,0,0,0,0,0,0,0,0,0,2020/05/02 00:00:00,2020/05/02 00:00:00,2,1,Chlorpyrifos,1,ha,10,l,10,ha,0,1,0,0,0,0,Band
38.716666667,4.48333333300008,27144,2020/05/02 00:00:00,08:13,2020/05/02 00:00:00,08:13,No,Early,Web,600,Exact,ET,456246,RAMSES38_ETH20-48.XL, ,1,0,1,2,1,0,0,0,0,0,0,0,0,0,0,0,0,0,0,0,0,0,0,0,0,0,0,0,0,0,0,0,0,0,0,0,0,0,0,0,0,0,0,-1,0,0,1,0,0,0,0,0,0,0,0,0,1,0,0,0,0,0,0,0,0,0,0,0,0,0,0,0,0,0,0,0,0,0,0,0,0,0,0,0,0,0,0,0,0,0,0,0,0,0,0,0,0,0,0,0,0,0,0,0,0,0,0,0,0,0,0,0,0,0,0,0,0,0,2020/05/02 00:00:00,2020/05/02 00:00:00,2,1,Other,0.80000001, ,51, ,43,ha,0,1,0,0,0,0,Band
42.283333333,9.93333333300006,27145,2020/05/03 00:00:00,07:39,2020/05/03 00:00:00,07:39,No,Early,Berta kant,115,Exact,ET,456253,RAMSES38_ETH20-48.XL, ,1,0,1,2,1,0,0,0,0,0,0,0,0,0,0,0,0,0,0,0,0,0,0,0,0,0,0,0,0,0,0,0,0,0,0,0,0,0,0,0,0,0,0,-1,0,0,0,0,0,1,0,0,0,0,0,1,0,0,0,0,0,0,0,0,0,0,0,0,0,0,0,0,0,0,0,0,0,0,0,0,0,0,0,0,0,0,0,0,0,0,0,0,0,0,0,0,0,0,0,0,0,0,0,0,0,0,0,0,0,0,0,0,0,0,0,0,0,0,2020/05/03 00:00:00,2020/05/03 00:00:00,2,1,Chlorpyrifos,1,ha,40,l,40,ha,0,1,0,0,0,0,Band
42.1833333330001,9.88333333300005,27146,2020/05/03 00:00:00,07:42,2020/05/03 00:00:00,07:42,No,Early,Katrin,80,Exact,ET,456254,RAMSES38_ETH20-48.XL, ,1,0,1,2,1,0,0,0,0,0,0,0,0,0,0,0,0,0,0,0,0,0,0,0,0,0,0,0,0,0,0,0,0,0,0,0,0,0,0,0,0,0,0,-1,0,0,0,0,1,0,0,0,0,0,0,1,0,0,0,0,0,0,0,0,0,0,0,0,0,0,0,0,0,0,0,0,0,0,0,0,0,0,0,0,0,0,0,0,0,0,0,0,0,0,0,0,0,0,0,0,0,0,0,0,0,0,0,0,0,0,0,0,0,0,0,0,0,0,2020/05/03 00:00:00,2020/05/03 00:00:00,2,1,Chlorpyrifos,1,ha,10,l,10,ha,0,1,0,0,0,0,Band
38.1333333330001,4.88333333300005,27147,2020/05/05 00:00:00,07:07,2020/05/05 00:00:00,07:07,No,Early,Web,150,Exact,ET,457547,RAMSES38_ETH20-50.XL, ,1,0,1,2,1,0,0,0,0,0,0,0,0,0,0,0,0,0,0,0,0,0,0,0,0,0,0,0,0,0,0,0,0,0,0,0,0,0,0,0,0,0,0,-1,0,0,0,1,0,0,0,0,0,0,0,0,1,0,0,0,0,0,0,0,0,0,0,0,0,0,0,0,0,0,0,0,0,0,0,0,0,0,0,0,0,0,0,0,0,0,0,0,0,0,0,0,0,0,0,0,0,0,0,0,0,0,0,0,0,0,0,0,0,0,0,0,0,0,2020/05/05 00:00:00,2020/05/05 00:00:00,2,1,Other,0.80000001, ,134, ,112,ha,0,0,0,0,1,0,Band
38.7,4.53333333300003,27148,2020/05/05 00:00:00,07:10,2020/05/05 00:00:00,07:10,No,Early,Ketalo,50,Exact,ET,457548,RAMSES38_ETH20-50.XL, ,1,0,1,2,1,0,0,0,0,0,0,0,0,0,0,0,0,0,0,0,0,0,0,0,0,0,0,0,0,0,0,0,0,0,0,0,0,0,0,0,0,0,0,-1,0,0,0,1,0,0,0,0,0,0,0,0,1,0,0,0,0,0,0,0,0,0,0,0,0,0,0,0,0,0,0,0,0,0,0,0,0,0,0,0,0,0,0,0,0,0,0,0,0,0,0,0,0,0,0,0,0,0,0,0,0,0,0,0,0,0,0,0,0,0,0,0,0,0,2020/05/05 00:00:00,2020/05/05 00:00:00,2,1,Other,0.80000001, ,32, ,27,ha,0,0,0,0,1,0,Band
42.6666666670001,9.9,27149,2020/05/05 00:00:00,07:15,2020/05/05 00:00:00,07:15,No,Early,Hulole,1100,Exact,ET,457549,RAMSES38_ETH20-50.XL, ,1,0,1,2,1,0,0,0,0,0,0,0,0,0,0,0,0,0,0,0,0,0,0,0,0,0,0,0,0,0,0,0,0,0,0,0,0,0,0,0,0,0,0,-1,0,0,0,0,0,1,0,0,0,0,0,1,0,0,0,0,0,0,0,0,0,0,0,0,0,0,0,0,0,0,0,0,0,0,0,0,0,0,0,0,0,0,0,0,0,0,0,0,0,0,0,0,0,0,0,0,0,0,0,0,0,0,0,0,0,0,0,0,0,0,0,0,0,0,2020/05/05 00:00:00,2020/05/05 00:00:00,2,1,Chlorpyrifos,1,ha,600,l,600,ha,0,0,0,0,1,0,Band
42.15,9.85,27150,2020/05/05 00:00:00,07:17,2020/05/05 00:00:00,07:17,No,Early,Murahabwa,210,Exact,ET,457550,RAMSES38_ETH20-50.XL, ,1,0,1,2,1,0,0,0,0,0,0,0,0,0,0,0,0,0,0,0,0,0,0,0,0,0,0,0,0,0,0,0,0,0,0,0,0,0,0,0,0,0,0,-1,0,0,0,0,0,1,0,0,0,0,0,1,0,0,0,0,0,0,0,0,0,0,0,0,0,0,0,0,0,0,0,0,0,0,0,0,0,0,0,0,0,0,0,0,0,0,0,0,0,0,0,0,0,0,0,0,0,0,0,0,0,0,0,0,0,0,0,0,0,0,0,0,0,0,2020/05/05 00:00:00,2020/05/05 00:00:00,2,1,Chlorpyrifos,1,ha,85,l,85,ha,0,1,0,0,0,0,Band
42.6333333330001,9.83333333300004,27151,2020/05/05 00:00:00,07:20,2020/05/05 00:00:00,07:20,No,Early,Golole,300,Exact,ET,457551,RAMSES38_ETH20-50.XL, ,1,0,1,2,1,0,0,0,0,0,0,0,0,0,0,0,0,0,0,0,0,0,0,0,0,0,0,0,0,0,0,0,0,0,0,0,0,0,0,0,0,0,0,-1,0,0,0,0,1,0,0,0,0,0,0,1,0,0,0,0,0,0,0,0,0,0,0,0,0,0,0,0,0,0,0,0,0,0,0,0,0,0,0,0,0,0,0,0,0,0,0,0,0,0,0,0,0,0,0,0,0,0,0,0,0,0,0,0,0,0,0,0,0,0,0,0,0,0,2020/05/05 00:00:00,2020/05/05 00:00:00,2,1,Chlorpyrifos,1,ha,100,l,100,ha,0,1,0,0,0,0,Band
42.5,10.1666666670001,27152,2020/05/06 00:00:00,07:10,2020/05/06 00:00:00,07:10,No,Early,Duwale,1300,Exact,ET,457552,RAMSES38_ETH20-50.XL, ,1,0,1,2,1,0,0,0,0,0,0,0,0,0,0,0,0,0,0,0,0,0,0,0,0,0,0,0,0,0,0,0,0,0,0,0,0,0,0,0,0,0,0,-1,0,0,0,0,0,1,0,0,0,0,0,1,0,0,0,0,0,0,0,0,0,0,0,0,0,0,0,0,0,0,0,0,0,0,0,0,0,0,0,0,0,0,0,0,0,0,0,0,0,0,0,0,0,0,0,0,0,0,0,0,0,0,0,0,0,0,0,0,0,0,0,0,0,0,2020/05/06 00:00:00,2020/05/06 00:00:00,2,1,Chlorpyrifos,1,ha,600,l,600,ha,0,0,1,0,0,0,Band
42.25,9.91666666700007,27153,2020/05/06 00:00:00,07:13,2020/05/06 00:00:00,07:13,No,Early,Keteri,200,Exact,ET,457553,RAMSES38_ETH20-50.XL, ,1,0,1,2,1,0,0,0,0,0,0,0,0,0,0,0,0,0,0,0,0,0,0,0,0,0,0,0,0,0,0,0,0,0,0,0,0,0,0,0,0,0,0,-1,0,0,0,0,0,1,0,0,0,0,0,1,0,0,0,0,0,0,0,0,0,0,0,0,0,0,0,0,0,0,0,0,0,0,0,0,0,0,0,0,0,0,0,0,0,0,0,0,0,0,0,0,0,0,0,0,0,0,0,0,0,0,0,0,0,0,0,0,0,0,0,0,0,0,2020/05/06 00:00:00,2020/05/06 00:00:00,2,1,Chlorpyrifos,1,ha,90,l,90,ha,0,1,0,0,0,0,Band
42.6333333330001,10.033333333,27154,2020/05/06 00:00:00,07:15,2020/05/06 00:00:00,07:15,No,Early,Gere.,30,Exact,ET,457554,RAMSES38_ETH20-50.XL, ,1,0,1,2,1,0,0,0,0,0,0,0,0,0,0,0,0,0,0,0,0,0,0,0,0,0,0,0,0,0,0,0,0,0,0,0,0,0,0,0,0,0,0,-1,0,0,0,0,1,0,0,0,0,0,0,1,0,0,0,0,0,0,0,0,0,0,0,0,0,0,0,0,0,0,0,0,0,0,0,0,0,0,0,0,0,0,0,0,0,0,0,0,0,0,0,0,0,0,0,0,0,0,0,0,0,0,0,0,0,0,0,0,0,0,0,0,0,0,2020/05/06 00:00:00,2020/05/06 00:00:00,2,1,Chlorpyrifos,1,ha,10,l,10,ha,0,1,0,0,0,0,Band
42.15,9.85,27155,2020/05/06 00:00:00,07:18,2020/05/06 00:00:00,07:18,No,Early,Weraba.,340,Exact,ET,457555,RAMSES38_ETH20-50.XL, ,1,0,1,2,1,0,0,0,0,0,0,0,0,0,0,0,0,0,0,0,0,0,0,0,0,0,0,0,0,0,0,0,0,0,0,0,0,0,0,0,0,0,0,-1,0,0,0,0,1,0,0,0,0,0,0,1,0,0,0,0,0,0,0,0,0,0,0,0,0,0,0,0,0,0,0,0,0,0,0,0,0,0,0,0,0,0,0,0,0,0,0,0,0,0,0,0,0,0,0,0,0,0,0,0,0,0,0,0,0,0,0,0,0,0,0,0,0,0,2020/05/06 00:00:00,2020/05/06 00:00:00,2,1,Chlorpyrifos,1,ha,100,l,100,ha,0,1,0,0,0,0,Band
42.333333333,9.95,27156,2020/05/06 00:00:00,07:20,2020/05/06 00:00:00,07:20,No,Early,Keteri,105,Exact,ET,457556,RAMSES38_ETH20-50.XL, ,1,0,1,2,1,0,0,0,0,0,0,0,0,0,0,0,0,0,0,0,0,0,0,0,0,0,0,0,0,0,0,0,0,0,0,0,0,0,0,0,0,0,0,-1,0,0,0,0,1,0,0,0,0,0,0,1,0,0,0,0,0,0,0,0,0,0,0,0,0,0,0,0,0,0,0,0,0,0,0,0,0,0,0,0,0,0,0,0,0,0,0,0,0,0,0,0,0,0,0,0,0,0,0,0,0,0,0,0,0,0,0,0,0,0,0,0,0,0,2020/05/06 00:00:00,2020/05/06 00:00:00,2,1,Chlorpyrifos,1,ha,30,l,30,ha,0,1,0,0,0,0,Band
42.1833333330001,9.85,27157,2020/05/06 00:00:00,07:23,2020/05/06 00:00:00,07:23,No,Early,Dafana,180,Exact,ET,457557,RAMSES38_ETH20-50.XL, ,1,0,1,2,1,0,0,0,0,0,0,0,0,0,0,0,0,0,0,0,0,0,0,0,0,0,0,0,0,0,0,0,0,0,0,0,0,0,0,0,0,0,0,-1,0,0,0,0,1,0,0,0,0,0,0,1,0,0,0,0,0,0,0,0,0,0,0,0,0,0,0,0,0,0,0,0,0,0,0,0,0,0,0,0,0,0,0,0,0,0,0,0,0,0,0,0,0,0,0,0,0,0,0,0,0,0,0,0,0,0,0,0,0,0,0,0,0,0,2020/05/06 00:00:00,2020/05/06 00:00:00,2,1,Chlorpyrifos,1,ha,60,l,60,ha,0,1,0,0,0,0,Band
42.65,9.86666666700006,27158,2020/05/06 00:00:00,07:26,2020/05/06 00:00:00,07:26,No,Early,Werebesa,280,Exact,ET,457558,RAMSES38_ETH20-50.XL, ,1,0,1,2,1,0,0,0,0,0,0,0,0,0,0,0,0,0,0,0,0,0,0,0,0,0,0,0,0,0,0,0,0,0,0,0,0,0,0,0,0,0,0,-1,0,0,0,0,1,0,0,0,0,0,0,1,0,0,0,0,0,0,0,0,0,0,0,0,0,0,0,0,0,0,0,0,0,0,0,0,0,0,0,0,0,0,0,0,0,0,0,0,0,0,0,0,0,0,0,0,0,0,0,0,0,0,0,0,0,0,0,0,0,0,0,0,0,0,2020/05/06 00:00:00,2020/05/06 00:00:00,2,1,Chlorpyrifos,1,ha,50,l,50,ha,0,1,0,0,0,0,Band
42.65,9.85,27159,2020/05/06 00:00:00,07:30,2020/05/06 00:00:00,07:30,No,Early,Werebesa 2,80,Exact,ET,457559,RAMSES38_ETH20-50.XL, ,1,0,1,2,1,0,0,0,0,0,0,0,0,0,0,0,0,0,0,0,0,0,0,0,0,0,0,0,0,0,0,0,0,0,0,0,0,0,0,0,0,0,0,-1,0,0,0,0,1,0,0,0,0,0,0,1,0,0,0,0,0,0,0,0,0,0,0,0,0,0,0,0,0,0,0,0,0,0,0,0,0,0,0,0,0,0,0,0,0,0,0,0,0,0,0,0,0,0,0,0,0,0,0,0,0,0,0,0,0,0,0,0,0,0,0,0,0,0,2020/05/06 00:00:00,2020/05/06 00:00:00,2,1,Chlorpyrifos,1,ha,50,l,50,ha,0,1,0,0,0,0,Band
41.3666666670001,9.56666666700005,27160,2020/05/07 00:00:00,07:37,2020/05/07 00:00:00,07:37,No,Early,Dimtu.,700,Exact,ET,457561,RAMSES38_ETH20-50.XL, ,1,0,1,2,1,0,0,0,0,0,0,0,0,0,0,0,0,0,0,0,0,0,0,0,0,0,0,0,0,0,0,0,0,0,0,0,0,0,0,0,0,0,0,-1,0,0,0,0,0,1,0,0,0,0,0,1,0,0,0,0,0,0,0,0,0,0,0,0,0,0,0,0,0,0,0,0,0,0,0,0,0,0,0,0,0,0,0,0,0,0,0,0,0,0,0,0,0,0,0,0,0,0,0,0,0,0,0,0,0,0,0,0,0,0,0,0,0,0,2020/05/07 00:00:00,2020/05/07 00:00:00,2,1,Chlorpyrifos,1,ha,100,l,100,ha,0,1,0,0,0,0,Band
42.316666667,9.95,27161,2020/05/07 00:00:00,07:40,2020/05/07 00:00:00,07:40,No,Early,Gafene,350,Exact,ET,457562,RAMSES38_ETH20-50.XL, ,1,0,1,2,1,0,0,0,0,0,0,0,0,0,0,0,0,0,0,0,0,0,0,0,0,0,0,0,0,0,0,0,0,0,0,0,0,0,0,0,0,0,0,-1,0,0,0,0,0,1,0,0,0,0,0,1,0,0,0,0,0,0,0,0,0,0,0,0,0,0,0,0,0,0,0,0,0,0,0,0,0,0,0,0,0,0,0,0,0,0,0,0,0,0,0,0,0,0,0,0,0,0,0,0,0,0,0,0,0,0,0,0,0,0,0,0,0,0,2020/05/07 00:00:00,2020/05/07 00:00:00,2,1,Chlorpyrifos,1,ha,200,l,200,ha,0,1,0,0,0,0,Band
42.6,9.8,27162,2020/05/07 00:00:00,07:43,2020/05/07 00:00:00,07:43,No,Early,Anidis,200,Exact,ET,457563,RAMSES38_ETH20-50.XL, ,1,0,1,2,1,0,0,0,0,0,0,0,0,0,0,0,0,0,0,0,0,0,0,0,0,0,0,0,0,0,0,0,0,0,0,0,0,0,0,0,0,0,0,-1,0,0,0,0,0,1,0,0,0,0,0,1,0,0,0,0,0,0,0,0,0,0,0,0,0,0,0,0,0,0,0,0,0,0,0,0,0,0,0,0,0,0,0,0,0,0,0,0,0,0,0,0,0,0,0,0,0,0,0,0,0,0,0,0,0,0,0,0,0,0,0,0,0,0,2020/05/07 00:00:00,2020/05/07 00:00:00,2,1,Chlorpyrifos,1,ha,100,l,100,ha,0,1,0,0,0,0,Band
41.833333333,9.78333333300003,27163,2020/05/07 00:00:00,07:45,2020/05/07 00:00:00,07:45,No,Early,Makles,100,Exact,ET,457564,RAMSES38_ETH20-50.XL, ,1,0,1,2,1,0,0,0,0,0,0,0,0,0,0,0,0,0,0,0,0,0,0,0,0,0,0,0,0,0,0,0,0,0,0,0,0,0,0,0,0,0,0,-1,0,0,0,0,0,1,0,0,0,0,0,1,0,0,0,0,0,0,0,0,0,0,0,0,0,0,0,0,0,0,0,0,0,0,0,0,0,0,0,0,0,0,0,0,0,0,0,0,0,0,0,0,0,0,0,0,0,0,0,0,0,0,0,0,0,0,0,0,0,0,0,0,0,0,2020/05/07 00:00:00,2020/05/07 00:00:00,2,1,Chlorpyrifos,1,ha,100,l,100,ha,0,1,0,0,0,0,Band
42.316666667,9.95,27164,2020/05/07 00:00:00,07:47,2020/05/07 00:00:00,07:47,No,Early,Dafene,180,Exact,ET,457565,RAMSES38_ETH20-50.XL, ,1,0,1,2,1,0,0,0,0,0,0,0,0,0,0,0,0,0,0,0,0,0,0,0,0,0,0,0,0,0,0,0,0,0,0,0,0,0,0,0,0,0,0,-1,0,0,0,0,0,0,1,0,0,0,0,1,0,0,0,0,0,0,0,0,0,0,0,0,0,0,0,0,0,0,0,0,0,0,0,0,0,0,0,0,0,0,0,0,0,0,0,0,0,0,0,0,0,0,0,0,0,0,0,0,0,0,0,0,0,0,0,0,0,0,0,0,0,0,2020/05/07 00:00:00,2020/05/07 00:00:00,2,1,Chlorpyrifos,1,ha,100,l,100,ha,0,1,0,0,0,0,Band
42.566666667,10.4833333330001,27165,2020/05/07 00:00:00,07:50,2020/05/07 00:00:00,07:50,No,Early,Mermadobis,220,Exact,ET,457566,RAMSES38_ETH20-50.XL, ,1,0,1,2,1,0,0,0,0,0,0,0,0,0,0,0,0,0,0,0,0,0,0,0,0,0,0,0,0,0,0,0,0,0,0,0,0,0,0,0,0,0,0,-1,0,0,0,0,0,0,1,0,0,0,0,1,0,0,0,0,0,0,0,0,0,0,0,0,0,0,0,0,0,0,0,0,0,0,0,0,0,0,0,0,0,0,0,0,0,0,0,0,0,0,0,0,0,0,0,0,0,0,0,0,0,0,0,0,0,0,0,0,0,0,0,0,0,0,2020/05/07 00:00:00,2020/05/07 00:00:00,2,1,Chlorpyrifos,1,ha,100,l,100,ha,0,1,0,0,0,0,Band
42.566666667,10.2,27166,2020/05/07 00:00:00,07:53,2020/05/07 00:00:00,07:53,No,Early,Gelideble,230,Exact,ET,457567,RAMSES38_ETH20-50.XL, ,1,0,1,2,1,0,0,0,0,0,0,0,0,0,0,0,0,0,0,0,0,0,0,0,0,0,0,0,0,0,0,0,0,0,0,0,0,0,0,0,0,0,0,-1,0,0,0,0,0,0,1,0,0,0,0,1,0,0,0,0,0,0,0,0,0,0,0,0,0,0,0,0,0,0,0,0,0,0,0,0,0,0,0,0,0,0,0,0,0,0,0,0,0,0,0,0,0,0,0,0,0,0,0,0,0,0,0,0,0,0,0,0,0,0,0,0,0,0,2020/05/07 00:00:00,2020/05/07 00:00:00,2,1,Chlorpyrifos,1,ha,100,l,100,ha,0,1,0,0,0,0,Band
42.35,10.0,27167,2020/05/07 00:00:00,07:57,2020/05/07 00:00:00,07:57,No,Early,Dure,120,Exact,ET,457568,RAMSES38_ETH20-50.XL, ,1,0,1,2,1,0,0,0,0,0,0,0,0,0,0,0,0,0,0,0,0,0,0,0,0,0,0,0,0,0,0,0,0,0,0,0,0,0,0,0,0,0,0,-1,0,0,0,0,0,0,1,0,0,0,0,1,0,0,0,0,0,0,0,0,0,0,0,0,0,0,0,0,0,0,0,0,0,0,0,0,0,0,0,0,0,0,0,0,0,0,0,0,0,0,0,0,0,0,0,0,0,0,0,0,0,0,0,0,0,0,0,0,0,0,0,0,0,0,2020/05/07 00:00:00,2020/05/07 00:00:00,2,1,Chlorpyrifos,1,ha,100,l,100,ha,0,1,0,0,0,0,Band
42.45,10.1333333330001,27168,2020/05/07 00:00:00,08:00,2020/05/07 00:00:00,08:00,No,Early,Biokobebe,100,Exact,ET,457569,RAMSES38_ETH20-50.XL, ,1,0,1,2,1,0,0,0,0,0,0,0,0,0,0,0,0,0,0,0,0,0,0,0,0,0,0,0,0,0,0,0,0,0,0,0,0,0,0,0,0,0,0,-1,0,0,0,0,0,0,1,0,0,0,0,1,0,0,0,0,0,0,0,0,0,0,0,0,0,0,0,0,0,0,0,0,0,0,0,0,0,0,0,0,0,0,0,0,0,0,0,0,0,0,0,0,0,0,0,0,0,0,0,0,0,0,0,0,0,0,0,0,0,0,0,0,0,0,2020/05/07 00:00:00,2020/05/07 00:00:00,2,1,Chlorpyrifos,1,ha,100,l,100,ha,0,1,0,0,0,0,Band
42.566666667,10.3833333330001,27169,2020/05/07 00:00:00,08:03,2020/05/07 00:00:00,08:03,No,Early,Biodilye,150,Exact,ET,457570,RAMSES38_ETH20-50.XL, ,1,0,1,2,1,0,0,0,0,0,0,0,0,0,0,0,0,0,0,0,0,0,0,0,0,0,0,0,0,0,0,0,0,0,0,0,0,0,0,0,0,0,0,-1,0,0,0,0,0,0,1,0,0,0,0,1,0,0,0,0,0,0,0,0,0,0,0,0,0,0,0,0,0,0,0,0,0,0,0,0,0,0,0,0,0,0,0,0,0,0,0,0,0,0,0,0,0,0,0,0,0,0,0,0,0,0,0,0,0,0,0,0,0,0,0,0,0,0,2020/05/07 00:00:00,2020/05/07 00:00:00,2,1,Chlorpyrifos,1,ha,100,l,100,ha,0,1,0,0,0,0,Band
42.566666667,10.2,27170,2020/05/08 00:00:00,07:12,2020/05/08 00:00:00,07:12,No,Early,Gelidebes,600,Exact,ET,457578,RAMSES38_ETH20-50.XL, ,1,0,1,2,1,0,0,0,0,0,0,0,0,0,0,0,0,0,0,0,0,0,0,0,0,0,0,0,0,0,0,0,0,0,0,0,0,0,0,0,0,0,0,-1,0,0,0,0,0,0,1,0,0,0,0,1,0,0,0,0,0,0,0,0,0,0,0,0,0,0,0,0,0,0,0,0,0,0,0,0,0,0,0,0,0,0,0,0,0,0,0,0,0,0,0,0,0,0,0,0,0,0,0,0,0,0,0,0,0,0,0,0,0,0,0,0,0,0,2020/05/08 00:00:00,2020/05/08 00:00:00,2,1,Chlorpyrifos,1,ha,300,l,300,ha,0,0,1,0,0,0,Band
41.3666666670001,9.56666666700005,27171,2020/05/08 00:00:00,07:15,2020/05/08 00:00:00,07:15,No,Early,Dimtu.,300,Exact,ET,457579,RAMSES38_ETH20-50.XL, ,1,0,1,2,1,0,0,0,0,0,0,0,0,0,0,0,0,0,0,0,0,0,0,0,0,0,0,0,0,0,0,0,0,0,0,0,0,0,0,0,0,0,0,-1,0,0,0,0,0,1,0,0,0,0,0,1,0,0,0,0,0,0,0,0,0,0,0,0,0,0,0,0,0,0,0,0,0,0,0,0,0,0,0,0,0,0,0,0,0,0,0,0,0,0,0,0,0,0,0,0,0,0,0,0,0,0,0,0,0,0,0,0,0,0,0,0,0,0,2020/05/08 00:00:00,2020/05/08 00:00:00,2,1,Chlorpyrifos,1,ha,60,l,60,ha,0,1,0,0,0,0,Band
42.6833333330001,10.3833333330001,27172,2020/05/08 00:00:00,07:17,2020/05/08 00:00:00,07:17,No,Early,Bio gurgur,250,Exact,ET,457580,RAMSES38_ETH20-50.XL, ,1,0,1,2,1,0,0,0,0,0,0,0,0,0,0,0,0,0,0,0,0,0,0,0,0,0,0,0,0,0,0,0,0,0,0,0,0,0,0,0,0,0,0,-1,0,0,0,0,0,1,0,0,0,0,0,1,0,0,0,0,0,0,0,0,0,0,0,0,0,0,0,0,0,0,0,0,0,0,0,0,0,0,0,0,0,0,0,0,0,0,0,0,0,0,0,0,0,0,0,0,0,0,0,0,0,0,0,0,0,0,0,0,0,0,0,0,0,0,2020/05/08 00:00:00,2020/05/08 00:00:00,2,1,Chlorpyrifos,1,ha,50,l,50,ha,0,1,0,0,0,0,Band
42.6666666670001,10.3666666670001,27173,2020/05/08 00:00:00,07:20,2020/05/08 00:00:00,07:20,No,Early,Awada,120,Exact,ET,457581,RAMSES38_ETH20-50.XL, ,1,0,1,2,1,0,0,0,0,0,0,0,0,0,0,0,0,0,0,0,0,0,0,0,0,0,0,0,0,0,0,0,0,0,0,0,0,0,0,0,0,0,0,-1,0,0,0,0,0,1,0,0,0,0,0,1,0,0,0,0,0,0,0,0,0,0,0,0,0,0,0,0,0,0,0,0,0,0,0,0,0,0,0,0,0,0,0,0,0,0,0,0,0,0,0,0,0,0,0,0,0,0,0,0,0,0,0,0,0,0,0,0,0,0,0,0,0,0,2020/05/08 00:00:00,2020/05/08 00:00:00,2,1,Chlorpyrifos,1,ha,30,l,30,ha,0,1,0,0,0,0,Band
42.4833333330001,10.2,27174,2020/05/08 00:00:00,07:22,2020/05/08 00:00:00,07:22,No,Early,Meto asir,40,Exact,ET,457582,RAMSES38_ETH20-50.XL, ,1,0,1,2,1,0,0,0,0,0,0,0,0,0,0,0,0,0,0,0,0,0,0,0,0,0,0,0,0,0,0,0,0,0,0,0,0,0,0,0,0,0,0,-1,0,0,0,0,0,0,1,0,0,0,0,1,0,0,0,0,0,0,0,0,0,0,0,0,0,0,0,0,0,0,0,0,0,0,0,0,0,0,0,0,0,0,0,0,0,0,0,0,0,0,0,0,0,0,0,0,0,0,0,0,0,0,0,0,0,0,0,0,0,0,0,0,0,0,2020/05/08 00:00:00,2020/05/08 00:00:00,2,1,Chlorpyrifos,1,ha,20,l,20,ha,0,1,0,0,0,0,Band
42.466666667,10.1666666670001,27175,2020/05/08 00:00:00,07:24,2020/05/08 00:00:00,07:24,No,Early,Dure camp,380,Exact,ET,457583,RAMSES38_ETH20-50.XL, ,1,0,1,2,1,0,0,0,0,0,0,0,0,0,0,0,0,0,0,0,0,0,0,0,0,0,0,0,0,0,0,0,0,0,0,0,0,0,0,0,0,0,0,-1,0,0,0,0,0,0,1,0,0,0,0,1,0,0,0,0,0,0,0,0,0,0,0,0,0,0,0,0,0,0,0,0,0,0,0,0,0,0,0,0,0,0,0,0,0,0,0,0,0,0,0,0,0,0,0,0,0,0,0,0,0,0,0,0,0,0,0,0,0,0,0,0,0,0,2020/05/08 00:00:00,2020/05/08 00:00:00,2,1,Chlorpyrifos,1,ha,100,l,100,ha,0,1,0,0,0,0,Band
42.4833333330001,10.1833333330001,27176,2020/05/08 00:00:00,07:27,2020/05/08 00:00:00,07:27,No,Early,Galdabil,220,Exact,ET,457584,RAMSES38_ETH20-50.XL, ,1,0,1,2,1,0,0,0,0,0,0,0,0,0,0,0,0,0,0,0,0,0,0,0,0,0,0,0,0,0,0,0,0,0,0,0,0,0,0,0,0,0,0,-1,0,0,0,0,0,0,1,0,0,0,0,1,0,0,0,0,0,0,0,0,0,0,0,0,0,0,0,0,0,0,0,0,0,0,0,0,0,0,0,0,0,0,0,0,0,0,0,0,0,0,0,0,0,0,0,0,0,0,0,0,0,0,0,0,0,0,0,0,0,0,0,0,0,0,2020/05/08 00:00:00,2020/05/08 00:00:00,2,1,Chlorpyrifos,1,ha,100,l,100,ha,0,1,0,0,0,0,Band
42.466666667,10.1833333330001,27177,2020/05/08 00:00:00,07:30,2020/05/08 00:00:00,07:30,No,Early,Galdabil 2,270,Exact,ET,457585,RAMSES38_ETH20-50.XL, ,1,0,1,2,1,0,0,0,0,0,0,0,0,0,0,0,0,0,0,0,0,0,0,0,0,0,0,0,0,0,0,0,0,0,0,0,0,0,0,0,0,0,0,-1,0,0,0,0,0,0,1,0,0,0,0,1,0,0,0,0,0,0,0,0,0,0,0,0,0,0,0,0,0,0,0,0,0,0,0,0,0,0,0,0,0,0,0,0,0,0,0,0,0,0,0,0,0,0,0,0,0,0,0,0,0,0,0,0,0,0,0,0,0,0,0,0,0,0,2020/05/08 00:00:00,2020/05/08 00:00:00,2,1,Chlorpyrifos,1,ha,100,l,100,ha,0,1,0,0,0,0,Band
42.6166666670001,9.81666666700005,27178,2020/05/08 00:00:00,07:33,2020/05/08 00:00:00,07:33,No,Early,Galolay,100,Exact,ET,457586,RAMSES38_ETH20-50.XL, ,1,0,1,2,1,0,0,0,0,0,0,0,0,0,0,0,0,0,0,0,0,0,0,0,0,0,0,0,0,0,0,0,0,0,0,0,0,0,0,0,0,0,0,-1,0,0,0,0,1,0,0,0,0,0,0,1,0,0,0,0,0,0,0,0,0,0,0,0,0,0,0,0,0,0,0,0,0,0,0,0,0,0,0,0,0,0,0,0,0,0,0,0,0,0,0,0,0,0,0,0,0,0,0,0,0,0,0,0,0,0,0,0,0,0,0,0,0,0,2020/05/08 00:00:00,2020/05/08 00:00:00,2,1,Chlorpyrifos,1,ha,50,l,50,ha,0,1,0,0,0,0,Band
42.6333333330001,9.81666666700005,27179,2020/05/08 00:00:00,07:36,2020/05/08 00:00:00,07:36,No,Early,Rerali Dahar,110,Exact,ET,457587,RAMSES38_ETH20-50.XL, ,1,0,1,2,1,0,0,0,0,0,0,0,0,0,0,0,0,0,0,0,0,0,0,0,0,0,0,0,0,0,0,0,0,0,0,0,0,0,0,0,0,0,0,-1,0,0,0,0,1,0,0,0,0,0,0,1,0,0,0,0,0,0,0,0,0,0,0,0,0,0,0,0,0,0,0,0,0,0,0,0,0,0,0,0,0,0,0,0,0,0,0,0,0,0,0,0,0,0,0,0,0,0,0,0,0,0,0,0,0,0,0,0,0,0,0,0,0,0,2020/05/08 00:00:00,2020/05/08 00:00:00,2,1,Chlorpyrifos,1,ha,50,l,50,ha,0,1,0,0,0,0,Band
42.6666666670001,9.88333333300005,27180,2020/05/08 00:00:00,07:40,2020/05/08 00:00:00,07:40,No,Early,Cado warabayso,600,Exact,ET,457588,RAMSES38_ETH20-50.XL, ,1,0,1,2,1,0,0,0,0,0,0,0,0,0,0,0,0,0,0,0,0,0,0,0,0,0,0,0,0,0,0,0,0,0,0,0,0,0,0,0,0,0,0,-1,0,0,0,0,1,0,0,0,0,0,0,1,0,0,0,0,0,0,0,0,0,0,0,0,0,0,0,0,0,0,0,0,0,0,0,0,0,0,0,0,0,0,0,0,0,0,0,0,0,0,0,0,0,0,0,0,0,0,0,0,0,0,0,0,0,0,0,0,0,0,0,0,0,0,2020/05/08 00:00:00,2020/05/08 00:00:00,2,1,Chlorpyrifos,1,ha,80,l,80,ha,0,1,0,0,0,0,Band
42.6833333330001,9.91666666700007,27181,2020/05/08 00:00:00,07:45,2020/05/08 00:00:00,07:45,No,Early,Arabi,60,Exact,ET,457589,RAMSES38_ETH20-50.XL, ,1,0,1,2,1,0,0,0,0,0,0,0,0,0,0,0,0,0,0,0,0,0,0,0,0,0,0,0,0,0,0,0,0,0,0,0,0,0,0,0,0,0,0,-1,0,0,0,0,1,0,0,0,0,0,0,1,0,0,0,0,0,0,0,0,0,0,0,0,0,0,0,0,0,0,0,0,0,0,0,0,0,0,0,0,0,0,0,0,0,0,0,0,0,0,0,0,0,0,0,0,0,0,0,0,0,0,0,0,0,0,0,0,0,0,0,0,0,0,2020/05/08 00:00:00,2020/05/08 00:00:00,2,1,Chlorpyrifos,1,ha,20,l,20,ha,0,1,0,0,0,0,Band
51.253055556,15.207222222,27182,2020/05/06 00:00:00,10:32,2020/05/06 00:00:00,10:32,No,Early,sayhot,100,Exact,YE,457604,RAMSES38_YEM20-25.XL, ,1,0,1,2,1,0,0,0,0,0,0,0,0,0,0,0,0,0,0,0,0,0,0,0,0,0,0,0,0,0,0,0,0,0,0,0,0,0,0,0,1,0,0,-1,0,0,0,1,3,1,0,0,0,0,0,1,0,0,0,0,0,1,0,0,0,0,0,0,0,0,0,0,0,0,0,0,0,0,0,0,0,0,0,0,0,0,0,0,0,0,0,0,0,0,0,0,0,0,0,0,0,0,0,0,0,0,0,0,0,0,0,0,0,0,0,0,0,0,1899/12/30 00:00:00,1899/12/30 00:00:00,0,0, ,0, ,0, ,0, ,0,0,0,0,0,0,Band
46.503055556,13.4483333330001,27183,2020/05/06 00:00:00,11:37,2020/05/06 00:00:00,11:37,No,Early,masib,100,Exact,YE,457605,RAMSES38_YEM20-25.XL,hopper bands were re,1,0,1,2,1,0,0,0,0,0,0,0,0,0,0,0,0,0,0,0,0,0,0,0,0,0,0,0,0,0,0,0,0,0,0,0,0,0,0,0,1,0,3,-1,0,0,0,1,3,1,0,0,0,0,0,1,0,0,0,0,0,1,0,0,0,0,0,0,0,0,0,0,0,0,0,0,0,0,0,0,0,0,0,0,0,0,0,0,0,0,0,0,0,0,0,0,0,0,0,0,0,0,0,0,0,0,0,0,0,0,0,0,0,0,0,0,0,0,1899/12/30 00:00:00,1899/12/30 00:00:00,0,0, ,0, ,0, ,0, ,0,0,0,0,0,0,Band
47.8125,14.146388889,27184,2020/05/07 00:00:00,11:45,2020/05/07 00:00:00,11:45,No,Early,al noshaymah,100,Exact,YE,457606,RAMSES38_YEM20-25.XL, ,1,0,1,2,1,0,0,0,0,0,0,0,0,0,0,0,0,0,0,0,0,0,0,0,0,0,0,0,0,0,0,0,0,0,0,0,0,0,0,0,1,0,0,-1,0,0,0,1,3,0,0,0,0,0,0,1,0,0,0,0,0,1,0,0,0,0,0,0,0,0,0,0,0,0,0,0,0,0,0,0,0,0,0,0,0,0,0,0,0,0,0,0,0,0,0,0,0,0,0,0,0,0,0,0,0,0,0,0,0,0,0,0,0,0,0,0,0,0,1899/12/30 00:00:00,1899/12/30 00:00:00,0,0, ,0, ,0, ,0, ,0,0,0,0,0,0,Band
71.7297222220001,31.1766666670001,27185,2020/05/01 00:00:00,00:00,2020/05/01 00:00:00,00:00,No,Early,Punjab,50,Exact,PA,455966,RAMSES38_PAK20-29.XL,Locust combat oprait,1,0,1,2,1,0,0,0,0,0,0,0,0,0,0,0,0,0,0,0,0,0,0,0,0,0,0,0,0,0,0,0,0,0,0,0,0,0,0,0,0,0,0,-1,0,0,0,0,0,1,0,0,0,1,0,0,0,0,0,0,0,0,0,0,0,0,0,0,0,0,0,0,0,0,0,0,0,0,0,0,0,0,0,0,0,0,0,0,0,0,0,0,0,0,0,0,0,0,0,0,0,0,0,0,0,0,0,0,0,0,0,0,0,0,0,0,0,0,2020/05/01 00:00:00,2020/05/01 00:00:00,2,1,Unknown,0, ,0, ,0, ,0,0,0,0,1,90,Band
71.7316666670001,31.1786111110001,27186,2020/05/01 00:00:00,00:00,2020/05/01 00:00:00,00:00,No,Early,Punjab,5,Exact,PA,455967,RAMSES38_PAK20-29.XL,combat operation,1,0,1,2,1,0,0,0,0,0,0,0,0,0,0,0,0,0,0,0,0,0,0,0,0,0,0,0,0,0,0,0,0,0,0,0,0,0,0,0,0,0,0,-1,0,0,0,0,0,0,1,0,0,1,0,0,0,0,0,0,0,0,0,0,0,0,0,0,0,0,0,0,0,0,0,0,0,0,0,0,0,0,0,0,0,0,0,0,0,0,0,0,0,0,0,0,0,0,0,0,0,0,0,0,0,0,0,0,0,0,0,0,0,0,0,0,0,0,2020/05/01 00:00:00,2020/05/01 00:00:00,2,1,Unknown,0, ,0, ,0, ,0,0,0,0,1,90,Band
71.7325,31.1755555560001,27187,2020/05/01 00:00:00,00:00,2020/05/01 00:00:00,00:00,No,Early,Punjab,10,Exact,PA,455968,RAMSES38_PAK20-29.XL,combat operation,1,0,1,2,1,0,0,0,0,0,0,0,0,0,0,0,0,0,0,0,0,0,0,0,0,0,0,0,0,0,0,0,0,0,0,0,0,0,0,0,0,0,0,-1,0,0,0,0,0,0,1,0,0,1,0,0,0,0,0,0,0,0,0,0,0,0,0,0,0,0,0,0,0,0,0,0,0,0,0,0,0,0,0,0,0,0,0,0,0,0,0,0,0,0,0,0,0,0,0,0,0,0,0,0,0,0,0,0,0,0,0,0,0,0,0,0,0,0,2020/05/01 00:00:00,2020/05/01 00:00:00,2,1,Unknown,0, ,0, ,0, ,0,0,0,0,1,90,Band
71.7286111110001,31.1702777780001,27188,2020/05/01 00:00:00,00:00,2020/05/01 00:00:00,00:00,No,Early,Punjab,50,Exact,PA,455971,RAMSES38_PAK20-29.XL, ,1,0,1,2,1,0,0,0,0,0,0,0,0,0,0,0,0,0,0,0,0,0,0,0,0,0,0,0,0,0,0,0,0,0,0,0,0,0,0,0,0,0,0,-1,0,0,0,0,0,1,0,0,0,1,0,0,0,0,0,0,0,0,0,0,0,0,0,0,0,0,0,0,0,0,0,0,0,0,0,0,0,0,0,0,0,0,0,0,0,0,0,0,0,0,0,0,0,0,0,0,0,0,0,0,0,0,0,0,0,0,0,0,0,0,0,0,0,0,2020/05/01 00:00:00,2020/05/01 00:00:00,2,1,Unknown,0, ,0, ,0, ,0,0,0,0,1,90,Band
71.716944444,31.1777777780001,27189,2020/05/03 00:00:00,00:00,2020/05/03 00:00:00,00:00,No,Early,Punjab,40,Exact,PA,456082,RAMSES38_PAK20-29.XL, ,1,0,1,2,1,0,0,0,0,0,0,0,0,0,0,0,0,0,0,0,0,0,0,0,0,0,0,0,0,0,0,0,0,0,0,0,0,0,0,0,0,0,0,-1,0,0,0,0,1,1,1,0,0,1,0,0,0,0,0,0,0,0,0,0,0,0,0,0,0,0,0,0,-1,0,0,0,0,0,0,0,0,0,0,0,0,0,0,1,0,0,0,0,0,0,0,0,0,0,0,0,0,0,0,0,0,0,0,0,0,0,0,0,0,0,0,0,0,0,2020/05/03 00:00:00,2020/05/03 00:00:00,2,1,Unknown,0, ,0, ,0, ,0,0,0,0,1,90,Band
71.7166666670001,31.1786111110001,27190,2020/05/03 00:00:00,00:00,2020/05/03 00:00:00,00:00,No,Early,Punjab,30,Exact,PA,456083,RAMSES38_PAK20-29.XL, ,1,0,1,2,1,0,0,0,0,0,0,0,0,0,0,0,0,0,0,0,0,0,0,0,0,0,0,0,0,0,0,0,0,0,0,0,0,0,0,0,0,0,0,-1,0,0,0,0,1,1,0,0,0,1,0,0,0,0,0,0,0,0,0,0,0,0,0,0,0,0,0,0,-1,0,0,0,0,0,0,0,0,0,0,0,0,0,0,1,0,0,0,0,0,0,0,0,0,0,0,0,0,0,0,0,0,0,0,0,0,0,0,0,0,0,0,0,0,0,2020/05/03 00:00:00,2020/05/03 00:00:00,2,1,Unknown,0, ,0, ,0, ,0,0,0,0,1,90,Band
71.7325,31.1752777780001,27191,2020/05/01 00:00:00,00:00,2020/05/01 00:00:00,00:00,No,Early,Punjab,50,Exact,PA,456147,RAMSES38_PAK20-29.XL, ,1,0,1,2,1,0,0,0,0,0,0,0,0,0,0,0,0,0,0,0,0,0,0,0,0,0,0,0,0,0,0,0,0,0,0,0,0,0,0,0,0,0,0,-1,0,0,0,0,0,1,0,0,0,1,0,0,0,0,0,0,0,0,0,0,0,0,0,0,0,0,0,0,0,0,0,0,0,0,0,0,0,0,0,0,0,0,0,0,0,0,0,0,0,0,0,0,0,0,0,0,0,0,0,0,0,0,0,0,0,0,0,0,0,0,0,0,0,0,2020/05/01 00:00:00,2020/05/01 00:00:00,2,1,Unknown,0, ,0, ,0, ,0,0,0,0,1,90,Band
71.7816666670001,31.1138888890001,27192,2020/05/02 00:00:00,00:00,2020/05/02 00:00:00,00:00,No,Early,Punjab,10,Exact,PA,455997,RAMSES38_PAK20-29.XL,combat operation,1,0,1,2,1,0,0,0,0,0,0,0,0,0,0,0,0,0,0,0,0,0,0,0,0,0,0,0,0,0,0,0,0,0,0,0,0,0,0,0,0,0,0,-1,0,0,0,0,0,0,1,0,0,1,0,0,0,0,0,0,0,0,0,0,0,0,0,0,0,0,0,0,0,0,0,0,0,0,0,0,0,0,0,0,0,0,0,0,0,0,0,0,0,0,0,0,0,0,0,0,0,0,0,0,0,0,0,0,0,0,0,0,0,0,0,0,0,0,2020/05/02 00:00:00,2020/05/02 00:00:00,2,1,Unknown,0, ,0, ,0, ,0,0,0,0,1,90,Band
