row_id,X,Y,Presence,Week,WeekStart,ObsDate,Source,Precip_T45,Precip,Temp,SoilTemp_T30,SoilTemp_T15,Moisture_T30,Moisture_T15,RVI_T45,RVI_T30,RVI_T0,SMAP_Surface_T15,SMAP_Root_T15,RVI_Phenology_Delta
0,38.142777778,4.88833333300005,1,1,2020-02-18,2020-02-22,fao_hopper,0.0020031036014529,0.0265328578764965,293.4209690941705,295.5228630489773,296.2613539377848,-9.290448127225291,-7.313089312400827,0.7462161136042929,0.4213772684618709,0.6270926506258451,0.2918349802494049,0.4455459713935852,-0.32483884514242195
1,38.0591666670001,4.88833333300005,1,1,2020-02-18,2020-02-22,fao_hopper,0.0020031036014529,0.0265328578764965,293.4209690941705,295.5228630489773,296.2613539377848,-5.243574601617674,-5.245716434728758,0.9239950893863592,0.9206614827026052,1.020510807978647,0.3158889412879944,0.453549712896347,-0.0033336066837540423
2,37.6636111110001,5.11472222200007,1,1,2020-02-18,2020-02-21,fao_hopper,0.0005823970909091,0.0068775557095577,298.7869847191705,301.64497133890785,302.1947252485488,-4.504933591407004,-5.601313382266579,0.8605401162099442,1.0466876117727764,0.8146923721202363,0.310884565114975,0.44806569814682,0.18614749556283217
3,38.9283333330001,4.13777777800004,1,1,2020-02-18,2020-02-24,fao_hopper,0.001629904019353,0.0144518010432292,295.0679743025038,297.5197326236301,298.867951160007,-6.960596641025764,-6.694321411440173,0.8159393247591469,0.7050170709877165,0.6713384259300164,0.2358962744474411,0.4159795343875885,-0.11092225377143039
4,37.316666667,0.866666667000061,1,1,2020-02-18,2020-02-18,fao_band,0.018586605894086,0.0373685054595043,295.1171713511149,297.259158621894,297.3651137034098,-4.983633108447675,-6.009945837456737,0.760535014669945,1.0052437518905954,0.6579285901865923,0.398098737001419,0.4391108155250549,0.24470873722065045
5,37.8,1.58333333300004,1,1,2020-02-18,2020-02-21,fao_band,0.0047805012340518,0.0239075116927196,300.1022299448649,303.59659351772734,303.6540948232015,-4.8017089974588725,-4.418089752284418,0.9936257860697392,0.996935929015766,0.9588120906500222,0.3562565743923187,0.4477869868278503,0.0033101429460268283
6,37.55,0.4,1,1,2020-02-18,2020-02-21,fao_band,0.014228209959981,0.0147716693694164,295.8925728268093,298.06553883022724,298.231693564521,-5.103885710997377,-5.294316293456541,0.941258794991979,0.9436990342988132,0.7855671796555138,0.5669479370117188,0.6066787838935852,0.0024402393068342354
7,36.95,3.21666666700003,1,1,2020-02-18,2020-02-21,fao_band,0.0003477187032672,0.0476939074809124,302.3035157521566,305.80411304897734,307.26512455410415,-6.977422351249354,-7.136532714205341,0.5599742039810773,0.670767018845061,0.7458604208856998,0.3352691233158111,0.5128280520439148,0.11079281486398362
8,37.8,1.58333333300004,1,1,2020-02-18,2020-02-23,fao_band,0.0047805012340518,0.0239075116927196,300.1022299448649,303.59659351772734,303.6540948232015,-4.8017089974588725,-4.418089752284418,0.9936257860697392,0.996935929015766,0.9588120906500222,0.3562565743923187,0.4477869868278503,0.0033101429460268283
9,37.6166666670001,0.9,1,1,2020-02-18,2020-02-23,fao_band,0.0130996854181262,0.0230414264018108,297.5595487382677,300.0212300194635,300.25582008361823,-5.438295012473612,-5.661642559558958,0.8614923165604982,0.9069832398022328,0.809083794240842,0.3861424326896667,0.4576431512832641,0.04549092324173465
10,36.95,3.21666666700003,1,1,2020-02-18,2020-02-20,fao_band,0.0003477187032672,0.0476939074809124,302.3035157521566,305.80411304897734,307.26512455410415,-6.977422351249354,-7.136532714205341,0.5599742039810773,0.670767018845061,0.7458604208856998,0.3352691233158111,0.5128280520439148,0.11079281486398362
11,37.333333333,0.866666667000061,1,1,2020-02-18,2020-02-20,fao_band,0.018586605894086,0.0373685054595043,295.1171713511149,297.259158621894,297.3651137034098,-5.775173994719285,-5.946393606225181,0.7947664365013277,0.8371830461770655,0.7605637068559271,0.398098737001419,0.4391108155250549,0.04241660967573779
12,37.95,1.38333333300005,1,1,2020-02-18,2020-02-24,fao_band,0.0095321239109011,0.0270678095633556,299.7538032955593,302.54410328335234,302.85543488396536,-5.66386548644476,-5.181051534517918,0.8008070969215038,0.8621659727349468,0.955138407660647,0.3349502384662628,0.4305353760719299,0.061358875813443015
13,37.54919588310734,3.424005521208839,0,1,2020-02-18,,synthetic_background,0.0006197244996997,0.1024606965596248,300.70487208896213,304.22851083543566,302.8301202138265,-9.862731291132796,-9.820004890883746,0.3668419314282811,0.3746480935773231,0.4481880140365305,0.267589271068573,0.3851465880870819,0.007806162149042006
14,36.08542267943429,1.0291299373506184,0,1,2020-02-18,,synthetic_background,0.006664842473981,0.0058704756314327,299.8125923580593,302.8002176496718,302.34751387702096,-5.3882757551563145,-5.203467208746648,0.8774156214114768,0.8972592015935075,1.0926553568273245,0.4615707099437713,0.5198623538017273,0.019843580182030696
15,38.05583094509194,5.003381175816459,0,1,2020-02-18,,synthetic_background,0.0022221804733248,0.0240426354224254,294.2827909257677,296.14368010626896,296.89122047424314,-6.301061702887218,-7.926648026746415,0.7700235529248474,0.7594689413402649,0.6406692906768092,0.3159260749816894,0.4826268553733825,-0.010554611584582485
16,36.92089865901672,5.361678478100384,0,1,2020-02-18,,synthetic_background,0.0009365827913256,0.00868742094584,300.3896973927816,302.52886348300507,302.6068943023681,-5.896232179505395,-6.523521522200829,0.8906044968662206,0.8202544813781245,0.799229595104077,0.555401086807251,0.6461725831031799,-0.07035001548809605
17,38.16463158530492,1.1396337252287807,0,1,2020-02-18,,synthetic_background,0.00629025708389,0.0195457033927013,300.4435439639621,303.750418387519,304.2486694759793,-6.0621902741629325,-5.652151155668303,0.7338205253164956,0.7952915411295685,0.6679039278841705,0.3275522589683532,0.4481653869152069,0.061471015813072905
18,37.66268277337437,2.1127917241596847,0,1,2020-02-18,,synthetic_background,0.0048592240686389,0.0400334887320568,299.49739596049,302.87042706807455,303.0895223405625,-7.859956068715099,-7.782126363459065,0.5905684399699214,0.5626386755597916,0.485303061497327,0.2979751229286194,0.3924646973609924,-0.02792976441012973
19,36.54567720798023,4.713610571186153,0,1,2020-02-18,,synthetic_background,0.0035488457555743,0.0049101851994564,300.95175793965666,305.11339581807454,304.21345897250706,-6.811900400254846,-4.917848046455173,0.8334220126854959,0.6902756873833122,0.8703755534632921,0.3811355233192444,0.5085129141807556,-0.14314632530218363
20,38.89644966723591,1.3941219708885642,0,1,2020-02-18,,synthetic_background,0.0034417660112353,0.0330890856797267,301.2669380611844,303.9939405229356,304.6127319759793,-7.7605407941967215,-8.391514379892236,0.6605105115819141,0.5777424544399173,0.6627909115672785,0.4182418584823608,0.5473994016647339,-0.08276805714199675
21,36.25068430099003,3.621290533747312,0,1,2020-02-18,,synthetic_background,0.0006603748674365,0.011424853664117,302.73390854729547,307.2498867034912,306.2588854047987,-7.795896755247658,-5.697288387040258,0.8406006365129559,0.5772700926436792,0.6700434058404312,0.3079971075057983,0.4362137019634247,-0.2633305438692767
22,38.186978271862856,1.657432970983577,0,1,2020-02-18,,synthetic_background,0.0041873605127307,0.0235119901711513,300.854600821601,303.4114264170328,303.8110772450765,-5.065215551255282,-5.376193945562285,1.0611154086515633,0.9500912039234496,0.7664483068980069,0.3071736395359039,0.4390121698379516,-0.1110242047281137
23,38.05591898634054,3.1072048451822845,0,1,2020-02-18,,synthetic_background,0.0003289879436465,0.0258667312676479,299.6984539031982,303.58942120869955,304.7741089291042,-11.109732761834586,-11.817861133442577,0.3394889955289288,0.2875340016680043,0.2815563132197036,0.3368453681468963,0.462137371301651,-0.0519549938609245
24,37.5619961900549,3.4727372128525014,0,1,2020-02-18,,synthetic_background,0.0008503497714968,0.0976172678286602,298.8876466115316,302.4725917816162,301.0892510732014,-9.132797622285082,-9.207945516569422,0.3723733737293697,0.441972622611996,0.3990738865168576,0.267589271068573,0.3851465880870819,0.06959924888262631
25,38.20445717480815,3.251770633377561,0,1,2020-02-18,,synthetic_background,0.000132158505437,0.0295869998747875,299.3772462209065,302.8333827972412,304.0700344933404,-8.934457239374268,-8.776276927480552,0.5594065544013873,0.4533077050042099,0.3388324595340927,0.2514052987098694,0.4073349237442016,-0.1060988493971774
26,38.092222222,4.89277777800004,1,2,2020-02-25,2020-02-25,fao_hopper,0.0020031036014529,0.0265328578764965,293.4209690941705,295.5228630489773,296.2613539377848,-15.974362630310036,-14.05081152945893,0.1904210548690718,0.0985794751035027,0.1996304852666149,0.2918349802494049,0.4455459713935852,-0.09184157976556909
27,36.828055556,5.46666666700003,1,2,2020-02-25,2020-02-29,fao_hopper,0.0064496250028582,0.0163506411130001,300.44989162021216,300.5355258093941,300.7486531999376,-6.845331987562804,-4.072341110232621,0.8765222852996934,0.6859652040361475,0.6888037590065895,0.3967407047748565,0.5103927850723267,-0.19055708126354598
28,36.831944444,5.49333333300007,1,2,2020-02-25,2020-02-29,fao_hopper,0.0064496250028582,0.0163506411130001,300.44989162021216,300.5355258093941,300.7486531999376,-6.1131475315149455,-5.907812375327113,0.9163003671132516,0.7866579945099963,0.9002389371053555,0.3967407047748565,0.5103927850723267,-0.12964237260325528
29,36.829444444,5.51666666700004,1,2,2020-02-25,2020-02-29,fao_hopper,0.0064496250028582,0.0163506411130001,300.44989162021216,300.5355258093941,300.7486531999376,-4.9290436281150685,-4.882290142200901,0.9289954853138312,0.9741094532384952,0.6899822840888366,0.3846943974494934,0.4981369078159332,0.045113967924663934
30,36.942777778,5.31194444400006,1,2,2020-02-25,2020-02-29,fao_hopper,0.0010586531038256,0.0104158215338756,299.6897841983371,301.65781856113006,301.6632094065349,-5.965473527881072,-7.185763861506905,0.833282926646142,0.8284878564539844,0.8987603139866382,0.394692450761795,0.4302302002906799,-0.0047950701921576355
31,36.9297222220001,5.31444444400006,1,2,2020-02-25,2020-03-02,fao_hopper,0.0010586531038256,0.0104158215338756,299.6897841983371,301.65781856113006,301.6632094065349,-5.529006735487015,-4.472925647077084,0.7613183493944014,0.880577771220391,0.8018475027345404,0.394692450761795,0.4302302002906799,0.1192594218259897
32,38.015277778,4.98916666700006,1,2,2020-02-25,2020-03-02,fao_hopper,0.0031218976850482,0.0323213033492137,293.8897841983372,295.4969081878662,296.2069811079237,-6.955221209382728,-7.257632126229616,0.7125052623093409,0.6710889267877163,0.977215441506807,0.3159260749816894,0.4826268553733825,-0.0414163355216246
33,38.023055556,4.96222222200004,1,2,2020-02-25,2020-03-02,fao_hopper,0.0031218976850482,0.0323213033492137,293.8897841983372,295.4969081878662,296.2069811079237,-6.973092886157909,-6.154572794595438,0.8456030074784738,0.6687937861004636,0.8644564085364775,0.3159260749816894,0.4826268553733825,-0.17680922137801025
34,36.582777778,5.76388888900004,1,2,2020-02-25,2020-03-02,fao_hopper,0.1026027948732348,0.1107405416781475,292.50138901604544,292.24055510626897,292.6292847103542,-5.866781154912644,,0.8359919145236142,0.8229085886383767,0.7466861612084856,0.6375187635421753,0.7221552729606628,-0.013083325885237529
35,36.9302777780001,5.3125,1,2,2020-02-25,2020-03-02,fao_hopper,0.0010586531038256,0.0104158215338756,299.6897841983371,301.65781856113006,301.6632094065349,-6.259251261687317,-5.383219757309943,0.7554168868031428,0.7690644806675451,0.8885641000542202,0.394692450761795,0.4302302002906799,0.013647593864402285
36,37.25,0.6,1,2,2020-02-25,2020-02-29,fao_band,0.0159903467769595,0.0248068563754131,295.73804808722605,296.9421393076579,297.0416273752848,-5.980156597657448,-6.428572363041173,0.6468887243984017,0.8330600421390185,0.8244587825965727,0.4360274970531463,0.5177993774414062,0.1861713177406168
37,37.2333333330001,0.583333333000041,1,2,2020-02-25,2020-02-29,fao_band,0.0159903467769595,0.0248068563754131,295.73804808722605,296.9421393076579,297.0416273752848,-5.222639451480435,-6.1417889671095605,0.9836422155172472,0.9241640943098426,0.9293611284587548,0.4360274970531463,0.5177993774414062,-0.05947812120740459
38,37.216666667,0.56666666700005,1,2,2020-02-25,2020-02-29,fao_band,0.0159903467769595,0.0248068563754131,295.73804808722605,296.9421393076579,297.0416273752848,-3.9298707568724,-3.652478029793608,1.056249599551884,1.1541941154301536,1.0692933463769143,0.4360274970531463,0.5177993774414062,0.09794451587826969
39,36.95,3.21666666700003,1,2,2020-02-25,2020-02-29,fao_band,0.0003477187032672,0.0476939074809124,302.3035157521566,305.80411304897734,307.26512455410415,-6.977422351249354,-7.136532714205341,0.5599742039810773,0.670767018845061,0.7458604208856998,0.3352691233158111,0.5128280520439148,0.11079281486398362
40,37.85,1.55,1,2,2020-02-25,2020-02-25,fao_band,0.0059126914615603,0.0271898798758556,300.0607965681287,303.1526210784913,303.2856866200765,-7.1427849288749705,-6.047933521647964,0.740515890119746,0.6474880718092821,0.7278849008890184,0.3870061039924621,0.4922876954078674,-0.0930278183104638
41,37.55,0.4,1,2,2020-02-25,2020-02-25,fao_band,0.014228209959981,0.0147716693694164,295.8925728268093,298.06553883022724,298.231693564521,-5.103885710997377,-5.294316293456541,0.941258794991979,0.9436990342988132,0.7855671796555138,0.5669479370117188,0.6066787838935852,0.0024402393068342354
42,37.216666667,1.88333333300005,1,2,2020-02-25,2020-02-25,fao_band,0.0048701764221164,0.015004708629327,298.19373927646217,302.45162823994946,302.6649617936876,-4.878065680089797,-5.063733004275831,0.7253087203628606,0.9816608462182438,0.7514079606972225,0.3118794560432434,0.3790532648563385,0.25635212585538314
43,37.388888889,0.405555556000024,1,2,2020-02-25,2020-02-28,fao_band,0.0153390319223376,0.0122515104825069,295.7618870629205,298.6579921722412,298.7217706044514,-4.332181471151278,-4.300787285927935,0.7100300785701626,1.0840930435687666,1.2169535673681904,0.640434205532074,0.6750849485397339,0.3740629649986039
44,37.339722222,3.0475,1,2,2020-02-25,2020-02-28,fao_band,0.0007127971525164,0.0434086762482692,301.8604276445177,305.5275288475884,306.5777601877848,-10.637054569660798,-9.677791702741455,0.3771339555550931,0.3179671147104878,0.4703378060081895,0.405111163854599,0.5337214469909668,-0.05916684084460533
45,37.2333333330001,0.8,1,2,2020-02-25,2020-03-01,fao_band,0.0164586157674762,0.033766105037408,296.05602768792045,298.2238504621718,298.2126234690349,-6.137288701121794,-4.971440830127992,0.9406783615264556,0.7829831649490131,0.779858842634463,0.3981221318244934,0.4866470396518707,-0.15769519657744246
46,37.4833333330001,0.56666666700005,1,2,2020-02-25,2020-03-02,fao_band,0.0121295453186007,0.017573490005212,297.17728419833713,299.8509392208523,300.03017989264595,-6.077246778428487,-5.139701557865347,0.8708473828542245,0.7960129305617503,0.8879081634968574,0.3989328742027282,0.4421727657318115,-0.07483445229247421
47,37.79304475480819,4.055921426233704,0,2,2020-02-25,,synthetic_background,0.0007512868518801,0.0491294555480052,298.83180351257323,301.92121916876897,301.83618032667374,-4.013311843545822,-4.85490447378802,0.9648459791820416,1.136809621799632,1.0636564550498977,0.2826563119888305,0.3878860473632812,0.17196364261759034
48,36.89784522302911,4.384441607454206,0,2,2020-02-25,,synthetic_background,0.002007722961423,0.0194463573510219,301.2833063337538,305.708279715644,305.5209459516737,-6.396614042984677,-6.1984279092507,0.8030661557462591,0.7460241983574833,0.8912148551904208,0.4418095648288727,0.548351526260376,-0.05704195738877571
49,37.736218173182905,4.8541060177241455,0,2,2020-02-25,,synthetic_background,0.0006855727310153,0.0092400752121974,299.094298087226,300.7972391340467,301.6563680436876,-5.486638633713159,-5.260460368244602,0.8645392518973254,0.8815942662458764,0.9308181502717896,0.4189285039901733,0.5024520754814148,0.017055014348551056
50,36.501745512446746,1.8728698114614,0,2,2020-02-25,,synthetic_background,0.0025203974122973,0.0163028381878902,301.5035049014621,305.8496479882134,305.510843955146,-8.555777051035612,-8.165858064970804,0.4981673557307512,0.5196175790498367,0.4153138723151394,0.307512879371643,0.384244292974472,0.021450223319085526
51,37.07379466190569,2.950483794427236,0,2,2020-02-25,,synthetic_background,0.0009325594778033,0.0281002663189937,300.90617959764273,305.2288960350885,306.9950670454237,-7.472399184116727,-7.941501220539365,0.5228228354087162,0.6104269652089772,0.5477361260529041,0.297421246767044,0.4480677247047424,0.087604129800261
52,37.470594718760864,5.366459325520951,0,2,2020-02-25,,synthetic_background,0.0023217202300997,0.0078316919619609,298.66324882507325,300.69447220696344,301.0799086252848,-6.969819662526409,-6.747278007567726,0.67107016765294,0.6722914464814833,0.7846102855315523,0.378560870885849,0.5079910159111023,0.0012212788285432818
53,36.547231576103485,2.1669725107676148,0,2,2020-02-25,,synthetic_background,0.0010686517829867,0.0139160893971492,303.744808069865,308.6781202104356,307.971195517646,-12.49011378027594,-11.640784332088336,0.1588336963262237,0.2931513801961177,0.1720402976921135,0.2943079471588135,0.3678950071334839,0.13431768386989398
54,38.431774381066695,2.0006809776573826,0,2,2020-02-25,,synthetic_background,0.0036195517654391,0.0346288524682094,300.58629570007326,303.2720546722412,303.76588952806264,-9.109068864160122,-8.455315121296376,0.6173076588186165,0.4428127462444012,0.3581934389232293,0.4028559029102325,0.5389785766601562,-0.1744949125742153
55,37.55685148868673,1.5697213432560209,0,2,2020-02-25,,synthetic_background,0.0049299002761813,0.0203075848633815,298.9145834604899,302.4868441687689,302.55332984924314,-6.631146013828061,-6.430915260280182,0.6509459300476124,0.7142575132592333,0.7230449451992822,0.3365234136581421,0.3612920343875885,0.06331158321162089
56,37.548649311900746,2.407191849357168,0,2,2020-02-25,,synthetic_background,0.0090162010068866,0.0404874377066661,300.9836752573649,304.03013843960235,304.24703644646536,-5.305005063708152,-5.862901675329262,0.8465627955018027,0.9137875902865424,0.910411918885496,0.2856078743934631,0.3815333247184753,0.06722479478473975
57,38.55122466012175,1.053017749176757,0,2,2020-02-25,,synthetic_background,0.003461957084653,0.0272661142165233,300.53414726257324,303.48679534064394,304.11203753153484,-8.128825961161862,-6.869053945712839,0.7293450992895434,0.5353934845437194,0.4684108986830425,0.3176960945129394,0.4420527219772339,-0.193951614745824
58,37.559457424593376,3.034586111735265,0,2,2020-02-25,,synthetic_background,0.0004720390911074,0.0489563338572551,301.8645020802816,305.71313540140795,307.0157430436876,-7.920589480515367,-10.441768067507596,0.5810387018236796,0.5559229066615134,0.4134997514952266,0.267455518245697,0.3766128718852997,-0.02511579516216611
59,37.04568107887023,0.4250565804061221,0,2,2020-02-25,,synthetic_background,0.0206405074472399,0.0206858508402874,292.04990789625384,293.38701777988007,293.59680858188204,-5.918783589838125,-5.55713973304853,0.8486588096197749,0.8395211306649961,0.7118260505160585,0.4787572026252746,0.5656997561454773,-0.009137678954778794
60,37.72794602278572,2.4102762090271304,0,2,2020-02-25,,synthetic_background,0.0188353062744113,0.0551982365662624,300.32634561326773,303.3057352277968,303.51153839959045,-8.360410524214647,-7.380074834805459,0.6326847926195687,0.5101251473894386,0.7252341559033479,0.3270395696163177,0.4267522394657135,-0.12255964523013008
61,36.396170664283154,4.289186506359407,0,2,2020-02-25,,synthetic_background,0.0028688014621707,0.0140660248810817,302.300938712226,306.6344298892551,305.4590915679931,-8.36452125650915,-7.322766722240715,0.6771972242635256,0.5087749490879016,0.7369362452325484,0.3705556094646454,0.4813522398471832,-0.16842227517562403
62,37.03998874431035,3.686468943939274,0,2,2020-02-25,,synthetic_background,0.0003697277183505,0.066633611183839,301.1143881479899,304.9607862260607,304.54609786139594,-6.870493059471312,-7.924944822216965,0.7783873366735127,0.690973200198331,0.447065989517071,0.2348937690258026,0.3541204035282135,-0.0874141364751817
63,36.816639529071225,4.916349108657474,0,2,2020-02-25,,synthetic_background,0.0015854985589953,0.0044596485907604,302.2699599795872,304.3435661739773,304.04418813917374,-6.176461303838168,-6.830033682517401,0.7662467003327078,0.7788574612402497,0.9221149698236432,0.5529352426528931,0.547466516494751,0.012610760907541874
64,37.7985475404683,4.3227286322276965,0,2,2020-02-25,,synthetic_background,0.0009725392932864,0.0465417794997264,297.9712403615316,301.0258415646024,300.91241188049315,-5.4268546095301256,-4.864775450869904,0.8942028956665832,0.8915570391454525,0.9463630996502582,0.3269800543785095,0.432889312505722,-0.002645856521130696
65,38.87962548173718,0.5571432064049044,0,2,2020-02-25,,synthetic_background,0.0044911057825061,0.0269823067004253,300.7328668806288,303.8528489430745,304.194633017646,-5.4562484050621975,-5.574640718287162,0.7818673741641661,0.8864130763701317,0.9329726606953384,0.2718963325023651,0.3148788511753082,0.1045457022059656
66,38.093111550389,1.927490901634049,0,2,2020-02-25,,synthetic_background,0.0040764958734484,0.0194197140748073,300.3427464379205,303.2797044118245,303.7384643978543,-3.86969808009436,-5.478191474928736,1.0615518801667552,1.1658209034866427,0.9168452180378248,0.3435882329940796,0.472910076379776,0.10426902331988752
67,37.86762719061612,1.30969186893626,0,2,2020-02-25,,synthetic_background,0.0115574301357241,0.0288600616271068,299.1661025577121,302.1206495073106,302.5779392242432,-6.703984243934149,-7.168652888122885,0.7563298952940147,0.7042167475360976,0.6775647160852251,0.4012771248817444,0.4900924861431122,-0.05211314775791709
68,36.8644444440001,5.64972222200004,1,3,2020-03-03,2020-03-03,fao_hopper,0.0007521064157458,0.0011285238081981,300.71306436326773,301.42339473300507,301.33505185445154,-6.406163434487056,-3.7710855563416414,0.8014500842027501,0.7456758637011442,0.7289724950496761,0.3958668708801269,0.5141097903251648,-0.05577422050160585
69,36.841111111,5.47111111100003,1,3,2020-03-03,2020-03-03,fao_hopper,0.0064496250028582,0.0163506411130001,300.44989162021216,300.5355258093941,300.7486531999376,-6.258785859609296,-5.143263152537948,0.9060586698382328,0.7686803086003613,0.6959495322906283,0.3967407047748565,0.5103927850723267,-0.1373783612378715
70,37.0427777780001,5.165,1,3,2020-03-03,2020-03-04,fao_hopper,0.0032156408901187,0.0258640341574718,301.2419706132677,299.50760697258846,299.7972426096598,-5.60202497149053,-5.578201517392511,0.7787669783704692,0.8713183277371068,0.7597736793950669,0.552733838558197,0.6493586301803589,0.09255134936663767
71,38.139722222,4.73,1,3,2020-03-03,2020-03-06,fao_hopper,0.0012670309419604,0.0241747044140865,295.70579439798985,298.51397090488007,299.62188453674315,-5.96552279956328,-4.352754375257771,0.999437862074116,0.8081473515787893,0.9092654912546222,0.2904479801654815,0.4348607361316681,-0.19129051049532675
72,36.8111111110001,5.46944444400003,1,3,2020-03-03,2020-03-09,fao_hopper,0.0064496250028582,0.0163506411130001,300.44989162021216,300.5355258093941,300.7486531999376,-5.646106800121847,-5.139916917816056,0.815058768088299,0.8579413747478252,0.8399571659941174,0.3967407047748565,0.5103927850723267,0.042882606659526146
73,36.831666667,5.47611111100002,1,3,2020-03-03,2020-03-09,fao_hopper,0.0064496250028582,0.0163506411130001,300.44989162021216,300.5355258093941,300.7486531999376,-5.430854402162064,-6.406138392444639,0.7818083459145482,0.9059700905832824,0.9673344222409864,0.3967407047748565,0.5103927850723267,0.1241617446687342
74,37.953611111,5.06888888900005,1,3,2020-03-03,2020-03-05,fao_band,0.0035531968946429,0.0252469472701122,294.35021171569826,295.8014546288385,296.4904555002848,-4.7630685317816495,-4.910601886110436,0.769504903435185,1.0014070808742035,0.8503584067187198,0.3786992132663727,0.5360305905342102,0.23190217743901853
75,36.75,2.4,1,3,2020-03-03,2020-03-03,fao_band,0.001330956923482,0.0347508780772258,301.10844196743443,306.5615132225885,307.3255086686876,-8.528765654003458,-7.760164490714662,0.7376947345553846,0.4983088538043345,0.5392595036873995,0.3265009224414825,0.4610611200332641,-0.2393858807510501
76,37.3,0.683333333000064,1,3,2020-03-03,2020-03-06,fao_band,0.0164062679882022,0.0309273891264965,297.04366332160106,299.29918140835235,299.3379327138265,-6.057354970914,-5.5168057497370455,0.7106268688643305,0.7975155183394989,0.8013680145220576,0.4245900213718414,0.5167078971862793,0.08688864947516839
77,37.066666667,3.31666666700005,1,3,2020-03-03,2020-03-07,fao_band,0.0002314449424716,0.0635377608353664,302.33879135979544,305.98155988057454,306.7482354482015,-11.849329872344732,-10.711753749346492,0.3182607466698816,0.3436515517292542,0.4506600381309064,0.3458760380744934,0.4806381464004516,0.025390805059372634
78,37.1333333330001,0.583333333000041,1,3,2020-03-03,2020-03-09,fao_band,0.016196325528142,0.0269748412186672,294.19326727125383,295.4924268510606,295.5768704308404,-5.744599929531181,-4.8558642416997735,0.9960064831908816,0.8474453443873653,0.8842816907989113,0.413805603981018,0.4477055966854095,-0.1485611388035163
79,37.1166666670001,0.7,1,3,2020-03-03,2020-03-09,fao_band,0.0151070804471942,0.0296209447199871,295.40615247090665,297.06702537536614,297.1234795888265,-5.969775360103214,-5.798626385843541,0.7634571384344705,0.8106200646519023,1.03307717294165,0.4114903509616852,0.388559490442276,0.04716292621743179
80,37.29633361680271,1.0452915791929838,0,3,2020-03-03,,synthetic_background,0.0186807514305087,0.0360375784451534,294.7871149275037,296.2897304534912,296.38251821729875,-5.109650013071383,-4.802921038445099,0.927897734829298,0.943242124241511,1.046467933694632,0.35047248005867,0.3457148373126983,0.015344389412212944
81,36.51283105583251,4.965793485723848,0,3,2020-03-03,,synthetic_background,0.0174228997106524,0.0242777310425807,298.8336806827121,300.2271490732828,300.8349107954237,-5.348074564987704,-6.111707851366155,0.8721260235921702,0.9041386649514652,0.7320862083368417,0.5116429328918457,0.6192296743392944,0.032012641359295047
82,37.76151378037717,2.756122473868272,0,3,2020-03-03,,synthetic_background,0.0014268309946032,0.0336906753594448,300.8270237816705,304.6870449066162,306.5950995975071,-11.76882750882598,-11.459122189526486,0.3394895560908968,0.2504185706140397,0.4107838746291238,0.2684666514396667,0.3937210142612457,-0.0890709854768571
83,36.92136075449142,1.2053662545290116,0,3,2020-03-03,,synthetic_background,0.007487669693944,0.010645388823228,294.8177627139621,296.6462734222412,296.6012302398682,-4.000086319288192,-4.300083551543545,0.9796100059589952,1.1389728037938478,0.99947900214236,0.4225722849369049,0.3926732540130615,0.15936279783485263
84,37.20969737359069,5.687335994114214,0,3,2020-03-03,,synthetic_background,0.0040028692359896,0.0052035145575572,296.3779243893093,296.21271222432455,296.7748467763265,-6.072379357543924,-4.734798928026313,0.966456076959295,0.7995160612688941,0.7114956101819445,0.6605941653251648,0.7424596548080444,-0.16694001569040096
85,38.03263329148001,3.653850624697122,0,3,2020-03-03,,synthetic_background,0.0003701002473803,0.0379921488577892,298.06585299173986,301.68474455939395,302.2455173492432,-5.116192533684465,-4.973844541925071,0.7642553090257053,0.9416142264798688,0.8258422201646025,0.2890909612178802,0.4348953366279602,0.17735891745416354
86,37.00967974851783,2.143634005433749,0,3,2020-03-03,,synthetic_background,0.0033866615171405,0.0378202639634182,299.0225587209066,302.9156364864773,303.15738258361813,-5.118796044418046,-5.112071361995867,0.852329302853982,0.9472454778079268,0.9325006166077232,0.2979893684387207,0.2991287410259247,0.09491617495394478
87,37.45817996238544,5.269694511204504,0,3,2020-03-03,,synthetic_background,0.0012203158016177,0.005819841485696,298.7768501705593,300.2171230316162,300.5518921322292,-5.153069585835587,-4.290105949826923,0.957671011829728,0.9409187802637408,0.8507338707338447,0.3641911447048187,0.4982681274414062,-0.016752231565987263
88,38.264726070933584,3.78278966614403,0,3,2020-03-03,,synthetic_background,0.0010066927547427,0.0456010095889141,297.5073948754204,299.39969681633846,299.56764734056264,-4.578136358686509,-5.44846173128925,0.8857081237466793,1.0337122137542512,0.9133509216821206,0.4264276921749115,0.5610936880111694,0.14800409000757186
89,37.12945105786986,3.5409695670165418,0,3,2020-03-03,,synthetic_background,0.0001988263006182,0.0856706492716838,302.0360841115315,305.44445593092183,305.1043389638265,-7.076819276219722,-7.185754253527098,0.5077432971857168,0.6678334866983975,0.45985863405805,0.2713073492050171,0.3863347470760345,0.16009018951268073
90,38.21198623154641,3.576878709191755,0,3,2020-03-03,,synthetic_background,0.0002906621570559,0.0413859926278163,298.3215875837538,300.7877610524495,301.1798055436876,-5.020467087539739,-4.17850675069656,0.8480538187723154,0.9575756258202626,0.9411183804033368,0.3129673898220062,0.4534530639648437,0.10952180704794712
91,36.27743889728416,2.4136257488116986,0,3,2020-03-03,,synthetic_background,0.0005543680067034,0.0108192406708766,301.75443263583713,307.8976297590468,307.3731377919515,-7.907341726028403,-7.605660499035752,0.5814012866554441,0.5586660310681653,0.6484300001268071,0.2859140634536743,0.4154108762741089,-0.022735255587278846
92,36.951666667,5.33944444400004,1,4,2020-03-10,2020-03-15,fao_hopper,0.0023857207174273,0.0254001461083461,301.06008584764265,299.16652081807456,299.4991631825765,-5.162370634644847,-3.743449749230884,0.897332223528589,0.9349963886409978,0.8175719004043398,0.386812299489975,0.5015345215797424,0.037664165112408776
93,36.834166667,5.54416666700007,1,4,2020-03-10,2020-03-10,fao_hopper,0.0064496250028582,0.0163506411130001,300.44989162021216,300.5355258093941,300.7486531999376,-5.381455969244884,-5.919736875256689,0.7394196747537871,0.9028905019189052,0.9820175067704038,0.3846943974494934,0.4981369078159332,0.16347082716511807
94,36.835,5.54416666700007,1,4,2020-03-10,2020-03-10,fao_hopper,0.0064496250028582,0.0163506411130001,300.44989162021216,300.5355258093941,300.7486531999376,-5.318503403553487,-4.508327441158812,0.707066731154814,0.9166576821968562,0.784024821392811,0.3846943974494934,0.4981369078159332,0.20959095104204217
95,36.839722222,5.44944444400005,1,4,2020-03-10,2020-03-10,fao_hopper,0.0058925003881427,0.0103007100636531,299.7732097625732,301.68782073126897,301.8233168284098,-6.150638353297581,-5.251694036319062,0.9019626373192424,0.7828871732912954,0.7479980522103922,0.3967407047748565,0.5103927850723267,-0.119075464027947
96,36.839722222,5.44388888900005,1,4,2020-03-10,2020-03-11,fao_hopper,0.0058925003881427,0.0103007100636531,299.7732097625732,301.68782073126897,301.8233168284098,-6.7053551057140455,-4.918784285997507,0.8488628604639978,0.7116316931920976,0.9038176690971748,0.3967407047748565,0.5103927850723267,-0.1372311672719002
97,36.834166667,5.54416666700007,1,4,2020-03-10,2020-03-11,fao_hopper,0.0064496250028582,0.0163506411130001,300.44989162021216,300.5355258093941,300.7486531999376,-5.381455969244884,-5.919736875256689,0.7394196747537871,0.9028905019189052,0.9820175067704038,0.3846943974494934,0.4981369078159332,0.16347082716511807
98,36.839722222,5.44916666700004,1,4,2020-03-10,2020-03-12,fao_hopper,0.0058925003881427,0.0103007100636531,299.7732097625732,301.68782073126897,301.8233168284098,-6.459598677767708,-5.299546175767036,1.0064645479355872,0.7387017478340316,0.7618912177291352,0.3967407047748565,0.5103927850723267,-0.2677628001015555
99,36.835833333,5.545,1,4,2020-03-10,2020-03-12,fao_hopper,0.0064496250028582,0.0163506411130001,300.44989162021216,300.5355258093941,300.7486531999376,-5.465428397209156,-3.9299527386991455,0.9084629155448808,0.8863114855792145,0.8720629207651557,0.3846943974494934,0.4981369078159332,-0.022151429965666325
100,36.9675,5.40111111100003,1,4,2020-03-10,2020-03-15,fao_band,0.0023365915889712,0.0175053767973949,300.5223200056288,299.2614752451579,299.94515385097924,-6.1834932398151485,-4.227488906321772,0.830977469665755,0.7808552243846907,0.9945291354973836,0.386812299489975,0.5015345215797424,-0.05012224528106435
101,36.8502777780001,5.47194444400003,1,4,2020-03-10,2020-03-15,fao_band,0.0008742810363742,0.0037816755587627,301.29242634243434,302.1067334916856,302.1969876183404,-5.868777764772471,-5.061208700797687,0.9506306723307106,0.832225605429393,0.794669966173437,0.3967407047748565,0.5103927850723267,-0.11840506690131769
102,37.082222222,5.11805555600006,1,4,2020-03-10,2020-03-10,fao_band,0.0092770160312625,0.0608671449238826,297.6622776879204,297.0763569725885,297.170511923896,-6.000457114514642,-5.021401736396263,1.0898113719041818,0.8108435574739166,1.1606940819031553,0.552733838558197,0.6493586301803589,-0.2789678144302652
103,36.8583333330001,4.98361111100007,1,4,2020-03-10,2020-03-12,fao_band,0.0033998341436358,0.0149185948187877,303.3393772972955,303.0262159135607,303.2658135732015,-7.77695865013002,-6.309099805070904,0.6418277394987874,0.579267708902847,0.6416072982527945,0.3579030036926269,0.4045527279376983,-0.0625600305959404
104,37.0744444440001,5.28,1,4,2020-03-10,2020-03-12,fao_band,0.0038010479087802,0.0325956784302761,300.7084473927816,299.53410436842177,300.0336358388265,-5.701277058095528,-5.038131133790486,0.8320267745370735,0.8649913901675277,0.6733645822578084,0.5522028207778931,0.6464879512786865,0.032964615630454164
105,37.1244444440001,5.20777777800004,1,4,2020-03-10,2020-03-14,fao_band,0.004972308980939,0.0394777946288158,299.6931424882677,298.2217942555746,298.46730554368764,-5.809317107320758,-5.852949832018018,0.651084279487218,0.8394399645372759,0.7990017511957087,0.5522028207778931,0.6464879512786865,0.18835568505005784
106,37.0744444440001,5.28,1,4,2020-03-10,2020-03-15,fao_band,0.0038010479087802,0.0325956784302761,300.7084473927816,299.53410436842177,300.0336358388265,-5.701277058095528,-5.038131133790486,0.8320267745370735,0.8649913901675277,0.6733645822578084,0.5522028207778931,0.6464879512786865,0.032964615630454164
107,37.1244444440001,5.20777777800004,1,4,2020-03-10,2020-03-15,fao_band,0.004972308980939,0.0394777946288158,299.6931424882677,298.2217942555746,298.46730554368764,-5.809317107320758,-5.852949832018018,0.651084279487218,0.8394399645372759,0.7990017511957087,0.5522028207778931,0.6464879512786865,0.18835568505005784
108,37.2,0.65,1,4,2020-03-10,2020-03-10,fao_band,0.0159903467769595,0.0248068563754131,295.73804808722605,296.9421393076579,297.0416273752848,-5.827960268776731,-4.627249685780244,0.965264123269377,0.8287986736678119,0.9908976139633824,0.3962132632732391,0.3943741023540497,-0.13646544960156515
109,37.783333333,1.58333333300004,1,4,2020-03-10,2020-03-10,fao_band,0.0047805012340518,0.0239075116927196,300.1022299448649,303.59659351772734,303.6540948232015,-5.215052116003313,-5.849281767019923,0.7450676863602708,0.925677321065656,0.6960974925650696,0.3562565743923187,0.4477869868278503,0.18060963470538527
110,37.1666666670001,0.616666667000061,1,4,2020-03-10,2020-03-14,fao_band,0.0159903467769595,0.0248068563754131,295.73804808722605,296.9421393076579,297.0416273752848,-5.633610537100935,-5.636852161708678,0.9395692642146044,0.870922068792843,0.7708855357930166,0.413805603981018,0.4477055966854095,-0.06864719542176145
111,36.8666666670001,0.4,1,4,2020-03-10,2020-03-14,fao_band,0.0206355751628848,0.020154728751855,292.2067709604899,293.569900809394,293.671146689521,-4.806459035957944,-5.2706790534586,0.95505283746297,0.9939255052240163,0.9665135840223444,0.6269261240959167,0.6696507930755615,0.038872667761046364
112,37.1666666670001,0.616666667000061,1,4,2020-03-10,2020-03-15,fao_band,0.0159903467769595,0.0248068563754131,295.73804808722605,296.9421393076579,297.0416273752848,-5.633610537100935,-5.636852161708678,0.9395692642146044,0.870922068792843,0.7708855357930166,0.413805603981018,0.4477055966854095,-0.06864719542176145
113,36.37432,5.01113,0,4,2020-03-10,2020-03-11,fao_no_locust,0.01153366278362,0.0212767861897518,299.48882391187885,301.14652841356053,301.7310859256321,-5.380322682639106,-7.129958061955259,0.8593654064032841,0.9223997412419578,0.7366342013792453,0.4651463627815246,0.5471329092979431,0.06303433483867371
114,36.24217,5.07912,0,4,2020-03-10,2020-03-11,fao_no_locust,0.004942640769002,0.0059605233485271,301.5662056393094,304.18691469828286,303.71632898118764,-5.547426680061988,-7.970845435406547,0.7674954678530252,0.8755971521848034,0.7441499788524927,0.4390314519405365,0.5764989256858826,0.10810168433177814
115,36.11185,5.14618,0,4,2020-03-10,2020-03-11,fao_no_locust,0.0038214774007769,0.0035760395342876,302.85534409417056,306.8927198198107,305.2932115766737,-5.384369529334743,-6.346557744680414,0.7416327196110091,0.8981952205681829,0.8135613595964831,0.3067321479320526,0.4391087889671325,0.15656250095717383
116,38.32585,4.36763,0,4,2020-03-10,2020-03-11,fao_no_locust,0.0013182462329837,0.0096915654952098,295.19118393792047,298.4187506357828,299.69737281799314,-6.293319490965196,-5.258819322092348,0.8129957099885069,0.7605663970973622,0.906369462737022,0.3068679571151733,0.4976893067359924,-0.05242931289114472
117,38.43882,4.38918,0,4,2020-03-10,2020-03-11,fao_no_locust,0.0009761006708117,0.0074540965373088,295.4923232608371,298.9447868771024,300.1268975575765,-5.536701092609624,-5.9056673443783545,1.1824158063969712,0.8736971786505571,0.9874263729711388,0.2931202948093414,0.4918787777423858,-0.3087186277464141
118,36.07715,5.21902,0,4,2020-03-10,2020-03-11,fao_no_locust,0.0039079339380236,0.0043506018931438,302.5489638858371,306.38263952467173,305.1103990766736,-6.177950287443623,-6.507783173071092,0.7095993358061213,0.7797596347811855,0.8248603410165871,0.4180028140544891,0.5374059081077576,0.07016029897506415
119,38.5549,4.45977,0,4,2020-03-10,2020-03-11,fao_no_locust,0.0009676070089312,0.0071196101719905,295.8647787729899,299.1308491600884,300.42213410271535,-4.215214519412829,-5.515837210390266,0.854348132626827,1.099052461078356,1.0253821847122488,0.2757318913936615,0.4763544797897339,0.24470432845152912
120,38.57085,4.42087,0,4,2020-03-10,2020-03-11,fao_no_locust,0.0006697775001498,0.0049672417456676,295.66353636847606,299.48017641703285,300.59132355584035,-6.728373192646668,-7.4598121177911025,0.8967373946232826,0.700769696584072,0.5419416155225674,0.2499302923679351,0.4318649470806122,-0.19596769803921066
121,37.47752,5.08828,0,4,2020-03-10,2020-03-11,fao_no_locust,0.0002846122856112,0.0043219618613292,297.8855524275038,302.26876691182457,302.31977950202094,-6.005013553287493,-4.978099383407724,0.8261777598020952,0.8029198352917715,0.9192964650568752,0.3803954720497131,0.4921229183673858,-0.023257924510323713
122,37.50683,5.10387,0,4,2020-03-10,2020-03-11,fao_no_locust,0.0002846122856112,0.0043219618613292,297.8855524275038,302.26876691182457,302.31977950202094,-5.46167158568664,-4.189449060369807,0.6149363784758546,0.8881250561125212,0.9585996530030202,0.381420373916626,0.5018478631973267,0.27318867763666665
123,37.53242,5.12305,0,4,2020-03-10,2020-03-11,fao_no_locust,0.0002846122856112,0.0043219618613292,297.8855524275038,302.26876691182457,302.31977950202094,-6.281462370578297,-7.264751004257382,0.7208567439385125,0.7880718054730929,0.7405499747991139,0.3605819344520569,0.4858057796955108,0.06721506153458034
124,37.57262,5.12223,0,4,2020-03-10,2020-03-11,fao_no_locust,0.0002351106281253,0.0041255794579555,298.52699665493435,302.585379325019,302.77536218431266,-5.733543393587519,-4.76213328137376,0.8876277302134798,0.849711586286763,0.80658472259712,0.3605819344520569,0.4858057796955108,-0.03791614392671683
125,37.59825,5.1277,0,4,2020-03-10,2020-03-11,fao_no_locust,0.0002351106281253,0.0041255794579555,298.52699665493435,302.585379325019,302.77536218431266,-5.589638718979966,-5.48474633216477,0.9826771424387328,0.8655011290941135,0.9349712499420644,0.310884565114975,0.44806569814682,-0.11717601334461936
126,38.2149,5.02552,0,4,2020-03-10,2020-03-12,fao_no_locust,0.0013703406925174,0.014088108401971,294.7512154049344,296.8641553666857,297.61669247945144,-6.040096363320149,-6.597631541065672,0.838492647794757,0.7971307659538649,0.6906283278798038,0.3278294503688812,0.4944819211959839,-0.04136188184089207
127,38.39335,5.06467,0,4,2020-03-10,2020-03-12,fao_no_locust,0.0008555800790759,0.006677567225175,294.7777345021566,297.6025342729356,298.25043271382657,-7.346591424953521,-7.174960479450302,0.724788931393571,0.622254180055251,0.7931712490532303,0.2983454167842865,0.4799667596817016,-0.10253475133832002
128,38.22598,4.9962,0,4,2020-03-10,2020-03-13,fao_no_locust,0.0013703406925174,0.014088108401971,294.7512154049344,296.8641553666857,297.61669247945144,-7.607547039260545,-4.97887085901824,0.7782656277950113,0.5913303965682581,0.7158138409520143,0.3264561593532562,0.4938868284225464,-0.18693523122675315
129,38.26125,5.09153,0,4,2020-03-10,2020-03-13,fao_no_locust,0.000750124561307,0.006297513108926,294.64569782680934,297.9556972503662,298.5052775488959,-4.928288916275337,-6.506158252650534,0.8209386607064557,0.973119853664836,0.8714229652733224,0.3126617074012756,0.4875442683696747,0.15218119295838028
130,36.9855,0.62321,0,4,2020-03-10,2020-03-13,fao_no_locust,0.0155121089096041,0.0248814068848659,293.56647690667046,294.87834807501895,294.86721873813195,-5.646429819899072,-4.815155467376608,0.7501572895043677,0.856566825346866,0.8050264280875514,0.438762366771698,0.4700159728527069,0.10640953584249835
131,38.1942,4.72778,0,4,2020-03-10,2020-03-14,fao_no_locust,0.0011408777112933,0.0150827013070156,294.73198797437885,297.86010805765795,299.03489994472926,-5.616192316208357,-7.0414928763710005,0.8010059612819814,0.8612628523094906,0.8358409249792746,0.2904479801654815,0.4348607361316681,0.060256891027509196
132,38.19603,4.79315,0,4,2020-03-10,2020-03-14,fao_no_locust,0.0013292879934283,0.0159525565917064,293.9816895802816,297.5224941253662,298.71243900722925,-6.071836155249496,-6.219275880681892,0.7623106616004199,0.7924762641817831,0.8932991674910515,0.2904479801654815,0.4348607361316681,0.030165602581363138
133,38.18628,4.84388,0,4,2020-03-10,2020-03-14,fao_no_locust,0.0013292879934283,0.0159525565917064,293.9816895802816,297.5224941253662,298.71243900722925,-5.411469111019661,-6.305754877124624,0.759918208232756,0.8935477590715518,0.7125229600014289,0.2904479801654815,0.4348607361316681,0.1336295508387958
134,37.86487,4.97968,0,4,2020-03-10,2020-03-16,fao_no_locust,0.0026982874746295,0.0292078994328548,294.9999947018094,296.27068205939395,297.1175171322293,-5.202449870894391,-5.436102633378191,0.9809002840271466,0.9312675109443704,0.8720022940198218,0.2990112006664276,0.400867223739624,-0.04963277308277614
135,37.82533,4.98842,0,4,2020-03-10,2020-03-16,fao_no_locust,0.001627445327756,0.0188388370091487,297.15006523132325,297.597537528144,298.3829251183404,-5.216507338270682,-4.597441352960635,0.8932806974793018,0.9288163483212144,0.8269102192939168,0.3928197026252746,0.480212926864624,0.03553565084191257
136,37.77723,5.00702,0,4,2020-03-10,2020-03-16,fao_no_locust,0.001627445327756,0.0188388370091487,297.15006523132325,297.597537528144,298.3829251183404,-5.808224915759035,-5.556966694669219,0.944741878884638,0.8393553298037397,0.828481852810423,0.3928197026252746,0.480212926864624,-0.10538654908089828
137,37.7514,4.98428,0,4,2020-03-10,2020-03-16,fao_no_locust,0.001627445327756,0.0188388370091487,297.15006523132325,297.597537528144,298.3829251183404,-6.168477537577989,-6.357943681481965,0.7766783801506197,0.7793619483152527,0.7335524969005546,0.3223429024219513,0.4084833860397339,0.002683568164632999
138,37.72092,4.95218,0,4,2020-03-10,2020-03-16,fao_no_locust,0.0006006659145327,0.0070954553896953,298.78975164625376,301.4193691253662,302.1160902659098,-6.399649833645492,-6.722259194927208,0.9246550440263356,0.7456000677894815,0.691033674833484,0.3223429024219513,0.4084833860397339,-0.17905497623685407
139,37.68385,4.93888,0,4,2020-03-10,2020-03-16,fao_no_locust,0.0006855727310153,0.0092400752121974,299.094298087226,300.7972391340467,301.6563680436876,-7.7740157599887425,-6.738670615276256,0.5890393634013722,0.572274573132619,0.5396640163504012,0.3223429024219513,0.4084833860397339,-0.016764790268753216
140,37.69027,5.08568,0,4,2020-03-10,2020-03-16,fao_no_locust,0.0005823970909091,0.0068775557095577,298.7869847191705,301.64497133890785,302.1947252485488,-6.393330278280694,-5.536191191956887,0.8418860625590534,0.7499326079647565,0.8521762557996032,0.3176045417785644,0.4504745602607727,-0.09195345459429694
141,37.1936111110001,0.94388888900005,1,5,2020-03-17,2020-03-22,fao_hopper,0.0167475641841861,0.0331231795365383,295.3017036861844,297.6228684743245,297.67772221035426,-6.241632844258886,-6.677302560020777,0.816435540913385,0.7709315782467517,0.8251490133379227,0.3665176033973694,0.3793055415153503,-0.04550396266663326
142,36.760277778,5.47138888900002,1,5,2020-03-17,2020-03-18,fao_hopper,0.0064496250028582,0.0163506411130001,300.44989162021216,300.5355258093941,300.7486531999376,-4.527602530273112,-6.431102591660071,0.782429360953811,1.046805346547239,0.7482073321685836,0.3922734260559082,0.5095626711845398,0.2643759855934279
143,36.831388889,5.45277777800004,1,5,2020-03-17,2020-03-17,fao_hopper,0.0064496250028582,0.0163506411130001,300.44989162021216,300.5355258093941,300.7486531999376,-5.60946694861294,-5.287677127271854,0.8266377199728314,0.868634031329933,0.8864079194864428,0.3967407047748565,0.5103927850723267,0.04199631135710158
144,36.771944444,5.36444444400007,1,5,2020-03-17,2020-03-17,fao_hopper,0.0058925003881427,0.0103007100636531,299.7732097625732,301.68782073126897,301.8233168284098,-5.544661176604759,-5.065844541863044,0.9939561334934036,0.8724760758522883,0.8371486830734338,0.3906351327896118,0.5082666873931885,-0.12148005764111536
145,36.771944444,5.35944444400008,1,5,2020-03-17,2020-03-17,fao_hopper,0.0058925003881427,0.0103007100636531,299.7732097625732,301.68782073126897,301.8233168284098,-4.942126444672949,-4.502876841185248,1.0013838491203682,0.9758941660623244,1.0181107035212618,0.3906351327896118,0.5082666873931885,-0.025489683058043777
146,36.8061111110001,5.39916666700003,1,5,2020-03-17,2020-03-18,fao_hopper,0.0058925003881427,0.0103007100636531,299.7732097625732,301.68782073126897,301.8233168284098,-4.81718935093446,-4.1432122780974,1.100574652929949,0.9938242455560043,0.994896756173062,0.3849487006664276,0.500110387802124,-0.10675040737394459
147,37.15,1.25,1,5,2020-03-17,2020-03-20,fao_band,0.0130880476112338,0.022697984438615,294.55640203687886,296.23427797953286,296.4020277659099,-4.533768356937087,-5.398331994458598,0.9277523645484692,1.0474448125639286,0.8890828840701981,0.4216567873954773,0.5024968385696411,0.11969244801545942
148,37.1333333330001,0.916666667000072,1,5,2020-03-17,2020-03-22,fao_band,0.015142276989934,0.0283637784535457,294.975889884101,297.0190273284913,297.0655151791043,-3.715779376989734,-3.635742236749412,1.0322858347325958,1.1930652105055772,0.9291265921306484,0.387492835521698,0.3947413265705108,0.1607793757729814
149,37.1666666670001,0.916666667000072,1,5,2020-03-17,2020-03-22,fao_band,0.0167475641841861,0.0331231795365383,295.3017036861844,297.6228684743245,297.67772221035426,-3.949278779660731,-5.491386306230583,1.0425222174286144,1.1495529122086745,1.0083458681908573,0.387492835521698,0.3947413265705108,0.10703069478006011
150,37.1333333330001,0.9,1,5,2020-03-17,2020-03-22,fao_band,0.015142276989934,0.0283637784535457,294.975889884101,297.0190273284913,297.0655151791043,-4.712535051916025,-4.862064467278746,0.984138868283196,1.01352284913516,0.9824272168149352,0.387492835521698,0.3947413265705108,0.02938398085196403
151,37.316666667,0.966666667000027,1,5,2020-03-17,2020-03-22,fao_band,0.0186807514305087,0.0360375784451534,294.7871149275037,296.2897304534912,296.38251821729875,-5.046343061974208,-5.256516142242802,0.8137136739154507,0.9541931157434064,0.944191793572722,0.35047248005867,0.3457148373126983,0.1404794418279557
152,37.0,0.833333333000041,1,5,2020-03-17,2020-03-22,fao_band,0.0135218353147479,0.0234028689677288,294.19636514451764,295.9902784135606,295.97272546556263,-5.749994703917258,-6.309458711226775,0.749107433906427,0.8406240906475289,0.7531936005416547,0.4458999335765838,0.4905471801757812,0.09151665674110188
153,37.216666667,0.933333333000064,1,5,2020-03-17,2020-03-22,fao_band,0.0167475641841861,0.0331231795365383,295.3017036861844,297.6228684743245,297.67772221035426,-5.990747904045205,-6.085148634400266,0.8846866713459574,0.8073919276113514,0.6979088259383989,0.3665176033973694,0.3793055415153503,-0.07729474373460599
154,37.25,1.01666666700004,1,5,2020-03-17,2020-03-22,fao_band,0.0166525692815753,0.0316670976693203,295.13378376430944,297.1494581010607,297.30085589090976,-6.045325683836724,-5.639664361630306,0.7257110377277413,0.7984699478956752,0.8514095507030827,0.3665176033973694,0.3793055415153503,0.0727589101679339
155,37.1833333330001,0.933333333000064,1,5,2020-03-17,2020-03-22,fao_band,0.0167475641841861,0.0331231795365383,295.3017036861844,297.6228684743245,297.67772221035426,-4.835266065628857,-6.308040013149979,0.8889480521229758,0.991566743964915,0.7702664607341693,0.387492835521698,0.3947413265705108,0.10261869184193917
156,37.150277778,0.923611111000071,1,5,2020-03-17,2020-03-20,fao_band,0.0167475641841861,0.0331231795365383,295.3017036861844,297.6228684743245,297.67772221035426,-6.367485083040877,-5.726850896156822,0.8192849014585997,0.7501094903079919,0.8370837423442884,0.387492835521698,0.3947413265705108,-0.06917541115060777
157,37.265,0.94722222200005,1,5,2020-03-17,2020-03-20,fao_band,0.018586605894086,0.0373685054595043,295.1171713511149,297.259158621894,297.3651137034098,-6.003505305936074,-5.978978499832984,0.7906769699652058,0.8197467100726593,0.7081427027153882,0.3665176033973694,0.3793055415153503,0.029069740107453557
158,37.327222222,0.982222222000075,1,5,2020-03-17,2020-03-21,fao_band,0.0186807514305087,0.0360375784451534,294.7871149275037,296.2897304534912,296.38251821729875,-7.711158648865393,-6.104093248411477,0.8875955182033023,0.6387764909919076,0.3637840913566145,0.35047248005867,0.3457148373126983,-0.2488190272113947
159,37.2505555560001,1.02138888900004,1,5,2020-03-17,2020-03-22,fao_band,0.0186807514305087,0.0360375784451534,294.7871149275037,296.2897304534912,296.38251821729875,-6.115080781974504,-6.186811845216267,0.774832862305904,0.7861913518154962,0.8080675115631212,0.3665176033973694,0.3793055415153503,0.011358489509592173
160,37.215,0.937777778000054,1,5,2020-03-17,2020-03-20,fao_band,0.0167475641841861,0.0331231795365383,295.3017036861844,297.6228684743245,297.67772221035426,-5.644208434816549,-5.026348088885474,0.9349881073178428,0.85813719100047,0.7176655921418409,0.3665176033973694,0.3793055415153503,-0.07685091631737273
161,37.0016666670001,5.355,1,5,2020-03-17,2020-03-23,fao_band,0.0023365915889712,0.0175053767973949,300.5223200056288,299.2614752451579,299.94515385097924,-6.688162194203901,-5.56399211436001,0.7186819352844268,0.7111459761432573,0.7806145847503805,0.386812299489975,0.5015345215797424,-0.007535959141169557
162,36.830277778,5.47444444400003,1,5,2020-03-17,2020-03-23,fao_band,0.0064496250028582,0.0163506411130001,300.44989162021216,300.5355258093941,300.7486531999376,-6.753038315595837,-6.078328891325423,0.8464151913804723,0.6975437937659652,0.8999367087702189,0.3967407047748565,0.5103927850723267,-0.14887139761450707
163,38.212777778,4.87527777800005,1,5,2020-03-17,2020-03-23,fao_band,0.0014772863264056,0.0164121531064083,294.13246540493435,297.0915913475884,298.1058255089654,-6.86394751820154,-6.361934687370713,0.8909062326483685,0.6829087364241856,0.8185844698314843,0.2918349802494049,0.4455459713935852,-0.20799749622418295
164,36.7961111110001,5.47305555600008,1,5,2020-03-17,2020-03-23,fao_band,0.0064496250028582,0.0163506411130001,300.44989162021216,300.5355258093941,300.7486531999376,-4.614765989582425,-4.907128923485329,0.8751333591472037,1.0284982107864258,0.9693622839166932,0.3967407047748565,0.5103927850723267,0.1533648516392221
165,36.9872222220001,5.31888888900005,1,5,2020-03-17,2020-03-23,fao_band,0.0023857207174273,0.0254001461083461,301.06008584764265,299.16652081807456,299.4991631825765,-4.796529236494063,-4.096675076437062,0.7583507893549257,0.9970063893734608,0.847280999103022,0.3915552496910095,0.5032628178596497,0.23865560001853503
166,37.021388889,5.35416666700007,1,5,2020-03-17,2020-03-23,fao_band,0.0023365915889712,0.0175053767973949,300.5223200056288,299.2614752451579,299.94515385097924,-5.610672154170585,-4.854203627954555,0.904984393492792,0.8650466331382185,0.7789903273258141,0.386812299489975,0.5015345215797424,-0.039937760354573526
167,36.7438888890001,5.50583333300006,1,5,2020-03-17,2020-03-23,fao_band,0.0198759884710284,0.0306461297089626,296.8487794240316,295.9992302364773,296.3549791547987,-5.015205665028644,-4.511031136095028,0.9659970559304588,0.9751470162585808,0.910780718927972,0.3855000436306,0.496008813381195,0.009149960328121987
168,37.7897222220001,0.149166667000031,1,5,2020-03-17,2020-03-23,fao_band,0.0353397728080722,0.0393933050448467,293.7615778181288,294.6202154795329,294.5931681738959,-5.3829372777947695,-4.270073849256457,1.0209378485397678,0.926770904273358,0.7737843992680878,0.8601587414741516,0.8697280883789062,-0.09416694426640981
169,37.2333333330001,0.583333333000041,1,5,2020-03-17,2020-03-18,fao_band,0.0159903467769595,0.0248068563754131,295.73804808722605,296.9421393076579,297.0416273752848,-5.222639451480435,-6.1417889671095605,0.9836422155172472,0.9241640943098426,0.9293611284587548,0.4360274970531463,0.5177993774414062,-0.05947812120740459
170,37.1666666670001,0.633333333000053,1,5,2020-03-17,2020-03-18,fao_band,0.0159903467769595,0.0248068563754131,295.73804808722605,296.9421393076579,297.0416273752848,-5.940834496059739,-5.123010176549299,0.8342045381254017,0.8118198246000654,0.8620591256900582,0.413805603981018,0.4477055966854095,-0.02238471352533633
171,37.3666666670001,0.7,1,5,2020-03-17,2020-03-18,fao_band,0.0165182353134127,0.0304179184252788,296.84570867750386,298.7177849239773,298.7602959950765,-4.334895320168684,-5.595974887221734,1.1795813813496,1.0895038619920951,0.7411806292198195,0.3915145695209503,0.43701833486557,-0.09007751935750496
172,37.55,0.4,1,5,2020-03-17,2020-03-18,fao_band,0.014228209959981,0.0147716693694164,295.8925728268093,298.06553883022724,298.231693564521,-5.103885710997377,-5.294316293456541,0.941258794991979,0.9436990342988132,0.7855671796555138,0.5669479370117188,0.6066787838935852,0.0024402393068342354
173,37.266666667,1.76666666700004,1,5,2020-03-17,2020-03-18,fao_band,0.0059787334079715,0.0181479297692348,297.8366429222955,300.48614429897736,300.779545127021,-6.285607192404213,-5.177020285427881,0.8120207907462709,0.7617453489471095,1.0831297933742758,0.2973836064338684,0.3968805968761444,-0.050275441799161324
174,36.75,2.4,1,5,2020-03-17,2020-03-18,fao_band,0.001330956923482,0.0347508780772258,301.10844196743443,306.5615132225885,307.3255086686876,-8.528765654003458,-7.760164490714662,0.7376947345553846,0.4983088538043345,0.5392595036873995,0.3265009224414825,0.4610611200332641,-0.2393858807510501
175,36.0072222220001,3.05,1,5,2020-03-17,2020-03-19,fao_band,0.0039841831798526,0.0053099833542873,303.0441733042399,307.0708990732829,306.5187161339654,-5.351735885928868,-5.569517950431575,0.8906535746822436,0.9073780555626684,0.8976074968497595,0.2071537971496582,0.203284204006195,0.016724480880424775
176,36.0027777780001,3.00277777800005,1,5,2020-03-17,2020-03-19,fao_band,0.004279553997037,0.0055043093974163,303.08787447611496,307.00990189446344,306.7721069759793,-4.796302919993765,-5.1646149911375385,0.9590989602408404,0.9978479578743572,0.9509901879941776,0.2071537971496582,0.203284204006195,0.0387489976335168
177,36.0069444440001,3.00333333300006,1,5,2020-03-17,2020-03-19,fao_band,0.004279553997037,0.0055043093974163,303.08787447611496,307.00990189446344,306.7721069759793,-5.042751587860307,-6.066052560110625,0.7695531229577796,0.9538669950137784,0.6989083388403107,0.2071537971496582,0.203284204006195,0.1843138720559988
178,36.0083333330001,3.11666666700006,1,5,2020-03-17,2020-03-19,fao_band,0.0039841831798526,0.0053099833542873,303.0441733042399,307.0708990732829,306.5187161339654,-5.479982473761549,-7.829236280807134,0.7434035747243011,0.8833178358607932,0.7827759191906577,0.2152256965637207,0.2213440090417862,0.13991426113649208
179,37.2333333330001,0.583333333000041,1,5,2020-03-17,2020-03-17,fao_band,0.0159903467769595,0.0248068563754131,295.73804808722605,296.9421393076579,297.0416273752848,-5.222639451480435,-6.1417889671095605,0.9836422155172472,0.9241640943098426,0.9293611284587548,0.4360274970531463,0.5177993774414062,-0.05947812120740459
180,37.0744444440001,5.28,1,5,2020-03-17,2020-03-17,fao_band,0.0038010479087802,0.0325956784302761,300.7084473927816,299.53410436842177,300.0336358388265,-5.701277058095528,-5.038131133790486,0.8320267745370735,0.8649913901675277,0.6733645822578084,0.5522028207778931,0.6464879512786865,0.032964615630454164
181,37.1244444440001,5.20777777800004,1,5,2020-03-17,2020-03-17,fao_band,0.004972308980939,0.0394777946288158,299.6931424882677,298.2217942555746,298.46730554368764,-5.809317107320758,-5.852949832018018,0.651084279487218,0.8394399645372759,0.7990017511957087,0.5522028207778931,0.6464879512786865,0.18835568505005784
182,36.1613888890001,4.72444444400003,1,5,2020-03-17,2020-03-17,fao_band,0.0022501201505633,0.0065071873480846,301.97671453687883,304.7756842295328,304.2010132259793,-6.067657996193083,-4.9956939837669445,0.9269869044417284,0.7996669017000552,0.8022808782212281,0.3089711368083954,0.3946029841899872,-0.1273200027416732
183,36.125,4.73777777800007,1,5,2020-03-17,2020-03-17,fao_band,0.0025690497035952,0.0035586796814968,302.9315593719482,306.3474507225884,304.9252319759793,-7.519222780642243,-6.28403378201784,0.7357056779017199,0.6028235675957683,0.6731231103649622,0.3086812198162079,0.4443720579147339,-0.13288211030595165
184,37.019444444,5.32083333300005,1,5,2020-03-17,2020-03-17,fao_band,0.0023857207174273,0.0254001461083461,301.06008584764265,299.16652081807456,299.4991631825765,-5.59066087304702,-3.591850526262647,0.6806731808578511,0.8664640912251136,0.9138960843099844,0.3915552496910095,0.5032628178596497,0.18579091036726247
185,36.1877777780001,4.66138888900002,1,5,2020-03-17,2020-03-17,fao_band,0.0022501201505633,0.0065071873480846,301.97671453687883,304.7756842295328,304.2010132259793,-6.077145792934182,-5.797896290396473,1.040286688012432,0.7917614559044499,1.0174608479570575,0.3183120489120483,0.452686071395874,-0.24852523210798205
186,36.831388889,5.71944444400003,1,5,2020-03-17,2020-03-19,fao_band,0.0139462054843875,0.0208573483044673,296.208995352851,296.2359923892551,296.4316013336182,-5.929828371631604,,0.5464506676983414,0.8134604997496954,0.6271841425675728,0.4150771796703338,0.5263432860374451,0.267009832051354
187,36.125,4.73777777800007,1,5,2020-03-17,2020-03-19,fao_band,0.0025690497035952,0.0035586796814968,302.9315593719482,306.3474507225884,304.9252319759793,-7.519222780642243,-6.28403378201784,0.7357056779017199,0.6028235675957683,0.6731231103649622,0.3086812198162079,0.4443720579147339,-0.13288211030595165
188,36.085555556,4.72388888900002,1,5,2020-03-17,2020-03-19,fao_band,0.0025690497035952,0.0035586796814968,302.9315593719482,306.3474507225884,304.9252319759793,-8.112337615310715,-8.156533771429453,0.4489253145475788,0.535804917851322,0.5783183626878687,0.3086812198162079,0.4443720579147339,0.08687960330374322
189,36.1877777780001,4.66138888900002,1,5,2020-03-17,2020-03-19,fao_band,0.0022501201505633,0.0065071873480846,301.97671453687883,304.7756842295328,304.2010132259793,-6.077145792934182,-5.797896290396473,1.040286688012432,0.7917614559044499,1.0174608479570575,0.3183120489120483,0.452686071395874,-0.24852523210798205
190,36.777777778,4.47055555600002,1,5,2020-03-17,2020-03-20,fao_band,0.001027315961835,0.0050942145402004,303.0577583736843,307.6024583180745,306.32126604715984,-6.720954252864388,-5.583229713849327,0.910983186935056,0.7017576271521205,0.7630534382127138,0.4917851388454437,0.5270329713821411,-0.20922555978293544
191,36.764166667,5.47055555600002,1,5,2020-03-17,2020-03-21,fao_band,0.0064496250028582,0.0163506411130001,300.44989162021216,300.5355258093941,300.7486531999376,-5.306756674946406,-4.984077971038502,1.177593658000624,0.9109758989142852,0.8835518670157638,0.3922734260559082,0.5095626711845398,-0.2666177590863389
192,36.835,5.4425,1,5,2020-03-17,2020-03-21,fao_band,0.0058925003881427,0.0103007100636531,299.7732097625732,301.68782073126897,301.8233168284098,-5.912413326023431,-5.245955056385043,0.8880300360275017,0.8195840116886595,0.935086617529438,0.3967407047748565,0.5103927850723267,-0.06844602433884228
193,36.9183333330001,5.32777777800004,1,5,2020-03-17,2020-03-21,fao_band,0.0010586531038256,0.0104158215338756,299.6897841983371,301.65781856113006,301.6632094065349,-6.506362332181259,-5.613679149549824,0.6099428218975356,0.7762943414362399,1.0195566676883367,0.394692450761795,0.4302302002906799,0.1663515195387043
194,37.026111111,5.30666666700006,1,5,2020-03-17,2020-03-21,fao_band,0.0023857207174273,0.0254001461083461,301.06008584764265,299.16652081807456,299.4991631825765,-6.088371755748106,-5.556516056051102,0.770817201982809,0.7946168700193078,0.722661575620108,0.3915552496910095,0.5032628178596497,0.0237996680364988
195,36.1852777780001,4.66888888900007,1,5,2020-03-17,2020-03-21,fao_band,0.0022501201505633,0.0065071873480846,301.97671453687883,304.7756842295328,304.2010132259793,-6.512437841164403,-6.325726303290587,0.9353169109080854,0.7317185278026455,0.7474311047947846,0.3183120489120483,0.452686071395874,-0.20359838310543998
196,36.9247222220001,4.95916666700003,1,5,2020-03-17,2020-03-21,fao_band,0.0033998341436358,0.0149185948187877,303.3393772972955,303.0262159135607,303.2658135732015,-6.272860859828844,-7.606355870127921,0.833056422830255,0.7687681963329679,0.8614518593862935,0.3737675845623016,0.4171991944313049,-0.06428822649728716
197,36.958888889,5.08,1,5,2020-03-17,2020-03-22,fao_band,0.0057413728113147,0.0282056473309566,301.2954699622261,299.5003044552273,299.91887889438203,-5.478584598340762,-5.724911545246231,0.8122319501972304,0.8965129210781382,0.8511795158211776,0.4021143317222595,0.5143559575080872,0.0842809708809078
198,36.835,5.36111111100007,1,5,2020-03-17,2020-03-21,fao_band,0.0058925003881427,0.0103007100636531,299.7732097625732,301.68782073126897,301.8233168284098,-6.010788249085442,-5.440795129585439,0.8110557922906092,0.8053337525644576,1.0171920723540575,0.3849487006664276,0.500110387802124,-0.005722039726151595
199,38.19295,4.744566,0,5,2020-03-17,2020-03-19,fao_no_locust,0.0011408777112933,0.0150827013070156,294.73198797437885,297.86010805765795,299.03489994472926,-8.80805707789429,-9.808595192007564,0.4078296376297466,0.4651237413074361,0.3152039602148249,0.2904479801654815,0.4348607361316681,0.0572941036776895
200,38.282482,4.33015,0,5,2020-03-17,2020-03-20,fao_no_locust,0.0015320033903094,0.0114756219203044,295.657432852851,298.64882876078286,300.03858918084035,-4.63198988030101,-4.474601994025493,0.8626394679036257,1.024235054401375,0.9458820586638482,0.3336451053619385,0.5174382925033569,0.1615955864977493
201,38.153282,4.37935,0,5,2020-03-17,2020-03-20,fao_no_locust,0.0015244634027453,0.0153041474635173,295.5180068545872,298.4016011132134,299.7734199100071,-5.599385135508658,-5.988698356670227,0.8936940045444348,0.8638811524260523,1.2087393039920395,0.325716108083725,0.4962387084960937,-0.02981285211838247
202,38.169968,4.868683,0,5,2020-03-17,2020-03-20,fao_no_locust,0.0014772863264056,0.0164121531064083,294.13246540493435,297.0915913475884,298.1058255089654,-5.601657620118056,-5.362873581625669,0.8244002307884373,0.8635267973902055,0.8615305029841331,0.2918349802494049,0.4455459713935852,0.039126566601768276
203,38.295166,5.243733,0,5,2020-03-17,2020-03-20,fao_no_locust,0.0004646630163165,0.0030667476470043,294.9314454396565,296.7027512868245,297.0837280697293,-5.465828195575593,-5.923149564277827,0.9186745029676956,0.8848920313588755,0.8031417871594415,0.3507537543773651,0.5019159913063049,-0.033782471608820086
204,38.29418,5.218517,0,5,2020-03-17,2020-03-20,fao_no_locust,0.0004646630163165,0.0030667476470043,294.9314454396565,296.7027512868245,297.0837280697293,-6.384764826390537,-6.951547800536515,0.8721443430310678,0.7476814326987329,1.0305077559988365,0.3507537543773651,0.5019159913063049,-0.12446291033233492
205,38.33082,5.303367,0,5,2020-03-17,2020-03-21,fao_no_locust,0.0008407981271716,0.0025681249911357,295.0194771236844,297.12790862189394,297.3638658735487,-7.117383813145397,-7.285911836676568,0.7643658952961869,0.6504928507186045,0.8080607411178378,0.3373448252677917,0.4930384457111358,-0.1138730445775824
206,38.351166,5.31635,0,5,2020-03-17,2020-03-21,fao_no_locust,0.0007816852207156,0.0027246169859935,295.36883150736486,297.3410867902968,297.7021416982015,-7.816312752584759,-7.160133571781312,0.7020727263876809,0.567515031307781,0.7187460071760866,0.3373448252677917,0.4930384457111358,-0.1345576950798999
207,38.32665,5.362933,0,5,2020-03-17,2020-03-21,fao_no_locust,0.0014066399211856,0.0027623616272975,294.4341852400038,296.20743336147734,296.5079468197293,-6.157506574329855,-6.919904994927617,0.6692756596261153,0.780015342253289,0.9122777251092712,0.3545872867107391,0.500164270401001,0.1107396826271736
208,38.259815,5.523133,0,5,2020-03-17,2020-03-21,fao_no_locust,0.0027337820405932,0.0035265229756404,293.872249476115,296.8716640472412,296.92910567389595,-5.661792751103178,-5.512039197961087,0.7541862215041042,0.8541880366130189,0.5467377080184995,0.3818287849426269,0.4615819454193115,0.1000018151089147
209,38.2925,5.272083,0,5,2020-03-17,2020-03-21,fao_no_locust,0.0008407981271716,0.0025681249911357,295.0194771236844,297.12790862189394,297.3638658735487,-5.101935418859274,-4.501854447738987,0.6960435029412106,0.9439797628668478,0.8693104038258921,0.3507537543773651,0.5019159913063049,0.24793625992563717
210,38.061817,4.911767,0,5,2020-03-17,2020-03-21,fao_no_locust,0.0020031036014529,0.0265328578764965,293.4209690941705,295.5228630489773,296.2613539377848,-6.957298986501042,-6.55016401985419,0.669303525015471,0.6708217689677266,0.7831842012012343,0.3158889412879944,0.453549712896347,0.001518243952255638
211,38.033615,4.930666,0,5,2020-03-17,2020-03-21,fao_no_locust,0.0025231094236346,0.0363685481364299,293.67629135979547,295.3199659135607,295.8795831044515,-5.465467681324896,-5.175023195237465,0.7560476858456345,0.8849492386748277,0.6863328572365419,0.3158889412879944,0.453549712896347,0.12890155282919313
212,38.011982,4.945483,0,5,2020-03-17,2020-03-21,fao_no_locust,0.0025231094236346,0.0363685481364299,293.67629135979547,295.3199659135607,295.8795831044515,-4.157028211138016,-4.311587788455142,1.1870251899125694,1.109763727822381,1.2792662511296566,0.3159260749816894,0.4826268553733825,-0.07726146209018836
213,37.9505,4.96375,0,5,2020-03-17,2020-03-21,fao_no_locust,0.0031218976850482,0.0323213033492137,293.8897841983372,295.4969081878662,296.2069811079237,-4.44417629593338,-6.099117969849655,0.977267540902152,1.0575330770514346,0.9756338060005628,0.3107329905033111,0.4437708556652069,0.08026553614928267
214,37.89892,4.960883,0,5,2020-03-17,2020-03-23,fao_no_locust,0.0026982874746295,0.0292078994328548,294.9999947018094,296.27068205939395,297.1175171322293,-6.77359919021395,-7.077952881950996,0.6572462830946079,0.6966810883056898,0.5712484501047499,0.2990112006664276,0.400867223739624,0.03943480521108189
215,37.837715,4.985283,0,5,2020-03-17,2020-03-23,fao_no_locust,0.001627445327756,0.0188388370091487,297.15006523132325,297.597537528144,298.3829251183404,-4.888909937511311,-4.116987901268756,0.9498945385107332,0.9800295847099876,1.126193895564063,0.2990112006664276,0.400867223739624,0.030135046199254334
216,37.760117,5.012434,0,5,2020-03-17,2020-03-23,fao_no_locust,0.001627445327756,0.0188388370091487,297.15006523132325,297.597537528144,298.3829251183404,-7.57582970716102,-4.619690010082051,0.774396120185985,0.5962154582033591,0.7603949745399581,0.3928197026252746,0.480212926864624,-0.17818066198262594
217,38.1978,4.7738,0,5,2020-03-17,2020-03-23,fao_no_locust,0.0013292879934283,0.0159525565917064,293.9816895802816,297.5224941253662,298.71243900722925,-6.348144544397467,-7.127209467555755,0.7815541360223752,0.7528210703087589,0.4253293847826927,0.2904479801654815,0.4348607361316681,-0.028733065713616335
218,38.192616,4.735317,0,5,2020-03-17,2020-03-23,fao_no_locust,0.0011408777112933,0.0150827013070156,294.73198797437885,297.86010805765795,299.03489994472926,-4.434575458122023,-4.182015008623843,0.875256086749595,1.059253742641441,0.947509680572631,0.2904479801654815,0.4348607361316681,0.18399765589184602
219,38.205868,4.706433,0,5,2020-03-17,2020-03-23,fao_no_locust,0.0011408777112933,0.0150827013070156,294.73198797437885,297.86010805765795,299.03489994472926,-6.397398207233415,-6.453082247072002,1.0013690196062346,0.7459146248949319,1.0710608003425983,0.2904479801654815,0.4348607361316681,-0.2554543947113027
220,38.212917,4.69975,0,5,2020-03-17,2020-03-23,fao_no_locust,0.0011408777112933,0.0150827013070156,294.73198797437885,297.86010805765795,299.03489994472926,-5.358992868395879,-5.443707320838865,0.9338698704226012,0.9019607335375506,1.0540551043567317,0.2904479801654815,0.4348607361316681,-0.03190913688505059
221,36.70945,1.09685,0,5,2020-03-17,2020-03-23,fao_no_locust,0.0169151128406497,0.0295263968522121,291.53894326951763,292.7240837521023,292.52537303500696,-7.40740542045542,-8.303684439654994,0.5917170975862671,0.6229668574021803,0.628661051871045,0.451537549495697,0.4773809015750885,0.03124975981591316
222,36.25121977168914,2.001037754874006,0,5,2020-03-17,,synthetic_background,0.0008400828714343,0.0041870914513637,302.5791613684761,309.18737042744954,307.57970246209044,-6.188708385771223,-5.695829175847681,0.6416404443852033,0.7755375239820312,0.6194001963334554,0.3030766546726227,0.4073399901390075,0.13389707959682795
223,38.57806723526594,0.6341210119145071,0,5,2020-03-17,,synthetic_background,0.0087592006797763,0.0399945967013408,299.845323477851,302.0378261566162,302.3268487294515,-5.392067978137261,-5.959619837221323,0.8320591297279845,0.8966516146687892,0.948498174930106,0.2921859323978424,0.3810501098632812,0.06459248494080472
224,36.8905037360101,0.0134714209207014,0,5,2020-03-17,,synthetic_background,0.0465193987960788,0.0190025560671855,290.2357748667399,290.9553663041857,291.20723609924323,-5.7918525513691534,-6.637817935218221,0.8968359510187637,0.8344825541085988,0.931745488455912,0.7024052739143372,0.7371780276298523,-0.06235339691016484
225,37.73117280066725,1.4932663128995722,0,5,2020-03-17,,synthetic_background,0.0052057505722018,0.0177966646964122,299.748714319865,303.1158806271023,303.16061609056254,-5.551250275351555,-6.124496217651718,0.7620943450849109,0.8818323810724465,0.9843059338764928,0.3723424077033996,0.4462926387786865,0.11973803598753563
226,37.0246591624709,0.4211897174396903,0,5,2020-03-17,,synthetic_background,0.0206405074472399,0.0206858508402874,292.04990789625384,293.38701777988007,293.59680858188204,-4.451449046751913,-4.434611768604125,1.1318448709264493,1.0562569142327898,1.0356816381818053,0.4502522349357605,0.4978439509868622,-0.07558795669365947
227,37.61542575600322,3.152902368675682,0,5,2020-03-17,,synthetic_background,0.0009131134624453,0.0741080634409954,300.02779960632324,303.7417378319634,303.5909058041043,-8.567843817255234,-9.719229238315815,0.5631511900788205,0.4895381842982582,0.5008626924435267,0.2577753365039825,0.3662500977516174,-0.07361300578056235
228,38.456389910499695,4.11798350138108,0,5,2020-03-17,,synthetic_background,0.0013670028324099,0.012650325160699,295.59687512715664,297.85645137363014,299.3661011166043,-5.692037308276098,-3.8103970701748935,0.986621396420951,0.8556683874614182,0.982626356486442,0.3275792300701141,0.4780471920967102,-0.13095300895953288
229,37.60832557546326,1.0389718369194498,0,5,2020-03-17,,synthetic_background,0.0141266138429614,0.0233751528079082,298.3292970021566,300.5148009830051,300.77776018778485,-5.74873282870098,-5.598172015795049,1.031071934524884,0.8424436878064927,0.9060918956522328,0.3861424326896667,0.4576431512832641,-0.1886282467183913
230,37.64531112651317,1.448221933650842,0,5,2020-03-17,,synthetic_background,0.0096132756347628,0.0172817401701976,298.9812012990316,302.0190761566162,302.1933200836182,-5.3382127386800375,-4.801399896759889,0.9277832289345656,0.9076360314323128,0.9194993549175268,0.3805266916751861,0.4488652646541595,-0.0201471975022528
231,36.98401080242392,3.5335704286865925,0,5,2020-03-17,,synthetic_background,0.0002868474597903,0.0755167000109722,301.721397696601,304.8493821461996,304.48858375549315,-7.768319844351719,-8.258348611517356,0.5321589914983643,0.619250503285492,0.5263678555408132,0.2677881717681885,0.3852808773517608,0.0870915117871277
232,38.38551181366258,2.8870310735817863,0,5,2020-03-17,,synthetic_background,0.000560402976987,0.0239491008336116,300.4930719587538,304.0953565385607,304.8444485558404,-9.890092201733683,-9.319233410454274,0.5560749820529918,0.3723081663242124,0.3353893542321612,0.1970120519399643,0.2838963866233825,-0.1837668157287794
233,37.72855803184699,3.54068392386353,0,5,2020-03-17,,synthetic_background,0.0010073484058352,0.0903976105267574,296.93691418965665,300.6223313649496,299.5931518978542,-6.644847114941399,-7.034449181177427,0.7702609746673832,0.7119556694140133,0.7431050974399412,0.2740691900253296,0.39874929189682,-0.058305305253369855
234,38.39369340565616,4.668742361803495,0,5,2020-03-17,,synthetic_background,0.0012977422351809,0.0116915993506481,294.8958931393093,297.933719168769,299.20701908535426,-6.628902341100355,-6.132886357587534,0.9047191165642838,0.7141068552647076,0.6710250141108345,0.2980254888534546,0.4787297546863556,-0.1906122612995762
235,37.99994228124575,3.0673529438007687,0,5,2020-03-17,,synthetic_background,0.0005915911073657,0.0248372398430873,300.1950684865316,303.9321783701579,305.05353058709045,-9.529584664306558,-9.72453390767221,0.4209633823901031,0.4010656420870592,0.394150900140099,0.3178878426551819,0.4452662169933319,-0.01989774030304392
236,37.60906436171738,1.03933200886913,0,5,2020-03-17,,synthetic_background,0.0141266138429614,0.0233751528079082,298.3292970021566,300.5148009830051,300.77776018778485,-5.889912740352519,-6.079810251566908,0.9834283357298432,0.8196711909413068,0.7721721627666251,0.3861424326896667,0.4576431512832641,-0.16375714478853642
237,37.60646102094793,1.1053253235435243,0,5,2020-03-17,,synthetic_background,0.0140586943502398,0.0231515608841945,298.7657933129205,301.260769950019,301.55825606452095,-6.165668612795344,-4.591566642266111,0.9439053111369295,0.7904487050574098,1.0257216430137532,0.3982223272323608,0.4556584656238556,-0.15345660607951972
238,36.27407873687896,3.4263505865253863,0,5,2020-03-17,,synthetic_background,0.0008666963453265,0.0133604101950695,302.67405069139267,307.1951123979357,306.5064656999376,-6.891513590457874,-6.24167461820217,0.5466159747325521,0.6821054637292172,0.5446222329626573,0.274199903011322,0.4116256833076477,0.13548948899666513
239,38.473950962930864,0.9433235981970798,0,5,2020-03-17,,synthetic_background,0.0054259599323245,0.0287832014376689,300.5184246063232,302.73184742397734,303.2776896582709,-6.779533588737845,-5.350938814154297,0.8254845585077828,0.6939868189697711,0.8759382656568094,0.2900314033031463,0.4159713983535766,-0.1314977395380117
240,37.97603748434096,0.5516167207190152,0,5,2020-03-17,,synthetic_background,0.0223062039489718,0.0396802567059566,297.12007933722606,298.6116163041857,298.684406238132,-6.487023073811107,-7.044367408368316,0.6592950453829709,0.7338427032688923,0.6491058471998645,0.5572341680526733,0.6154515743255615,0.07454765788592144
241,38.84547995747611,0.5746521766894384,0,5,2020-03-17,,synthetic_background,0.005001366245267,0.025097652536111,300.6117948320177,303.93632876078294,304.2330661773682,-5.345460413235614,-5.82570503126622,1.1253611486967747,0.904139336699756,0.9839880122797234,0.4137364327907562,0.5535354614257812,-0.22122181199701874
242,37.288227786650815,3.7619985717823736,0,5,2020-03-17,,synthetic_background,0.000255614625928,0.0571634613091518,301.2953072018093,305.311355887519,304.7443780263265,-8.999791875925613,-9.409193755602532,0.4402252794655644,0.4485900601101924,0.439704918520307,0.2334263771772384,0.3857630491256714,0.008364780644628034
243,38.31123334875729,2.839485011096084,0,5,2020-03-17,,synthetic_background,0.0008568466777774,0.0240819446856548,300.3661405351426,303.6395839691162,304.5317315419516,-6.808253196595097,-7.987914447508633,0.6984152801054493,0.6954775399568544,0.6961000711562884,0.1946627050638198,0.2827000916004181,-0.002937740148594936
244,36.8390291511552,1.490388104968274,0,5,2020-03-17,,synthetic_background,0.0032581091995211,0.0100239507967998,295.96609170701765,301.0306484222412,300.848246298896,-7.337892135178994,-6.565815054521087,0.7530710149340694,0.6233266707804106,0.7409199012712573,0.4683110415935516,0.5403600335121155,-0.12974434415365876
245,36.29326881365763,4.527337257312217,0,5,2020-03-17,,synthetic_background,0.0023194403524371,0.0089980058486034,302.730333243476,305.9536247677273,304.8394735124376,-5.541134128803746,-4.983857975480172,0.8691666671575531,0.8730003530350452,1.0500429001786593,0.3655781745910644,0.4968989193439483,0.00383368587749211
246,37.57560740573376,4.805948583928205,0,5,2020-03-17,,synthetic_background,0.0004364849204989,0.0114811800534297,298.7431424882677,301.11807789272734,301.8241089291042,-5.665622737237757,-5.246750174936551,0.7641236372268195,0.8629108980303429,0.9469185665684796,0.3192418217658996,0.3968368768692016,0.0987872608035234
247,36.92125206238654,3.714872639058419,0,5,2020-03-17,,synthetic_background,0.0004756600732775,0.0579341940695812,300.91552747090657,304.71871808369946,304.536896472507,-8.739820505742356,-9.438274745087288,0.6528184772998982,0.4716772884282089,0.3203303186588071,0.2443058937788009,0.4012171626091003,-0.18114118887168928
248,38.99769191326752,4.488134531614915,0,5,2020-03-17,,synthetic_background,0.0009377301807376,0.0055279426390697,297.52277573479546,301.06334698994954,302.0634643978543,-4.805373778198147,-6.1282973254916655,0.9237825682576108,0.9941121730485164,0.8607424807460616,0.243203192949295,0.4464116394519806,0.07032960479090555
249,37.61570839102068,2.539792046176531,0,5,2020-03-17,,synthetic_background,0.0106311590547534,0.0440435998255779,300.8713597191704,303.91722068786623,304.2116577572293,-5.289119545780364,-8.051871334807828,0.5867860787454033,0.9362226852034532,0.6387852651295693,0.3082732856273651,0.4354578852653503,0.34943660645804986
250,36.05879862962668,4.891343593808203,0,5,2020-03-17,,synthetic_background,0.0033074916477175,0.0030193023497631,303.19751531812875,307.175125418769,305.4367120107015,-4.172415394863884,-4.830304650504717,0.8006756386522098,1.1094714249789446,0.7859033551264984,0.4059076607227325,0.4770167171955108,0.30879578632673477
251,36.69812899108565,2.2369689261167807,0,5,2020-03-17,,synthetic_background,0.0023800731773349,0.0481771223361064,298.0128853268094,303.37605857849127,302.9932224273681,-8.823187387681253,-8.751090651272742,0.5307131369832144,0.4889575812934366,0.5212732392202957,0.2856628000736236,0.328754186630249,-0.041755555689777846
252,36.31456724967361,3.736300541994909,0,5,2020-03-17,,synthetic_background,0.0008255989427539,0.0102483920867015,303.331212149726,307.13122350904683,306.2542847103543,-8.197941742941463,-8.68638004093756,0.3677646568374512,0.5582548982558766,0.6265750439643367,0.2625996470451355,0.2981114685535431,0.1904902414184254
253,37.02497666801374,5.89225645829986,0,5,2020-03-17,,synthetic_background,0.0060947985525103,0.0043839357907344,297.3972874535455,296.3503804100884,297.1197415245904,-6.748021599469357,,0.8924751909976937,0.6981585423896115,1.1457664236723326,0.6084792613983154,0.6930943727493286,-0.19431664860808218
254,37.34772520427345,2.6353339059843237,0,5,2020-03-17,,synthetic_background,0.0016987175817462,0.0166107855851223,301.35858845180934,305.2803608788384,306.1717000749376,-4.720244548135103,-7.061408434035351,0.9253145714396508,1.0088276602435862,0.8450686862096134,0.2879562079906463,0.2992426753044128,0.08351308880393538
255,36.94698248036388,2.7889620526511814,0,5,2020-03-17,,synthetic_background,0.00162737082195,0.0410050593430568,298.7858616722954,303.3813211652967,303.55925975375703,-5.728739953695239,-6.466719490111327,0.8038290254081935,0.8504879900573941,0.5861849981945171,0.391506940126419,0.5042170286178589,0.04665896464920061
256,37.646267046417,2.838068502583845,0,5,2020-03-17,,synthetic_background,0.0007952899808856,0.0298037074620296,301.66822386847605,304.6559413909912,306.1620158301459,-8.187530649085472,-7.606472557644942,0.4984066666462997,0.5340276383098258,0.8140958748398248,0.357259601354599,0.4777084589004516,0.035620971663526124
257,36.8705555560001,2.35222222200002,1,6,2020-03-24,2020-03-30,fao_hopper,0.0022601039285632,0.0420671694094707,300.53268241882324,304.8396219465468,305.3637248145209,-8.321515190715882,-9.21650003099227,0.5236174395772754,0.5160536065381764,0.5693655764644342,0.3238509893417358,0.2647394835948944,-0.007563833039098911
258,36.851944444,4.99722222200006,1,6,2020-03-24,2020-03-25,fao_hopper,0.0033998341436358,0.0149185948187877,303.3393772972955,303.0262159135607,303.2658135732015,-6.973153705406506,-7.647662481255564,1.110800761592615,0.6992351902034782,0.5890673793239263,0.3579030036926269,0.4045527279376983,-0.41156557138913674
259,36.8541666670001,5.45916666700003,1,6,2020-03-24,2020-03-29,fao_hopper,0.0008742810363742,0.0037816755587627,301.29242634243434,302.1067334916856,302.1969876183404,-5.679876622466475,-4.118304794461883,0.8461952941468447,0.8609963547124513,0.97851261238188,0.3967407047748565,0.5103927850723267,0.014801060565606594
260,36.95,5.75,1,6,2020-03-24,2020-03-27,fao_band,0.0007922799463244,0.0009126208836605,298.03518350389265,299.5202914343939,299.3397936079237,-4.426249680598532,-5.1071318752924295,1.0234415056292652,1.0616519851985995,0.6609278294832347,0.6084792613983154,0.6930943727493286,0.03821047956933432
261,37.083333333,5.18333333300006,1,6,2020-03-24,2020-03-27,fao_band,0.004972308980939,0.0394777946288158,299.6931424882677,298.2217942555746,298.46730554368764,-5.124404544809625,-4.570633816594459,0.6973096490082646,0.9437452612225172,0.5224948818605347,0.5522028207778931,0.6464879512786865,0.2464356122142526
262,36.816666667,5.51666666700004,1,6,2020-03-24,2020-03-27,fao_band,0.0064496250028582,0.0163506411130001,300.44989162021216,300.5355258093941,300.7486531999376,-5.9794456021384566,-5.246417573319848,0.9397849154084048,0.8060993552127671,0.8943841792189162,0.3846943974494934,0.4981369078159332,-0.1336855601956377
263,36.966666667,5.91666666700007,1,6,2020-03-24,2020-03-27,fao_band,0.0060947985525103,0.0043839357907344,297.3972874535455,296.3503804100884,297.1197415245904,-5.679934154252481,,0.9381877981385408,0.8513852319571317,0.6803389653854028,0.5122207403182983,0.6025344729423523,-0.08680256618140914
264,37.016666667,5.3,1,6,2020-03-24,2020-03-27,fao_band,0.0023857207174273,0.0254001461083461,301.06008584764265,299.16652081807456,299.4991631825765,-5.940058827141519,-5.089306422374063,0.6935704461813216,0.8356162108481342,0.7617206409190257,0.3915552496910095,0.5032628178596497,0.14204576466681262
265,36.8833333330001,5.1,1,6,2020-03-24,2020-03-27,fao_band,0.0023635328884097,0.0111300490910579,302.2251737382676,303.2293029361301,303.2979099273681,-9.607680499132918,-7.738830117380148,0.5072247074401697,0.3946889049619163,0.5053522122677105,0.3560592234134674,0.4816207885742187,-0.1125358024782534
266,36.9333333330001,5.61666666700006,1,6,2020-03-24,2020-03-27,fao_band,0.0007521064157458,0.0011285238081981,300.71306436326773,301.42339473300507,301.33505185445154,-4.04503504752558,-3.263588125419039,0.8309959019662191,1.1322941463584018,0.9298989351881491,0.4108535349369049,0.5266219973564148,0.30129824439218267
267,36.8833333330001,5.63333333300005,1,6,2020-03-24,2020-03-27,fao_band,0.0007521064157458,0.0011285238081981,300.71306436326773,301.42339473300507,301.33505185445154,-5.446646899849738,-3.4415259348605485,1.0104778701669348,0.8953642898506933,0.8995506968297052,0.4108535349369049,0.5266219973564148,-0.11511358031624153
268,36.9166666670001,4.95,1,6,2020-03-24,2020-03-27,fao_band,0.0033998341436358,0.0149185948187877,303.3393772972955,303.0262159135607,303.2658135732015,-5.602368320587567,-5.846425117887339,0.670176816856957,0.8634432194091801,0.8946517558133684,0.3737675845623016,0.4171991944313049,0.19326640255222316
269,36.9166666670001,5.28333333300003,1,6,2020-03-24,2020-03-27,fao_band,0.0010586531038256,0.0104158215338756,299.6897841983371,301.65781856113006,301.6632094065349,-4.798305128761204,-4.698662711545728,0.9455495088948892,1.0007068586516066,1.0632688065667797,0.394692450761795,0.4302302002906799,0.05515734975671738
270,36.716666667,5.36666666700006,1,6,2020-03-24,2020-03-27,fao_band,0.0188903660650225,0.0280081324393322,297.33766831292047,296.9224073198107,297.3670342763265,-5.225083568746484,-3.901890729364819,1.031700085596849,0.9288927515327214,0.9228419502765008,0.3906351327896118,0.5082666873931885,-0.10280733406412756
271,36.75,5.31666666700005,1,6,2020-03-24,2020-03-27,fao_band,0.0228650570983859,0.033909469109254,296.47645412021217,296.4820427364773,296.8751288943821,-4.770829530202677,-4.4923112955464255,0.9180466854849167,1.0024852324922686,0.820607683458388,0.573131799697876,0.6573684811592102,0.08443854700735187
272,36.816666667,5.45,1,6,2020-03-24,2020-03-27,fao_band,0.0058925003881427,0.0103007100636531,299.7732097625732,301.68782073126897,301.8233168284098,-4.206949974425796,-2.2842327446650543,0.8912242885578415,1.10255937333965,0.7301738981261112,0.3967407047748565,0.5103927850723267,0.2113350847818084
273,38.4333333330001,5.21666666700003,1,6,2020-03-24,2020-03-27,fao_band,0.0004637391443225,0.0031792514140178,295.7510092417399,297.76431812710234,298.21013323465985,-4.670068681340009,-4.442366243609092,0.8750488897111186,1.0175684215419285,0.8298035195204784,0.3208190500736236,0.4854883849620819,0.1425195318308099
274,36.75,5.35,1,6,2020-03-24,2020-03-28,fao_band,0.0228650570983859,0.033909469109254,296.47645412021217,296.4820427364773,296.8751288943821,-5.339637364666572,-6.095303814001658,1.0033166892984364,0.9062001184387832,0.8959067215402332,0.3906351327896118,0.5082666873931885,-0.0971165708596532
275,36.9333333330001,5.4,1,6,2020-03-24,2020-03-28,fao_band,0.0009365827913256,0.00868742094584,300.3896973927816,302.52886348300507,302.6068943023681,-6.108023875675357,-4.655929248031921,0.8514171520758991,0.7925740811505122,0.943179878921457,0.555401086807251,0.6461725831031799,-0.058843070925386876
276,36.75,5.36666666700006,1,6,2020-03-24,2020-03-28,fao_band,0.0188903660650225,0.0280081324393322,297.33766831292047,296.9224073198107,297.3670342763265,-5.348847161978294,-4.767522315492542,0.9310731288850952,0.9040094837427636,0.9828957093484392,0.3906351327896118,0.5082666873931885,-0.027063645142331616
277,36.966666667,5.3,1,6,2020-03-24,2020-03-28,fao_band,0.0023857207174273,0.0254001461083461,301.06008584764265,299.16652081807456,299.4991631825765,-6.427400461762106,-6.737561603775124,0.7388160998360042,0.742622387575385,0.9159097581881368,0.3915552496910095,0.5032628178596497,0.0038062877393808536
278,37.016666667,5.3,1,6,2020-03-24,2020-03-28,fao_band,0.0023857207174273,0.0254001461083461,301.06008584764265,299.16652081807456,299.4991631825765,-5.940058827141519,-5.089306422374063,0.6935704461813216,0.8356162108481342,0.7617206409190257,0.3915552496910095,0.5032628178596497,0.14204576466681262
279,36.0,5.6,1,6,2020-03-24,2020-03-28,fao_band,0.0013282151098223,0.003351374726968,302.3672364552816,305.93318748474127,304.8731106652154,-5.82042876022215,,0.908268462664298,0.8299065447576544,0.7274150739084957,0.4760574102401733,0.5514785647392273,-0.0783619179066436
280,36.7,5.28333333300003,1,6,2020-03-24,2020-03-28,fao_band,0.0228650570983859,0.033909469109254,296.47645412021217,296.4820427364773,296.8751288943821,-5.248089574385973,-5.887208709308341,0.8610784714290681,0.9239521655379432,0.9205895737004344,0.388964295387268,0.5070490837097168,0.06287369410887511
281,36.066666667,4.8,1,6,2020-03-24,2020-03-28,fao_band,0.0029451103086444,0.0028083019072582,302.9592828962538,307.0905659569634,305.3961195627848,-7.561157097826909,-6.37725916429058,0.7085899258072796,0.6015954127761781,0.7281644862789267,0.3086812198162079,0.4443720579147339,-0.10699451303110152
282,36.05,4.71666666700003,1,6,2020-03-24,2020-03-28,fao_band,0.0028800220365496,0.0019046954924633,303.697471915351,307.64133635626894,305.77443444993764,-5.970078832633571,-4.838849420076272,0.734858476320416,0.8117959468256462,0.8361074835923009,0.3086812198162079,0.4443720579147339,0.07693747050523014
283,36.1833333330001,4.7,1,6,2020-03-24,2020-03-28,fao_band,0.0022501201505633,0.0065071873480846,301.97671453687883,304.7756842295328,304.2010132259793,-5.343451046557833,-5.9636538491092,0.884840068431103,0.9065143564756248,0.798797079413025,0.3089711368083954,0.3946029841899872,0.021674288044521872
284,36.85,5.46666666700003,1,6,2020-03-24,2020-03-28,fao_band,0.0008742810363742,0.0037816755587627,301.29242634243434,302.1067334916856,302.1969876183404,-4.741851346494942,-5.938016059095931,0.7051570187697391,1.0200510835664027,0.820690715828042,0.3967407047748565,0.5103927850723267,0.3148940647966636
285,36.75,5.31666666700005,1,6,2020-03-24,2020-03-28,fao_band,0.0228650570983859,0.033909469109254,296.47645412021217,296.4820427364773,296.8751288943821,-4.770829530202677,-4.4923112955464255,0.9180466854849167,1.0024852324922686,0.820607683458388,0.573131799697876,0.6573684811592102,0.08443854700735187
286,36.766666667,5.31666666700005,1,6,2020-03-24,2020-03-28,fao_band,0.0073706955785723,0.0122093848998119,298.0816787295872,300.7733404795329,300.9244995541043,-6.13126006643934,-4.976852621220697,0.9938102872009872,0.7854420824449067,0.7322464716130717,0.573131799697876,0.6573684811592102,-0.20836820475608053
287,36.033333333,4.7,1,6,2020-03-24,2020-03-28,fao_band,0.0028800220365496,0.0019046954924633,303.697471915351,307.64133635626894,305.77443444993764,-6.338085813428305,-6.461146159990667,0.8035414068421992,0.7962964668202831,0.6716960163791238,0.3086812198162079,0.4443720579147339,-0.007244940021916113
288,36.9333333330001,5.71666666700003,1,6,2020-03-24,2020-03-27,fao_band,0.0007922799463244,0.0009126208836605,298.03518350389265,299.5202914343939,299.3397936079237,-4.812148165470447,-6.719964643588174,0.7717242796376256,1.0048071215191623,0.9551389381994082,0.4333724677562713,0.5455520749092102,0.23308284188153672
289,37.05,5.25,1,6,2020-03-24,2020-03-27,fao_band,0.0023857207174273,0.0254001461083461,301.06008584764265,299.16652081807456,299.4991631825765,-5.324502605585435,-5.431870184316049,0.7836076633218193,0.9185446573114904,0.8729295375814489,0.5522028207778931,0.6464879512786865,0.13493699398967107
290,37.0,5.21666666700003,1,6,2020-03-24,2020-03-28,fao_band,0.0032156408901187,0.0258640341574718,301.2419706132677,299.50760697258846,299.7972426096598,-4.655794731117304,-3.741641229727765,0.8529038112821585,1.020132888609464,0.8543329097290767,0.3915552496910095,0.5032628178596497,0.16722907732730552
291,38.4333333330001,5.21666666700003,1,6,2020-03-24,2020-03-28,fao_band,0.0004637391443225,0.0031792514140178,295.7510092417399,297.76431812710234,298.21013323465985,-4.670068681340009,-4.442366243609092,0.8750488897111186,1.0175684215419285,0.8298035195204784,0.3208190500736236,0.4854883849620819,0.1425195318308099
292,36.9833333330001,5.31666666700005,1,6,2020-03-24,2020-03-29,fao_band,0.0023857207174273,0.0254001461083461,301.06008584764265,299.16652081807456,299.4991631825765,-6.198936902619854,-5.316911650298238,0.7939981187279082,0.7747564586935747,0.8614836139688805,0.3915552496910095,0.5032628178596497,-0.019241660034333474
293,36.8,5.46666666700003,1,6,2020-03-24,2020-03-29,fao_band,0.0064496250028582,0.0163506411130001,300.44989162021216,300.5355258093941,300.7486531999376,-7.08391109632085,-5.645475833675894,0.6959945486488983,0.6547758708664889,1.0018683344135224,0.3967407047748565,0.5103927850723267,-0.041218677782409396
294,37.066666667,5.31666666700005,1,6,2020-03-24,2020-03-29,fao_band,0.0038010479087802,0.0325956784302761,300.7084473927816,299.53410436842177,300.0336358388265,-4.711841660507548,-5.617159409417496,0.9066645003722796,1.0124469763751986,1.072416533000483,0.5522028207778931,0.6464879512786865,0.10578247600291901
295,37.1,5.31666666700005,1,6,2020-03-24,2020-03-29,fao_band,0.0038010479087802,0.0325956784302761,300.7084473927816,299.53410436842177,300.0336358388265,-6.31878382006654,-5.752651039781672,0.9796333313293164,0.762611531565002,0.8936624682691682,0.5522028207778931,0.6464879512786865,-0.21702179976431435
296,36.716666667,5.46666666700003,1,6,2020-03-24,2020-03-29,fao_band,0.0198759884710284,0.0306461297089626,296.8487794240316,295.9992302364773,296.3549791547987,-5.513444848413814,-5.091173223788459,0.9632084435749066,0.8831028626440378,0.8038317627918342,0.3922734260559082,0.5095626711845398,-0.08010558093086884
297,36.833333333,5.51666666700004,1,6,2020-03-24,2020-03-29,fao_band,0.0064496250028582,0.0163506411130001,300.44989162021216,300.5355258093941,300.7486531999376,-5.205431053543673,-5.865173938409756,0.7938494545679762,0.9269431096939692,0.8352297861931424,0.3846943974494934,0.4981369078159332,0.13309365512599303
298,36.8,5.35,1,6,2020-03-24,2020-03-29,fao_band,0.0073706955785723,0.0122093848998119,298.0816787295872,300.7733404795329,300.9244995541043,-6.51652989807152,-5.171289622728379,0.723943726116417,0.7303355575122583,0.8280863783290879,0.3849487006664276,0.500110387802124,0.006391831395841319
299,36.816666667,5.36666666700006,1,6,2020-03-24,2020-03-29,fao_band,0.0058925003881427,0.0103007100636531,299.7732097625732,301.68782073126897,301.8233168284098,-4.753041508702041,-3.71712419818452,0.673262332065039,1.0055699449945292,1.0282691855578463,0.3849487006664276,0.500110387802124,0.3323076129294902
300,36.9,5.2,1,6,2020-03-24,2020-03-29,fao_band,0.0013900400276156,0.0108833305651714,300.14819891187875,301.7892964257135,301.7370266808404,-5.748097930833588,-6.263108846999732,0.8152165860051639,0.8438980527586754,0.8155178143436544,0.394692450761795,0.4302302002906799,0.028681466753511464
301,36.8833333330001,5.1,1,6,2020-03-24,2020-03-29,fao_band,0.0023635328884097,0.0111300490910579,302.2251737382676,303.2293029361301,303.2979099273681,-9.607680499132918,-7.738830117380148,0.5072247074401697,0.3946889049619163,0.5053522122677105,0.3560592234134674,0.4816207885742187,-0.1125358024782534
302,36.75,5.46666666700003,1,6,2020-03-24,2020-03-29,fao_band,0.0198759884710284,0.0306461297089626,296.8487794240316,295.9992302364773,296.3549791547987,-3.877402362196656,-3.979788134381046,1.1158062237470174,1.162138070920122,0.9477696540970614,0.3922734260559082,0.5095626711845398,0.04633184717310446
303,36.833333333,5.03333333300003,1,6,2020-03-24,2020-03-29,fao_band,0.0033986718530627,0.0104839943463375,301.4082466549344,303.6995232052274,303.5451701270209,-4.835004464601221,-6.607045430699539,1.135054597474035,0.9904220618928375,0.9868627704703964,0.4921879768371582,0.5977025628089905,-0.14463253558119737
304,36.85,5.16666666700007,1,6,2020-03-24,2020-03-29,fao_band,0.0013900400276156,0.0108833305651714,300.14819891187875,301.7892964257135,301.7370266808404,-5.378078376977049,-6.634624451613135,0.8069592579894405,0.8992335728307205,1.0051144671036791,0.5168827772140503,0.6116104125976562,0.09227431484128001
305,36.8666666670001,5.13333333300005,1,6,2020-03-24,2020-03-29,fao_band,0.0023635328884097,0.0111300490910579,302.2251737382676,303.2293029361301,303.2979099273681,-5.807053291580518,-4.39284796857752,0.8729449202760821,0.8471184862098917,0.8613203970166159,0.5168827772140503,0.6116104125976562,-0.02582643406619034
306,36.033333333,4.78333333300003,1,6,2020-03-24,2020-03-29,fao_band,0.003039479362485,0.0022350393349697,303.65520303514273,308.6431158701579,306.35115428500706,-8.047472528813085,-6.519100646137867,0.6152075226522298,0.543154835982937,0.6312787851778838,0.3086812198162079,0.4443720579147339,-0.07205268666929276
307,36.1833333330001,4.66666666700007,1,6,2020-03-24,2020-03-29,fao_band,0.0022501201505633,0.0065071873480846,301.97671453687883,304.7756842295328,304.2010132259793,-4.335759154044486,-7.361585037169071,1.022091335062672,1.077310366519879,0.8867765484162731,0.3183120489120483,0.452686071395874,0.05521903145720719
308,37.016666667,5.28333333300003,1,6,2020-03-24,2020-03-27,fao_band,0.0023857207174273,0.0254001461083461,301.06008584764265,299.16652081807456,299.4991631825765,-6.365965767272526,-5.019197666529127,0.7606189291180575,0.7688950064006526,0.595423668427044,0.3915552496910095,0.5032628178596497,0.008276077282595051
309,37.6333333330001,0.666666667000072,1,6,2020-03-24,2020-03-28,fao_band,0.0103526563520404,0.018528147798257,297.9556316375733,300.9732373979357,301.2631388770209,-4.671560141029777,-6.374895855534987,0.8823792577242987,1.0175930926611674,0.8163400754114126,0.3748362064361572,0.4361190795898437,0.13521383493686867
310,36.886666667,2.26861111100004,1,6,2020-03-24,2020-03-27,fao_band,0.0027362407321902,0.0506158910805751,298.4514975229898,303.305594168769,303.5193617502848,-5.770693541437043,-5.557985508851278,0.7124368313845509,0.841027160943322,0.741521964588912,0.3000411689281463,0.2402455806732177,0.12859032955877103
311,36.888611111,2.29222222200002,1,6,2020-03-24,2020-03-27,fao_band,0.0027362407321902,0.0506158910805751,298.4514975229898,303.305594168769,303.5193617502848,-6.120705339426236,-4.866730474530404,0.8379674432190758,0.7854410572536435,0.9589021262760866,0.3000411689281463,0.2402455806732177,-0.05252638596543224
312,36.895833333,2.30222222200007,1,6,2020-03-24,2020-03-27,fao_band,0.0027362407321902,0.0506158910805751,298.4514975229898,303.305594168769,303.5193617502848,-5.751367980885193,-5.582182202571192,0.8869138330426531,0.8412114138883635,0.8876129869820581,0.3000411689281463,0.2402455806732177,-0.04570241915428963
313,36.8825,2.28861111100002,1,6,2020-03-24,2020-03-27,fao_band,0.0027362407321902,0.0506158910805751,298.4514975229898,303.305594168769,303.5193617502848,-6.040297153666564,-5.212476395317567,0.8859203217773511,0.7972126823734231,0.7425377720591745,0.3000411689281463,0.2402455806732177,-0.08870763940392801
314,36.887222222,2.26777777800004,1,6,2020-03-24,2020-03-27,fao_band,0.0027362407321902,0.0506158910805751,298.4514975229898,303.305594168769,303.5193617502848,-6.871505055990614,-6.26218887483535,0.8453994175869282,0.7059888100128967,0.7039486530190084,0.3000411689281463,0.2402455806732177,-0.13941060757403145
315,36.893888889,2.26611111100004,1,6,2020-03-24,2020-03-27,fao_band,0.0027362407321902,0.0506158910805751,298.4514975229898,303.305594168769,303.5193617502848,-6.3057860567694926,-4.86751194747605,0.753868178495353,0.7614729845677113,0.7264498816967708,0.3000411689281463,0.2402455806732177,0.00760480607235825
316,36.9197222220001,2.24111111100007,1,6,2020-03-24,2020-03-28,fao_band,0.0032922030563327,0.0609489970023204,295.9967611948649,299.98501040140786,299.4386814117432,-5.213149612311835,-6.22602268995148,0.8058193512600147,0.925730171608601,0.7014734740596673,0.3139119148254394,0.3689427673816681,0.11991082034858636
317,36.836666667,2.26555555600004,1,6,2020-03-24,2020-03-28,fao_band,0.0026555360431643,0.0549957148844768,296.8350424448649,302.8251959482829,302.8686401791043,-6.913422506434268,-6.274373064361698,0.7849617807346561,0.6849276574025986,0.7536370854726304,0.2850961983203888,0.2917790710926056,-0.10003412333205741
318,37.580277778,0.444722222000053,1,6,2020-03-24,2020-03-28,fao_band,0.014228209959981,0.0147716693694164,295.8925728268093,298.06553883022724,298.231693564521,-5.959177817279771,-7.696255660132113,0.6709856645624755,0.8155527911975611,0.5882002825939052,0.5669479370117188,0.6066787838935852,0.14456712663508553
319,37.0458333330001,5.32166666700004,1,6,2020-03-24,2020-03-24,fao_band,0.0023857207174273,0.0254001461083461,301.06008584764265,299.16652081807456,299.4991631825765,-6.15315220376713,-6.560405707642975,0.8473545180546544,0.7807563214102465,0.8458672073313955,0.5522028207778931,0.6464879512786865,-0.06659819664440791
320,36.845833333,5.4425,1,6,2020-03-24,2020-03-24,fao_band,0.0058925003881427,0.0103007100636531,299.7732097625732,301.68782073126897,301.8233168284098,-5.789667395146198,-4.970411291488038,0.7924206869750257,0.8403784328119734,0.6856386226897326,0.3967407047748565,0.5103927850723267,0.047957745836947785
321,36.8752777780001,5.45666666700004,1,6,2020-03-24,2020-03-24,fao_band,0.0008742810363742,0.0037816755587627,301.29242634243434,302.1067334916856,302.1969876183404,-5.558182413893983,-5.71184564447212,0.888632347513578,0.8938811722496692,0.8297205193175916,0.4014256596565246,0.5138646364212036,0.005248824736091229
322,36.780277778,5.355,1,6,2020-03-24,2020-03-24,fao_band,0.0058925003881427,0.0103007100636531,299.7732097625732,301.68782073126897,301.8233168284098,-4.963933045928561,-4.288943818848876,1.11149954804845,0.9672505062886152,0.7676211997691884,0.3906351327896118,0.5082666873931885,-0.14424904175983477
323,36.8055555560001,5.36111111100007,1,6,2020-03-24,2020-03-24,fao_band,0.0058925003881427,0.0103007100636531,299.7732097625732,301.68782073126897,301.8233168284098,-5.183536350766271,-4.916945150230632,1.0754657150290552,0.9306932198177278,0.8345896717880285,0.3849487006664276,0.500110387802124,-0.1447724952113274
324,36.711944444,5.29861111100007,1,6,2020-03-24,2020-03-24,fao_band,0.0228650570983859,0.033909469109254,296.47645412021217,296.4820427364773,296.8751288943821,-5.867922472569263,-5.544766220975406,0.6556103144980867,0.8238038651478082,0.8061550566152607,0.573131799697876,0.6573684811592102,0.16819355064972152
325,36.72,5.375,1,6,2020-03-24,2020-03-24,fao_band,0.0188903660650225,0.0280081324393322,297.33766831292047,296.9224073198107,297.3670342763265,-5.228854742170555,-3.943979501385437,1.0764166389398824,0.9232242179025766,0.9579475533912488,0.3906351327896118,0.5082666873931885,-0.1531924210373058
326,36.8061111110001,5.39916666700003,1,6,2020-03-24,2020-03-24,fao_band,0.0058925003881427,0.0103007100636531,299.7732097625732,301.68782073126897,301.8233168284098,-4.81718935093446,-4.1432122780974,1.100574652929949,0.9938242455560043,0.994896756173062,0.3849487006664276,0.500110387802124,-0.10675040737394459
327,36.958611111,5.34222222200003,1,6,2020-03-24,2020-03-24,fao_band,0.0023857207174273,0.0254001461083461,301.06008584764265,299.16652081807456,299.4991631825765,-4.74799838655356,-4.93829546018412,1.022033537375673,1.004020488426666,0.7884568759548065,0.386812299489975,0.5015345215797424,-0.018013048949007127
328,37.026111111,5.30666666700006,1,6,2020-03-24,2020-03-24,fao_band,0.0023857207174273,0.0254001461083461,301.06008584764265,299.16652081807456,299.4991631825765,-6.088371755748106,-5.556516056051102,0.770817201982809,0.7946168700193078,0.722661575620108,0.3915552496910095,0.5032628178596497,0.0237996680364988
329,36.9913888890001,5.25361111100005,1,6,2020-03-24,2020-03-24,fao_band,0.0023857207174273,0.0254001461083461,301.06008584764265,299.16652081807456,299.4991631825765,-6.034795422069814,-5.439337183908023,0.8866881782938343,0.808309474140164,0.6458072747991289,0.3915552496910095,0.5032628178596497,-0.07837870415367032
330,36.9,5.21,1,6,2020-03-24,2020-03-24,fao_band,0.0013900400276156,0.0108833305651714,300.14819891187875,301.7892964257135,301.7370266808404,-6.7145068658795095,-7.377360093977114,0.8428556335138475,0.7026872985462339,0.9080367753580404,0.394692450761795,0.4302302002906799,-0.1401683349676136
331,36.892777778,5.11,1,6,2020-03-24,2020-03-24,fao_band,0.0023635328884097,0.0111300490910579,302.2251737382676,303.2293029361301,303.2979099273681,-6.848311683588047,-5.090453236585049,0.4715495929920353,0.6851737385310195,0.6069305946362359,0.3560592234134674,0.4816207885742187,0.21362414553898418
332,36.760277778,5.47138888900002,1,6,2020-03-24,2020-03-24,fao_band,0.0064496250028582,0.0163506411130001,300.44989162021216,300.5355258093941,300.7486531999376,-4.527602530273112,-6.431102591660071,0.782429360953811,1.046805346547239,0.7482073321685836,0.3922734260559082,0.5095626711845398,0.2643759855934279
333,36.7902777780001,5.43166666700006,1,6,2020-03-24,2020-03-25,fao_band,0.0058925003881427,0.0103007100636531,299.7732097625732,301.68782073126897,301.8233168284098,-4.927723895324016,-4.727166181179722,0.9440747101804898,0.9778380688295852,0.8213491892830804,0.3967407047748565,0.5103927850723267,0.03376335864909541
334,36.841388889,5.54138888900007,1,6,2020-03-24,2020-03-25,fao_band,0.0064496250028582,0.0163506411130001,300.44989162021216,300.5355258093941,300.7486531999376,-6.512982884884797,-4.861970882958941,0.7464170672843481,0.7302917305382377,0.7432313576627148,0.3846943974494934,0.4981369078159332,-0.016125336746110386
335,36.7586111110001,5.35972222200007,1,6,2020-03-24,2020-03-25,fao_band,0.0058925003881427,0.0103007100636531,299.7732097625732,301.68782073126897,301.8233168284098,-4.911434582116807,-5.672516772746879,0.84983670795659,0.976010808187731,1.0868898977568926,0.3906351327896118,0.5082666873931885,0.12617410023114095
336,36.7266666670001,5.47166666700002,1,6,2020-03-24,2020-03-25,fao_band,0.0198759884710284,0.0306461297089626,296.8487794240316,295.9992302364773,296.3549791547987,-5.833299749192916,-5.370236285850332,0.9504736176542654,0.8280676352752527,0.9805698259049516,0.3922734260559082,0.5095626711845398,-0.12240598237901268
337,36.765277778,5.37944444400006,1,6,2020-03-24,2020-03-25,fao_band,0.0058925003881427,0.0103007100636531,299.7732097625732,301.68782073126897,301.8233168284098,-5.994752265641072,-5.277719868212319,0.9050730382029426,0.804977853040489,0.762160969639206,0.3906351327896118,0.5082666873931885,-0.10009518516245364
338,36.8197222220001,5.38,1,6,2020-03-24,2020-03-25,fao_band,0.0058925003881427,0.0103007100636531,299.7732097625732,301.68782073126897,301.8233168284098,-5.3981140771895255,-4.893320937868584,0.9293850906902454,0.9075177372700208,1.0083099099113375,0.3849487006664276,0.500110387802124,-0.02186735342022461
339,36.9130555560001,5.27166666700003,1,6,2020-03-24,2020-03-25,fao_band,0.0010586531038256,0.0104158215338756,299.6897841983371,301.65781856113006,301.6632094065349,-4.930888461226371,-5.509940123309331,1.098678827554534,0.9829317027884764,0.882844653274633,0.394692450761795,0.4302302002906799,-0.11574712476605764
340,36.9913888890001,5.25361111100005,1,6,2020-03-24,2020-03-25,fao_band,0.0023857207174273,0.0254001461083461,301.06008584764265,299.16652081807456,299.4991631825765,-6.034795422069814,-5.439337183908023,0.8866881782938343,0.808309474140164,0.6458072747991289,0.3915552496910095,0.5032628178596497,-0.07837870415367032
341,36.9333333330001,5.21,1,6,2020-03-24,2020-03-25,fao_band,0.0013900400276156,0.0108833305651714,300.14819891187875,301.7892964257135,301.7370266808404,-5.532501988595132,-4.999079839607239,0.6798082805946166,0.874557772157768,0.9314847577777662,0.394692450761795,0.4302302002906799,0.19474949156315136
342,36.100833333,5.30083333300007,1,6,2020-03-24,2020-03-25,fao_band,0.0035174490089389,0.0023061178738643,302.7101780785455,306.7007493336995,305.4566013336181,-5.234496046099932,-4.719956446254487,0.9507009057463244,0.9255167236173064,1.0001654975513687,0.4180028140544891,0.5374059081077576,-0.025184182129017962
343,36.892777778,5.11,1,6,2020-03-24,2020-03-25,fao_band,0.0023635328884097,0.0111300490910579,302.2251737382676,303.2293029361301,303.2979099273681,-6.848311683588047,-5.090453236585049,0.4715495929920353,0.6851737385310195,0.6069305946362359,0.3560592234134674,0.4816207885742187,0.21362414553898418
344,36.903888889,5.85666666700007,1,6,2020-03-24,2020-03-25,fao_band,0.0033174605245562,0.0020411007220317,297.8058540768094,298.27767533196345,298.0875366634793,-6.884425016304377,,0.8175532666159768,0.6802426260053626,0.3559959923293332,0.4575861394405365,0.5588414669036865,-0.13731064061061427
345,36.028055556,5.28333333300003,1,6,2020-03-24,2020-03-25,fao_band,0.0023268015260669,0.003425403695779,303.4247776879204,307.7508035871718,306.132355456882,-6.736388363606706,-6.652678733837625,0.6590448134242073,0.6999479687825962,0.5957749479740657,0.4180028140544891,0.5374059081077576,0.040903155358388954
346,36.065555556,5.25694444400006,1,6,2020-03-24,2020-03-25,fao_band,0.0035174490089389,0.0023061178738643,302.7101780785455,306.7007493336995,305.4566013336181,-5.927563295681354,-7.233270345308995,0.6992161970993573,0.8186848910111896,0.8815865754853711,0.4180028140544891,0.5374059081077576,0.11946869391183224
347,37.023333333,5.28583333300003,1,6,2020-03-24,2020-03-25,fao_band,0.0023857207174273,0.0254001461083461,301.06008584764265,299.16652081807456,299.4991631825765,-6.613690871158608,-7.235276331097499,0.6306087623775529,0.7164209618665025,0.7832703245033561,0.3915552496910095,0.5032628178596497,0.08581219948894958
348,37.028055556,5.28333333300003,1,6,2020-03-24,2020-03-25,fao_band,0.0023857207174273,0.0254001461083461,301.06008584764265,299.16652081807456,299.4991631825765,-5.811573938567239,-6.3037861898632,0.5867215135385717,0.8607969223185784,0.7692911640101774,0.3915552496910095,0.5032628178596497,0.2740754087800067
349,36.773333333,5.39583333300004,1,6,2020-03-24,2020-03-26,fao_band,0.0058925003881427,0.0103007100636531,299.7732097625732,301.68782073126897,301.8233168284098,-5.403818613614575,-3.863574672890806,1.0947580176241536,0.8950840845952845,0.9369868274991652,0.3906351327896118,0.5082666873931885,-0.19967393302886904
350,37.779444444,5.41611111100002,1,6,2020-03-24,2020-03-26,fao_band,0.0112421513671847,0.018681808572488,295.36456175910104,295.6565056271023,296.3706529829238,-7.902795224682655,-6.41070859699361,0.7304183476800549,0.566768430996534,0.6898260989209826,0.3656849861145019,0.5062403678894043,-0.1636499166835209
351,37.066666667,3.31666666700005,1,6,2020-03-24,2020-03-29,fao_band,0.0002314449424716,0.0635377608353664,302.33879135979544,305.98155988057454,306.7482354482015,-11.849329872344732,-10.711753749346492,0.3182607466698816,0.3436515517292542,0.4506600381309064,0.3458760380744934,0.4806381464004516,0.025390805059372634
352,37.8,1.58333333300004,1,6,2020-03-24,2020-03-29,fao_band,0.0047805012340518,0.0239075116927196,300.1022299448649,303.59659351772734,303.6540948232015,-4.8017089974588725,-4.418089752284418,0.9936257860697392,0.996935929015766,0.9588120906500222,0.3562565743923187,0.4477869868278503,0.0033101429460268283
353,36.849444444,5.00027777800005,1,6,2020-03-24,2020-03-24,fao_band,0.0033986718530627,0.0104839943463375,301.4082466549344,303.6995232052274,303.5451701270209,-6.909463911451595,-7.9481974571592175,0.7701949370202553,0.6846548144736027,0.7008533576808179,0.3579030036926269,0.4045527279376983,-0.08554012254665266
354,36.8502777780001,5.46055555600003,1,6,2020-03-24,2020-03-29,fao_band,0.0008742810363742,0.0037816755587627,301.29242634243434,302.1067334916856,302.1969876183404,-4.65868722481436,-4.123965080612734,0.8106686740281773,1.019571910524509,0.9362687582097298,0.3967407047748565,0.5103927850723267,0.20890323649633158
355,36.8097222220001,5.46888888900003,1,6,2020-03-24,2020-03-30,fao_band,0.0064496250028582,0.0163506411130001,300.44989162021216,300.5355258093941,300.7486531999376,-5.915078914842017,-4.425550699750293,0.7556484276227906,0.815671247389911,0.9119975635216696,0.3967407047748565,0.5103927850723267,0.06002281976712043
356,37.066666667,5.15,1,6,2020-03-24,2020-03-30,fao_band,0.0092770160312625,0.0608671449238826,297.6622776879204,297.0763569725885,297.170511923896,-5.981775024819217,-5.810372813450966,0.7596856545483437,0.8142221259726803,0.7711640637174296,0.552733838558197,0.6493586301803589,0.0545364714243366
357,36.783333333,5.46666666700003,1,6,2020-03-24,2020-03-30,fao_band,0.0064496250028582,0.0163506411130001,300.44989162021216,300.5355258093941,300.7486531999376,-5.365600039143763,-5.359096909975874,0.8702900474703761,0.9182155443378056,0.8189259903893382,0.3922734260559082,0.5095626711845398,0.04792549686742953
358,37.0,5.3,1,6,2020-03-24,2020-03-30,fao_band,0.0023857207174273,0.0254001461083461,301.06008584764265,299.16652081807456,299.4991631825765,-5.827639446445363,-6.317621719851694,0.707019566330319,0.8289867985452103,0.6692771385778483,0.3915552496910095,0.5032628178596497,0.12196723221489125
359,37.4866666670001,0.354722222000021,1,6,2020-03-24,2020-03-25,fao_band,0.0142466128940554,0.0120799981171657,295.8194228702121,298.33043683369954,298.5090969933404,-5.101755133243888,-5.216728200790024,1.0210257235828704,0.958880921845816,1.1923798978915834,0.6074528694152832,0.6523635983467102,-0.06214480173705439
360,36.887222222,2.2675,1,6,2020-03-24,2020-03-26,fao_band,0.0027362407321902,0.0506158910805751,298.4514975229898,303.305594168769,303.5193617502848,-6.871505055990614,-6.26218887483535,0.8453994175869282,0.7059888100128967,0.7039486530190084,0.3000411689281463,0.2402455806732177,-0.13941060757403145
361,37.34869510306255,3.661312630362696,0,6,2020-03-24,,synthetic_background,0.0002598763580294,0.0659295760209133,301.60905503167044,305.5059034135607,304.7079685211182,-8.925590578201742,-8.943105149314896,0.5974533483202182,0.4541571852537522,0.289701128112407,0.2365442663431167,0.3828648924827575,-0.14329616306646603
362,38.55617945242591,4.432861268381616,0,6,2020-03-24,,synthetic_background,0.0006697775001498,0.0049672417456676,295.66353636847606,299.48017641703285,300.59132355584035,-4.661857026644673,-4.377550702313526,1.0829608983606196,1.0190036534738816,1.0137350890819488,0.3709782660007477,0.5575637817382812,-0.06395724488673804
363,37.05683674826511,1.2721907073072083,0,6,2020-03-24,,synthetic_background,0.0108948500032397,0.0200964354092647,296.06797972785097,297.9957417382135,298.1630846235487,-5.997657405208196,-5.936491664339468,0.8829610004483625,0.8033862916948661,0.9780619272002904,0.4216567873954773,0.5024968385696411,-0.07957470875349637
364,36.14321895709696,0.8246841497239561,0,6,2020-03-24,,synthetic_background,0.0141235591049166,0.0090329937750865,297.64538858201763,298.5784891340467,298.8985229916043,-5.199088866307022,-5.489617127685968,0.8647148602960417,0.9279414949955718,0.939439525962108,0.3739552497863769,0.423734039068222,0.06322663469953005
365,36.52899145459169,0.2204850425580267,0,6,2020-03-24,,synthetic_background,0.0477525592918368,0.0257010303551723,290.72101792229546,291.98009503682454,292.1779175228542,-5.71585948592927,-5.307366035716068,0.8810119212843485,0.8461434521193174,0.8196498406764813,0.6617456674575806,0.6978042721748352,-0.03486846916503106
366,37.53147850215825,4.60247786229002,0,6,2020-03-24,,synthetic_background,0.0003317297573062,0.0109390609080364,298.4066407521566,302.3159999847412,303.173810535007,-6.363700081828368,-5.548484166751754,0.8077879142515334,0.7515886496931706,0.8685487732458875,0.4302718937397003,0.5348383784294128,-0.05619926455836277
367,37.45421555499529,1.2576825567722372,0,6,2020-03-24,,synthetic_background,0.0152210743303271,0.0218847833687831,298.52075750562875,299.7521816253662,299.9801364898682,-5.56657851234085,-5.723356611042318,0.8945729056021035,0.8716906426332623,0.9216440516366255,0.3559015691280365,0.3143427670001983,-0.022882262968841105
368,37.25654732049687,3.384053523971843,0,6,2020-03-24,,synthetic_background,0.0003598780508013,0.0996325157696773,301.69065225389267,305.1536030663384,303.8021796756321,-9.935596865528703,-8.085720297512566,0.4853756410663015,0.3858152631917799,0.4513034698657448,0.3783452212810516,0.5124455690383911,-0.0995603778745216
369,37.174543424223046,3.0807760827106034,0,6,2020-03-24,,synthetic_background,0.0006214083309146,0.0526899390036632,301.3292481740316,305.74375606113006,306.8482462988959,-7.321730554945929,-7.698088362685465,0.5661161352559259,0.6259487586016337,0.5843454602098114,0.320309430360794,0.4732142090797424,0.059832623345707825
370,37.822412010020486,4.918480359048663,0,6,2020-03-24,,synthetic_background,0.0014451296205493,0.0208962105328609,297.5059951358371,298.1656636132135,299.0258341895209,-4.384297398635583,-6.249984195835129,0.8222415323019479,1.069765100245401,0.7087978387142051,0.4210861027240753,0.5291783809661865,0.2475235679434531
371,36.63840267855816,1.7085705221890142,0,6,2020-03-24,,synthetic_background,0.0037186891908618,0.0199329100663234,298.9382759518094,303.21074282328294,303.208527331882,-6.466535408481129,-6.484772705617681,0.7104732683936219,0.737299432197601,0.6998894969419063,0.4283665716648102,0.5306167602539062,0.026826163803979064
372,37.32301778339503,2.2160669855081903,0,6,2020-03-24,,synthetic_background,0.0024690331096621,0.0138176672274639,300.1543783823649,304.6257493336996,305.286652331882,-4.773111812142741,-7.443579003549155,0.7057525704055427,0.9996720444243242,0.7262923055625132,0.2783665657043457,0.2062596678733825,0.2939194740187815
373,36.28787435831162,1.60184563335356,0,6,2020-03-24,,synthetic_background,0.0008231849546405,0.0021819166953136,302.9558106740316,308.6127176496718,307.10402429368764,-8.881820392870072,-6.64756056281529,0.4631536296108356,0.4593979581325701,0.4513722838415663,0.3687179386615753,0.5104355216026306,-0.0037556714782654987
374,36.6431949831739,4.883622530196695,0,6,2020-03-24,,synthetic_background,0.0075683296794863,0.0090334259087612,298.8145183563232,303.0890197330051,302.71172828674315,-5.801090986162792,-4.673353281073394,0.9581918811049086,0.8374038908798187,0.9996798019734032,0.5005060434341431,0.5900182127952576,-0.1207879902250899
375,38.78298026396181,2.805916529206778,0,6,2020-03-24,,synthetic_background,0.0010550172204943,0.0212609462554027,300.3392416636149,303.0567931705051,303.6221829308404,-7.397934071309584,-7.240145740837379,0.7996085211903624,0.6305898239204604,0.7210613574073121,0.188126340508461,0.2726069092750549,-0.16901869726990204
376,38.46588735892637,1.65571663274345,0,6,2020-03-24,,synthetic_background,0.0042950661058398,0.0423758469636013,300.684434805976,303.1635802798801,303.3967923058404,-8.585741994323293,-6.9176802905740296,0.566016786261672,0.4867194252594896,0.4617139107856629,0.2666857242584228,0.4100601375102997,-0.07929736100218238
377,37.57494233151768,1.0876252882465125,0,6,2020-03-24,,synthetic_background,0.0140586943502398,0.0231515608841945,298.7657933129205,301.260769950019,301.55825606452095,-5.247689500231759,-4.875621184578346,0.7293456332365934,0.9206468220398332,0.9004552282654813,0.3698582649230957,0.3570785522460937,0.19130118880323976
378,37.100194286555656,3.1184333921348566,0,6,2020-03-24,,synthetic_background,0.0006301404113742,0.0397469841057827,301.59748819139264,305.9693745507135,307.7079088422987,-12.000391410690565,-11.794411584066513,0.3032410744748529,0.2450119493603273,0.311282129784908,0.320309430360794,0.4732142090797424,-0.058229125114525576
379,37.78818923967298,4.95476259092041,0,6,2020-03-24,,synthetic_background,0.001627445327756,0.0188388370091487,297.15006523132325,297.597537528144,298.3829251183404,-5.2890297510706725,-6.133231052193059,0.8019259293135566,0.91473305045804,0.7750767552050177,0.3928197026252746,0.480212926864624,0.11280712114448344
380,37.59050234519287,4.565630656978785,0,6,2020-03-24,,synthetic_background,0.0002604127998324,0.0163533829266597,298.4182672712538,301.80327754550507,302.635843955146,-4.812451748457283,-4.1232794014371885,0.9588842236021088,0.992895161942216,0.9754562745381,0.4302718937397003,0.5348383784294128,0.034010938340107266
381,38.7111349245767,0.3489719241282234,0,6,2020-03-24,,synthetic_background,0.0149862618322345,0.0494489513451625,299.5601021236843,301.602615653144,301.8762193891737,-5.990317885306206,-4.279885073139482,0.8717531262595601,0.8049562769251677,1.072095749488442,0.5097498297691345,0.6052221059799194,-0.06679684933439245
382,37.340790988744814,3.2255841582635125,0,6,2020-03-24,,synthetic_background,0.0004997105474444,0.0812663577611019,302.08967026604546,305.59272524515785,305.1585110558404,-4.183782954637612,-7.104119642118979,0.5925794827219544,1.104830582068443,0.6054896627683817,0.3985264897346496,0.542980432510376,0.5122510993464886
383,36.685916397548446,3.412103758435148,0,6,2020-03-24,,synthetic_background,0.0008530170793505,0.0481126152092983,300.98158107333705,304.51226192050507,305.1990655263265,-8.847365217473445,-8.01374571632088,0.4750401341115542,0.4782693663762992,0.4495275730335498,0.2561828196048736,0.4112655818462372,0.0032292322647449745
384,36.61547631450268,4.105379618989149,0,6,2020-03-24,,synthetic_background,0.0027965904350253,0.0298299037034084,301.7014703962538,305.3058111826579,305.3872708214654,-7.753762418742056,-6.315961071059839,0.7604172443667696,0.5745653646848552,0.7190906960237697,0.3389775454998016,0.469998687505722,-0.1858518796819144
385,37.64350887604226,2.436652921759768,0,6,2020-03-24,,synthetic_background,0.0148131401414843,0.0494156919533779,300.757091055976,303.89981617397734,304.10630293952096,-7.592220032221874,-7.406810251669116,0.5564060611721673,0.5934851635416631,0.5183974865487945,0.2892465889453888,0.3899469971656799,0.03707910236949585
386,37.680591942874216,1.442933897684541,0,6,2020-03-24,,synthetic_background,0.0082023144836398,0.016969829064088,299.5430177052816,302.8151807573106,302.9597046322293,-6.48857765873384,-5.882816348720576,0.8808694846722993,0.7333512345904843,0.8180816178383118,0.3805266916751861,0.4488652646541595,-0.14751825008181496
387,36.53534309370711,2.313485380185896,0,6,2020-03-24,,synthetic_background,0.0006137193317385,0.0147547565514614,301.881993399726,307.9149311913385,307.7411065419515,-6.918315136441072,-7.259803964899986,0.8651019797816628,0.6800062500578858,0.6843815594019428,0.3178115487098694,0.4782882928848266,-0.18509572972377697
388,36.2519612042888,4.493952264900441,0,6,2020-03-24,,synthetic_background,0.0023194403524371,0.0089980058486034,302.730333243476,305.9536247677273,304.8394735124376,-5.370145738244688,-5.616008608360479,0.8587294711626137,0.9001680212602664,1.0876886784531694,0.3655781745910644,0.4968989193439483,0.04143855009765274
389,38.34997044439712,4.136683077623248,0,6,2020-03-24,,synthetic_background,0.0020233393783541,0.0172228358799984,293.9171876271566,296.89380488925514,298.4906019846598,-5.444407205643082,-5.560139375337807,0.8300116345428481,0.8999448225096323,0.97723775123932,0.3036173284053802,0.4489598572254181,0.06993318796678416
390,36.709408993961866,0.9997218104392858,0,6,2020-03-24,,synthetic_background,0.0222457350368472,0.041208162170129,292.09819891187885,292.978787528144,292.76608484056254,-7.092763697994962,-6.697956018245432,0.8202024159304111,0.6545154313241239,0.7126477838727635,0.6602055430412292,0.6786656975746155,-0.16568698460628717
391,36.3861238646371,1.590604992468354,0,6,2020-03-24,,synthetic_background,0.0016863645191165,0.0099022232110073,301.7703506045872,307.185010401408,306.03531769646537,-7.819127171643155,-7.272329603664861,0.4285026637707071,0.5687780367430393,0.5337140168904058,0.4000503122806549,0.5020299553871155,0.14027537297233217
392,36.489186851657365,4.8218340056337015,0,6,2020-03-24,,synthetic_background,0.0051701218957873,0.0059955559784938,300.4113716549344,304.5136399586996,303.5950127919515,-5.480702303342904,-5.532516821982208,0.926468174711939,0.9135851848585892,0.869054491977171,0.3811355233192444,0.5085129141807556,-0.012882989853349791
393,36.75311078741125,2.6101372832510674,0,6,2020-03-24,,synthetic_background,0.0016015620107623,0.0412203215176631,300.3143935733371,305.703641043769,306.1797458648682,-9.4842402140876,-9.403871137919287,0.4447235685650439,0.413084302005763,0.4936107730309112,0.325744092464447,0.4694361388683319,-0.0316392665592809
394,37.67601658366864,4.942634089062207,0,6,2020-03-24,,synthetic_background,0.0006855727310153,0.0092400752121974,299.094298087226,300.7972391340467,301.6563680436876,-5.581321969375516,-4.794566968763288,0.8200408795052998,0.866701540107902,0.8767241646829746,0.3223429024219513,0.4084833860397339,0.04666066060260221
395,36.52751636429847,4.967218802733674,0,6,2020-03-24,,synthetic_background,0.0174228997106524,0.0242777310425807,298.8336806827121,300.2271490732828,300.8349107954237,-5.792112119951704,-7.213822528134486,0.8030059089883308,0.8357140645835048,0.9879304614239988,0.5116429328918457,0.6192296743392944,0.03270815559517404
396,37.24311160697692,2.5112667760926106,0,6,2020-03-24,,synthetic_background,0.0017511994714709,0.0100099586064388,301.0935873667399,305.73304642571344,306.3638061947293,-4.888753987747581,-5.292738538808164,1.0066585757784323,0.9798389572399812,0.9006515573776144,0.2877781987190246,0.3037379086017608,-0.026819618538451162
397,38.18614835122904,4.258888180253299,0,6,2020-03-24,,synthetic_background,0.0017409176702471,0.0170917503649761,295.32898775736487,298.1882547590468,299.62910567389594,-6.624015975092265,-5.509472874034097,0.9062628515313648,0.7147671158862013,1.0339439982632126,0.3176437020301819,0.5098099112510681,-0.19149573564516342
398,37.15887688066112,0.2390628320093204,0,6,2020-03-24,,synthetic_background,0.0421944708700152,0.0365095727259685,290.195372305976,291.69774911668566,291.647443347507,-5.63434420882856,-5.625149279160059,0.9179102719138736,0.8590529330776413,1.0087888432315886,0.5057357549667358,0.5763137936592102,-0.05885733883623234
399,37.08128009793533,2.58335014318632,0,6,2020-03-24,,synthetic_background,0.001637205588338,0.0139069698864986,301.5423992156983,306.2896219465468,306.8802232954237,-8.18660623689113,-7.89232882285178,0.7955122086006031,0.5512048251020458,0.595993022019052,0.3321507573127746,0.3440628051757812,-0.2443073834985573
400,36.81635333374568,0.3451011047266834,0,6,2020-03-24,,synthetic_background,0.0207587928647967,0.0154287658745815,291.59625121222604,293.11980315314395,293.427912097507,-5.889551133675305,-6.120924620907037,0.8069412953313846,0.8194869897755862,0.7244619088515368,0.6269261240959167,0.6696507930755615,0.012545694444201616
401,36.68379469033652,5.782743659522518,0,6,2020-03-24,,synthetic_background,0.0628099144573184,0.0668933235222866,293.7355849795871,292.925857840644,293.2403795454237,-7.672261863822237,,0.6246521716438199,0.5838608625899057,0.6660440758615508,0.6112614870071411,0.7070876955986023,-0.04079130905391426
402,36.77621069273186,4.747980745170721,0,6,2020-03-24,,synthetic_background,0.0006843657369586,0.0040296457821895,302.6639378441705,306.8241380055745,305.7001777225071,-9.109389325770543,-8.87785870382893,0.2608811142940261,0.4432493045971664,0.3217943190066403,0.5323358774185181,0.599773645401001,0.18236819030314028
403,38.12691134770356,4.399435229779097,0,6,2020-03-24,,synthetic_background,0.0016051680917712,0.0242880575472881,295.585362540351,298.3375440385607,299.3958916982015,-6.743503283797688,-4.285246243030183,1.0239582833698335,0.69875831907304,0.9166361159197792,0.325716108083725,0.4962387084960937,-0.32519996429679354
404,38.32568976895052,1.9866939731479256,0,6,2020-03-24,,synthetic_background,0.0038793386096926,0.0255506180340816,300.47673623826773,303.43286738925514,304.0735012902154,-6.380442710740592,-7.276205356478438,0.8350640054804587,0.7482866301035841,0.5712541066765646,0.3757207095623016,0.5031031370162964,-0.08677737537687458
405,38.861930358580814,1.7861844935600824,0,6,2020-03-24,,synthetic_background,0.0027440489406558,0.042117311816888,300.7589736514621,304.0251796722412,304.38362498813206,-8.430209976067694,-9.145524035310116,0.4966102260089567,0.5135879777887113,0.3968854143098049,0.3216506540775299,0.4842239618301391,0.016977751779754635
406,36.207912377455166,1.8881741189815413,0,6,2020-03-24,,synthetic_background,0.0008441955919238,0.0016733549649288,302.5079808129205,308.8924973805745,306.94224043952096,-5.160573624891419,-4.004109369651115,0.8481257619147446,0.9413579553233216,1.1685977268662793,0.2862701117992401,0.3915359675884247,0.09323219340857691
407,38.693085811578,1.1496331186597646,0,6,2020-03-24,,synthetic_background,0.0033115000600787,0.0286853008086254,301.00719413757326,303.6906256357828,304.20276561313204,-7.877403917789364,-8.907684459921928,0.862153461467664,0.5607032678496313,0.3143820383014298,0.4115564823150635,0.5564855337142944,-0.3014501936180327
408,38.019096608091154,1.708454766994178,0,6,2020-03-24,,synthetic_background,0.005183398830411,0.0234348468596508,300.391319571601,303.6602274152968,303.8768216027154,-7.538227725780705,-7.032791374135979,0.6585978261463976,0.5994641508541543,0.4766736214920464,0.2954441905021667,0.4067713618278503,-0.05913367529224334
409,37.92179431714979,1.040088815282849,0,6,2020-03-24,,synthetic_background,0.0093461872215243,0.0274994962031414,298.7309137556288,300.92196244133845,301.02092425028485,-5.773082434412938,-5.610545551474996,0.9398763268612568,0.8379741584759761,0.8354319000408955,0.3632064461708069,0.457132488489151,-0.10190216838528066
410,38.5537678481397,2.200853075048607,0,6,2020-03-24,,synthetic_background,0.0029473603839846,0.0420715652520229,300.4190973493788,303.16997133890794,303.6517673492432,-7.647355393021861,-7.607784219841276,0.7154942876058827,0.5869476968222964,0.680543863767196,0.3756637275218963,0.5104151368141174,-0.12854659078358632
411,37.00241472543501,2.484571207651478,0,6,2020-03-24,,synthetic_background,0.0016650111551257,0.0227925025040676,301.0792861514621,305.5172206878662,305.592093955146,-7.079113238594251,-6.5720744635214885,0.6823609004597706,0.6616508879282024,0.8519282028356807,0.3031107187271118,0.4047887325286865,-0.020710012531568234
412,36.118197433136096,1.3926305042307126,0,6,2020-03-24,,synthetic_background,0.0040700585718127,0.0067496590430309,302.06110581292046,305.61216968960235,304.3551473405626,-7.046287472997429,-7.411445735719662,0.6295380494777949,0.659459328988029,0.5778950024877251,0.3754796087741852,0.5055343508720398,0.029921279510234045
413,38.259903026385416,1.918980146320047,0,6,2020-03-24,,synthetic_background,0.0033533723230334,0.0258236818129589,300.6494955698649,303.41826777988007,303.89766036139594,-7.77515994493624,-8.095438864245017,0.6541482106540559,0.5721453853144826,0.6698451366967031,0.3436635136604309,0.4821711182594299,-0.08200282533957337
414,36.7059851756085,4.463825794447344,0,6,2020-03-24,,synthetic_background,0.0018940867061587,0.005105256300645,301.94970715840657,307.0673942989773,305.5249498579237,-7.472707437311488,-9.559646334091935,0.6150475513501114,0.7067144856809633,0.3580346741018042,0.4917851388454437,0.5270329713821411,0.09166693433085193
415,37.13843406581901,0.3681047671737678,0,6,2020-03-24,,synthetic_background,0.0204051585073443,0.0207596562916805,291.64806327819826,293.09032724168566,293.2259481218126,-6.519430500102118,-6.246182727226451,0.820254629243295,0.7290859641479679,0.6973830327364818,0.4787572026252746,0.5656997561454773,-0.09116866509532706
416,37.95398216098417,3.75393947926415,0,6,2020-03-24,,synthetic_background,0.0004848838920565,0.0398073487097789,298.3589193979899,301.50763409932455,302.2210002051459,-6.330274584437079,-6.60114626591322,0.7586062402935717,0.7562668218141759,0.6482728932146994,0.2507267892360687,0.3838648498058319,-0.002339418479395783
417,38.110690008762006,1.8485296666754976,0,6,2020-03-24,,synthetic_background,0.0037032515878649,0.0208201997096111,300.6918349795872,303.75290319654675,304.1006280263265,-4.890815639389524,-5.849182127631048,0.8537713230687848,0.981070077059865,0.6990332261912875,0.3286325931549072,0.456125408411026,0.12729875399108026
418,37.81304761179853,2.6054215823838334,0,6,2020-03-24,,synthetic_background,0.0062159300918551,0.0364752702529003,300.9859159257677,304.62716534932446,305.5171536339654,-9.835423505524563,-10.15278227224047,0.3827297467854151,0.3774712308040957,0.3618126074162728,0.2815887033939361,0.3990534543991089,-0.005258515981319378
419,37.9398567456629,2.948893035626674,0,6,2020-03-24,,synthetic_background,0.0011681021327945,0.0277878336722423,301.09874687194826,305.2562723371718,306.9744887034099,-8.75717121653039,-9.440747473419936,0.3427792615101457,0.4699615372981629,0.3259663591306692,0.3178619146347046,0.4416193664073944,0.12718227578801722
420,38.42362066792152,1.073272050385749,0,6,2020-03-24,,synthetic_background,0.0046252162332507,0.0214138768727352,300.213048087226,303.61616817050515,304.34428037007643,-5.09945100946223,-4.782787200680059,0.8680797431422989,0.9443923952927812,0.990470082061939,0.2986134588718414,0.4720057249069214,0.07631265215048233
421,36.76332010009459,4.568864503633806,0,6,2020-03-24,,synthetic_background,0.0006447733516665,0.0046606801564266,303.01526162889263,307.5778055402968,306.198832236396,-7.518576649339687,-5.947850423129118,,0.929538248691957,0.7943633389332464,0.5132461190223694,0.5396886467933655,
422,38.97528385746735,3.721617715008498,0,6,2020-03-24,,synthetic_background,0.0010867119903537,0.0204399965817501,296.13825425042046,298.4206874847412,299.2411716461182,-4.5320075937209765,-5.40170358385296,0.9379866640574552,1.0418752577255663,0.9395430740766294,0.2639917731285095,0.4581212401390075,0.1038885936681111
423,37.9129414763912,4.147978366219492,0,6,2020-03-24,,synthetic_background,0.0006726683254214,0.0391836010033657,298.86354179382323,301.44301821390786,301.6976929134793,-4.623118255161939,-4.2511962516616215,1.0088872635009791,1.025792358611045,1.0824020718135603,0.3086898624897003,0.4008519649505615,0.01690509511006577
424,38.796996100398594,0.994164618992498,0,6,2020-03-24,,synthetic_background,0.0031746626968356,0.0322264574582149,301.2001845889621,304.0246751149496,304.2961304134794,-5.749736964461785,-6.074405689940736,0.642938793927624,0.8414531439877128,0.6862620337879195,0.4419082403182983,0.5838984251022339,0.19851435006008877
425,38.03742723680578,3.679570968028381,0,6,2020-03-24,,synthetic_background,0.0003701002473803,0.0379921488577892,298.06585299173986,301.68474455939395,302.2455173492432,-4.654462448708568,-5.4525631921129865,0.9792906280213384,1.020297216391155,0.8590994258458711,0.2890909612178802,0.4348953366279602,0.04100658836981663
426,37.87466099008546,3.241765552002553,0,6,2020-03-24,,synthetic_background,0.0006016940946551,0.0327061705405284,300.3595921410454,303.2021490732829,303.9174574534099,-6.118303050145359,-6.282902913778614,0.7476690757481425,0.7856990552336277,0.763726332740373,0.2922851145267486,0.4034500122070312,0.038029979485485255
427,37.41001150607238,3.4393507071456866,0,6,2020-03-24,,synthetic_background,0.0004676432485553,0.1053117655331661,301.6069988250732,305.1272033267551,303.6810045454237,-8.466046443482846,-8.078145151624703,0.6923895132264545,0.5018083310944494,0.5946480183414264,0.2916320562362671,0.4327224791049957,-0.19058118213200503
428,36.57677557303906,5.303883375655558,0,6,2020-03-24,,synthetic_background,0.0375580788726779,0.0498531453425457,295.7414009518094,296.0459316253662,296.2250420888265,-5.457683181132718,-6.38962337351658,0.8629925742141523,0.8863370234135177,0.9495346301079892,0.4086486399173736,0.5402430295944214,0.023344449199365402
429,36.97951447457103,0.4890741298951084,0,6,2020-03-24,,synthetic_background,0.0177199394578906,0.0219013683611919,292.7310439639621,293.9790750715468,294.0701647016738,-5.798671378726009,-5.200919028066904,0.7833700498815106,0.834171435850861,0.7627352668465441,0.4463836252689361,0.4902796447277069,0.050801385969350354
430,36.32236536624145,3.7161693151059967,0,6,2020-03-24,,synthetic_background,0.0008255989427539,0.0102483920867015,303.331212149726,307.13122350904683,306.2542847103543,-9.980979465847737,-9.639679334180766,0.3934366751490473,0.3651049595758384,0.3568651603552907,0.3173736333847046,0.4583857357501983,-0.028331715573208904
431,38.84243426434719,4.92450915696849,0,6,2020-03-24,,synthetic_background,0.0025301874752017,0.0090680860096981,294.352696524726,295.6192334916857,296.8101874881321,-5.132191692622117,-6.066188353535599,0.7875572619180811,0.9389645398770968,0.8392241836361902,0.2262394875288009,0.3953608274459839,0.15140727795901576
432,36.5274979161246,4.963506196737865,0,6,2020-03-24,,synthetic_background,0.0174228997106524,0.0242777310425807,298.8336806827121,300.2271490732828,300.8349107954237,-6.05878931501946,-4.477375457104683,0.6950711431928381,0.7944029376879972,0.8994622827924613,0.5116429328918457,0.6192296743392944,0.09933179449515905
433,37.95886031617118,1.8327168775047311,0,6,2020-03-24,,synthetic_background,0.0039882660980197,0.0196945957953502,300.61875555250384,303.27247242397726,303.4883396148681,-5.721661292697398,-7.038874384939845,0.7129736597243554,0.8467050321040623,0.6563397618460064,0.294167548418045,0.3664067685604095,0.1337313723797069
434,37.88247774064712,4.777486408474892,0,6,2020-03-24,,synthetic_background,0.0017189086551638,0.0339373193795253,296.1824274275038,298.0833014170329,298.5513930002848,-5.55456583322815,-5.310076809658746,0.925463409029276,0.8708914798925406,0.7081482936813684,0.4256647527217865,0.5519180297851562,-0.054571929136735475
435,36.66091685677761,0.2200507777670581,0,6,2020-03-24,,synthetic_background,0.0267715306158038,0.0135693989808132,290.465684805976,291.8783914777968,292.1656616634793,-5.989244380845246,-6.097641910446631,0.8153780747364147,0.8048868175600263,0.7119644214577697,0.6252690553665161,0.6877680420875549,-0.010491257176388324
436,38.33642937582814,2.072254580392431,0,6,2020-03-24,,synthetic_background,0.0043355525608035,0.0255043201262523,300.330723868476,303.00179642571345,303.7573229047987,-7.600974009174963,-7.400620980462333,1.0078768837591476,0.5943738355332053,0.5235414714138644,0.3757207095623016,0.5031031370162964,-0.4135030482259423
437,38.78244869706919,1.7563909578986494,0,6,2020-03-24,,synthetic_background,0.0028701425666781,0.0402948849017192,300.78858519660105,303.8368821461996,304.3421807607015,-6.426521862367135,-7.27292054053515,0.7252900314700301,0.7498052260858821,0.6246595679274555,0.3896763920783996,0.5200271606445312,0.024515194615851943
438,37.94893765514398,2.7806491500348,0,6,2020-03-24,,synthetic_background,0.0019035936470004,0.0319479398543407,300.5044651879205,304.5251633961996,306.43625628153484,-9.797562876872751,-9.498849448438737,0.3977601179550894,0.379342226829811,0.3587509104171567,0.2261001318693161,0.3696935176849365,-0.01841789112527842
439,38.36517173211943,0.5287867371785353,0,6,2020-03-24,,synthetic_background,0.0124997795696231,0.0385848574454357,298.8907499101427,300.350809012519,300.448490439521,-5.497255015978119,-4.230393679604131,0.993334882634242,0.8804548018866729,0.8146139280536491,0.5049636363983154,0.5871943235397339,-0.11288008074756906
440,38.13062813389862,5.57404131706282,0,6,2020-03-24,,synthetic_background,0.0220501274938555,0.0261797301585247,292.90825750562885,294.015750418769,294.5955878787571,-6.642235905259858,-7.0127939270539645,0.9697442425750028,0.7123076122590966,0.6882350989596883,0.4054203927516937,0.5250208377838135,-0.25743663031590625
441,37.21085638872711,3.735590125323229,0,6,2020-03-24,,synthetic_background,0.0002231300945254,0.070626109104829,301.5673178354899,305.4741488562691,304.7292358822293,-8.45187630407043,-9.680124508746044,0.5333964283651611,0.5023243542453151,0.3988270760861109,0.2329452186822891,0.4445114135742187,-0.031072074119846027
442,36.02280338300334,0.230146782935199,0,6,2020-03-24,,synthetic_background,0.013806417691228,0.0208687029892971,294.49933823479546,296.063064871894,296.2903415679931,-7.118937310971338,-6.076888756849175,0.8882352003714529,0.6502980289995212,0.7843494190173586,0.6026097536087036,0.6524510979652405,-0.2379371713719317
443,37.89087513533014,0.716017256452091,0,6,2020-03-24,,synthetic_background,0.0120854080791446,0.0221417985970546,298.3886991288927,300.38655662536627,300.586896472507,-5.732332965870465,-5.717275759768908,0.9715994268064838,0.8433418261448176,0.8714981252510666,0.5006291270256042,0.6028803586959839,-0.12825760066166625
444,38.47001980320706,1.9591180702522184,0,6,2020-03-24,,synthetic_background,0.0035257787580462,0.0429943941647579,300.5355253007677,303.2723693423801,303.62994660271545,-5.865365207510132,-6.131886113279505,0.7383751407396899,0.8268109004090296,0.5656047172680843,0.4028559029102325,0.5389785766601562,0.0884357596693397
445,38.93753197611621,0.0321573254122415,0,6,2020-03-24,,synthetic_background,0.0141492338056536,0.0426382862145473,300.91775186326765,303.2740566253662,303.5266859690348,-6.960019137158877,-7.382652198407256,0.6359468298789159,0.6704721439868329,0.562151634772994,0.353527307510376,0.4651820063591003,0.03452531410791693
446,37.74468388022496,3.4127040252274377,0,6,2020-03-24,,synthetic_background,0.0010295362348529,0.0821470163876583,296.78285602993435,300.2945156097412,299.6286228179932,-6.375971195790942,-6.832783834037202,0.7546271901762648,0.7489131437532325,0.8368638131006525,0.3848485052585602,0.5046229362487793,-0.005714046423032304
447,36.34371272456264,4.1813040658212,0,6,2020-03-24,,synthetic_background,0.0019581318969699,0.0098058723027278,302.86543524000376,306.99483570522733,305.6029717763265,-5.447325892232794,-6.083392395153833,0.6080265852546458,0.887831442478483,0.6412366579708983,0.4120488166809082,0.5651789307594299,0.2798048572238372
448,37.27946595942724,2.6047833380367105,0,6,2020-03-24,,synthetic_background,0.0016987175817462,0.0166107855851223,301.35858845180934,305.2803608788384,306.1717000749376,-5.872907376565539,-5.66863428304142,0.8625168186345799,0.8219869739319446,0.8548353277937553,0.2879562079906463,0.2992426753044128,-0.04052984470263521
449,36.23474360634871,1.209090488022699,0,6,2020-03-24,,synthetic_background,0.0050057024831744,0.0064972482735683,299.65578354729547,303.3807786305745,302.1098999447293,-5.442289633420812,-6.457219681420831,0.8184421129912223,0.8991646279401044,0.7207040022644795,0.4525985419750213,0.578350305557251,0.08072251494888216
450,36.6223765847019,2.2493986372698265,0,6,2020-03-24,,synthetic_background,0.0014921129817935,0.0255644016081859,303.1059300316704,307.8387321896023,307.57893748813206,-8.861654746403502,-8.221754202196442,0.4728900764432884,0.4620731091893434,0.5606961609847376,0.3525685369968414,0.5145553946495056,-0.010816967253944987
451,37.45507422626173,3.960668657978045,0,6,2020-03-24,,synthetic_background,0.0004937202806445,0.0495139949137737,300.1048015594482,303.62612368265786,303.18138974507656,-7.7577288166897,-8.238041681719295,0.6093912232541419,0.5741161377826757,0.5799944094221284,0.2703185677528381,0.394629418849945,-0.03527508547146618
452,37.33952532800398,2.581571527192304,0,6,2020-03-24,,synthetic_background,0.0016987175817462,0.0166107855851223,301.35858845180934,305.2803608788384,306.1717000749376,-6.694963674318156,-5.9662384916286975,0.909483933481183,0.7052272672322505,0.8811635528991021,0.2879562079906463,0.2992426753044128,-0.20425666624893246
453,37.08392219831826,1.518329123264171,0,6,2020-03-24,,synthetic_background,0.0075518191928836,0.0121228240544368,298.45097668965656,301.64933331807447,301.4640720367432,-6.1300637914883005,-7.175134892678615,0.7435894374364449,0.7839907085171596,0.7821946506718048,0.3735895454883575,0.4707789123058319,0.040401271080714674
454,38.12246143573857,2.036946190713405,0,6,2020-03-24,,synthetic_background,0.0050806702251406,0.0191577218586971,300.2920302920872,303.39878535800506,304.1030206044516,-5.177981001592526,-5.487315472323965,1.0850900678658193,0.9314097842602248,0.8971208279747841,0.3268447518348694,0.443491131067276,-0.1536802836055945
455,37.862841236923465,4.863202894617242,0,6,2020-03-24,,synthetic_background,0.0022151918287249,0.0329864315802623,295.2149252573648,296.634402762519,297.3247925228543,-5.2026427431356925,-4.500722942213926,0.7548534542087929,0.9304617581160142,0.9106281230836284,0.436144471168518,0.5411514639854431,0.17560830390722126
456,37.14771647764075,3.603841154747,0,6,2020-03-24,,synthetic_background,0.0002237708444567,0.0811112366730739,301.75587577819823,305.2782124413385,304.665140830146,-6.842036294871129,-7.217584311368878,0.6508634564265101,0.693341844931089,0.5905693784946704,0.2348937690258026,0.3541204035282135,0.04247838850457886
457,36.473160500268406,4.4370548497330216,0,6,2020-03-24,,synthetic_background,0.0032200367326709,0.0089202664906551,301.97559149000386,307.0336486392551,305.451468955146,-6.645591555072622,-6.299227138845657,0.7170242632768863,0.7118553575919225,0.7699243905724991,0.3858688175678253,0.5299545526504517,-0.005168905684963754
458,37.89261756521794,3.084903513414928,0,6,2020-03-24,,synthetic_background,0.0005999059553118,0.0280181758219768,300.81487642924,304.5144917382134,306.00598826938204,-9.474366447451535,-10.035675784228008,0.5149318659621058,0.4056770598197324,0.3605099238817536,0.2423008978366851,0.3651697933673858,-0.10925480614237343
459,38.34099500785947,2.410506896788202,0,6,2020-03-24,,synthetic_background,0.0041346104021044,0.0261117659623195,299.51644977993425,301.5825201670329,302.1962063683404,-5.665352926789271,-5.692645838547612,0.7920621113003656,0.8580527485370106,0.7715601675574364,0.3963119089603424,0.508953332901001,0.065990637236645
460,37.232252673386576,0.1400566950696102,0,6,2020-03-24,,synthetic_background,0.0731856227989169,0.0819084040934612,289.822862540351,291.3102491166856,291.1591186947293,-6.438183301672466,-5.714180070720412,0.662266431419166,0.7493739414433296,0.8019078517258738,0.7605677247047424,0.7920140624046326,0.08710751002416361
461,38.138185855836944,2.125180498944664,0,6,2020-03-24,,synthetic_background,0.0059697182054492,0.0191189639384319,300.2606392330593,301.7956874847413,302.428449206882,-5.807560193932897,-5.955665900139309,0.8996449897429315,0.8318571230974924,0.9036611437169496,0.3337386846542358,0.433786541223526,-0.06778786664543912
462,37.17457985990448,1.2225878798767176,0,6,2020-03-24,,synthetic_background,0.0146400631542178,0.0262653671319057,294.83075099521216,295.9428608788384,296.1511814117431,-4.828879283428975,-5.400132438521908,0.9840329495148488,0.9910580622984128,0.9231213017128536,0.4216567873954773,0.5024968385696411,0.0070251127835639915
463,36.5198793309512,1.3492286341935595,0,6,2020-03-24,,synthetic_background,0.0089524389381381,0.0282099537665416,294.82779960632325,296.74817229376896,296.48357073465985,-6.93260402375217,-6.533360410542266,0.7923831803825575,0.6923490894748721,0.8143192156323509,0.3388457894325256,0.3548355102539062,-0.10003409090768545
464,36.13565134508927,2.578183242446172,0,6,2020-03-24,,synthetic_background,0.0024044812793704,0.0027442865187694,303.57306870354546,308.25256139967183,307.36353492736816,-10.464079499907372,-9.42465943578712,0.368022539879256,0.3311192048318619,0.4705246703839557,0.260586529970169,0.3363174498081207,-0.03690333504739407
465,36.86,2.41916666700007,1,7,2020-03-31,2020-03-31,fao_hopper,0.0022601039285632,0.0420671694094707,300.53268241882324,304.8396219465468,305.3637248145209,-7.919515245547204,-5.928216950918111,0.6134896683069384,0.5650798505279538,0.811207438794578,0.3209762275218963,0.4692764282226562,-0.048409817778984565
466,36.841388889,2.48694444400007,1,7,2020-03-31,2020-03-31,fao_hopper,0.0018718541736575,0.043416961293893,300.66089964972605,305.7700093163385,306.1468953874376,-9.971256276617504,-9.407900429383403,0.5254711686483329,0.3713086211656168,0.607195619054377,0.3021463751792907,0.4100652039051056,-0.15416254748271607
467,36.8691666670001,2.35305555600007,1,7,2020-03-31,2020-03-31,fao_hopper,0.0022601039285632,0.0420671694094707,300.53268241882324,304.8396219465468,305.3637248145209,-4.81108593733984,-5.242831813711685,0.7114914483018826,0.9933357561165008,0.6534851544059683,0.3238509893417358,0.2647394835948944,0.2818443078146182
468,37.0733333330001,5.16138888900002,1,7,2020-03-31,2020-04-03,fao_hopper,0.004972308980939,0.0394777946288158,299.6931424882677,298.2217942555746,298.46730554368764,-3.683248491889257,-5.027280688424476,0.7328466679281159,1.2003057003826083,1.099561321502343,0.552733838558197,0.6493586301803589,0.4674590324544924
469,37.0630555560001,5.13333333300005,1,7,2020-03-31,2020-04-03,fao_hopper,0.0092770160312625,0.0608671449238826,297.6622776879204,297.0763569725885,297.170511923896,-6.371571790741597,-5.219201864766971,0.8284054869788811,0.7498959608991411,0.9095838602884664,0.552733838558197,0.6493586301803589,-0.07850952607973993
470,37.066666667,5.14194444400005,1,7,2020-03-31,2020-04-03,fao_hopper,0.0092770160312625,0.0608671449238826,297.6622776879204,297.0763569725885,297.170511923896,-4.165409604149373,-4.941180657316501,0.7784395444094488,1.1123161763221625,0.8574325120107876,0.552733838558197,0.6493586301803589,0.33387663191271366
471,37.071388889,5.15361111100003,1,7,2020-03-31,2020-04-03,fao_hopper,0.004972308980939,0.0394777946288158,299.6931424882677,298.2217942555746,298.46730554368764,-5.075971629219515,-2.181761771097616,1.0578753189202903,0.9532586074207614,0.9617832795686112,0.552733838558197,0.6493586301803589,-0.10461671149952889
472,36.765555556,5.31361111100006,1,7,2020-03-31,2020-04-03,fao_hopper,0.0073706955785723,0.0122093848998119,298.0816787295872,300.7733404795329,300.9244995541043,-5.595739621333063,-8.12302998542635,0.9146164540390976,0.8674796294580158,0.8375859826495289,0.573131799697876,0.6573684811592102,-0.047136824581081815
473,36.8658333330001,2.37666666700005,1,7,2020-03-31,2020-04-05,fao_hopper,0.0022601039285632,0.0420671694094707,300.53268241882324,304.8396219465468,305.3637248145209,-5.896481329811119,-5.872577031765977,0.8192132089502576,0.8650913175844892,0.7957699518583257,0.3209762275218963,0.4692764282226562,0.045878108634231585
474,36.86,2.41027777800002,1,7,2020-03-31,2020-04-05,fao_hopper,0.0022601039285632,0.0420671694094707,300.53268241882324,304.8396219465468,305.3637248145209,-8.665382962726426,-9.065097697258258,0.5301883380156756,0.4885379856315067,0.4644800049588152,0.3209762275218963,0.4692764282226562,-0.041650352384168865
475,37.583611111,0.357222222000075,1,7,2020-03-31,2020-04-01,fao_hopper,0.014228209959981,0.0147716693694164,295.8925728268093,298.06553883022724,298.231693564521,-6.766852775351504,-5.46119630040743,0.6809867350906225,0.6984311767988883,0.8135283015220981,0.5669479370117188,0.6066787838935852,0.017444441708265868
476,36.8563888890001,2.43333333300006,1,7,2020-03-31,2020-04-01,fao_hopper,0.0022601039285632,0.0420671694094707,300.53268241882324,304.8396219465468,305.3637248145209,-6.047990799790834,-5.868440283650225,0.6469196570849123,0.7962997280195296,0.8214057750177857,0.3021463751792907,0.4100652039051056,0.14938007093461736
477,36.85,5.41666666700007,1,7,2020-03-31,2020-03-31,fao_band,0.0009365827913256,0.00868742094584,300.3896973927816,302.52886348300507,302.6068943023681,-4.769714083394691,-5.036519216225798,0.8465784421452098,1.007059200662078,0.9046609392386076,0.3849487006664276,0.500110387802124,0.16048075851686816
478,36.9166666670001,5.2,1,7,2020-03-31,2020-03-31,fao_band,0.0013900400276156,0.0108833305651714,300.14819891187875,301.7892964257135,301.7370266808404,-6.182941211262422,-6.106121961074368,0.7269774870508758,0.7806513172804056,0.9264808334041416,0.394692450761795,0.4302302002906799,0.05367383022952976
479,36.9,5.2,1,7,2020-03-31,2020-03-31,fao_band,0.0013900400276156,0.0108833305651714,300.14819891187875,301.7892964257135,301.7370266808404,-5.748097930833588,-6.263108846999732,0.8152165860051639,0.8438980527586754,0.8155178143436544,0.394692450761795,0.4302302002906799,0.028681466753511464
480,36.8833333330001,5.1,1,7,2020-03-31,2020-03-31,fao_band,0.0023635328884097,0.0111300490910579,302.2251737382676,303.2293029361301,303.2979099273681,-9.607680499132918,-7.738830117380148,0.5072247074401697,0.3946889049619163,0.5053522122677105,0.3560592234134674,0.4816207885742187,-0.1125358024782534
481,37.0,5.3,1,7,2020-03-31,2020-03-31,fao_band,0.0023857207174273,0.0254001461083461,301.06008584764265,299.16652081807456,299.4991631825765,-5.827639446445363,-6.317621719851694,0.707019566330319,0.8289867985452103,0.6692771385778483,0.3915552496910095,0.5032628178596497,0.12196723221489125
482,36.95,5.21666666700003,1,7,2020-03-31,2020-03-31,fao_band,0.0013900400276156,0.0108833305651714,300.14819891187875,301.7892964257135,301.7370266808404,-6.531912471702505,-3.698454199601098,1.1047884677388768,0.7301024466437709,0.7090974353573245,0.3915552496910095,0.5032628178596497,-0.37468602109510596
483,36.9,5.85,1,7,2020-03-31,2020-03-31,fao_band,0.0033174605245562,0.0020411007220317,297.8058540768094,298.27767533196345,298.0875366634793,-3.910710993479828,,0.7386147399822254,1.1558120023905356,0.7387490362909515,0.4575861394405365,0.5588414669036865,0.41719726240831023
484,36.716666667,5.46666666700003,1,7,2020-03-31,2020-03-31,fao_band,0.0198759884710284,0.0306461297089626,296.8487794240316,295.9992302364773,296.3549791547987,-5.513444848413814,-5.091173223788459,0.9632084435749066,0.8831028626440378,0.8038317627918342,0.3922734260559082,0.5095626711845398,-0.08010558093086884
485,36.8,5.35,1,7,2020-03-31,2020-03-31,fao_band,0.0073706955785723,0.0122093848998119,298.0816787295872,300.7733404795329,300.9244995541043,-6.51652989807152,-5.171289622728379,0.723943726116417,0.7303355575122583,0.8280863783290879,0.3849487006664276,0.500110387802124,0.006391831395841319
486,36.816666667,5.51666666700004,1,7,2020-03-31,2020-03-31,fao_band,0.0064496250028582,0.0163506411130001,300.44989162021216,300.5355258093941,300.7486531999376,-5.9794456021384566,-5.246417573319848,0.9397849154084048,0.8060993552127671,0.8943841792189162,0.3846943974494934,0.4981369078159332,-0.1336855601956377
487,36.816666667,5.36666666700006,1,7,2020-03-31,2020-03-31,fao_band,0.0058925003881427,0.0103007100636531,299.7732097625732,301.68782073126897,301.8233168284098,-4.753041508702041,-3.71712419818452,0.673262332065039,1.0055699449945292,1.0282691855578463,0.3849487006664276,0.500110387802124,0.3323076129294902
488,36.7333333330001,5.38333333300005,1,7,2020-03-31,2020-03-31,fao_band,0.0188903660650225,0.0280081324393322,297.33766831292047,296.9224073198107,297.3670342763265,-6.5437588725045615,-4.36497966021189,0.7752311066325102,0.7261379629805765,1.0345568074153824,0.3906351327896118,0.5082666873931885,-0.049093143651933624
489,36.7,5.28333333300003,1,7,2020-03-31,2020-03-31,fao_band,0.0228650570983859,0.033909469109254,296.47645412021217,296.4820427364773,296.8751288943821,-5.248089574385973,-5.887208709308341,0.8610784714290681,0.9239521655379432,0.9205895737004344,0.388964295387268,0.5070490837097168,0.06287369410887511
490,36.833333333,5.45,1,7,2020-03-31,2020-03-31,fao_band,0.0058925003881427,0.0103007100636531,299.7732097625732,301.68782073126897,301.8233168284098,-4.704988698016298,-5.799083449585575,0.7772359645385762,1.0149764226394224,0.8189249301221844,0.3967407047748565,0.5103927850723267,0.2377404581008462
491,37.016666667,5.3,1,7,2020-03-31,2020-03-31,fao_band,0.0023857207174273,0.0254001461083461,301.06008584764265,299.16652081807456,299.4991631825765,-5.940058827141519,-5.089306422374063,0.6935704461813216,0.8356162108481342,0.7617206409190257,0.3915552496910095,0.5032628178596497,0.14204576466681262
492,36.966666667,5.3,1,7,2020-03-31,2020-03-31,fao_band,0.0023857207174273,0.0254001461083461,301.06008584764265,299.16652081807456,299.4991631825765,-6.427400461762106,-6.737561603775124,0.7388160998360042,0.742622387575385,0.9159097581881368,0.3915552496910095,0.5032628178596497,0.0038062877393808536
493,36.85,5.46666666700003,1,7,2020-03-31,2020-03-31,fao_band,0.0008742810363742,0.0037816755587627,301.29242634243434,302.1067334916856,302.1969876183404,-4.741851346494942,-5.938016059095931,0.7051570187697391,1.0200510835664027,0.820690715828042,0.3967407047748565,0.5103927850723267,0.3148940647966636
494,36.75,5.36666666700006,1,7,2020-03-31,2020-03-31,fao_band,0.0188903660650225,0.0280081324393322,297.33766831292047,296.9224073198107,297.3670342763265,-5.348847161978294,-4.767522315492542,0.9310731288850952,0.9040094837427636,0.9828957093484392,0.3906351327896118,0.5082666873931885,-0.027063645142331616
495,36.75,5.35,1,7,2020-03-31,2020-03-31,fao_band,0.0228650570983859,0.033909469109254,296.47645412021217,296.4820427364773,296.8751288943821,-5.339637364666572,-6.095303814001658,1.0033166892984364,0.9062001184387832,0.8959067215402332,0.3906351327896118,0.5082666873931885,-0.0971165708596532
496,36.833333333,5.53333333300003,1,7,2020-03-31,2020-03-31,fao_band,0.0064496250028582,0.0163506411130001,300.44989162021216,300.5355258093941,300.7486531999376,-5.340018636154783,-4.621917374266314,0.9542489203280752,0.905125862819272,0.837960858215876,0.3846943974494934,0.4981369078159332,-0.04912305750880319
497,37.066666667,5.31666666700005,1,7,2020-03-31,2020-03-31,fao_band,0.0038010479087802,0.0325956784302761,300.7084473927816,299.53410436842177,300.0336358388265,-4.711841660507548,-5.617159409417496,0.9066645003722796,1.0124469763751986,1.072416533000483,0.5522028207778931,0.6464879512786865,0.10578247600291901
498,37.05,5.13333333300005,1,7,2020-03-31,2020-03-31,fao_band,0.0057413728113147,0.0282056473309566,301.2954699622261,299.5003044552273,299.91887889438203,-5.801422785990388,-5.433473874623676,0.9212934685660614,0.8410871217519373,0.6663475210423755,0.552733838558197,0.6493586301803589,-0.08020634681412409
499,37.1166666670001,5.31666666700005,1,7,2020-03-31,2020-03-31,fao_band,0.0038010479087802,0.0325956784302761,300.7084473927816,299.53410436842177,300.0336358388265,-6.199858070013318,-6.281423006349522,0.813962973211277,0.7762914617894732,0.798313436258335,0.5522028207778931,0.6464879512786865,-0.037671511421803805
500,36.816666667,5.46666666700003,1,7,2020-03-31,2020-03-31,fao_band,0.0064496250028582,0.0163506411130001,300.44989162021216,300.5355258093941,300.7486531999376,-5.275897738141524,-6.048835348446996,0.854369173239394,0.9155651354094976,0.8004539866740249,0.3967407047748565,0.5103927850723267,0.06119596217010359
501,36.833333333,5.6,1,7,2020-03-31,2020-03-31,fao_band,0.0102041960830661,0.0208317183072139,298.7128419240316,298.72101300557455,298.8006985558404,-5.273512104200768,-5.965368646624899,0.8842585198446227,0.9201379493900376,1.1087662160094176,0.3958668708801269,0.5141097903251648,0.0358794295454149
502,37.066666667,5.31666666700005,1,7,2020-03-31,2020-04-02,fao_band,0.0038010479087802,0.0325956784302761,300.7084473927816,299.53410436842177,300.0336358388265,-4.711841660507548,-5.617159409417496,0.9066645003722796,1.0124469763751986,1.072416533000483,0.5522028207778931,0.6464879512786865,0.10578247600291901
503,37.05,5.25,1,7,2020-03-31,2020-04-02,fao_band,0.0023857207174273,0.0254001461083461,301.06008584764265,299.16652081807456,299.4991631825765,-5.324502605585435,-5.431870184316049,0.7836076633218193,0.9185446573114904,0.8729295375814489,0.5522028207778931,0.6464879512786865,0.13493699398967107
504,36.816666667,5.43333333300006,1,7,2020-03-31,2020-04-02,fao_band,0.0058925003881427,0.0103007100636531,299.7732097625732,301.68782073126897,301.8233168284098,-6.557434422257371,-5.771686250769466,0.7051766093139251,0.7238456062621158,0.8346788961082675,0.3967407047748565,0.5103927850723267,0.018668996948190686
505,36.783333333,5.36666666700006,1,7,2020-03-31,2020-04-02,fao_band,0.0058925003881427,0.0103007100636531,299.7732097625732,301.68782073126897,301.8233168284098,-4.7645579107423845,-5.612157330276716,0.8408855381838787,1.002602241574829,0.9884645061527664,0.3906351327896118,0.5082666873931885,0.16171670339095034
506,36.716666667,2.75,1,7,2020-03-31,2020-04-05,fao_band,0.0009690822238894,0.0290315292889644,303.0066950056288,305.44056595696344,305.9915405697293,-6.863627988260445,-7.616491079395762,0.6329509926261436,0.6926696297988397,0.7126577365776579,0.2999175786972046,0.4189193844795227,0.0597186371726961
507,37.066666667,5.31666666700005,1,7,2020-03-31,2020-04-01,fao_band,0.0038010479087802,0.0325956784302761,300.7084473927816,299.53410436842177,300.0336358388265,-4.711841660507548,-5.617159409417496,0.9066645003722796,1.0124469763751986,1.072416533000483,0.5522028207778931,0.6464879512786865,0.10578247600291901
508,37.1166666670001,5.31666666700005,1,7,2020-03-31,2020-04-01,fao_band,0.0038010479087802,0.0325956784302761,300.7084473927816,299.53410436842177,300.0336358388265,-6.199858070013318,-6.281423006349522,0.813962973211277,0.7762914617894732,0.798313436258335,0.5522028207778931,0.6464879512786865,-0.037671511421803805
509,36.8833333330001,5.18333333300006,1,7,2020-03-31,2020-04-03,fao_band,0.0013900400276156,0.0108833305651714,300.14819891187875,301.7892964257135,301.7370266808404,-6.568451682876629,-6.995296888680013,0.6386143199894698,0.7229269645175996,0.7517915113413968,0.394692450761795,0.4302302002906799,0.08431264452812981
510,36.8833333330001,5.15,1,7,2020-03-31,2020-04-03,fao_band,0.0023635328884097,0.0111300490910579,302.2251737382676,303.2293029361301,303.2979099273681,-5.641478199388062,-4.978017073731362,1.081186885028053,0.8686179138739563,1.083744453440862,0.3560592234134674,0.4816207885742187,-0.2125689711540968
511,37.9166666670001,5.25,1,7,2020-03-31,2020-04-03,fao_band,0.0116114021415683,0.0241572998578121,293.6618924882677,294.6866868336995,295.38034265306254,-5.560551519535464,-4.74282602838543,0.986720745411534,0.8722154402758113,0.8524272158398192,0.4455794990062713,0.5804926753044128,-0.11450530513572266
512,36.75,5.46666666700003,1,7,2020-03-31,2020-04-03,fao_band,0.0198759884710284,0.0306461297089626,296.8487794240316,295.9992302364773,296.3549791547987,-3.877402362196656,-3.979788134381046,1.1158062237470174,1.162138070920122,0.9477696540970614,0.3922734260559082,0.5095626711845398,0.04633184717310446
513,36.716666667,5.46666666700003,1,7,2020-03-31,2020-04-03,fao_band,0.0198759884710284,0.0306461297089626,296.8487794240316,295.9992302364773,296.3549791547987,-5.513444848413814,-5.091173223788459,0.9632084435749066,0.8831028626440378,0.8038317627918342,0.3922734260559082,0.5095626711845398,-0.08010558093086884
514,36.783333333,5.36666666700006,1,7,2020-03-31,2020-04-03,fao_band,0.0058925003881427,0.0103007100636531,299.7732097625732,301.68782073126897,301.8233168284098,-4.7645579107423845,-5.612157330276716,0.8408855381838787,1.002602241574829,0.9884645061527664,0.3906351327896118,0.5082666873931885,0.16171670339095034
515,36.816666667,5.36666666700006,1,7,2020-03-31,2020-04-03,fao_band,0.0058925003881427,0.0103007100636531,299.7732097625732,301.68782073126897,301.8233168284098,-4.753041508702041,-3.71712419818452,0.673262332065039,1.0055699449945292,1.0282691855578463,0.3849487006664276,0.500110387802124,0.3323076129294902
516,36.1333333330001,4.66666666700007,1,7,2020-03-31,2020-04-03,fao_band,0.0025690497035952,0.0035586796814968,302.9315593719482,306.3474507225884,304.9252319759793,-6.816595039668673,-7.253078480070773,0.5600395063399172,0.694764475798924,0.5762139263074919,0.2799560129642486,0.4097020626068115,0.1347249694590068
517,36.95,5.6,1,7,2020-03-31,2020-04-03,fao_band,0.0007521064157458,0.0011285238081981,300.71306436326773,301.42339473300507,301.33505185445154,-5.210675540143937,-5.384051016131494,0.8861596274068597,0.953762671098024,0.9530560105167576,0.6429030895233154,0.7342788577079773,0.06760304369116432
518,37.066666667,5.31666666700005,1,7,2020-03-31,2020-04-04,fao_band,0.0038010479087802,0.0325956784302761,300.7084473927816,299.53410436842177,300.0336358388265,-4.711841660507548,-5.617159409417496,0.9066645003722796,1.0124469763751986,1.072416533000483,0.5522028207778931,0.6464879512786865,0.10578247600291901
519,37.1,5.2,1,7,2020-03-31,2020-04-04,fao_band,0.004972308980939,0.0394777946288158,299.6931424882677,298.2217942555746,298.46730554368764,-6.142292799943857,-8.034315358884497,0.6017638834398058,0.7828824329582109,0.8587343992708587,0.5522028207778931,0.6464879512786865,0.18111854951840511
520,36.833333333,5.53333333300003,1,7,2020-03-31,2020-04-04,fao_band,0.0064496250028582,0.0163506411130001,300.44989162021216,300.5355258093941,300.7486531999376,-5.340018636154783,-4.621917374266314,0.9542489203280752,0.905125862819272,0.837960858215876,0.3846943974494934,0.4981369078159332,-0.04912305750880319
521,37.016666667,5.3,1,7,2020-03-31,2020-04-04,fao_band,0.0023857207174273,0.0254001461083461,301.06008584764265,299.16652081807456,299.4991631825765,-5.940058827141519,-5.089306422374063,0.6935704461813216,0.8356162108481342,0.7617206409190257,0.3915552496910095,0.5032628178596497,0.14204576466681262
522,36.966666667,5.3,1,7,2020-03-31,2020-04-04,fao_band,0.0023857207174273,0.0254001461083461,301.06008584764265,299.16652081807456,299.4991631825765,-6.427400461762106,-6.737561603775124,0.7388160998360042,0.742622387575385,0.9159097581881368,0.3915552496910095,0.5032628178596497,0.0038062877393808536
523,36.9166666670001,5.43333333300006,1,7,2020-03-31,2020-04-04,fao_band,0.0009365827913256,0.00868742094584,300.3896973927816,302.52886348300507,302.6068943023681,-5.884934384098687,-4.781405349738032,0.8779022691151215,0.8401664092149841,0.7375589399117622,0.4014256596565246,0.5138646364212036,-0.03773585990013739
524,36.8,5.48333333300008,1,7,2020-03-31,2020-04-02,fao_band,0.0064496250028582,0.0163506411130001,300.44989162021216,300.5355258093941,300.7486531999376,-4.560107145996279,-3.8129922291929095,0.8945746089326558,1.0392663124326644,0.8787541107372571,0.3967407047748565,0.5103927850723267,0.1446917035000086
525,36.833333333,5.53333333300003,1,7,2020-03-31,2020-04-03,fao_band,0.0064496250028582,0.0163506411130001,300.44989162021216,300.5355258093941,300.7486531999376,-5.340018636154783,-4.621917374266314,0.9542489203280752,0.905125862819272,0.837960858215876,0.3846943974494934,0.4981369078159332,-0.04912305750880319
526,36.8833333330001,5.18333333300006,1,7,2020-03-31,2020-04-04,fao_band,0.0013900400276156,0.0108833305651714,300.14819891187875,301.7892964257135,301.7370266808404,-6.568451682876629,-6.995296888680013,0.6386143199894698,0.7229269645175996,0.7517915113413968,0.394692450761795,0.4302302002906799,0.08431264452812981
527,36.783333333,5.3,1,7,2020-03-31,2020-04-04,fao_band,0.0073706955785723,0.0122093848998119,298.0816787295872,300.7733404795329,300.9244995541043,-4.400676365358303,-5.199939488227642,1.0184881831534265,1.0662104993375223,0.6895777466766806,0.573131799697876,0.6573684811592102,0.04772231618409584
528,36.8833333330001,5.1,1,7,2020-03-31,2020-04-04,fao_band,0.0023635328884097,0.0111300490910579,302.2251737382676,303.2293029361301,303.2979099273681,-9.607680499132918,-7.738830117380148,0.5072247074401697,0.3946889049619163,0.5053522122677105,0.3560592234134674,0.4816207885742187,-0.1125358024782534
529,37.75,5.46666666700003,1,7,2020-03-31,2020-04-04,fao_band,0.0138460547800036,0.0187048457676937,294.5539443545871,295.0859706878662,295.7646037207709,-4.833680288465239,,0.6986320208376254,0.9892510411118736,0.8388287380756312,0.5183618664741516,0.6277806758880615,0.29061902027424813
530,36.716666667,5.46666666700003,1,7,2020-03-31,2020-04-04,fao_band,0.0198759884710284,0.0306461297089626,296.8487794240316,295.9992302364773,296.3549791547987,-5.513444848413814,-5.091173223788459,0.9632084435749066,0.8831028626440378,0.8038317627918342,0.3922734260559082,0.5095626711845398,-0.08010558093086884
531,36.716666667,5.31666666700005,1,7,2020-03-31,2020-04-04,fao_band,0.0228650570983859,0.033909469109254,296.47645412021217,296.4820427364773,296.8751288943821,-5.53432450243879,-3.927524918207372,0.936381123984769,0.8749507683109992,0.7669349897760079,0.573131799697876,0.6573684811592102,-0.061430355673769865
532,36.783333333,5.31666666700005,1,7,2020-03-31,2020-04-04,fao_band,0.0073706955785723,0.0122093848998119,298.0816787295872,300.7733404795329,300.9244995541043,-6.144075312037756,-5.100396821739668,0.7395913068852742,0.7911725494900369,0.8807000030639462,0.573131799697876,0.6573684811592102,0.05158124260476271
533,36.7,5.35,1,7,2020-03-31,2020-04-04,fao_band,0.0228650570983859,0.033909469109254,296.47645412021217,296.4820427364773,296.8751288943821,-6.199310626094156,-3.510029881703753,0.8936392003559379,0.7739895393809637,0.8833146743729057,0.584868848323822,0.6606928706169128,-0.1196496609749742
534,36.7333333330001,5.38333333300005,1,7,2020-03-31,2020-04-04,fao_band,0.0188903660650225,0.0280081324393322,297.33766831292047,296.9224073198107,297.3670342763265,-6.5437588725045615,-4.36497966021189,0.7752311066325102,0.7261379629805765,1.0345568074153824,0.3906351327896118,0.5082666873931885,-0.049093143651933624
535,37.831666667,0.001111111000057,1,7,2020-03-31,2020-04-03,fao_band,0.033566206800458,0.0344305031115581,295.4138130611844,296.2068257225884,296.12082116868766,-7.912484037222569,-7.323810830151947,0.628224774482641,0.5573086428033145,0.5598391362329787,0.8597579598426819,0.8707880973815918,-0.07091613167932653
536,37.566666667,5.26666666700004,1,7,2020-03-31,2020-04-04,fao_band,0.0009610355968447,0.0052903138215114,299.7937555525038,299.0719407399495,299.5569214291043,-4.538725355089602,-4.148198896959601,0.8412210354905226,1.0406838744193465,0.8753401411723041,0.5089889168739319,0.6164220571517944,0.19946283892882388
537,37.6666666670001,5.23333333300008,1,7,2020-03-31,2020-04-04,fao_band,0.0008164049262973,0.0049848102147151,299.4629884084065,299.644412528144,300.1998196495904,-5.36310109682004,-4.795001141707385,1.0737439822696362,0.9024836175616244,0.931584773356125,0.4582687020301819,0.5796504020690918,-0.17126036470801176
538,37.2333333330001,5.15,1,7,2020-03-31,2020-04-04,fao_band,0.0075353832120867,0.0417008690650035,296.38805351257326,296.80454707675506,297.121342002021,-6.871884667436231,-6.71678788441921,0.6798949633089562,0.6840858945288864,0.7214257351775857,0.4108153879642486,0.537945032119751,0.004190931219930194
539,37.35,5.3,1,7,2020-03-31,2020-04-04,fao_band,0.0024996400947543,0.0216537706667949,296.06808280944824,297.0728576236301,297.5677178700765,-8.375196396915417,-4.470279877649331,0.8239125230344414,0.5581608843184025,0.6962870083702402,0.4014348089694977,0.5220494866371155,-0.2657516387160389
540,36.833333333,5.48333333300008,1,7,2020-03-31,2020-04-04,fao_band,0.0064496250028582,0.0163506411130001,300.44989162021216,300.5355258093941,300.7486531999376,-6.209168686998918,-3.6803202856476176,1.060435999187303,0.7734662550589917,0.887928031018387,0.3967407047748565,0.5103927850723267,-0.2869697441283112
541,37.2,5.18333333300006,1,7,2020-03-31,2020-04-04,fao_band,0.0040895045871707,0.034363537293153,297.7200522104899,297.5132384830051,297.801300769382,-4.915599067748321,-3.9616438646887175,0.9541493463565276,0.9760500576763648,0.7439905019484312,0.4137959480285644,0.5337092280387878,0.021900711319837174
542,37.066666667,5.16666666700007,1,7,2020-03-31,2020-04-04,fao_band,0.004972308980939,0.0394777946288158,299.6931424882677,298.2217942555746,298.46730554368764,-6.388208034331082,-6.8903230944768605,0.794357445327841,0.7484145162522808,0.954458517210828,0.552733838558197,0.6493586301803589,-0.04594292907556019
543,36.816666667,5.48333333300008,1,7,2020-03-31,2020-04-05,fao_band,0.0064496250028582,0.0163506411130001,300.44989162021216,300.5355258093941,300.7486531999376,-5.480447819929161,-4.824014192336929,0.9953433829459216,0.882574980847126,1.2809036972111882,0.3967407047748565,0.5103927850723267,-0.11276840209879557
544,36.828888889,2.48944444400007,1,7,2020-03-31,2020-04-01,fao_band,0.0018718541736575,0.043416961293893,300.66089964972605,305.7700093163385,306.1468953874376,-8.114305871566003,-8.830377252614886,0.5019805261477113,0.535311615930834,0.518818997473434,0.3021463751792907,0.4100652039051056,0.033331089783122714
545,37.581388889,0.443333333000055,1,7,2020-03-31,2020-04-02,fao_band,0.014228209959981,0.0147716693694164,295.8925728268093,298.06553883022724,298.231693564521,-5.365411891058208,-4.071514964530298,1.0188320118210443,0.904349732931767,0.9764203324963135,0.5669479370117188,0.6066787838935852,-0.11448227888927731
546,37.066666667,5.31666666700005,1,7,2020-03-31,2020-04-06,fao_band,0.0038010479087802,0.0325956784302761,300.7084473927816,299.53410436842177,300.0336358388265,-4.711841660507548,-5.617159409417496,0.9066645003722796,1.0124469763751986,1.072416533000483,0.5522028207778931,0.6464879512786865,0.10578247600291901
547,37.033333333,5.25,1,7,2020-03-31,2020-04-06,fao_band,0.0023857207174273,0.0254001461083461,301.06008584764265,299.16652081807456,299.4991631825765,-13.0500409575834,-11.653590066281629,0.1665043522528899,0.1888232187768961,0.6040063351804024,0.5522028207778931,0.6464879512786865,0.022318866524006192
548,37.1,5.2,1,7,2020-03-31,2020-04-06,fao_band,0.004972308980939,0.0394777946288158,299.6931424882677,298.2217942555746,298.46730554368764,-6.142292799943857,-8.034315358884497,0.6017638834398058,0.7828824329582109,0.8587343992708587,0.5522028207778931,0.6464879512786865,0.18111854951840511
549,37.0,5.46666666700003,1,7,2020-03-31,2020-04-06,fao_band,0.0021876097793551,0.0088341377789546,300.10686861673986,298.72090992397733,299.3629327138266,-5.443010444071605,-4.888504352147091,0.9285612607502828,0.8928531732527885,0.9113919858461976,0.4021199345588684,0.5148381590843201,-0.03570808749749432
550,37.0,5.28333333300003,1,7,2020-03-31,2020-04-06,fao_band,0.0023857207174273,0.0254001461083461,301.06008584764265,299.16652081807456,299.4991631825765,-6.907727437462299,-6.501772920945742,0.6890907620205642,0.6792147869713562,0.8065829933401172,0.3915552496910095,0.5032628178596497,-0.009875975049208008
551,36.779444444,5.30138888900007,1,7,2020-03-31,2020-04-03,fao_band,0.0073706955785723,0.0122093848998119,298.0816787295872,300.7733404795329,300.9244995541043,-5.102732293984877,-6.4172513267421145,1.0413299747540314,0.9466462014861284,1.100948039343869,0.573131799697876,0.6573684811592102,-0.094683773267903
552,36.7594444440001,5.31333333300006,1,7,2020-03-31,2020-04-03,fao_band,0.0073706955785723,0.0122093848998119,298.0816787295872,300.7733404795329,300.9244995541043,-4.915552786672679,-5.739391618041651,0.8554608043389589,0.9837881864747956,0.976255628911299,0.573131799697876,0.6573684811592102,0.12832738213583672
553,37.0,1.88333333300005,1,7,2020-03-31,2020-04-04,fao_band,0.0068364591474505,0.0458199523503353,296.8277290768093,300.0600809309218,299.8741686079237,-6.437882656281603,-6.045935541350284,0.691683299560341,0.74794699866741,0.7499043328949033,0.3622497320175171,0.5058385133743286,0.056263699107068965
554,37.1,1.88333333300005,1,7,2020-03-31,2020-04-04,fao_band,0.0054696799392672,0.0186985872799922,297.4607965681288,301.83175519307457,302.0817478179932,-4.342693875125098,-4.842654412665954,1.0692405616298777,1.0758111285860243,1.0700694311751435,0.3264210820198059,0.3832473754882812,0.006570566956146662
555,36.92,2.09638888900002,1,7,2020-03-31,2020-04-04,fao_band,0.0041090847129794,0.0657038979346325,295.78454873826763,298.704422293769,298.1835002051459,-6.9001262190584045,-7.722565074854951,0.8775811216218843,0.6792557708160674,0.6847272764180294,0.3478550910949707,0.4451156854629516,-0.19832535080581692
556,37.55,0.4,1,7,2020-03-31,2020-04-03,fao_band,0.014228209959981,0.0147716693694164,295.8925728268093,298.06553883022724,298.231693564521,-5.103885710997377,-5.294316293456541,0.941258794991979,0.9436990342988132,0.7855671796555138,0.5669479370117188,0.6066787838935852,0.0024402393068342354
557,36.35,0.31666666700005,1,7,2020-03-31,2020-04-03,fao_band,0.0870748610372516,0.0641589306408931,289.61515312194825,292.34232376946346,292.5082180870904,-5.132083435142292,-5.192081730087909,0.794837427327743,0.9389824514627314,0.7754838361310868,0.6262476444244385,0.6612197756767273,0.14414502413498842
558,36.4881148783354,4.528685265908099,0,7,2020-03-31,,synthetic_background,0.0029267520780535,0.0068691961581279,301.89697820875386,306.9864969465468,305.20880402459045,-5.81771756112116,-6.06894450126456,0.8231057827826596,0.8303172191907208,0.9730119787533278,0.4085138738155365,0.5277745723724365,0.0072114364080612114
559,37.69020554594333,1.3515864862125506,0,7,2020-03-31,,synthetic_background,0.0082023144836398,0.016969829064088,299.5430177052816,302.8151807573106,302.9597046322293,-6.160167876411531,-6.190167113387809,0.6477945419886861,0.7804544225025822,0.8134651084546893,0.3718642890453338,0.4381566345691681,0.1326598805138961
560,37.02378535386948,0.9149473615264752,0,7,2020-03-31,,synthetic_background,0.0140336156959506,0.022756173473077,293.8446181827121,295.2964361826579,295.3101006825765,-5.13241385783812,-4.858967761692685,0.9836616762813276,0.9389277825926192,0.970214817668395,0.4436044991016388,0.5070338249206543,-0.04473389368870839
561,37.03557364703666,0.2500493092830598,0,7,2020-03-31,,synthetic_background,0.0256052018280001,0.0279207669312526,291.0277236514621,292.34934959411623,292.4265557607015,-5.142815811793881,-6.519208489868257,0.7906455744796792,0.9521419781929767,0.940601500762529,0.4487167000770569,0.5029281973838806,0.16149640371329754
562,36.74382112232757,3.5986368453419733,0,7,2020-03-31,,synthetic_background,0.0009306372280093,0.0484795563036968,300.661485587226,304.1523118336996,304.2948446061876,-10.311585258243456,-10.492059359112051,0.3447599597528303,0.3412600635376982,0.3462940630725611,0.2754704356193542,0.4435084164142608,-0.003499896215132081
563,38.912914291923,4.212383600549542,0,7,2020-03-31,,synthetic_background,0.0012723655576678,0.0106466256196071,295.37366549174,298.37731183369954,299.63618575202094,-5.527889670892476,-3.9297525166883807,0.9647053178768896,0.877315940286445,0.9662933488217176,0.2358962744474411,0.4159795343875885,-0.08738937759044463
564,38.15984679121186,1.1857091693100643,0,7,2020-03-31,,synthetic_background,0.0060841144199343,0.0164586000258495,300.74487859937875,303.848221121894,304.5040242936876,-5.558049314143275,-5.152948934349276,0.8176955277897578,0.8748974140126262,0.8536080440237602,0.3275522589683532,0.4481653869152069,0.05720188622286837
565,37.48740464158293,1.2563544702413796,0,7,2020-03-31,,synthetic_background,0.0152210743303271,0.0218847833687831,298.52075750562875,299.7521816253662,299.9801364898682,-5.502415107321225,-6.154264842282833,0.9437698213277458,0.8806799925558328,0.7622639760325434,0.3559015691280365,0.3143427670001983,-0.06308982877191294
566,38.36903368286507,4.910331609792893,0,7,2020-03-31,,synthetic_background,0.0016838909263583,0.0128947936112453,294.5784018198649,297.450369559394,298.6762790679931,-4.549684180169075,-4.542529036500628,1.0617710312586446,1.0387422425003343,0.7660587804044384,0.308632880449295,0.4775823056697845,-0.02302878875831027
567,36.26841568832267,3.2959080328061376,0,7,2020-03-31,,synthetic_background,0.0010851175661059,0.0127992771679927,302.8562718285455,305.05889277988007,304.91415341695154,-8.772585989174383,-9.37051596322648,0.470595433654732,0.4913363598120792,0.4355859713226636,0.2373555153608322,0.3029963374137878,0.020740926157347184
568,37.15504253882603,2.9320032431772534,0,7,2020-03-31,,synthetic_background,0.0011039973373385,0.0242269627863933,301.52895520528153,305.7061041514079,307.29485003153485,-6.615083074642159,-6.968686872206053,0.6989334127487506,0.7176804776450549,0.7134364083457541,0.297421246767044,0.4480677247047424,0.01874706489630429
569,37.42176263009485,1.5478307749370042,0,7,2020-03-31,,synthetic_background,0.0104503483648272,0.0215216122681667,298.45663532680936,301.0528435177273,301.3500095367432,-5.30129297401623,-6.639330105717226,1.0653657018967615,0.9195800091573332,0.7890714092583576,0.3499775826931,0.4452316462993622,-0.14578569273942832
570,38.987560390221645,2.3069719488535654,0,7,2020-03-31,,synthetic_background,0.0020783544654818,0.0368022762352993,300.4274849361844,303.608963309394,304.2148804134793,-8.843893006081503,-8.60157867062282,0.7361435830759941,0.4672649062000341,0.5341593923372032,0.3363387882709503,0.4389755427837372,-0.26887867687596007
571,37.29166030700959,5.498922737786577,0,7,2020-03-31,,synthetic_background,0.0041727126712771,0.0123043201977779,294.08605155944826,295.39780879550506,296.1212389204237,-8.04557798803621,-7.990661072555365,0.6376646829951682,0.544972672021666,0.7783060963333459,0.4004846811294555,0.5360611081123352,-0.09269201097350221
572,37.575748333523634,5.387680536160278,0,7,2020-03-31,,synthetic_background,0.0018806309576007,0.0057546787077953,299.35491006639273,298.6901102277968,299.1704196929932,-7.293606370341138,-7.230351940651202,0.9552696177327364,0.6300803326847979,0.7827213533580898,0.398693323135376,0.516284704208374,-0.32518928504793854
573,37.59192012186392,3.615250978671599,0,7,2020-03-31,,synthetic_background,0.0007550717468234,0.0825882695729305,299.5199708302816,303.12336218092173,302.0399834950765,-9.60915353377375,-10.132636517128333,0.4298935262986431,0.3956556136424078,0.4401723425892231,0.274575263261795,0.3991816341876983,-0.03423791265623527
574,38.132833893554334,5.921837919090231,0,7,2020-03-31,,synthetic_background,0.033784210788724,0.0201688401515056,295.04219305250376,295.4925028059218,296.23254534403475,-5.363411595562088,-4.717561744342934,0.9975191670765546,0.9012501647700556,0.9613522858420604,0.3542999029159546,0.4714228510856628,-0.09626900230649904
575,36.98197797144282,4.125179680074114,0,7,2020-03-31,,synthetic_background,0.0011153818244906,0.0380128614718486,300.8016602834066,304.23887324863006,304.08374977111816,-7.057197421046329,-8.237134571229372,0.7085180159188732,0.6580769807769551,0.6521949921775839,0.2645298838615417,0.2813990414142608,-0.05044103514191811
576,38.80731340849943,0.2821780306917856,0,7,2020-03-31,,synthetic_background,0.0133055896635028,0.0404122315461208,300.0793241288927,302.36070484585235,302.67230228847933,-5.743796582685283,-4.6811272735114935,1.0023585888963766,0.8415720691968466,0.8823053007489601,0.5059778690338135,0.5998204946517944,-0.16078651969953006
577,37.63480042519427,4.189160987264363,0,7,2020-03-31,,synthetic_background,0.0005675257320376,0.0465567700678875,299.2435982174344,302.7003044552273,302.466339831882,-4.373231120209644,-3.4759130304848327,0.9050659044506436,1.0703568511230015,1.0784655911117822,0.3040812015533447,0.4611526727676391,0.16529094667235789
578,36.81575803277097,5.401775928189982,0,7,2020-03-31,,synthetic_background,0.0058925003881427,0.0103007100636531,299.7732097625732,301.68782073126897,301.8233168284098,-5.356602686554448,-4.861176429792634,0.8641582394102532,0.9056984664895106,0.9215681016601636,0.3849487006664276,0.500110387802124,0.04154022707925742
579,37.85545714037388,4.047689430497826,0,7,2020-03-31,,synthetic_background,0.0005382300491305,0.0407954596097042,299.1582575056288,302.21800193786623,302.4761542850071,-4.5622311040030326,-4.937404719937394,0.8410512780028898,1.0365221286515218,0.9137547566535044,0.3001927435398102,0.4286921322345733,0.195470850648632
580,36.26654202795935,4.308939113638506,0,7,2020-03-31,,synthetic_background,0.0026662946815463,0.0101199440772106,302.7809571584066,306.4493712955051,305.1032972971598,-5.075788821534523,-4.151786938874581,1.0411312413199194,0.9483286616939914,1.063286223393308,0.4221877753734588,0.5717443227767944,-0.09280257962592797
581,37.07170893477599,0.6715014050088286,0,7,2020-03-31,,synthetic_background,0.0151070804471942,0.0296209447199871,295.40615247090665,297.06702537536614,297.1234795888265,-5.513202592467619,-3.326854253274828,1.12042745431087,0.8773993269081222,1.1458914328624326,0.4114903509616852,0.388559490442276,-0.24302812740274793
582,37.60793920295952,1.4761948587898683,0,7,2020-03-31,,synthetic_background,0.0067081601495715,0.0182449810320903,298.76054700215656,302.6270242902968,302.76696374681256,-6.680388495034858,-4.651596030018647,0.8362204633884649,0.7072552634899546,0.9649565020908496,0.3723424077033996,0.4462926387786865,-0.1289651998985103
583,37.09248230772763,2.316244021123956,0,7,2020-03-31,,synthetic_background,0.0016217083806964,0.0099863551671077,300.44296345180936,305.3437940385607,305.74174130757655,-4.82833959632681,-4.931506816378656,0.7820492134988175,0.995665608176144,0.8854190458559534,0.2824030220508575,0.2261581569910049,0.21361639467732652
584,36.48096373262012,2.1414027385166774,0,7,2020-03-31,,synthetic_background,0.0015376211280795,0.0138558738047649,304.0814942677815,307.8249843597412,307.3468682607015,-11.321023640765633,-10.620700072256216,0.3280129313081735,0.2750120025995635,0.1945171484706115,0.2943079471588135,0.3678950071334839,-0.05300092870861001
585,36.17591200985354,2.8218616296114445,0,7,2020-03-31,,synthetic_background,0.0018829853410693,0.0040010802561809,303.3130046844483,307.768289481269,307.2980347103543,-8.389345763195129,-7.525713682248452,0.5585538608698128,0.5098911236075085,0.3612299129163847,0.2604771554470062,0.3721267879009247,-0.0486627372623043
586,37.85750473164929,1.0418395739432202,0,7,2020-03-31,,synthetic_background,0.0093461872215243,0.0274994962031414,298.7309137556288,300.92196244133845,301.02092425028485,-4.441806000046883,-4.735057404775315,0.8469050275096398,1.058414732006031,0.8277223569875636,0.3727381229400635,0.4572769403457641,0.21150970449639128
587,37.1233802318272,0.396343883477696,0,7,2020-03-31,,synthetic_background,0.0204051585073443,0.0207596562916805,291.64806327819826,293.09032724168566,293.2259481218126,-4.579349963769922,-5.455653262466939,1.0446155320549573,1.0336875416441755,0.9917969512283934,0.4787572026252746,0.5656997561454773,-0.01092799041078174
588,36.06042197503407,1.8379676034131585,0,7,2020-03-31,,synthetic_background,0.0015013218994113,0.0015655599648525,302.8264812469482,308.5496534135607,306.304496298896,-8.979200788776916,-8.954646297933902,0.4497222767882496,0.4491691365064835,0.4435209611259031,0.3220529854297638,0.3644210994243622,-0.000553140281766118
589,36.867549504403584,4.859134559793036,0,7,2020-03-31,,synthetic_background,0.0039908439989062,0.0208527736479808,303.05537664625376,304.6626091427273,305.0023207346598,-7.394214711539558,-7.408398892102198,0.9945245818305224,0.6184290379105584,0.5740453305649068,0.5363987684249878,0.5411107540130615,-0.376095543919964
590,36.52523309670384,0.4961341743922813,0,7,2020-03-31,,synthetic_background,0.0426642448778125,0.0375758998210002,290.9142796410455,292.4386562347412,292.4630249447293,-6.954760124507778,-8.446489827340665,0.6795709305088209,0.6735188153094649,0.5010458853104773,0.6464625000953674,0.6771133542060852,-0.006052115199356001
591,37.08301795454796,3.1831395440871693,0,7,2020-03-31,,synthetic_background,0.0003347099895449,0.0508425228411724,302.35234387715656,306.24792272779683,307.60772980584045,-8.966232250049618,-8.439012658294118,0.5508407580301894,0.4561818271815339,0.5886796289848119,0.320309430360794,0.4732142090797424,-0.09465893084865551
592,36.79929900200484,1.7818385203927745,0,7,2020-03-31,,synthetic_background,0.0087850541944476,0.0715219371134807,296.12194023132326,298.087820731269,297.7268921322293,-5.512594125144108,-5.213511637608373,0.8788542844938118,0.8774993319434774,1.0668519783966597,0.315630555152893,0.3792679011821747,-0.001354952550334354
593,36.435594400888384,3.761761406047687,0,7,2020-03-31,,synthetic_background,0.0009085984106036,0.0214105986172725,302.76012925042045,306.27797915140786,305.8991089291043,-6.552671983289319,-7.5207610490924575,0.7033232061020547,0.7266233004262881,0.6290888037239468,0.2828343510627746,0.414700835943222,0.02330009432423341
594,38.31922759204118,3.584880848020541,0,7,2020-03-31,,synthetic_background,0.0004131049985858,0.0388893477732708,298.33998493618435,300.7911681705051,301.1921373579238,-5.078486541652733,-5.740531626557214,0.8483363502171641,0.947879318376486,0.8470691979135235,0.4194167852401733,0.5549026727676392,0.09954296815932184
595,37.01248768216176,2.0816598582344605,0,7,2020-03-31,,synthetic_background,0.0033866615171405,0.0378202639634182,299.0225587209066,302.9156364864773,303.15738258361813,-6.486914485456116,-5.3582835558498605,0.7833297561861496,0.777843493888571,0.7853907331617633,0.3270736336708069,0.4304102659225464,-0.005486262297578648
596,37.35040611378696,4.363123420559091,0,7,2020-03-31,,synthetic_background,0.0005214662427874,0.0217187844330837,299.25996106465664,302.78219464619946,303.21832550896545,-5.2699375405145,-5.332956610337581,0.9304304018950876,0.916366169706139,0.7483393734086856,0.4109532237052917,0.524677038192749,-0.014064232188948589
597,36.12512633547868,2.792180812961156,0,7,2020-03-31,,synthetic_background,0.0030927808160754,0.0040448896700908,303.4393827226426,307.5792595333523,307.26030684577097,-7.970443274356868,-7.788721321837549,0.5131220546939814,0.5619135369870526,0.6949212859211158,0.266094446182251,0.3683609068393707,0.048791482293071176
598,36.03186943602953,4.938223607794387,0,7,2020-03-31,,synthetic_background,0.0031908900613757,0.0021801583582927,304.06372625562875,308.39919225904674,306.31700172424314,-5.469389982229845,-4.301450671222447,0.8034330868485461,0.8845984935110227,0.8621871860961742,0.2925007939338684,0.3702072203159332,0.08116540666247662
599,38.48458932778664,0.8483172625680169,0,7,2020-03-31,,synthetic_background,0.0067844689960452,0.0326085232312252,300.2394803788927,302.2451612260607,302.74442142910425,-6.197129244051512,-4.789118723132948,0.8824398290650062,0.7743025743888927,0.9104104326339914,0.2327453345060348,0.2879145443439483,-0.10813725467611346
600,37.24674263403418,0.8796783036719162,0,7,2020-03-31,,synthetic_background,0.0167475641841861,0.0331231795365383,295.3017036861844,297.6228684743245,297.67772221035426,-4.752511372205134,-4.938557282240458,0.891750164608597,1.0051757813212725,0.9227852146820452,0.36841681599617,0.3767217099666595,0.11342561671267548
601,37.68181197585781,2.825985100049382,0,7,2020-03-31,,synthetic_background,0.0008965731735202,0.0309057973439266,301.45732434590656,304.52149586147726,306.10826691521544,-11.314488763492797,-10.809928853306086,0.3923689911442028,0.3503871344300396,0.3680372117289244,0.3567534983158111,0.4766016602516174,-0.04198185671416321
602,37.131103303507786,4.252583208134899,0,7,2020-03-31,,synthetic_background,0.0031118245000811,0.0530069016034175,298.5438260820177,300.1415099673801,299.4440579308404,-5.498621948748916,-5.057785245138861,0.7649678858578263,0.8796993114684168,0.7927439328381961,0.2954838871955871,0.393308013677597,0.11473142561059058
603,37.73297282816792,1.9270812560137305,0,7,2020-03-31,,synthetic_background,0.002907335865018,0.0279210202509929,300.37854287889263,303.4183654361301,303.3671319325765,-6.2885898739375135,-5.991544749435548,0.8149140865923268,0.7618163206673525,0.5858134903087269,0.3176157474517822,0.4318832457065582,-0.05309776592497428
604,36.99395033492071,5.41534250333748,0,7,2020-03-31,,synthetic_background,0.0023365915889712,0.0175053767973949,300.5223200056288,299.2614752451579,299.94515385097924,-5.350576328821943,-5.606693720362186,1.0986657155336834,0.905968709150906,0.8622531331067548,0.386812299489975,0.5015345215797424,-0.19269700638277742
605,38.47168634081204,0.4433333226988973,0,7,2020-03-31,,synthetic_background,0.0138917566413852,0.0508485727126171,298.998204337226,300.4405713823106,300.49020593431266,-4.114528395539539,-5.8872634784369495,0.9432580246950464,1.1176278462716016,0.9725594187393192,0.3119425177574157,0.3307632505893707,0.17436982157655523
606,38.76828443933723,3.7684075599779545,0,7,2020-03-31,,synthetic_background,0.0019580424900027,0.0262520007903148,295.3798612382677,297.22277081807454,298.135843955146,-5.988807893050055,-5.6627393635580106,0.859119121986203,0.804695335768146,0.881427270779761,0.343090295791626,0.508922815322876,-0.05442378621805699
607,38.223732849308696,3.421442992772861,0,7,2020-03-31,,synthetic_background,0.0001357347841235,0.0341211550051738,298.85603311326764,302.1867248111301,303.3226929134793,-6.137281265502796,-6.71326530165751,0.9126599672588582,0.7829437012901986,0.5323466887143566,0.2240056097507476,0.3683527708053589,-0.1297162659686596
608,37.0679251105674,4.258552475762929,0,7,2020-03-31,,synthetic_background,0.0031118245000811,0.0530069016034175,298.5438260820177,300.1415099673801,299.4440579308404,-5.952510399104142,-5.5791656119183255,0.8553581127731434,0.8100812518542646,0.8506509059465294,0.2954838871955871,0.393308013677597,-0.045276860918878836
609,38.34088986501677,3.121147022275618,0,7,2020-03-31,,synthetic_background,0.0002099127645465,0.0246154807622005,300.12964964972605,303.02683982849123,303.8546156565349,-5.713706338452759,-7.326348960301036,0.986012819943652,0.8461862962085475,0.406752607025741,0.3314986824989319,0.4648585021495819,-0.1398265237351045
610,37.87013551304678,0.9748914539908548,0,7,2020-03-31,,synthetic_background,0.0093461872215243,0.0274994962031414,298.7309137556288,300.92196244133845,301.02092425028485,-4.700762491577469,-4.56471308624295,0.9169374255351148,1.025177702115102,1.0405280085037645,0.3727381229400635,0.4572769403457641,0.10824027657998725
611,38.67728190450104,0.2194855821859285,0,7,2020-03-31,,synthetic_background,0.0196958930368396,0.0568801157290508,299.462559805976,301.10058114793566,301.1882582346598,-5.342150152322187,-5.114744896237127,0.934003981621806,0.9046728255805472,0.9673843739374256,0.2857289314270019,0.3512446284294128,-0.0293311560412588
612,38.71249267160893,5.194042233354908,0,7,2020-03-31,,synthetic_background,0.0006388277883502,0.0035566084200908,298.1009278615316,300.4022847069634,300.87615428500703,-5.4588445207748535,-3.798879997664031,1.126080650346568,0.8860006897084428,1.0275803117188105,0.3843947947025299,0.514038622379303,-0.2400799606381251
613,38.02032835211624,2.4809132670884977,0,7,2020-03-31,,synthetic_background,0.0081193597192736,0.0362251542622615,298.39893675910105,301.9414177364773,302.9474541982015,-8.614313376593632,-7.000060545643919,0.5562237654731177,0.4837768586699315,0.4888824277491949,0.2727996408939361,0.4244858026504516,-0.07244690680318622
614,38.239494398315614,0.3424902959874834,0,7,2020-03-31,,synthetic_background,0.018436864125249,0.0314733229691555,299.11973211500384,300.2380811479357,300.2962877485488,-5.479411573737012,-4.345064511648001,1.002816922743052,0.8827541386325655,1.1437877145217894,0.5546289682388306,0.6073644161224365,-0.12006278411048643
615,37.17708170804099,0.9038571799897056,0,7,2020-03-31,,synthetic_background,0.0167475641841861,0.0331231795365383,295.3017036861844,297.6228684743245,297.67772221035426,-4.302164971121922,-4.28684577116187,1.009148956270477,1.0854549186996707,1.0213092191819275,0.387492835521698,0.3947413265705108,0.07630596242919374
616,36.68921419640421,1.5860684393861402,0,7,2020-03-31,,synthetic_background,0.0035407693262072,0.0147428356225063,296.7221952226427,301.5639275021024,301.44625519646536,-6.6672538118526505,-6.54369121909253,0.636431431789195,0.7114704999078889,0.7407237227883439,0.3674656748771667,0.4600387811660766,0.07503906811869387
617,36.67514820301955,5.329343410193383,0,7,2020-03-31,,synthetic_background,0.0228650570983859,0.033909469109254,296.47645412021217,296.4820427364773,296.8751288943821,-5.083796982851786,-6.293474323677527,0.6261185890735168,0.9502131813669988,0.7256313955677633,0.388964295387268,0.5070490837097168,0.32409459229348203
618,37.00743282750165,0.0669699609033578,0,7,2020-03-31,,synthetic_background,0.0424846709842654,0.0286065332705547,290.80479070875384,291.788260184394,291.7274889204237,-6.599967259445123,-4.769673572164262,0.911197394860332,0.726243095028225,1.0352901679893771,0.7431116700172424,0.7728449702262878,-0.18495429983210698
619,37.294756214574,3.5074012430869086,0,7,2020-03-31,,synthetic_background,0.0003121496314975,0.099463834624963,301.56641722785105,305.2171338823107,303.82687585618766,-9.820889456894577,-8.679659401126091,0.5458786732697871,0.389614230492003,0.4883787683187103,0.318004310131073,0.4799606502056122,-0.15626444277778412
620,37.26808932557535,3.3941973507207823,0,7,2020-03-31,,synthetic_background,0.0003598780508013,0.0996325157696773,301.69065225389267,305.1536030663384,303.8021796756321,-9.28589578623864,-9.51027187379389,0.5002271640044915,0.421992894056337,0.3706845946822791,0.3783452212810516,0.5124455690383911,-0.07823426994815452
621,37.52562790124694,1.7038982519150707,0,7,2020-03-31,,synthetic_background,0.0055884868974658,0.022353916626649,299.2231229570177,302.6660216861301,302.8678426530626,-6.811328714006291,-5.797255616652548,0.6982099636429151,0.6932147296065909,0.8541870530589413,0.3073984384536743,0.2394393980503082,-0.004995234036324181
622,38.184895594040526,3.0174519868884566,0,7,2020-03-31,,synthetic_background,0.0002276898498507,0.0257747762019207,300.26960190667046,304.0551709916856,305.1924683041043,-8.852936613827026,-10.607431097708323,0.4071980310099445,0.4610769295116981,0.3077322757285405,0.3378646671772003,0.4734196960926056,0.05387889850175359
623,37.56660305846152,2.3715960193706067,0,7,2020-03-31,,synthetic_background,0.0148131401414843,0.0494156919533779,300.757091055976,303.89981617397734,304.10630293952096,-8.190034166511655,-7.280080659298434,0.696266840540771,0.5281598030539126,0.7099696197144097,0.2856078743934631,0.3815333247184753,-0.1681070374868584
624,38.67822081650917,3.7677754213418746,0,7,2020-03-31,,synthetic_background,0.0017759353990527,0.0258421145493557,295.3417481740316,297.1523009830051,298.04460589090985,-6.779092035513441,-5.875482395053799,0.8263312820179811,0.6940451378232355,0.7460110343478771,0.343090295791626,0.508922815322876,-0.1322861441947456
625,38.311244013281744,3.096066132142127,0,7,2020-03-31,,synthetic_background,0.0002099127645465,0.0246154807622005,300.12964964972605,303.02683982849123,303.8546156565349,-5.673323313054057,-6.333504172029471,0.8057467900724038,0.8532872317643904,0.5150259941622533,0.353444904088974,0.488828033208847,0.04754044169198657
626,37.81437574311135,1.7085815745742612,0,7,2020-03-31,,synthetic_background,0.0041268468971225,0.0267148755604793,300.06995455423987,303.1999952104357,303.2026354047987,-6.577575515089465,-7.336802689828076,0.5320286308926397,0.7373416842620966,0.7019625734150338,0.3252792060375213,0.3987676203250885,0.20531305336945682
627,38.64642835430047,2.5873218179432644,0,7,2020-03-31,,synthetic_background,0.0020076931591006,0.0270454131180812,300.3378636254204,303.38290536668563,304.12091882493763,-6.389775460917997,-6.502003380422583,0.7245408337472192,0.7472254159923728,0.5705166518133089,0.1965280920267105,0.279935210943222,0.022684582245153573
628,38.43848989451979,3.1148933220674677,0,7,2020-03-31,,synthetic_background,0.0004055948133441,0.0215836159998943,300.1879612816704,303.3743495941162,304.0397122277154,-4.579695601873851,-7.942340316558051,1.0724013093204436,1.034559811882342,0.4585276512134372,0.3334365487098694,0.4645390808582306,-0.03784149743810161
629,36.9584649052504,3.64129779701685,0,7,2020-03-31,,synthetic_background,0.0003481508369418,0.0730352543408443,301.48659951951765,305.0257710350885,304.7005140940349,-9.413286112487492,-11.00595176837232,0.4129573051308665,0.4146011409198687,0.3925341413765807,0.2407043129205703,0.4031082391738891,0.0016438357890022348
630,37.80856538565964,0.7719199830859362,0,7,2020-03-31,,synthetic_background,0.0090394170160266,0.0198382429892589,297.9993545108372,300.1947217729357,300.4019789377848,-4.44614408113483,-5.11570619081775,0.9896674285560992,1.0597717006617056,0.7159478171485951,0.3605453073978424,0.4458948969841003,0.07010427210560632
631,36.74878526331962,0.5385802064328866,0,7,2020-03-31,,synthetic_background,0.0249540359849902,0.023550628882127,291.90050468444826,293.4830084482829,293.6219496409098,-5.29423533119731,-5.705733570751117,0.8262833512858718,0.912419821046044,0.9102715567028694,0.4790613651275635,0.5421483516693115,0.0861364697601722
632,37.46953923595188,2.2796139344526978,0,7,2020-03-31,,synthetic_background,0.0077839643831225,0.0376009784752895,300.81305893792046,304.242264090644,304.5504110124376,-6.609934015240532,-5.998167097085178,0.7060264087228163,0.7168127153490511,0.7428931227607498,0.2967223823070526,0.3873916864395141,0.01078630662623481
633,37.4054433911997,0.1714115829566009,0,7,2020-03-31,,synthetic_background,0.052991986381528,0.0442196272427608,290.3766277313232,292.0029303232829,291.84132898118764,-7.216961511521978,-5.646437331177747,0.8022783966176017,0.6404317158860261,0.775614933891302,0.7337549328804016,0.7588943839073181,-0.1618466807315756
634,37.824727080261695,1.5618909099755869,0,7,2020-03-31,,synthetic_background,0.0047805012340518,0.0239075116927196,300.1022299448649,303.59659351772734,303.6540948232015,-5.527138771844195,-5.422668811618641,0.927951140437165,0.875517306006175,1.009646389585476,0.3562565743923187,0.4477869868278503,-0.052433834430990034
635,36.76263650278823,5.241895820235646,0,7,2020-03-31,,synthetic_background,0.0077171326751681,0.0121665887648632,297.1647516462538,299.9527675628662,300.0758287641737,-6.748477477390196,-4.633805985775561,0.8656936682477814,0.7055583953220106,0.7114821495840565,0.573131799697876,0.6573684811592102,-0.1601352729257708
636,36.739549900031456,2.0253872493236917,0,7,2020-03-31,,synthetic_background,0.0043530763263675,0.0495783530289699,297.57886297437875,302.5865891774496,301.88756379021544,-9.040346068066135,-8.690275105931123,0.4710869292957627,0.4461906958612572,0.4841238424641208,0.447539746761322,0.5331639647483826,-0.024896233434505477
637,37.41296096950352,5.698745120388676,0,7,2020-03-31,,synthetic_background,0.0088522137279483,0.0153406255061199,295.7651314205593,295.32148501078296,296.0864353179932,-8.097523489658574,-7.667177819266575,0.7741208060754827,0.5398068176975451,0.4985403288408808,0.7550480961799622,0.8020421266555786,-0.2343139883779376
638,38.08304627409255,2.4735136328372347,0,7,2020-03-31,,synthetic_background,0.0063197017784091,0.0305345647151042,298.807530509101,302.0420959048801,302.84700931972924,-6.990268823692901,-5.789610529670563,0.7904966468622189,0.6665939106698984,0.7984107807605856,0.2822768986225128,0.4273757934570312,-0.1239027361923205
639,38.815032988351774,4.507691597512464,0,7,2020-03-31,,synthetic_background,0.0010170341606112,0.0054694257790615,296.786339102851,299.765945731269,301.0692749447292,-6.726051507949503,-3.758159444896284,0.9733163649937684,0.7010787419874565,1.0423649060836622,0.2293512672185897,0.4157679378986358,-0.27223762300631194
640,38.95380441444619,2.319741781815294,0,7,2020-03-31,,synthetic_background,0.0020783544654818,0.0368022762352993,300.4274849361844,303.608963309394,304.2148804134793,-6.159246206586549,-8.1180926856356,0.9446444381181976,0.7917796706016166,0.4636880813553834,0.2563064396381378,0.3703221678733825,-0.15286476751658107
641,37.18453582199619,2.5555255707288973,0,7,2020-03-31,,synthetic_background,0.0016758144969912,0.0130695246274044,301.8750543806288,305.87925410800506,306.6958537207709,-6.348168333117371,-5.282925097489371,0.8621929307559597,0.7528177227823291,0.8912860432958343,0.3321507573127746,0.3440628051757812,-0.10937520797363065
642,37.54449640860995,2.638975031009746,0,7,2020-03-31,,synthetic_background,0.0034252406234713,0.0312299870068599,301.3479873233371,304.78266665140785,305.602640830146,-5.373779661327025,-6.412004949145292,0.9055326023703169,0.911304682699365,0.8199630228766314,0.2858184576034546,0.2166839689016342,0.00577208032904819
643,37.70571954577952,4.550495592993769,0,7,2020-03-31,,synthetic_background,0.0002922863836261,0.0208015583569576,297.92380655076767,300.95179642571344,301.70387238396535,-5.110525173022966,-5.012759876503708,0.8685809348830813,0.9425540617638152,0.9294844364012104,0.4313277900218963,0.5345922112464905,0.07397312688073387
644,38.49222086657871,4.060135363005233,0,7,2020-03-31,,synthetic_background,0.0013670028324099,0.012650325160699,295.59687512715664,297.85645137363014,299.3661011166043,-5.52301836712531,-4.894175734023052,0.9556600718354572,0.8770670164478027,1.093992262296951,0.3054544925689697,0.4570551514625549,-0.07859305538765449
645,37.41968716575499,4.2133286793730615,0,7,2020-03-31,,synthetic_background,0.0003982187385531,0.0331350408608486,299.7793783823649,303.18553123474123,303.1357083214654,-4.983183623204267,-4.070457063008329,0.7819843348619776,0.9638422677016094,0.9735247096241044,0.4119501411914825,0.5252456665039062,0.1818579328396318
646,38.56186732442713,5.340426835903024,0,7,2020-03-31,,synthetic_background,0.0008929819936724,0.002952038508134,297.0618707868788,300.6808166080051,300.96916101243755,-4.727698127366827,-4.047748796018663,1.0903408416569074,1.0075334816104726,0.8630871944378522,0.4588149785995483,0.5539321899414062,-0.08280736004643474
647,37.42389170443036,4.7354514534648295,0,7,2020-03-31,,synthetic_background,0.000996723877904,0.0076904140526821,299.3159180959065,302.85431921217173,303.4746297624376,-3.900652624975435,-4.85429122830649,0.9214990576062982,1.169250124862626,0.92603103151617,0.3734720647335052,0.4331487119197845,0.24775106725632767
648,38.982686200054175,5.940183548261009,0,7,2020-03-31,,synthetic_background,0.0057307780857058,0.006764277082162,292.1285483042399,292.35280554029674,292.9813083648681,-7.372458806794963,-6.994998275529376,0.7907349919361191,0.6191308949958778,0.8068050593772466,0.3057759404182434,0.4549453854560852,-0.17160409694024126
649,38.67868642724477,2.682879167261905,0,7,2020-03-31,,synthetic_background,0.0015714467639895,0.0247412614638378,300.2583226097955,303.3547640906439,304.0551364898682,-5.475112984878855,-5.849248121696963,0.8550308568104519,0.8840763404147296,0.8131630981991024,0.1966877877712249,0.2781387567520141,0.029045483604277722
650,36.80410479294431,3.889816786478491,0,7,2020-03-31,,synthetic_background,0.0009005070800753,0.0378887795025875,301.215196524726,304.8254400889079,304.7171373579237,-6.408874105684914,-8.157470501616611,0.5647200829554833,0.7518853072009888,1.019016488399974,0.2993433475494385,0.4415949583053589,0.18716522424550552
651,37.0569444440001,5.11805555600006,1,8,2020-04-07,2020-04-09,fao_hopper,0.0092770160312625,0.0608671449238826,297.6622776879204,297.0763569725885,297.170511923896,-5.747886151445391,-3.569777527119399,0.7738912416025383,0.8527333204671694,0.923489959605963,0.552733838558197,0.6493586301803589,0.07884207886463113
652,37.089722222,5.16083333300003,1,8,2020-04-07,2020-04-09,fao_hopper,0.004972308980939,0.0394777946288158,299.6931424882677,298.2217942555746,298.46730554368764,-5.693534664366061,-3.916441760109185,0.794312279300363,0.8505965118741279,0.9348760258985483,0.552733838558197,0.6493586301803589,0.056284232573764914
653,37.091944444,5.15833333300003,1,8,2020-04-07,2020-04-09,fao_hopper,0.004972308980939,0.0394777946288158,299.6931424882677,298.2217942555746,298.46730554368764,-3.3658495610182437,-5.370138913707697,0.921756274573557,1.262229849933299,0.933007093214083,0.552733838558197,0.6493586301803589,0.3404735753597419
654,37.035833333,0.806388889000061,1,8,2020-04-07,2020-04-13,fao_hopper,0.0135218353147479,0.0234028689677288,294.19636514451764,295.9902784135606,295.97272546556263,-5.326467923595324,-4.824091700472648,0.8283193277122495,0.9072032347708882,1.0158049014552162,0.4202214181423187,0.4662694334983825,0.07888390705863868
655,37.4377777780001,1.3475,1,8,2020-04-07,2020-04-09,fao_hopper,0.0171502531642886,0.025434731703477,296.62964422437875,298.38083288404675,298.6836629655626,-4.872872918130208,-5.419311561355542,0.8246442139246686,0.9828582565753688,0.8445094153153441,0.3574309945106506,0.3149144649505615,0.15821404265070027
656,37.0694444440001,0.021388889000036,1,8,2020-04-07,2020-04-11,fao_hopper,0.1699580551261874,0.0821109257752468,290.45400945875383,291.3593647850884,291.2215210384793,-6.018192596278597,-5.951902152775311,0.8328325250733644,0.8036960833355211,0.7605687758504504,0.7223413586616516,0.7517613768577576,-0.029136441737843244
657,36.964166667,0.768055556000036,1,8,2020-04-07,2020-04-11,fao_hopper,0.0135218353147479,0.0234028689677288,294.19636514451764,295.9902784135606,295.97272546556263,-4.765272064714285,-4.998125363318128,0.8313595659797155,1.0010262357539514,0.7619472253769275,0.4427734017372131,0.4899439513683319,0.16966666977423595
658,36.9166666670001,5.25,1,8,2020-04-07,2020-04-13,fao_band,0.0010586531038256,0.0104158215338756,299.6897841983371,301.65781856113006,301.6632094065349,-6.761946722706985,-5.860408614844848,0.853476133097982,0.7073912255545511,0.8316088104529769,0.394692450761795,0.4302302002906799,-0.14608490754343084
659,36.783333333,5.31666666700005,1,8,2020-04-07,2020-04-13,fao_band,0.0073706955785723,0.0122093848998119,298.0816787295872,300.7733404795329,300.9244995541043,-6.144075312037756,-5.100396821739668,0.7395913068852742,0.7911725494900369,0.8807000030639462,0.573131799697876,0.6573684811592102,0.05158124260476271
660,36.9166666670001,5.43333333300006,1,8,2020-04-07,2020-04-13,fao_band,0.0009365827913256,0.00868742094584,300.3896973927816,302.52886348300507,302.6068943023681,-5.884934384098687,-4.781405349738032,0.8779022691151215,0.8401664092149841,0.7375589399117622,0.4014256596565246,0.5138646364212036,-0.03773585990013739
661,36.9333333330001,5.75,1,8,2020-04-07,2020-04-10,fao_band,0.0007922799463244,0.0009126208836605,298.03518350389265,299.5202914343939,299.3397936079237,-4.177474249649872,-8.911677133154704,0.7550710865650392,1.1589745672106326,0.7594054095822916,0.4575861394405365,0.5588414669036865,0.40390348064559345
662,36.1166666670001,4.73333333300008,1,8,2020-04-07,2020-04-10,fao_band,0.0025690497035952,0.0035586796814968,302.9315593719482,306.3474507225884,304.9252319759793,-5.359191968621379,-7.881996836661564,0.7010622171183577,0.9056144742759912,0.7792647245877355,0.3086812198162079,0.4443720579147339,0.20455225715763348
663,36.033333333,4.73333333300008,1,8,2020-04-07,2020-04-10,fao_band,0.0028800220365496,0.0019046954924633,303.697471915351,307.64133635626894,305.77443444993764,-8.743526911770093,-5.980709540192235,0.7525844891914067,0.4713783085829335,0.68508640066152,0.3086812198162079,0.4443720579147339,-0.28120618060847324
664,36.033333333,4.7,1,8,2020-04-07,2020-04-10,fao_band,0.0028800220365496,0.0019046954924633,303.697471915351,307.64133635626894,305.77443444993764,-6.338085813428305,-6.461146159990667,0.8035414068421992,0.7962964668202831,0.6716960163791238,0.3086812198162079,0.4443720579147339,-0.007244940021916113
665,36.0480555560001,4.70111111100005,1,8,2020-04-07,2020-04-10,fao_band,0.0028800220365496,0.0019046954924633,303.697471915351,307.64133635626894,305.77443444993764,-4.421258366155684,-5.7838077483411166,1.0212330602131674,1.0690874632039,0.8743808183560989,0.3086812198162079,0.4443720579147339,0.047854402990732625
666,36.05,4.73333333300008,1,8,2020-04-07,2020-04-10,fao_band,0.0028800220365496,0.0019046954924633,303.697471915351,307.64133635626894,305.77443444993764,-6.487462724882295,-4.814723373762016,0.7958972658324485,0.766819149592812,0.7774139059708036,0.3086812198162079,0.4443720579147339,-0.02907811623963641
667,36.783333333,5.3,1,8,2020-04-07,2020-04-11,fao_band,0.0073706955785723,0.0122093848998119,298.0816787295872,300.7733404795329,300.9244995541043,-4.400676365358303,-5.199939488227642,1.0184881831534265,1.0662104993375223,0.6895777466766806,0.573131799697876,0.6573684811592102,0.04772231618409584
668,36.7333333330001,5.38333333300005,1,8,2020-04-07,2020-04-11,fao_band,0.0188903660650225,0.0280081324393322,297.33766831292047,296.9224073198107,297.3670342763265,-6.5437588725045615,-4.36497966021189,0.7752311066325102,0.7261379629805765,1.0345568074153824,0.3906351327896118,0.5082666873931885,-0.049093143651933624
669,36.716666667,5.38333333300005,1,8,2020-04-07,2020-04-11,fao_band,0.0188903660650225,0.0280081324393322,297.33766831292047,296.9224073198107,297.3670342763265,-5.643266051577843,-4.2447100142846494,0.969813134727226,0.8573300664356254,0.9944257019212736,0.3906351327896118,0.5082666873931885,-0.1124830682916006
670,36.216666667,5.61666666700006,1,8,2020-04-07,2020-04-13,fao_band,0.0062260479803057,0.0034086696917583,300.0861980438232,301.88419117397734,302.0531887902154,-5.915911141212199,,0.5872627883466387,0.8155391285890522,0.9211588759259964,0.5281936526298523,0.6241205930709839,0.2282763402424135
671,36.8666666670001,5.58333333300004,1,8,2020-04-07,2020-04-13,fao_band,0.0007521064157458,0.0011285238081981,300.71306436326773,301.42339473300507,301.33505185445154,-6.026038812018671,-6.914897428485439,0.7605087974257754,0.8145986307204209,0.9286075995363025,0.3958668708801269,0.5141097903251648,0.05408983329464556
672,36.9333333330001,5.68333333300006,1,8,2020-04-07,2020-04-13,fao_band,0.0007922799463244,0.0009126208836605,298.03518350389265,299.5202914343939,299.3397936079237,-6.4089863421385305,-6.926525439138921,0.7040395005791731,0.7455093878101282,0.7709251536332918,0.4333724677562713,0.5455520749092102,0.04146988723095513
673,36.8833333330001,5.73333333300008,1,8,2020-04-07,2020-04-13,fao_band,0.0007922799463244,0.0009126208836605,298.03518350389265,299.5202914343939,299.3397936079237,-5.488915307743422,-4.093817825160482,0.7817848965604703,0.8822840753609686,0.786028430626635,0.4333724677562713,0.5455520749092102,0.1004991788004983
674,36.816666667,5.6,1,8,2020-04-07,2020-04-13,fao_band,0.0102041960830661,0.0208317183072139,298.7128419240316,298.72101300557455,298.8006985558404,-5.333088973155177,-3.6963489750422553,0.995432727863816,0.9131727851343008,0.9210094917736052,0.3958668708801269,0.5141097903251648,-0.0822599427295152
675,36.833333333,5.53333333300003,1,8,2020-04-07,2020-04-13,fao_band,0.0064496250028582,0.0163506411130001,300.44989162021216,300.5355258093941,300.7486531999376,-5.340018636154783,-4.621917374266314,0.9542489203280752,0.905125862819272,0.837960858215876,0.3846943974494934,0.4981369078159332,-0.04912305750880319
676,36.8480555560001,3.435,1,8,2020-04-07,2020-04-07,fao_band,0.0004968793268176,0.0538913451249172,301.413487540351,304.69385371738014,305.2703545888264,-7.746296955187532,-9.103645197751886,0.381280646194296,0.6044154740307252,0.5462138670645164,0.2937749028205871,0.4708735346794128,0.22313482783642913
677,37.068055556,3.32138888900005,1,8,2020-04-07,2020-04-07,fao_band,0.0002314449424716,0.0635377608353664,302.33879135979544,305.98155988057454,306.7482354482015,-8.771250624853849,-9.4744533184471,0.5857292455350172,0.6119171461120508,0.4334551471018352,0.3458760380744934,0.4806381464004516,0.026187900577033685
678,37.7416666670001,1.49416666700006,1,8,2020-04-07,2020-04-10,fao_band,0.0052057505722018,0.0177966646964122,299.748714319865,303.1158806271023,303.16061609056254,-6.85895166040686,-6.411331002597937,0.9421245450423016,0.7157544703183825,0.8833447782060727,0.3723424077033996,0.4462926387786865,-0.22637007472391912
679,37.73,1.46361111100003,1,8,2020-04-07,2020-04-10,fao_band,0.0052057505722018,0.0177966646964122,299.748714319865,303.1158806271023,303.16061609056254,-6.581177754537288,-5.787951581179058,0.7289248902499246,0.73206796538991,0.9024374444160024,0.3723424077033996,0.4462926387786865,0.003143075139985463
680,36.833333333,5.45,1,8,2020-04-07,2020-04-11,fao_band,0.0058925003881427,0.0103007100636531,299.7732097625732,301.68782073126897,301.8233168284098,-4.704988698016298,-5.799083449585575,0.7772359645385762,1.0149764226394224,0.8189249301221844,0.3967407047748565,0.5103927850723267,0.2377404581008462
681,36.716666667,5.46666666700003,1,8,2020-04-07,2020-04-11,fao_band,0.0198759884710284,0.0306461297089626,296.8487794240316,295.9992302364773,296.3549791547987,-5.513444848413814,-5.091173223788459,0.9632084435749066,0.8831028626440378,0.8038317627918342,0.3922734260559082,0.5095626711845398,-0.08010558093086884
682,36.766666667,5.35,1,8,2020-04-07,2020-04-11,fao_band,0.0073706955785723,0.0122093848998119,298.0816787295872,300.7733404795329,300.9244995541043,-5.924535161145627,-5.159208567613533,0.920939707482248,0.8230435375629996,0.9767069171517284,0.3906351327896118,0.5082666873931885,-0.09789616991924832
683,36.783333333,5.36666666700006,1,8,2020-04-07,2020-04-11,fao_band,0.0058925003881427,0.0103007100636531,299.7732097625732,301.68782073126897,301.8233168284098,-4.7645579107423845,-5.612157330276716,0.8408855381838787,1.002602241574829,0.9884645061527664,0.3906351327896118,0.5082666873931885,0.16171670339095034
684,36.816666667,5.36666666700006,1,8,2020-04-07,2020-04-11,fao_band,0.0058925003881427,0.0103007100636531,299.7732097625732,301.68782073126897,301.8233168284098,-4.753041508702041,-3.71712419818452,0.673262332065039,1.0055699449945292,1.0282691855578463,0.3849487006664276,0.500110387802124,0.3323076129294902
685,36.7,5.35,1,8,2020-04-07,2020-04-11,fao_band,0.0228650570983859,0.033909469109254,296.47645412021217,296.4820427364773,296.8751288943821,-6.199310626094156,-3.510029881703753,0.8936392003559379,0.7739895393809637,0.8833146743729057,0.584868848323822,0.6606928706169128,-0.1196496609749742
686,36.816666667,5.46666666700003,1,8,2020-04-07,2020-04-12,fao_band,0.0064496250028582,0.0163506411130001,300.44989162021216,300.5355258093941,300.7486531999376,-5.275897738141524,-6.048835348446996,0.854369173239394,0.9155651354094976,0.8004539866740249,0.3967407047748565,0.5103927850723267,0.06119596217010359
687,36.7333333330001,5.38333333300005,1,8,2020-04-07,2020-04-12,fao_band,0.0188903660650225,0.0280081324393322,297.33766831292047,296.9224073198107,297.3670342763265,-6.5437588725045615,-4.36497966021189,0.7752311066325102,0.7261379629805765,1.0345568074153824,0.3906351327896118,0.5082666873931885,-0.049093143651933624
688,36.716666667,5.86666666700006,1,8,2020-04-07,2020-04-12,fao_band,0.0898407847757312,0.0794040553385784,292.65487208896207,292.01082420349127,292.2400648752848,-5.617601218996164,,0.7817449477151471,0.8610436287233506,0.8001856395228254,0.5804641246795654,0.6663386225700378,0.07929868100820348
689,36.816666667,5.15,1,8,2020-04-07,2020-04-12,fao_band,0.005944952475545,0.0121829651410152,299.2268989986844,302.7412766774495,302.60681834750704,-7.693227330855257,-6.467861806194929,0.771272970772001,0.5893306844704347,0.7624402352100683,0.5168827772140503,0.6116104125976562,-0.18194228630156628
690,36.816666667,5.51666666700004,1,8,2020-04-07,2020-04-12,fao_band,0.0064496250028582,0.0163506411130001,300.44989162021216,300.5355258093941,300.7486531999376,-5.9794456021384566,-5.246417573319848,0.9397849154084048,0.8060993552127671,0.8943841792189162,0.3846943974494934,0.4981369078159332,-0.1336855601956377
691,36.7,5.35,1,8,2020-04-07,2020-04-12,fao_band,0.0228650570983859,0.033909469109254,296.47645412021217,296.4820427364773,296.8751288943821,-6.199310626094156,-3.510029881703753,0.8936392003559379,0.7739895393809637,0.8833146743729057,0.584868848323822,0.6606928706169128,-0.1196496609749742
692,36.816666667,5.45,1,8,2020-04-07,2020-04-07,fao_band,0.0058925003881427,0.0103007100636531,299.7732097625732,301.68782073126897,301.8233168284098,-4.206949974425796,-2.2842327446650543,0.8912242885578415,1.10255937333965,0.7301738981261112,0.3967407047748565,0.5103927850723267,0.2113350847818084
693,37.0,5.31666666700005,1,8,2020-04-07,2020-04-07,fao_band,0.0023857207174273,0.0254001461083461,301.06008584764265,299.16652081807456,299.4991631825765,-6.200441925908608,-7.903046007530563,0.8185171132528227,0.778871400277223,0.6687624461581281,0.3915552496910095,0.5032628178596497,-0.03964571297559971
694,36.766666667,5.26666666700004,1,8,2020-04-07,2020-04-07,fao_band,0.0073706955785723,0.0122093848998119,298.0816787295872,300.7733404795329,300.9244995541043,-6.01118909157528,-3.575973952473138,1.0206544259373491,0.8103540776687131,0.8081971013110847,0.573131799697876,0.6573684811592102,-0.21030034826863597
695,36.75,5.46666666700003,1,8,2020-04-07,2020-04-07,fao_band,0.0198759884710284,0.0306461297089626,296.8487794240316,295.9992302364773,296.3549791547987,-3.877402362196656,-3.979788134381046,1.1158062237470174,1.162138070920122,0.9477696540970614,0.3922734260559082,0.5095626711845398,0.04633184717310446
696,36.766666667,5.28333333300003,1,8,2020-04-07,2020-04-07,fao_band,0.0073706955785723,0.0122093848998119,298.0816787295872,300.7733404795329,300.9244995541043,-5.703814276273619,-5.594055132962616,0.9753634737613291,0.8485667562686947,0.9882260683886386,0.573131799697876,0.6573684811592102,-0.12679671749263444
697,36.716666667,5.36666666700006,1,8,2020-04-07,2020-04-07,fao_band,0.0188903660650225,0.0280081324393322,297.33766831292047,296.9224073198107,297.3670342763265,-5.225083568746484,-3.901890729364819,1.031700085596849,0.9288927515327214,0.9228419502765008,0.3906351327896118,0.5082666873931885,-0.10280733406412756
698,36.716666667,5.31666666700005,1,8,2020-04-07,2020-04-07,fao_band,0.0228650570983859,0.033909469109254,296.47645412021217,296.4820427364773,296.8751288943821,-5.53432450243879,-3.927524918207372,0.936381123984769,0.8749507683109992,0.7669349897760079,0.573131799697876,0.6573684811592102,-0.061430355673769865
699,37.016666667,5.28333333300003,1,8,2020-04-07,2020-04-07,fao_band,0.0023857207174273,0.0254001461083461,301.06008584764265,299.16652081807456,299.4991631825765,-6.365965767272526,-5.019197666529127,0.7606189291180575,0.7688950064006526,0.595423668427044,0.3915552496910095,0.5032628178596497,0.008276077282595051
700,36.716666667,5.46666666700003,1,8,2020-04-07,2020-04-07,fao_band,0.0198759884710284,0.0306461297089626,296.8487794240316,295.9992302364773,296.3549791547987,-5.513444848413814,-5.091173223788459,0.9632084435749066,0.8831028626440378,0.8038317627918342,0.3922734260559082,0.5095626711845398,-0.08010558093086884
701,36.766666667,5.31666666700005,1,8,2020-04-07,2020-04-07,fao_band,0.0073706955785723,0.0122093848998119,298.0816787295872,300.7733404795329,300.9244995541043,-6.13126006643934,-4.976852621220697,0.9938102872009872,0.7854420824449067,0.7322464716130717,0.573131799697876,0.6573684811592102,-0.20836820475608053
702,36.766666667,5.36666666700006,1,8,2020-04-07,2020-04-07,fao_band,0.0058925003881427,0.0103007100636531,299.7732097625732,301.68782073126897,301.8233168284098,-6.080003773668349,-5.6561347495254015,0.7900343869556783,0.7951981875456658,0.9817609607405056,0.3906351327896118,0.5082666873931885,0.005163800589987555
703,36.816666667,5.36666666700006,1,8,2020-04-07,2020-04-07,fao_band,0.0058925003881427,0.0103007100636531,299.7732097625732,301.68782073126897,301.8233168284098,-4.753041508702041,-3.71712419818452,0.673262332065039,1.0055699449945292,1.0282691855578463,0.3849487006664276,0.500110387802124,0.3323076129294902
704,36.9166666670001,5.76666666700004,1,8,2020-04-07,2020-04-07,fao_band,0.0018996895427676,0.0015570215994884,296.16143675910104,298.24888301425506,297.9010729047987,-5.889715236528572,,0.8104489014950872,0.8194623687450967,0.7440896532071405,0.4575861394405365,0.5588414669036865,0.00901346725000951
705,36.966666667,5.71666666700003,1,8,2020-04-07,2020-04-07,fao_band,0.001391068207738,0.0017299942786266,299.8609918806288,299.411502371894,299.7652764638265,-4.87496541800383,-5.501603549111151,0.8823128737043915,0.983771755524052,0.6904613717393003,0.809013307094574,0.8577326536178589,0.10145888181966056
706,36.816666667,5.65,1,8,2020-04-07,2020-04-08,fao_band,0.0102041960830661,0.0208317183072139,298.7128419240316,298.72101300557455,298.8006985558404,-4.746991434096131,-5.374173082367054,0.8422260631663967,1.0076504905019334,0.9263931396035908,0.3958668708801269,0.5141097903251648,0.16542442733553675
707,36.9166666670001,5.76666666700004,1,8,2020-04-07,2020-04-08,fao_band,0.0018996895427676,0.0015570215994884,296.16143675910104,298.24888301425506,297.9010729047987,-5.889715236528572,,0.8104489014950872,0.8194623687450967,0.7440896532071405,0.4575861394405365,0.5588414669036865,0.00901346725000951
708,36.8666666670001,5.56666666700005,1,8,2020-04-07,2020-04-08,fao_band,0.0007521064157458,0.0011285238081981,300.71306436326773,301.42339473300507,301.33505185445154,-4.65179534708847,-6.91370766068445,0.9954350433574236,1.021376724861173,0.738311204195374,0.3846943974494934,0.4981369078159332,0.025941681503749314
709,37.066666667,5.31666666700005,1,8,2020-04-07,2020-04-08,fao_band,0.0038010479087802,0.0325956784302761,300.7084473927816,299.53410436842177,300.0336358388265,-4.711841660507548,-5.617159409417496,0.9066645003722796,1.0124469763751986,1.072416533000483,0.5522028207778931,0.6464879512786865,0.10578247600291901
710,37.066666667,5.15,1,8,2020-04-07,2020-04-08,fao_band,0.0092770160312625,0.0608671449238826,297.6622776879204,297.0763569725885,297.170511923896,-5.981775024819217,-5.810372813450966,0.7596856545483437,0.8142221259726803,0.7711640637174296,0.552733838558197,0.6493586301803589,0.0545364714243366
711,37.1,5.2,1,8,2020-04-07,2020-04-08,fao_band,0.004972308980939,0.0394777946288158,299.6931424882677,298.2217942555746,298.46730554368764,-6.142292799943857,-8.034315358884497,0.6017638834398058,0.7828824329582109,0.8587343992708587,0.5522028207778931,0.6464879512786865,0.18111854951840511
712,36.8666666670001,5.56666666700005,1,8,2020-04-07,2020-04-09,fao_band,0.0007521064157458,0.0011285238081981,300.71306436326773,301.42339473300507,301.33505185445154,-4.65179534708847,-6.91370766068445,0.9954350433574236,1.021376724861173,0.738311204195374,0.3846943974494934,0.4981369078159332,0.025941681503749314
713,36.8666666670001,5.71666666700003,1,8,2020-04-07,2020-04-09,fao_band,0.0007922799463244,0.0009126208836605,298.03518350389265,299.5202914343939,299.3397936079237,-5.010712531191301,-6.498153270520637,0.846114230174231,0.9669482369677984,0.8319630828208168,0.4150771796703338,0.5263432860374451,0.12083400679356737
714,36.0,5.66666666700007,1,8,2020-04-07,2020-04-09,fao_band,0.0018222631092044,0.0041978649909069,302.1808974795871,305.246463309394,304.5210002051459,-6.049818315608585,-5.513792568659545,0.8161366288705312,0.7963482410827247,0.8555882532098847,0.3510111272335052,0.4585393369197845,-0.01978838778780645
715,36.816666667,5.58333333300004,1,8,2020-04-07,2020-04-09,fao_band,0.0102041960830661,0.0208317183072139,298.7128419240316,298.72101300557455,298.8006985558404,-5.214733412005293,-5.151526995031508,0.8843449829158128,0.9254660868031646,0.9843415303938514,0.3958668708801269,0.5141097903251648,0.041121103887351795
716,36.766666667,5.31666666700005,1,8,2020-04-07,2020-04-09,fao_band,0.0073706955785723,0.0122093848998119,298.0816787295872,300.7733404795329,300.9244995541043,-6.13126006643934,-4.976852621220697,0.9938102872009872,0.7854420824449067,0.7322464716130717,0.573131799697876,0.6573684811592102,-0.20836820475608053
717,36.016666667,5.28333333300003,1,8,2020-04-07,2020-04-09,fao_band,0.0023268015260669,0.003425403695779,303.4247776879204,307.7508035871718,306.132355456882,-5.860456725863066,-3.820760359354363,0.8478417495878003,0.8354431297796481,0.9134813758316352,0.4180028140544891,0.5374059081077576,-0.012398619808152267
718,36.966666667,5.46666666700003,1,8,2020-04-07,2020-04-09,fao_band,0.0021876097793551,0.0088341377789546,300.10686861673986,298.72090992397733,299.3629327138266,-4.9191101884307695,-5.439904706955428,0.8765475478859175,0.974788749618226,0.971787410143056,0.4021199345588684,0.5148381590843201,0.09824120173230855
719,36.75,5.46666666700003,1,8,2020-04-07,2020-04-09,fao_band,0.0198759884710284,0.0306461297089626,296.8487794240316,295.9992302364773,296.3549791547987,-3.877402362196656,-3.979788134381046,1.1158062237470174,1.162138070920122,0.9477696540970614,0.3922734260559082,0.5095626711845398,0.04633184717310446
720,36.766666667,5.46666666700003,1,8,2020-04-07,2020-04-09,fao_band,0.0064496250028582,0.0163506411130001,300.44989162021216,300.5355258093941,300.7486531999376,-4.712878173570782,-3.7797322185481703,0.9564123838208768,1.010265736630812,0.8969621771131189,0.3922734260559082,0.5095626711845398,0.053853352809935306
721,36.816666667,5.51666666700004,1,8,2020-04-07,2020-04-09,fao_band,0.0064496250028582,0.0163506411130001,300.44989162021216,300.5355258093941,300.7486531999376,-5.9794456021384566,-5.246417573319848,0.9397849154084048,0.8060993552127671,0.8943841792189162,0.3846943974494934,0.4981369078159332,-0.1336855601956377
722,36.70083340795082,0.2063257326194592,0,8,2020-04-07,,synthetic_background,0.0267715306158038,0.0135693989808132,290.465684805976,291.8783914777968,292.1656616634793,-5.534961186334856,-5.198101906010956,0.7618138399491095,0.8739707826969911,0.6242323570314071,0.6252690553665161,0.6877680420875549,0.11215694274788168
723,37.74026682105317,0.7746857194784347,0,8,2020-04-07,,synthetic_background,0.0086449385757418,0.0157191746050884,298.06568480597605,300.64728796217173,300.84528405931263,-5.666608749234543,-4.675175080776205,0.7238614121743019,0.8536811764505275,0.8511300539596985,0.3260864019393921,0.3313003778457641,0.12981976427622566
724,38.61958790644944,0.7617894177933111,0,8,2020-04-07,,synthetic_background,0.0060307980651828,0.030271186691003,300.4017796410455,303.29494421217174,303.7947632259793,-5.214951965138551,-5.648158377501778,0.8910529425619895,0.9435690919665654,1.0584366068156688,0.3493779301643371,0.5010574460029602,0.05251614940457583
725,37.76900578032297,0.3153133508628938,0,8,2020-04-07,,synthetic_background,0.030227720844266,0.042711599927621,292.86700316535104,294.3233567555746,294.0959351009793,-6.403303554631057,-5.74395572039912,0.989473303322734,0.7454139072336641,0.8068345534936312,0.657188355922699,0.6879653930664062,-0.2440593960890699
726,38.71493050340682,3.2479968971134663,0,8,2020-04-07,,synthetic_background,0.0003135801429721,0.0141463570410778,299.71432304382324,303.0592834048801,303.6653578440348,-6.836125420058142,-6.362033376922509,0.936759745911924,0.6865443795804783,0.7983842524186986,0.3257990181446075,0.4653925597667694,-0.2502153663314457
727,36.86380200784358,0.5809763581910081,0,8,2020-04-07,,synthetic_background,0.0144479871864291,0.0181786857659389,292.9549154917399,294.3663634830051,294.4312866634793,-4.127094232636773,-5.513324586208553,0.8003228012692083,1.1152991278323974,0.8851861875463636,0.6082565188407898,0.7345433831214905,0.3149763265631891
728,37.988891863898736,0.8484916813713785,0,8,2020-04-07,,synthetic_background,0.009715676414487,0.0230696044976284,298.8742188771565,301.3501579708524,301.5850247277153,-4.750960864976838,-5.606373246153863,0.91333184476524,1.0061973007579392,0.9489584874594252,0.3590407967567444,0.455402135848999,0.09286545599269924
729,37.93158016790957,1.188186015032087,0,8,2020-04-07,,synthetic_background,0.0115235150928469,0.0288623266036083,298.9601075490316,301.9811638302273,302.3922892676459,-4.8933125047697255,-5.042146946038006,0.9055454846833052,0.9790708775261616,1.0529855644266712,0.3553517460823059,0.4457087218761444,0.07352539284285642
730,37.89151522293848,3.93023095076113,0,8,2020-04-07,,synthetic_background,0.0005207807893725,0.0438401095683147,298.971544180976,302.67852711147736,303.6250149620904,-7.01014713518533,-8.2354182016538,0.6678575864432401,0.6640652538583909,0.6502782613055267,0.2916834354400635,0.4297866821289062,-0.003792332584849234
731,38.150376904951145,3.159261583627669,0,8,2020-04-07,,synthetic_background,0.0001399816150637,0.0264700047785808,299.6869033389621,303.2817606184217,304.49855011834035,-8.639540051272004,-9.0821561000555,0.5289996743258248,0.4819101191038155,0.2927334538254432,0.3321354985237121,0.4635981321334839,-0.04708955522200936
732,36.02317598877088,0.2480284825247287,0,8,2020-04-07,,synthetic_background,0.013806417691228,0.0208687029892971,294.49933823479546,296.063064871894,296.2903415679931,-5.46514690995153,-5.6587059620349525,0.8502876551056197,0.885000141716119,0.9657755522189846,0.5629917979240417,0.615673303604126,0.034712486610499305
733,36.83222901098724,5.546231602053283,0,8,2020-04-07,,synthetic_background,0.0064496250028582,0.0163506411130001,300.44989162021216,300.5355258093941,300.7486531999376,-5.857397103044559,-5.793685079039241,0.6575592131812812,0.8346504710143019,0.7824528354428633,0.3846943974494934,0.4981369078159332,0.1770912578330207
734,38.65641728898368,2.765860208340105,0,8,2020-04-07,,synthetic_background,0.0010348261470767,0.0199798636252452,300.3092340681288,303.70897958543566,304.3847209082709,-5.5602272433480815,-5.631939255020996,0.9049585892549484,0.8719052157417109,0.9140001552883834,0.188126340508461,0.2726069092750549,-0.03305337351323756
735,37.90634050097853,3.655911444918795,0,8,2020-04-07,,synthetic_background,0.0004556180114718,0.0513264380509426,298.10527356465656,302.00999412536623,301.9640394846598,-7.390039121130137,-7.947000204187965,0.6696755426760407,0.6172851271938976,0.5225252793625527,0.2520568668842315,0.3840194940567016,-0.05239041548214307
736,37.53315321848218,1.17145808989407,0,8,2020-04-07,,synthetic_background,0.0166993291254016,0.0259410433585216,298.38555242750385,299.7231560177273,300.0014038509793,-5.824439928796896,-7.324300413918751,0.8501517582834461,0.8399803487782154,0.8230768984845414,0.3617965281009674,0.3443039059638977,-0.010171409505230766
737,37.49083789799776,0.5795861445406123,0,8,2020-04-07,,synthetic_background,0.0121295453186007,0.017573490005212,297.17728419833713,299.8509392208523,300.03017989264595,-5.003852854176099,-5.898389551410274,0.7652340300012166,0.9603723011874834,0.8151315793530454,0.3989328742027282,0.4421727657318115,0.1951382711862668
738,38.4157939069354,4.722068157670092,0,8,2020-04-07,,synthetic_background,0.0012977422351809,0.0116915993506481,294.8958931393093,297.933719168769,299.20701908535426,-4.370603052275717,-4.625806670294654,0.8707486876348857,1.0707645349670143,0.7288975429205693,0.2820469737052917,0.4759079217910766,0.20001584733212863
739,36.734968931332816,0.9327770516719928,0,8,2020-04-07,,synthetic_background,0.0219562352771731,0.0329806201273967,292.0889052920872,293.03952429029675,292.8815904829237,-7.241901568923255,-7.692117964264066,0.5349787392494761,0.6350290499578733,0.5791276789772409,0.6602055430412292,0.6786656975746155,0.1000503107083972
740,37.94266841591647,3.972534652322437,0,8,2020-04-07,,synthetic_background,0.0005382300491305,0.0407954596097042,299.1582575056288,302.21800193786623,302.4761542850071,-6.34050483853151,-5.987600273419159,0.8596080173977627,0.753896714105597,0.9330122915437356,0.268798291683197,0.4067845642566681,-0.10571130329216571
741,37.67904119548566,4.356147366925379,0,8,2020-04-07,,synthetic_background,0.000432491409299,0.0438388876730968,298.40507825215656,301.3074713389079,301.06690949334035,-5.648826376105153,-4.535746884991388,0.8736228031098764,0.8573578279972538,0.9200916235926336,0.4105015695095062,0.494138091802597,-0.016264975112622593
742,38.01339313446336,3.941926293117173,0,8,2020-04-07,,synthetic_background,0.0006339849109622,0.0357507310921718,298.7355253007676,302.382840262519,303.9242337120905,-5.770137797072064,-5.52974357646925,0.7645680075567085,0.8375486965827749,0.873431270513154,0.2696817815303802,0.4580011963844299,0.07298068902606636
743,36.38652538203544,2.596225722804384,0,8,2020-04-07,,synthetic_background,0.0004031957263919,0.0079331241662075,301.89407564798995,307.9694179534912,307.68562694125706,-8.13664219091153,-8.089821242337159,0.577996833919961,0.5334868720325358,0.5787055468381105,0.284078449010849,0.4276555478572845,-0.04450996188742529
744,38.35464456316194,2.1285325995320994,0,8,2020-04-07,,synthetic_background,0.0038437844390841,0.0345836274439861,300.3621257781983,303.6389546288384,304.7660305870904,-6.145068636020601,-5.522233048553781,0.7509705833394188,0.7818944158881711,0.7958565082886313,0.3389200568199157,0.4761317074298858,0.030923832548752306
745,37.05130633249127,3.654104771556642,0,8,2020-04-07,,synthetic_background,0.0002281815881701,0.0738292925173809,301.47990464104544,305.3620503319635,304.7436781565348,-7.332728889927672,-8.463940034444265,0.6257988242927668,0.6545206066568231,0.5506799886021432,0.2348937690258026,0.3541204035282135,0.028721782364056314
746,36.20537664209987,5.916342356132989,0,8,2020-04-07,,synthetic_background,0.0093012751216861,0.0174981795365383,298.5033909691704,299.12763192918567,299.5965535905626,-5.984707779184433,,0.8568197535375228,0.8053023765656164,0.818833146927024,0.3055038154125213,0.4199773371219635,-0.05151737697190639
747,37.16309390992649,0.4154840024609987,0,8,2020-04-07,,synthetic_background,0.0192039162988635,0.0185174785668422,292.3032933129205,293.9347879621717,294.09638540479875,-6.212095907551699,-6.787182337682578,0.6037190466820632,0.7723281513071818,0.6450598221699743,0.4787572026252746,0.5656997561454773,0.16860910462511858
748,38.58992604033328,4.00710558228845,0,8,2020-04-07,,synthetic_background,0.0014942587490054,0.0164927385861446,295.59127074347606,297.5728087955051,299.0151354047987,-5.600101019429613,-5.402835543626981,0.8112407220931303,0.8784230647976663,0.8493447691409692,0.310238629579544,0.4921981990337372,0.06718234270453605
749,36.351769501385576,3.808232282732858,0,8,2020-04-07,,synthetic_background,0.0009085984106036,0.0214105986172725,302.76012925042045,306.27797915140786,305.8991089291043,-7.190876816660313,-7.159340942627371,0.6587505214793539,0.6439399660821108,0.6992679779949644,0.39222052693367,0.5295771360397339,-0.014810555397243075
750,38.39041860145683,2.9447203961363733,0,8,2020-04-07,,synthetic_background,0.000560402976987,0.0239491008336116,300.4930719587538,304.0953565385607,304.8444485558404,-7.463352744746436,-7.16664750979605,0.4367173313919887,0.6094488339201026,0.5754297573326561,0.3265243172645569,0.4564153254032135,0.17273150252811392
751,36.497826825677926,3.253095976706504,0,8,2020-04-07,,synthetic_background,0.001105338441846,0.0289373092467357,301.4341798146566,305.3559956444634,306.25827234056266,-9.05347483665047,-8.94740627943521,0.4843103296029712,0.4424515268856673,0.5004153803954845,0.2631331980228424,0.4233576655387878,-0.04185880271730391
752,38.09261278380208,5.063921268611006,0,8,2020-04-07,,synthetic_background,0.0024182946557971,0.0191027067715694,294.70729179382323,295.92098045349127,296.5251668718126,-4.915696139755001,-6.683649706369531,0.7949911719533987,0.9752566436972449,0.7149212721272981,0.3278294503688812,0.4944819211959839,0.1802654717438461
753,37.6673005918362,4.646039958003351,0,8,2020-04-07,,synthetic_background,0.0002922863836261,0.0208015583569576,297.92380655076767,300.95179642571344,301.70387238396535,-5.8573835332134525,-5.665972281372978,0.8916891819754529,0.8243238329778043,0.9496323204047036,0.4270705878734588,0.5323745608329773,-0.06736534899764857
754,36.118269216684034,5.883303309982919,0,8,2020-04-07,,synthetic_background,0.0051197559709521,0.0120499573761989,300.2110190073649,301.3998215993245,301.7942098405626,-6.848963786379592,,1.1698323098177994,0.6848648271801432,0.9214892171708804,0.480394959449768,0.593883752822876,-0.4849674826376562
755,37.39062981036312,5.6949962822206,0,8,2020-04-07,,synthetic_background,0.0088522137279483,0.0153406255061199,295.7651314205593,295.32148501078296,296.0864353179932,-5.59391122438867,-5.80017600975615,0.524655524388111,0.8656742951270537,1.0214466675892533,0.7550480961799622,0.8020421266555786,0.3410187707389427
756,36.31981647053331,3.2293580836393763,0,8,2020-04-07,,synthetic_background,0.0013136268730136,0.0111157737786342,302.8510309431287,302.22060610453286,302.67956140306256,-8.62022454824962,-7.871758069047516,0.5168265811288192,0.516693684931702,0.549797739534228,0.2315658330917358,0.2985031306743622,-0.0001328961971172049
757,38.58956594325607,3.702428396767744,0,8,2020-04-07,,synthetic_background,0.0011935980195971,0.0242918275410701,296.1459365420872,297.3959207746718,297.83855662875703,-6.338073660306135,-7.138407021785522,0.7250208151832718,0.7542392628754065,0.7731298343019661,0.2237207740545272,0.3891067504882812,0.029218447692134775
758,38.17760857002455,0.8382833145517365,0,8,2020-04-07,,synthetic_background,0.0063975156421633,0.0212309353167583,299.88365898132326,302.8602111392551,303.1996243370904,-4.331292116256426,-4.884600889531948,0.9642232360366838,1.0779859683022122,0.9021284275197348,0.330840528011322,0.4320928156375885,0.11376273226552835
759,36.86363165119576,0.4095275123943003,0,8,2020-04-07,,synthetic_background,0.0206355751628848,0.020154728751855,292.2067709604899,293.569900809394,293.671146689521,-4.961032474234976,-5.328897516698582,0.9793906518124,0.9675786860105644,0.9808045012045088,0.6269261240959167,0.6696507930755615,-0.011811965801835633
760,37.27494257644818,4.236970221524218,0,8,2020-04-07,,synthetic_background,0.0010368080015155,0.0393374405915309,300.1456218719483,303.2036844465468,302.81893314785424,-6.899691935564752,-7.577523241680852,0.8173801372797614,0.6782603075580499,0.81419553719608,0.2961221933364868,0.384164959192276,-0.13911982972171155
761,37.639776777172735,0.9130798008248022,0,8,2020-04-07,,synthetic_background,0.0130996854181262,0.0230414264018108,297.5595487382677,300.0212300194635,300.25582008361823,-5.154924939873429,-5.534914188583583,1.0066371947799642,0.9361487985530776,0.8476004007831671,0.3861424326896667,0.4576431512832641,-0.07048839622688652
762,38.77383952153169,4.396135925097148,0,8,2020-04-07,,synthetic_background,0.0005947799558612,0.005199193220811,296.55910928514265,299.9792215559217,301.14790450202105,-5.943386836157369,-4.338815686233049,0.8730062293553171,0.8114392516507982,0.753645530242097,0.2420298010110855,0.4243860840797424,-0.06156697770451891
763,37.68524141248888,2.5911974231900707,0,8,2020-04-07,,synthetic_background,0.006231829630849,0.0332683019454052,301.4237034691705,305.03770137363006,305.86869985792384,-8.90406108348863,-8.042198967970688,0.4856135337384534,0.4648170319817732,0.5098540666955802,0.3082732856273651,0.4354578852653503,-0.020796501756680186
764,38.45543798013102,2.832244322733339,0,8,2020-04-07,,synthetic_background,0.0011438430423709,0.0232349179799129,300.22793524000383,303.3375331878662,303.93814430236824,-6.570077363497194,-6.760803959598766,0.5687255173444439,0.7258276338148402,0.7480923027686591,0.2255258858203888,0.384836345911026,0.1571021164703963
765,37.99018829387224,0.4629475503688893,0,8,2020-04-07,,synthetic_background,0.0344829709405871,0.0588029466683437,295.22087686326773,296.4303608788384,296.2401516808404,-7.344086859398184,-5.610203050647932,0.6994569235972059,0.6304401539912527,0.8485641964297309,0.5089136362075806,0.5778498649597168,-0.06901676960595315
766,38.371339708280615,3.575567811662445,0,8,2020-04-07,,synthetic_background,0.0004820824737521,0.0312305681521465,298.3936687469483,300.6977545420329,301.37292620340975,-4.8442214934021965,-5.363304918103037,0.8158010154411199,0.98744486322559,0.9931482293143435,0.4287968575954437,0.5623692870140076,0.17164384778447006
767,38.18173981768402,0.7908166469916873,0,8,2020-04-07,,synthetic_background,0.0063975156421633,0.0212309353167583,299.88365898132326,302.8602111392551,303.1996243370904,-6.11569451212383,-6.69211454689777,0.9389839809413932,0.7866209563590698,0.8470191104883704,0.3920445442199707,0.5141810178756714,-0.15236302458232343
768,36.96054536181376,1.2696536672520804,0,8,2020-04-07,,synthetic_background,0.0081464947338076,0.0149662338311244,296.46937946743435,300.0512647416856,300.005402331882,-5.531682994101265,-5.612473421565627,0.7961412520413413,0.874486453252467,0.6962793773913787,0.4272130131721496,0.4852676391601562,0.07834520121112565
769,37.531419745778415,5.321297865023595,0,8,2020-04-07,,synthetic_background,0.0012203158016177,0.005819841485696,298.7768501705593,300.2171230316162,300.5518921322292,-5.4372421768114005,-4.847069403562241,0.6262206525741325,0.900624749292934,0.7159783946375067,0.5089889168739319,0.6164220571517944,0.2744040967188015
770,37.17243445218405,3.4959829486842366,0,8,2020-04-07,,synthetic_background,0.0002326668376895,0.0924184166008998,301.9134549882677,305.45791079203286,304.4925225575765,-7.159285433781184,-7.298416793379017,0.5195752539508034,0.7033704276731031,0.6425963045239297,0.2713073492050171,0.3863347470760345,0.1837951737222997
771,37.3901729362422,3.2157320191054115,0,8,2020-04-07,,synthetic_background,0.000583469974515,0.0945499085003902,302.20449231465653,305.68574282328285,304.64881053500704,-9.829727963909086,-8.500367497008618,0.4921547584399068,0.3768067721522259,0.5319528212079089,0.3280669748783111,0.4562210142612457,-0.11534798628768089
772,36.609373427227965,2.009378480171637,0,8,2020-04-07,,synthetic_background,0.0029787571306201,0.0273377440983821,300.44730915493443,305.081424246894,305.0784275054932,-6.957420898203866,-6.757985566368961,0.5210599984432863,0.6734078303611497,0.6244315578400033,0.2993367314338684,0.3757146298885345,0.15234783191786339
773,38.03122786997578,2.7701764727112077,0,8,2020-04-07,,synthetic_background,0.0020556450958224,0.0287618033701946,300.5951986948649,304.5142204708523,306.1947198232016,-9.011459974080225,-9.855228957257248,0.3379546570769406,0.44621590101712,0.3672710430311996,0.2105412483215332,0.3542322814464569,0.10826124394017939
774,37.617773820311896,4.709221153173719,0,8,2020-04-07,,synthetic_background,0.0002964438075991,0.0143717818076183,298.59500880771213,301.7935607486301,302.5946004655626,-5.712766349846457,-5.130841683681849,0.8631992997144873,0.8463298097269137,0.9494762394261592,0.3274296820163727,0.4047287106513977,-0.016869489987573538
775,36.44761491917566,1.64160879775876,0,8,2020-04-07,,synthetic_background,0.0016863645191165,0.0099022232110073,301.7703506045872,307.185010401408,306.03531769646537,-9.25277717027476,-8.40179257598896,0.4715149595983392,0.4251092143946552,0.4614561261528871,0.3433873057365417,0.4412226378917694,-0.04640574520368401
776,36.208090479029984,2.355726840598342,0,8,2020-04-07,,synthetic_background,0.0010815412874194,0.0080751173312236,304.020860587226,309.40073848300506,308.42448870340985,-7.894360615815981,-8.64840368133434,0.6447415444887351,0.5588269273889006,0.4756107992168464,0.2845357060432434,0.4026006162166595,-0.0859146170998345
777,38.9581045424949,4.10396809880993,0,8,2020-04-07,,synthetic_background,0.0015918315525027,0.0167394571120311,295.35851249694826,297.90980423821344,299.13462867736814,-9.09510978994481,-8.577857684180266,0.4413420355593081,0.4442034957120762,0.4133931477469982,0.2417810708284378,0.420419842004776,0.0028614601527680583
778,36.87839469886509,1.8426650507922484,0,8,2020-04-07,,synthetic_background,0.0090062321300479,0.0670337073618938,295.0825250837537,297.38229772779675,296.9980401357015,-6.259243430743097,-7.142004233924957,0.8084886504447706,0.8029278727069751,0.649392367625053,0.3555887639522552,0.4083307981491089,-0.005560777737795508
779,37.162554551701305,4.00871386660801,0,8,2020-04-07,,synthetic_background,0.0006223173017474,0.0563775889689495,300.55107977125385,304.23669225904683,303.4205987294515,-10.806525274046455,-8.561080077313001,0.4947915148850271,0.3067314844079403,0.5441171386186532,0.3044290840625763,0.4904698729515075,-0.1880600304770868
780,36.23733920844858,2.1065052571802214,0,8,2020-04-07,,synthetic_background,0.0012132973546954,0.0028621547038127,303.44471041361487,309.4581929100885,307.7223782433404,-8.254458314388195,-9.53410362048248,0.5878981125688942,0.5203459706492881,0.4812525468371483,0.3009521067142486,0.402506023645401,-0.06755214191960612
781,37.01127887430496,5.834474965844331,0,8,2020-04-07,,synthetic_background,0.002650901782033,0.0019555382544567,297.7511231740316,298.71947763231066,298.7701701270209,-7.469848237863032,,0.9027964437761562,0.607486653732623,0.7963838592213248,0.6084792613983154,0.6930943727493286,-0.2953097900435332
782,38.16951471499105,3.243526077119858,0,8,2020-04-07,,synthetic_background,0.0001399816150637,0.0264700047785808,299.6869033389621,303.2817606184217,304.49855011834035,-11.721007405763238,-11.644921182511418,0.3909756381103734,0.2523490008899791,0.3112650869989408,0.2514052987098694,0.4073349237442016,-0.1386266372203943
783,38.58791755268167,2.983806127888585,0,8,2020-04-07,,synthetic_background,0.0004885048742266,0.0187366150433589,300.1226618025039,303.4611877017551,303.99187151590985,-3.868115006049072,-4.994043408560062,0.9597796596298636,1.1642497222176154,0.8256104413475734,0.231789618730545,0.316415935754776,0.2044700625877518
784,36.16726257899808,5.34782367726884,0,8,2020-04-07,,synthetic_background,0.0051394851083728,0.0047280930096675,301.52739813062885,303.00692880418563,302.9554294586181,-4.982103654489485,-5.350539555910581,0.9550643972972576,0.979428696472878,0.8319038448322604,0.2962737679481506,0.3873235285282135,0.02436429917562044
785,38.1601759974517,2.703454032141006,0,8,2020-04-07,,synthetic_background,0.0016043783302279,0.0242952995116283,300.19669066535096,303.99759720696346,304.73485654195144,-9.060532198605692,-8.300309066989762,0.6091483560646582,0.4417560443137027,0.4795841264125125,0.288982629776001,0.4457168579101562,-0.16739231175095554
786,37.79868701386205,3.8707950283298,0,8,2020-04-07,,synthetic_background,0.000534504758832,0.0526077740008403,299.2803549448649,302.6688428666857,302.84575606452097,-8.110685652070964,-7.94978958089963,0.6081980880538459,0.5364731377343278,0.6470446651140686,0.2919072210788727,0.422769695520401,-0.07172495031951809
787,36.06101101140752,1.5363848021564923,0,8,2020-04-07,,synthetic_background,0.0029041470165225,0.0035707943255474,301.8930502573649,306.4271219465467,304.72145593431264,-6.714335924394234,-6.668241801370441,0.698379602367216,0.7026398707127172,0.7628997117645221,0.3290913701057434,0.3450658321380615,0.004260268345501195
788,37.43975126621236,5.184794672737136,0,8,2020-04-07,,synthetic_background,0.0006851853008242,0.0057061456257869,298.5113933563232,302.0210021548801,301.9976929134792,-5.729110231351815,-5.916683456492645,0.7404538754176209,0.8498855732616017,0.874951082246877,0.3641911447048187,0.4982681274414062,0.10943169784398088
789,36.16663126417989,2.069691955213657,0,8,2020-04-07,,synthetic_background,0.0012132973546954,0.0028621547038127,303.44471041361487,309.4581929100885,307.7223782433404,-11.05202218736339,-10.10126577378181,0.3436495125924306,0.3810434325911332,0.4030358267277903,0.3295425176620483,0.4607844054698944,0.03739391999870262
790,36.55844504817816,3.473848345607076,0,8,2020-04-07,,synthetic_background,0.0011923165197345,0.0450293116385509,300.5382976531982,304.09682680765786,304.5336304134792,-9.329833824906393,-8.655174320405646,0.5479368155036095,0.4279223208198215,0.5284230383764863,0.2542937994003296,0.4132125973701477,-0.120014494683788
791,38.5492190956271,4.49456179098423,0,8,2020-04-07,,synthetic_background,0.000936150657651,0.0083911262566616,295.94181870354544,299.119363700019,300.4228448232015,-4.969707714472394,-4.819487879378961,0.8689666424645937,0.9661141871369244,0.941674724179866,0.2757318913936615,0.4763544797897339,0.09714754467233078
792,36.42141850437757,3.6800169565456486,0,8,2020-04-07,,synthetic_background,0.0009445400114032,0.0224089019114543,302.6017579396566,306.35651105244955,306.113019519382,-6.376408358077939,-5.924582152565004,0.9196518902639392,0.7658159523729693,0.6448767633802489,0.279277503490448,0.4103754758834839,-0.15383593789096994
793,36.329722222,1.10777777800007,1,9,2020-04-14,2020-04-16,fao_hopper,0.0083387048120471,0.0090872340018322,298.26354721917045,300.90274043613005,300.5454956478543,-4.760853893028013,-5.683566454541042,1.0541547013791852,1.0045124804729382,1.0881239294529206,0.3942667245864868,0.4626805782318115,-0.04964222090624704
794,37.2333333330001,1.6,1,9,2020-04-14,2020-04-20,fao_hopper,0.0072858632678958,0.0140842341000606,297.2643827226427,299.52219573126894,299.55231530931263,-5.8585295303349065,-6.029661909177106,0.83941662369283,0.8394005050836908,0.780312501744153,0.3313054144382477,0.4245457947254181,-1.611860913919294e-05
795,37.1,1.25,1,9,2020-04-14,2020-04-20,fao_hopper,0.0108948500032397,0.0200964354092647,296.06797972785097,297.9957417382135,298.1630846235487,-5.097677090041239,-4.864499822393363,0.990467341452392,0.944687099584097,0.8423765242821258,0.4216567873954773,0.5024968385696411,-0.04578024186829499
796,37.25,1.58333333300004,1,9,2020-04-14,2020-04-20,fao_hopper,0.0072858632678958,0.0140842341000606,297.2643827226427,299.52219573126894,299.55231530931263,-5.663908540951713,-5.3310336334905575,0.8410406849404837,0.8622876263308941,0.7928816967447995,0.3313054144382477,0.4245457947254181,0.02124694139041039
797,37.016666667,5.3,1,9,2020-04-14,2020-04-14,fao_band,0.0023857207174273,0.0254001461083461,301.06008584764265,299.16652081807456,299.4991631825765,-5.940058827141519,-5.089306422374063,0.6935704461813216,0.8356162108481342,0.7617206409190257,0.3915552496910095,0.5032628178596497,0.14204576466681262
798,37.1,5.31666666700005,1,9,2020-04-14,2020-04-14,fao_band,0.0038010479087802,0.0325956784302761,300.7084473927816,299.53410436842177,300.0336358388265,-6.31878382006654,-5.752651039781672,0.9796333313293164,0.762611531565002,0.8936624682691682,0.5522028207778931,0.6464879512786865,-0.21702179976431435
799,36.9166666670001,5.61666666700006,1,9,2020-04-14,2020-04-15,fao_band,0.0007521064157458,0.0011285238081981,300.71306436326773,301.42339473300507,301.33505185445154,-6.523254033876251,-6.603962231370344,0.6532414779655136,0.7290255989306451,0.9560076205546912,0.4108535349369049,0.5266219973564148,0.07578412096513154
800,37.1,5.15,1,9,2020-04-14,2020-04-17,fao_band,0.0092770160312625,0.0608671449238826,297.6622776879204,297.0763569725885,297.170511923896,-4.399862075738632,-5.157125902319871,0.9403232764663108,1.0655311791636448,0.8883351589997226,0.552733838558197,0.6493586301803589,0.12520790269733406
801,37.83438153495,2.9485584273138,0,9,2020-04-14,,synthetic_background,0.0009112210149737,0.033145531278329,301.3013998667399,305.3053391774495,307.27248132493764,-8.106695399823725,-9.6104036002463,0.6159756249545694,0.5358139070044019,0.4150562176789288,0.2373524755239486,0.3583694696426391,-0.08016171795016747
802,38.09785078843764,1.1674154892360038,0,9,2020-04-14,,synthetic_background,0.0085249395246478,0.0234747372681667,300.0951118893093,303.1547695159912,303.78806292215984,-5.396418339721251,-4.2775140368618825,0.8396805557973825,0.8992154042294671,0.7977395873787274,0.3275522589683532,0.4481653869152069,0.059534848432084564
803,38.324860992027226,4.247360647084872,0,9,2020-04-14,,synthetic_background,0.0017897636766406,0.0142719291264583,294.9333388858371,297.8505485958524,299.1549791547987,-5.483959623751934,-5.320941757496684,1.0070181640815044,0.8820183057336485,0.9120276637437992,0.3036173284053802,0.4489598572254181,-0.12499985834785587
804,36.27890512986692,2.4826215309105653,0,9,2020-04-14,,synthetic_background,0.000518664824483,0.0086244188363124,302.7190702226427,308.357449637519,307.8223945193821,-6.566572412266732,-6.659735255265355,0.81724666351268,0.729174637690369,0.7252399666188833,0.1978716254234314,0.2168126553297042,-0.088072025822311
805,36.183191254883056,1.795650370292154,0,9,2020-04-14,,synthetic_background,0.000790014969823,0.0010749243313838,302.8919868893093,309.26303231981063,307.24039039611824,-6.998143600568341,-7.206646362563779,0.6822430287845733,0.666252640515504,0.7380453334001696,0.3103550970554352,0.3591659665107727,-0.01599038826906929
806,37.357716169033296,5.515648858461965,0,9,2020-04-14,,synthetic_background,0.0042862893218966,0.0105415724331905,296.5003147972955,298.0898769378662,298.8443563249376,-6.84579247907707,-6.359890234074727,0.7249677363644682,0.6853186206889981,0.8348912777388574,0.5528121590614319,0.6684463620185852,-0.03964911567547014
807,36.87416754186331,3.3625236212377105,0,9,2020-04-14,,synthetic_background,0.0003175885553332,0.0623018436247875,301.757481680976,305.0631896548801,305.5496243370904,-7.812588400965238,-6.49462532321092,0.7202889017694426,0.5685113472193206,0.8169657601393902,0.3127181828022003,0.4856013059616089,-0.15177755455012198
808,38.846214796840805,1.8647856651040275,0,9,2020-04-14,,synthetic_background,0.0027145893449755,0.0396825216824581,300.74308280944825,303.4142638736301,303.7599541982015,-7.239257341341329,-7.004079969573077,0.3776232833786314,0.6371504303517339,0.5662032236149896,0.3976140022277832,0.5497227907180786,0.25952714697310253
809,38.724444444,4.55638888900006,1,10,2020-04-21,2020-04-25,fao_hopper,0.0013485253925296,0.0075329236800243,296.384358851115,299.219412528144,300.6990655263265,-6.656126494486619,-6.836103074897235,0.7576962588454277,0.7104369825924657,0.7105391341126353,0.2384363561868667,0.4224695861339569,-0.047259276252962
810,38.724444444,4.55611111100006,1,10,2020-04-21,2020-04-25,fao_hopper,0.0013485253925296,0.0075329236800243,296.384358851115,299.219412528144,300.6990655263265,-6.317448046165564,-4.891565741985129,1.061825954268182,0.7571501827248512,0.9481212675445774,0.2384363561868667,0.4224695861339569,-0.3046757715433308
811,38.138888889,4.88444444400005,1,10,2020-04-21,2020-04-26,fao_hopper,0.0020031036014529,0.0265328578764965,293.4209690941705,295.5228630489773,296.2613539377848,-10.905574811843731,-10.23320575681128,0.2656178285110241,0.3003343434425975,0.1221341822315503,0.2918349802494049,0.4455459713935852,0.034716514931573406
812,38.7266666670001,4.55944444400006,1,10,2020-04-21,2020-04-26,fao_hopper,0.0013485253925296,0.0075329236800243,296.384358851115,299.219412528144,300.6990655263265,-4.24403017552646,-5.706540551996923,0.8781837636821548,1.0937717504846711,0.8102989746733423,0.2384363561868667,0.4224695861339569,0.21558798680251634
813,37.582777778,0.348333333000028,1,10,2020-04-21,2020-04-23,fao_hopper,0.0234418512458773,0.0164123468215038,294.8086481306288,296.4980854882135,296.70229360792376,-7.965010358545392,-6.144482970025922,0.728385752049679,0.5510928174327853,0.7050478300338691,0.5669479370117188,0.6066787838935852,-0.17729293461689377
814,37.2308333330001,1.95861111100004,1,10,2020-04-21,2020-04-27,fao_band,0.0035832972402545,0.0114061527068187,299.75568589104546,304.841580496894,304.95635719299315,-6.455009029504453,-6.694087397692464,0.6591713237620945,0.7378984161500806,0.8286662752689585,0.2843510508537292,0.3220871090888977,0.07872709238798603
815,37.5491666670001,0.452777778000041,1,10,2020-04-21,2020-04-27,fao_band,0.0108733178253146,0.0118856869751979,296.54825316535096,299.2201558007134,299.3119344499376,-5.530181791162998,-5.1460672918897306,0.8049949918563494,0.8776926566205294,0.9511945108365644,0.5669479370117188,0.6066787838935852,0.07269766476418005
816,37.1,5.15,1,10,2020-04-21,2020-04-22,fao_band,0.0092770160312625,0.0608671449238826,297.6622776879204,297.0763569725885,297.170511923896,-4.399862075738632,-5.157125902319871,0.9403232764663108,1.0655311791636448,0.8883351589997226,0.552733838558197,0.6493586301803589,0.12520790269733406
817,38.6580555560001,4.49638888900006,1,10,2020-04-21,2020-04-25,fao_band,0.0009922833318682,0.0055771909768154,296.1942329830593,299.478885184394,300.74185523986824,-6.36505475611178,-7.127490689066828,0.7823565724991622,0.7504443654791338,0.5923512138596392,0.236184149980545,0.4228765070438385,-0.031912207020028394
818,37.533333333,0.4,1,10,2020-04-21,2020-04-22,fao_band,0.0142466128940554,0.0120799981171657,295.8194228702121,298.33043683369954,298.5090969933404,-5.382380294160333,-5.101124124805148,1.0401548324015963,0.9136459314020178,0.8750244833684153,0.5669479370117188,0.6066787838935852,-0.12650890099957857
819,36.34817658691525,3.95073229047692,0,10,2020-04-21,,synthetic_background,0.0010729582185717,0.0089760266358425,302.9535537295871,306.9620449066162,305.684672080146,-6.819708355534476,-6.383652467724061,0.7586593332440282,0.6891008831009251,0.6521410917522648,0.3990615606307983,0.5358759760856628,-0.06955845014310313
820,37.12676694889963,3.6766954893320496,0,10,2020-04-21,,synthetic_background,0.0002281815881701,0.0738292925173809,301.47990464104544,305.3620503319635,304.7436781565348,-6.329390326197132,-7.126648779309815,0.7570395948260094,0.7556009487524633,0.4412384231764286,0.2348937690258026,0.3541204035282135,-0.001438646073546046
821,38.03847165756125,4.09477877533554,0,10,2020-04-21,,synthetic_background,0.0008421243305178,0.0311744503790905,297.415343009101,299.99413583543566,300.6943183475071,-5.024141296720842,-5.84831494271857,0.9442656904614852,0.9603565290329756,0.8072885285494016,0.2866663336753845,0.4092310667037964,0.016090838571490407
822,38.865029987962814,3.823337636350249,0,10,2020-04-21,,synthetic_background,0.0016872585887881,0.0238099239880611,295.81494153340657,297.6593973371717,298.60903188917376,-4.034481297835358,-4.168929666652893,0.8823041022281459,1.132531940676376,1.043761426143069,0.4123336374759674,0.5570999383926392,0.25022783844823016
823,37.53883082323952,0.5170579730828859,0,10,2020-04-21,,synthetic_background,0.0108733178253146,0.0118856869751979,296.54825316535096,299.2201558007134,299.3119344499376,-4.735098626257694,-5.403916724122713,0.9160145255278184,1.0065327105095243,0.880181761091849,0.5118453502655029,0.5703425407409668,0.09051818498170594
824,37.23849564410805,2.9555453956003803,0,10,2020-04-21,,synthetic_background,0.0008327365989657,0.0376058064515163,300.91723102993427,305.3067606184217,306.7550496843126,-6.464237341787722,-6.9539826465539,0.6144496198397311,0.7507188561675456,0.5198855305818333,0.2829752266407013,0.3989669978618622,0.1362692363278145
825,36.232850061261,2.4459981572880647,0,10,2020-04-21,,synthetic_background,0.0010815412874194,0.0080751173312236,304.020860587226,309.40073848300506,308.42448870340985,-8.925624969839582,-9.893348156003311,0.4433826349096238,0.4678730437156081,0.2854671566375411,0.1978716254234314,0.2168126553297042,0.0244904088059843
826,36.94231490169325,4.623304940198738,0,10,2020-04-21,,synthetic_background,0.0025102050180407,0.0203224860245754,302.29753701951773,305.34647416008846,305.17601322597926,-2.397350023993802,0.0531302221085177,0.8502065640802114,2.290070450848555,1.7325561889849057,0.5397363901138306,0.5548314452171326,1.4398638867683435
827,37.803059339153634,2.504149017843313,0,10,2020-04-21,,synthetic_background,0.0120643378372164,0.0468903623635341,300.49845932854544,303.6770622677273,304.1099541982015,-9.069524018605067,-9.14662481702322,0.3514456454906406,0.4437418344770213,0.411964263448548,0.287740558385849,0.4059402644634247,0.0922961889863807
828,37.00525038577725,0.1502666436955648,0,10,2020-04-21,,synthetic_background,0.0284938515300723,0.0293413095290233,290.84879570007325,291.9319016774496,291.8785468631321,-6.144017713992654,-6.494181139603391,0.9200058033694944,0.7861146431232016,0.6504298218698517,0.6905359625816345,0.7276239991188049,-0.13389116024629288
