row_id,X,Y,Presence,Week,WeekStart,ObsDate,Source,Precip_T45,Precip,Temp,SoilTemp_T30,SoilTemp_T15,Moisture_T30,Moisture_T15,RVI_T45,RVI_T30,RVI_T0,RVI_Phenology_Delta
0,37.2333333330001,0.8,1,1,2020-02-18,2020-02-18,fao_swarm,0.016458616,0.033766105,296.0560277,298.2238505,298.2126235,-6.137288701,-4.97144083,0.9406783615264556,0.7829831649490131,0.779858842634463,-0.15769519657744246
1,36.7,2.75,1,1,2020-02-18,2020-02-21,fao_swarm,0.000969082,0.029031529,303.006695,305.440566,305.9915406,-9.644313175,-8.306114389,0.4015406004881688,0.6963109539077177,0.3566134340984105,0.2947703534195489
2,36.95,0.0,1,1,2020-02-18,2020-02-21,fao_swarm,0.046519399,0.019002556,290.2357749,290.9553663,291.2072361,-4.774273729,-5.679981556,0.926483026594722,1.0031634821003186,0.8579530350915058,0.07668045550559655
3,36.25,0.28333333300003,1,1,2020-02-18,2020-02-21,fao_swarm,0.087074861,0.064158931,289.6151531,292.3423238,292.5082181,-5.161341694,-5.688591878,0.7891212446286617,0.9341501899380116,1.0828956805661103,0.14502894530934984
4,36.266666667,0.31666666700005,1,1,2020-02-18,2020-02-21,fao_swarm,0.087074861,0.064158931,289.6151531,292.3423238,292.5082181,-5.741170371,-5.928007326,0.8126564251442245,0.8419739744711507,0.7041470672929444,0.029317549326926207
5,36.8,0.6,1,1,2020-02-18,2020-02-21,fao_swarm,0.01628691,0.017420351,292.2283476,293.6917324,293.7191393,-8.274166703,-5.7644794,0.6840190676186023,0.5180854945231034,0.6679142122004778,-0.16593357309549894
6,37.05,0.433333333000064,1,1,2020-02-18,2020-02-22,fao_swarm,0.020640507,0.020685851,292.0499079,293.3870178,293.5968086,-6.215517881,-5.898821755,0.7092661391371157,0.7754359706439509,0.8606358184881188,0.0661698315068352
7,36.9833333330001,0.03333333300003,1,1,2020-02-18,2020-02-22,fao_swarm,0.088069394,0.037156134,290.3997831,290.8918463,290.8079739,-5.319426879,-5.469859772,0.7216678753965751,0.9083521445952378,0.7551345365397243,0.18668426919866277
8,37.05,0.0,1,1,2020-02-18,2020-02-22,fao_swarm,0.088069394,0.037156134,290.3997831,290.8918463,290.8079739,-5.612774359,-7.424455925,0.9259585460510702,0.8635561197617461,0.660961211685696,-0.06240242628932413
9,37.021944444,5.31166666700005,1,1,2020-02-18,2020-02-18,fao_swarm,0.002385721,0.025400146,301.0600858,299.1665208,299.4991632,-6.579667869,-6.782408836,0.6735438302686483,0.7244810980688308,0.8313698366795782,0.050937267800182484
10,37.026111111,5.31166666700005,1,1,2020-02-18,2020-02-18,fao_swarm,0.002385721,0.025400146,301.0600858,299.1665208,299.4991632,-6.065887573,-8.268997975,0.8917213515089832,0.7937534436664717,0.7826519986566663,-0.09796790784251153
11,37.065555556,5.42055555600007,1,1,2020-02-18,2020-02-18,fao_swarm,0.003829882,0.02279441,299.4333063,298.010949,298.53439,-5.658764899,-4.969260148,0.8387014853509174,0.854949718699786,0.9987559585424248,0.0162482333488686
12,37.1244444440001,5.38888888900004,1,1,2020-02-18,2020-02-18,fao_swarm,0.003829882,0.02279441,299.4333063,298.010949,298.53439,-4.90178274,-4.906108267,0.9343885760613816,0.9893176078835008,0.8775119617078249,0.05492903182211917
13,37.341944444,4.99194444400007,1,1,2020-02-18,2020-02-19,fao_swarm,0.006387249,0.03138788,296.7773493,298.0413364,298.8544258,-6.672840311,-6.336373327,0.8870663752869717,0.7085159587352177,0.8702646396212682,-0.17855041655175408
14,37.896666667,4.46472222200003,1,1,2020-02-18,2020-02-20,fao_swarm,0.001167014,0.03146927,296.8559951,299.7385206,300.3552775,-6.819010991,-6.012871056,0.949782309041733,0.6887884148085274,1.090206548539882,-0.2609938942332056
15,37.4261111110001,5.03083333300003,1,1,2020-02-18,2020-02-21,fao_swarm,0.001261562,0.007847979,296.3487794,299.4124138,299.7406996,-5.861446834,-5.691360872,0.7732959828074928,0.8394614007909926,0.9946006201991832,0.06616541798349984
16,36.9955555560001,5.36194444400007,1,1,2020-02-18,2020-02-21,fao_swarm,0.002336592,0.017505377,300.52232,299.2614752,299.9451539,-5.737079898,-7.249255597,0.8345688716858137,0.844463408798402,0.8103987223771343,0.009894537112588253
17,37.333333333,0.866666667000061,1,1,2020-02-18,2020-02-19,fao_swarm,0.018586606,0.037368505,295.1171714,297.2591586,297.3651137,-5.775173995,-5.946393606,0.7947664365013277,0.8371830461770655,0.7605637068559271,0.04241660967573779
18,36.8666666670001,0.483333333000076,1,1,2020-02-18,2020-02-19,fao_swarm,0.017831937,0.019559561,292.8456219,294.0917053,294.1929132,-5.354534204,-5.920859414,0.8148437962993015,0.9026781270579056,0.912035581815018,0.08783433075860414
19,36.766666667,1.11666666700006,1,1,2020-02-18,2020-02-20,fao_swarm,0.011484608,0.014692261,292.5022842,293.3535054,293.2498251,-6.717140388,-6.203313213,0.5428102983649854,0.7035657342311274,0.5844096515138122,0.16075543586614205
20,36.8666666670001,2.25,1,1,2020-02-18,2020-02-20,fao_swarm,0.003292203,0.060948997,295.9967612,299.9850104,299.4386814,-7.074785037,-5.648781758,0.77524798315463,0.6561105455504918,0.8230805203479203,-0.1191374376041382
21,37.8666666670001,0.233333333000076,1,1,2020-02-18,2020-02-20,fao_swarm,0.041123286,0.063522189,292.4138619,293.4890252,293.2293878,-7.049353453,-6.874900511,0.6327818724289686,0.6598691272602557,0.7839325357148155,0.027087254831287155
22,36.6333333330001,0.183333333000064,1,1,2020-02-18,2020-02-20,fao_swarm,0.034546599,0.014371424,290.5053061,291.7524149,291.9614733,-5.50529927,-6.198100033,0.7195669097025457,0.8798506269089676,0.7169406986430328,0.16028371720642198
23,37.75,0.25,1,1,2020-02-18,2020-02-20,fao_swarm,0.030227721,0.0427116,292.8670032,294.3233568,294.0959351,-5.837399062,-5.566907304,0.6242694705697965,0.8279436073747866,0.7533961740557147,0.20367413680499002
24,36.6833333330001,2.68333333300006,1,1,2020-02-18,2020-02-24,fao_swarm,0.001075521,0.027364983,303.1172744,303.8705736,304.3568346,-9.336068217,-8.741500965,0.167035143226726,0.8273282929891107,0.2612444675060092,0.6602931497623847
25,37.199722222,5.5425,1,1,2020-02-18,2020-02-22,fao_swarm,0.003980741,0.014166742,294.3633356,295.1829759,295.8070354,-7.552307133,-7.413163204,0.6423018573287484,0.599701303517449,0.6447851949641106,-0.04260055381129946
26,37.3586111110001,4.96444444400004,1,1,2020-02-18,2020-02-22,fao_swarm,0.001261562,0.007847979,296.3487794,299.4124138,299.7406996,-5.987080211,-6.958334057,0.7762164607206805,0.8049533261283546,0.9553153445169326,0.02873686540767406
27,37.4272222220001,5.02888888900003,1,1,2020-02-18,2020-02-22,fao_swarm,0.001261562,0.007847979,296.3487794,299.4124138,299.7406996,-5.708722815,-6.452301335,0.8899138666284696,0.8494807099202899,0.878251118212754,-0.04043315670817971
28,38.142777778,4.88833333300005,1,1,2020-02-18,2020-02-22,fao_swarm,0.002003104,0.026532858,293.4209691,295.522863,296.2613539,-9.290448127,-7.313089312,0.7462161136042929,0.4213772684618709,0.6270926506258451,-0.32483884514242195
29,37.3572222220001,4.97638888900002,1,1,2020-02-18,2020-02-22,fao_swarm,0.001261562,0.007847979,296.3487794,299.4124138,299.7406996,-5.761174266,-6.18139837,0.6077830406379263,0.839081996329409,0.7383075442162842,0.23129895569148273
30,37.45,5.01388888900004,1,1,2020-02-18,2020-02-22,fao_swarm,0.000464723,0.005534469,295.874501,300.7328131,300.8836792,-6.840109182,-6.332905571,0.6955506350900668,0.690646663461443,0.7285740559988099,-0.004903971628623771
31,38.0591666670001,4.88833333300005,1,1,2020-02-18,2020-02-22,fao_swarm,0.002003104,0.026532858,293.4209691,295.522863,296.2613539,-5.243574602,-5.245716435,0.9239950893863592,0.9206614827026052,1.020510807978647,-0.0033336066837540423
32,37.6636111110001,5.11472222200007,1,1,2020-02-18,2020-02-21,fao_swarm,0.000582397,0.006877556,298.7869847,301.6449713,302.1947252,-4.504933591,-5.601313382,0.8605401162099442,1.0466876117727766,0.8146923721202359,0.1861474955628324
33,38.9283333330001,4.13777777800004,1,1,2020-02-18,2020-02-24,fao_swarm,0.001629904,0.014451801,295.0679743,297.5197326,298.8679512,-6.960596641,-6.694321411,0.8159393247591469,0.7050170709877165,0.6713384259300164,-0.11092225377143039
34,36.34171379796127,4.487284936315149,0,1,2020-02-18,,synthetic_background,0.00231944,0.008998006,302.7303332,305.9536248,304.8394735,-4.798537617,-4.936503435,1.041072407275577,0.995288554128994,0.9174430724319712,-0.045783853146583064
35,38.13857247340543,0.8402208808932785,0,1,2020-02-18,,synthetic_background,0.008191601,0.022986843,299.3107749,302.1206224,302.4022828,-5.611936581,-4.429857458,0.9373149356793796,0.8628005294196666,1.182672493342127,-0.07451440625971306
36,36.80253564629236,0.8856267166960512,0,1,2020-02-18,,synthetic_background,0.014887616,0.016104474,291.8632597,292.9474127,292.9402765,-8.037908859,-7.438057841,0.6414650725639492,0.5431528435565853,0.6569911628184139,-0.09831222900736392
37,36.68420375252407,1.4133704097110031,0,1,2020-02-18,,synthetic_background,0.0055473,0.02053365,294.4899958,297.2138081,296.9984308,-5.680852222,-4.831902219,0.8778199339552272,0.8735883743173408,0.9499141322561916,-0.004231559637886351
38,38.07007145020133,0.8900869096942245,0,1,2020-02-18,,synthetic_background,0.007761002,0.025829717,299.4007434,302.1085239,302.337222,-7.42230989,-5.051350865,0.7026971378478624,0.6136301274928588,0.9662296412540096,-0.08906701035500353
39,37.33681748024523,4.20505522647566,0,1,2020-02-18,,synthetic_background,0.001036808,0.039337441,300.1456219,303.2036844,302.8189331,-6.160278527,-6.691985542,0.8337530564481797,0.7796146473010609,0.8494546180772956,-0.05413840914711876
40,36.28991593565471,5.295795523043646,0,1,2020-02-18,,synthetic_background,0.010056481,0.012060492,299.8396594,300.5582417,300.9355727,-4.007287669,-4.63666138,0.940064752332696,1.138620749567696,1.1045497927950394,0.19855599723500006
41,38.60949685626226,5.067565287655466,0,1,2020-02-18,,synthetic_background,0.001024678,0.006898566,296.7658096,299.6696621,300.5157322,-4.780791271,-5.07165931,0.8781473402512925,0.9983467253154356,1.2689152436480553,0.12019938506414307
42,36.82110622834141,4.714077267651346,0,1,2020-02-18,,synthetic_background,0.000684366,0.004029646,302.6639378,306.824138,305.7001777,-5.020788503,-2.759475911,,1.031249169208862,0.6710086846930132,
43,38.103407380516,2.968382959969185,0,1,2020-02-18,,synthetic_background,0.000474379,0.024572342,300.4121258,304.2989481,305.49434,-9.684207965,-9.827861467,0.5577986851325272,0.388399698497479,0.3710750991184737,-0.16939898663504815
44,38.509011933583,2.425102552987457,0,1,2020-02-18,,synthetic_background,0.003181219,0.033250286,300.1789552,302.8033752,303.5181465,-6.137421155,-6.882277222,1.0433257038944532,0.785971217878416,0.7559532269107758,-0.2573544860160373
45,36.51966900816442,2.192410678113369,0,1,2020-02-18,,synthetic_background,0.001068652,0.013916089,303.7448081,308.6781202,307.9711955,-12.57016464,-11.26253225,0.2109357857876188,0.2098404789569313,0.1676974634647362,-0.0010953068306874814
46,38.991266358818514,2.0439262090794745,0,1,2020-02-18,,synthetic_background,0.002555892,0.043502688,300.6990561,303.7176927,304.0073229,-5.546157509,-5.570843305,1.0336530353483175,0.873807225282208,1.1824010729849097,-0.15984581006610954
47,37.51613899835794,3.2360848160432285,0,1,2020-02-18,,synthetic_background,0.000696987,0.087441801,301.4200359,305.1859002,304.4652439,-10.61729445,-10.19924711,0.4239412449612404,0.3193013923394847,0.317358384273746,-0.10463985262175574
48,36.74801121592942,4.876460345216221,0,1,2020-02-18,,synthetic_background,0.004578963,0.00671792,299.5865236,302.6300191,302.2988594,-5.887197184,-4.802947428,0.8397485965939612,0.8236347216927224,0.8053295319941123,-0.016113874901238723
49,36.57792704567398,0.4815023246162051,0,1,2020-02-18,,synthetic_background,0.029859036,0.026011585,291.395432,293.3085456,293.4941556,-5.514033583,-6.817156949,0.8729172812506515,0.8779506976619256,0.8644005735801552,0.005033416411274083
50,36.28248664508051,2.09979266370452,0,1,2020-02-18,,synthetic_background,0.000870645,0.003953948,302.5914878,309.2788689,307.8868802,-9.493542125,-8.172041374,0.3747882994103524,0.4083128080855852,0.4720669695375657,0.03352450867523277
51,38.35660493750515,4.084151920889455,0,1,2020-02-18,,synthetic_background,0.001687616,0.014871313,295.1388456,297.4643941,299.0598403,-5.890490061,-5.928859783,0.9016697481931664,0.8198171740810415,0.5424452350887772,-0.08185257411212488
52,36.113818279093366,1.7486047690712163,0,1,2020-02-18,,synthetic_background,0.001831263,0.001625567,302.6382543,308.2234761,306.0777982,-9.552312138,-9.698126309,0.419800039918732,0.4017436345412817,0.3916206342235093,-0.01805640537745029
53,38.10504225201652,4.251904464010373,0,1,2020-02-18,,synthetic_background,0.001768351,0.026078149,294.8455785,298.1124898,299.2398316,-6.742314628,-4.934113966,0.6586496738433687,0.6989161727445161,0.8867016656577487,0.04026649890114742
54,38.69303411086888,1.8970776916252876,0,1,2020-02-18,,synthetic_background,0.003091097,0.042632862,300.7400066,303.5271165,304.1566447,-10.27665328,-11.14241363,0.5482924411618074,0.3569933972470394,0.3058693631317091,-0.19129904391476804
55,36.28175932325228,4.150761424317515,0,1,2020-02-18,,synthetic_background,0.001958132,0.009805872,302.8654352,306.9948357,305.6029718,-6.996768389,-7.467448096,0.6449229364373151,0.6657629644713285,0.6295247430420641,0.020840028034013414
56,36.615066288723206,1.8267826474482205,0,1,2020-02-18,,synthetic_background,0.004210577,0.021021499,299.0255698,303.7405497,303.715054,-6.352115946,-6.137465831,0.6705650481618626,0.754525959661666,0.7640814883261104,0.08396091149980345
57,37.99798516881983,4.442990199294682,0,1,2020-02-18,,synthetic_background,0.001698464,0.033158018,295.5442276,298.7106669,299.4226821,-4.218739051,-4.616268994,1.0110846121564934,1.0984057117885813,0.75982413084011,0.0873210996320879
58,38.47271794600461,4.49092702176733,0,1,2020-02-18,,synthetic_background,0.000936151,0.008391126,295.9418187,299.1193637,300.4228448,-4.700489317,-4.417444709,0.9436781950212532,1.012263123199492,1.0347822688665695,0.06858492817823891
59,37.117919552224464,2.944317008854596,0,1,2020-02-18,,synthetic_background,0.001242071,0.024259373,300.8784289,305.2354661,306.40786,-6.746414207,-5.878383141,0.6878447004364394,0.7017636817842258,0.681057599322045,0.013918981347786352
60,37.332846040765645,4.183511133653236,0,1,2020-02-18,,synthetic_background,0.001036808,0.039337441,300.1456219,303.2036844,302.8189331,-5.699622069,-6.696750462,0.8222142737830804,0.848351093978567,0.82596992397699,0.026136820195486576
61,36.207406211422025,5.185288605648033,0,1,2020-02-18,,synthetic_background,0.005485982,0.006920933,301.3003311,302.8567932,302.8107897,-4.314890802,-4.821938987,0.9897328735821272,1.0941628506712366,0.8631230892290668,0.1044299770891094
62,38.80450606318883,2.988318867095824,0,1,2020-02-18,,synthetic_background,0.000297144,0.014865651,300.2480253,303.1513841,303.6686944,-4.174059269,-5.399014359,0.9495931347744184,1.1071299607635796,0.910546810088964,0.1575368259891612
63,36.238199587554206,4.005068534931622,0,1,2020-02-18,,synthetic_background,0.000913173,0.00737372,302.6356392,305.9577046,305.4465373,-7.647879261,-6.182618412,0.5904656380891068,0.5867251390102558,0.584600408289958,-0.0037404990788509895
64,36.319288003954384,1.1793903595318176,0,1,2020-02-18,,synthetic_background,0.005161136,0.006143525,299.6889487,303.5989318,302.2038019,-6.56542159,-7.57468576,0.8087526605990533,0.7229369506158645,0.663419784497948,-0.08581570998318877
65,37.004793943419685,0.6475627094224035,0,1,2020-02-18,,synthetic_background,0.015512109,0.024881407,293.5664769,294.8783481,294.8672187,-5.194621894,-4.375207039,0.7502423321720809,0.928674722441702,1.116644537790218,0.1784323902696211
66,38.80918925345276,4.854466181094178,0,1,2020-02-18,,synthetic_background,0.002530187,0.009068086,294.3526965,295.6192335,296.8101875,-5.430763349,-3.46199074,0.7768281157932848,0.8904686031094875,1.0429280463219972,0.11364048731620269
67,38.35644970561564,0.0788036532784257,0,1,2020-02-18,,synthetic_background,0.017654106,0.046571209,299.3538141,300.7629564,300.6776517,-5.482014466,-5.146853493,0.8713133723137962,0.883307856357051,1.115383792498987,0.01199448404325476
68,37.8,1.58333333300004,1,2,2020-02-25,2020-02-29,fao_swarm,0.004780501,0.023907512,300.1022299,303.5965935,303.6540948,-4.801708997,-4.418089752,0.9936257860697392,0.996935929015766,0.9588120906500222,0.0033101429460268283
69,38.092222222,4.89277777800004,1,2,2020-02-25,2020-02-25,fao_swarm,0.002003104,0.026532858,293.4209691,295.522863,296.2613539,-15.97436263,-14.05081153,0.1904210548690718,0.0985794751035027,0.1996304852666149,-0.09184157976556909
70,38.2366666670001,4.18277777800006,1,2,2020-02-25,2020-02-25,fao_swarm,0.001927152,0.019884541,294.1011774,297.1760911,298.6453926,-4.715075159,-5.672485831,0.6980239766904801,1.009725877558626,0.7639608493219411,0.31170190086814586
71,37.207777778,4.85833333300008,1,2,2020-02-25,2020-02-26,fao_swarm,0.014682725,0.088652997,295.9679743,297.216944,297.3117554,-5.458641207,-5.799601677,0.7662346920488811,0.8980683760257342,1.053987643650992,0.13183368397685313
72,38.1683333330001,4.21972222200003,1,2,2020-02-25,2020-02-28,fao_swarm,0.001927152,0.019884541,294.1011774,297.1760911,298.6453926,-4.877076344,-3.97623832,1.004923409773769,0.9818296002473164,1.1801308464345557,-0.02309380952645257
73,38.1688888890001,4.21944444400003,1,2,2020-02-25,2020-02-28,fao_swarm,0.001927152,0.019884541,294.1011774,297.1760911,298.6453926,-4.689012798,-5.151594017,0.9680552146229692,1.01426245497774,0.9623068847245064,0.04620724035477075
74,37.6655555560001,0.635277778000045,1,2,2020-02-25,2020-02-28,fao_swarm,0.010383472,0.019657,297.6378636,299.8465881,299.9948229,-3.045056311,-4.985979799,0.629196050044993,1.3835353472239993,0.5971598395363328,0.7543392971790063
75,37.6613888890001,0.755555556000047,1,2,2020-02-25,2020-02-28,fao_swarm,0.008644939,0.015719175,298.0656848,300.647288,300.8452841,-5.168543515,-4.847067618,0.862919788430196,0.9372191722552364,1.0842980338919406,0.07429938382504042
76,37.05,1.81666666700005,1,2,2020-02-25,2020-02-28,fao_swarm,0.00764218,0.039384498,294.6074708,297.7166076,297.6618965,-6.246694881,-6.782399685,0.840883319965936,0.7672010782027943,0.6777584947138016,-0.07368224176314175
77,38.8197222220001,4.31777777800005,1,2,2020-02-25,2020-03-01,fao_swarm,0.000692591,0.006877794,296.1296279,299.457965,300.6553644,-4.553146131,-4.790035049,0.8755516487263437,1.042309689485906,1.1978469643532788,0.16675804075956235
78,38.7891666670001,5.47416666700002,1,2,2020-02-25,2020-03-01,fao_swarm,0.003856272,0.007047801,293.8538358,295.1577318,295.864658,-7.362258079,-6.431174432,0.7438696636271651,0.6203610215474263,0.8767162195816595,-0.12350864207973877
79,38.723611111,5.47555555600007,1,2,2020-02-25,2020-03-01,fao_swarm,0.00314416,0.005707353,294.9070748,295.9915751,296.5648696,-7.010812271,-5.888202208,0.7578532220338227,0.6639703356469084,0.8063403520718984,-0.09388288638691422
80,38.8197222220001,4.01777777800004,1,2,2020-02-25,2020-03-02,fao_swarm,0.001815975,0.017361074,295.6655058,297.3276374,298.6936944,-4.990842307,-4.784434416,1.0480379998847602,0.969733576849933,1.0571618118843995,-0.07830442303482721
81,38.1047222220001,4.30138888900007,1,2,2020-02-25,2020-03-02,fao_swarm,0.001768351,0.026078149,294.8455785,298.1124898,299.2398316,-3.512586604,-5.987488341,1.0120413703845736,1.232582549338265,0.9911888823962922,0.2205411789536913
82,37.9872222220001,5.00638888900005,1,2,2020-02-25,2020-03-02,fao_swarm,0.003121898,0.032321303,293.8897842,295.4969082,296.2069811,-2.164828445,-4.185765861,0.8683993998278925,1.5116010065890566,1.488685732699927,0.6432016067611641
83,38.010277778,4.99972222200006,1,2,2020-02-25,2020-03-02,fao_swarm,0.003121898,0.032321303,293.8897842,295.4969082,296.2069811,-6.420082699,-6.96095395,0.650819969184768,0.7427502261897677,0.8507487124050166,0.09193025700499968
84,38.015277778,4.98916666700006,1,2,2020-02-25,2020-03-02,fao_swarm,0.003121898,0.032321303,293.8897842,295.4969082,296.2069811,-6.955221209,-7.257632126,0.7125052623093409,0.6710889267877163,0.977215441506807,-0.0414163355216246
85,38.021388889,4.97333333300003,1,2,2020-02-25,2020-03-02,fao_swarm,0.003121898,0.032321303,293.8897842,295.4969082,296.2069811,-6.324576593,-5.377205713,0.8034473664951574,0.7561431489741877,0.906400451273041,-0.047304217520969694
86,38.023055556,4.96222222200004,1,2,2020-02-25,2020-03-02,fao_swarm,0.003121898,0.032321303,293.8897842,295.4969082,296.2069811,-6.973092886,-6.154572795,0.8456030074784738,0.6687937861004635,0.8644564085364775,-0.17680922137801036
87,38.023055556,4.96083333300004,1,2,2020-02-25,2020-03-02,fao_swarm,0.003121898,0.032321303,293.8897842,295.4969082,296.2069811,-4.950280916,-5.40650377,0.914007886256915,0.9722063523832678,0.7391151699374936,0.05819846612635282
88,38.0225,4.9675,1,2,2020-02-25,2020-03-02,fao_swarm,0.003121898,0.032321303,293.8897842,295.4969082,296.2069811,-4.621556892,-5.548362681,1.061575794823055,1.0260665970209255,1.0722120089917264,-0.03550919780212958
89,36.67261853996888,1.584325865972308,0,2,2020-02-25,,synthetic_background,0.003540769,0.014742836,296.7221952,301.5639275,301.4462552,-5.780068802,-5.017263685,0.918482122518672,0.836141343735407,0.8514713682381436,-0.08234077878326496
90,37.79882099755649,0.6859504754777332,0,2,2020-02-25,,synthetic_background,0.009926871,0.020469486,298.0665257,300.0996317,300.2784004,-6.745266756,-6.231228254,0.8158628969291507,0.7068467150463147,0.9205338045565824,-0.10901618188283602
91,38.4300711953961,1.3911846307102145,0,2,2020-02-25,,synthetic_background,0.004365504,0.027690425,300.8639053,303.8656907,304.4338854,-6.019244365,-7.147786913,0.93029860048629,0.800199779618677,0.7892623609770582,-0.13009882086761293
92,38.97313064145389,3.315792738167218,0,2,2020-02-25,,synthetic_background,0.000352875,0.026729568,299.4144587,301.6333719,301.9527385,-4.815076298,-5.609281702,0.9093425458515804,0.9924441413377152,0.9774269001137592,0.08310159548613483
93,37.31630487657031,0.5219591604185159,0,2,2020-02-25,,synthetic_background,0.013803005,0.016490071,295.7839248,297.8484653,297.8812975,-5.120869056,-5.4852978,0.925046617543545,0.9423542277169266,0.8821664844308615,0.01730761017338156
94,37.233667348849366,4.45959147029285,0,2,2020-02-25,,synthetic_background,0.00638409,0.06064482,298.2894641,300.0384772,299.4346124,-4.940335919,-5.321141915,0.9267823564560034,0.9710786476405724,0.9318517694768704,0.044296291184569014
95,36.65503589187592,5.226774379138144,0,2,2020-02-25,,synthetic_background,0.024773061,0.034373879,295.565636,296.3004238,296.7644952,-5.271407548,-6.666129819,0.7857279751939692,0.9163670567258214,1.0485071256426743,0.13063908153185222
96,37.65785081537411,1.1620979894181036,0,2,2020-02-25,,synthetic_background,0.011779383,0.016067534,298.9764324,302.3764655,302.5951484,-5.265139407,-4.83109083,0.8540205185573564,0.9172388257773187,0.9431790011548432,0.06321830721996236
97,37.295363959165904,4.526448496400324,0,2,2020-02-25,,synthetic_background,0.003499895,0.041845917,299.7232477,302.0035434,301.7714234,-5.435190833,-4.156378626,0.7957698974227101,0.894239727762316,0.8355237605675008,0.09846983033960588
98,37.39386302927008,1.6992789980146072,0,2,2020-02-25,,synthetic_background,0.006963357,0.020507529,298.9121855,301.6789666,302.0696113,-6.267550939,-3.860365899,1.0569068733447888,0.8060495884136942,0.8596620430633152,-0.2508572849310946
99,38.64662527047064,2.062720943630949,0,2,2020-02-25,,synthetic_background,0.003009305,0.043838143,300.5278593,303.3290805,303.7541382,-10.23039165,-10.63775159,0.4452709329950886,0.3472860880511246,0.3052755095951802,-0.09798484494396398
100,38.752303083094255,4.838487361776107,0,2,2020-02-25,,synthetic_background,0.002167299,0.008045941,295.159424,296.8680887,298.3034546,-6.488028187,-5.011194245,0.8675914024784547,0.7333341279268244,0.8871295487732165,-0.13425727455163028
101,37.1599419468634,1.013611062563359,0,2,2020-02-25,,synthetic_background,0.016652569,0.031667098,295.1337838,297.1494581,297.3008559,-5.945158451,-5.30414637,0.880613325369866,0.8112370293001381,0.9964268017247414,-0.06937629606972795
102,36.11326418270684,1.9413316461293215,0,2,2020-02-25,,synthetic_background,0.001468808,0.002081393,303.1576499,308.1119418,306.2607083,-6.800821664,-5.678960627,0.759308155959888,0.6962183163277136,0.7118072714533241,-0.0630898396321744
103,37.22757250404373,0.4468566317625388,0,2,2020-02-25,,synthetic_background,0.019203916,0.018517479,292.3032933,293.934788,294.0963854,-6.763302404,-6.187506126,0.8588809524722358,0.6983692405062377,0.8639991007328508,-0.16051171196599812
104,37.48804904367939,3.929825359228089,0,2,2020-02-25,,synthetic_background,0.00042218,0.052486628,300.4068578,304.4614752,304.2943943,-8.430160404,-8.414334291,0.5817542355640029,0.5021011400737094,0.508120088110775,-0.07965309549029342
105,37.07952962434689,1.2234599422883274,0,2,2020-02-25,,synthetic_background,0.012363032,0.02233073,296.5692872,298.4057786,298.5996352,-5.199802824,-6.363302545,0.8227606254680393,0.9278243403998404,0.9004812329523748,0.10506371493180111
106,38.376602593056845,3.9767337175314954,0,2,2020-02-25,,synthetic_background,0.001698703,0.019141852,294.7135689,297.0681701,298.5281996,-6.935062861,-6.187548467,0.7985511105609154,0.6748540988838565,0.9574071047009745,-0.12369701167705893
107,38.65703577858113,4.990494633729664,0,2,2020-02-25,,synthetic_background,0.001901299,0.00961405,296.0379016,298.2301927,299.5364516,-5.671043022,-4.140174184,0.9569883642674876,0.852758052100981,1.0592327333933451,-0.10423031216650658
108,38.71616080478766,3.3058192108125164,0,2,2020-02-25,,synthetic_background,0.000388295,0.015724882,299.0416342,302.2199985,302.8495267,-5.816920047,-6.32712008,0.7716640749890384,0.8304380499496832,0.7115974193002141,0.05877397496064474
109,36.69377848727556,5.674847789740372,0,2,2020-02-25,,synthetic_background,0.045377433,0.066692411,294.0671931,293.2507331,293.5697252,-4.757794464,,0.5623874621102206,1.002319010258035,0.865012318784601,0.43993154814781443
110,38.19,5.08611111100004,1,3,2020-03-03,2020-03-03,fao_swarm,0.001204044,0.01065047,294.9091256,297.4995937,298.1060859,-5.569907841,-7.15675739,0.8325960270725559,0.8684871766335559,0.8289304286498786,0.035891149561000035
111,38.2263888890001,4.33388888900004,1,3,2020-03-03,2020-03-03,fao_swarm,0.001740918,0.01709175,295.3289878,298.1882548,299.6291057,-5.182803891,-6.202797404,0.7983031452932188,0.9306165274614112,1.0806838566934498,0.13231338216819244
112,38.1833333330001,4.97777777800007,1,3,2020-03-03,2020-03-04,fao_swarm,0.001370341,0.014088108,294.7512154,296.8641554,297.6166925,-6.728584593,-7.260361156,0.839516903696846,0.700741561841918,0.8315434845439122,-0.1387753418549279
113,38.1702777780001,5.01944444400004,1,3,2020-03-03,2020-03-04,fao_swarm,0.001370341,0.014088108,294.7512154,296.8641554,297.6166925,-6.280696405,-8.948900808,0.6741811232136401,0.7623583164591661,0.6952644525739037,0.08817719324552598
114,38.1936111110001,4.7475,1,3,2020-03-03,2020-03-05,fao_swarm,0.001140878,0.015082701,294.731988,297.8601081,299.0348999,-7.362267088,-9.612476974,0.751124551290558,0.6203599342630182,0.4889885483611367,-0.13076461702753983
115,38.190555556,4.435,1,3,2020-03-03,2020-03-05,fao_swarm,0.001524463,0.015304147,295.5180069,298.4016011,299.7734199,-7.163356881,-4.549152761,1.0232908447547076,0.6447473177485524,0.6624449077364201,-0.3785435270061551
116,38.212222222,4.88361111100005,1,3,2020-03-03,2020-03-03,fao_swarm,0.001477286,0.016412153,294.1324654,297.0915913,298.1058255,-7.063520197,-4.068891169,0.7619954834608518,0.6572769172558306,0.9998944269008184,-0.10471856620502118
117,37.953611111,5.06888888900005,1,3,2020-03-03,2020-03-05,fao_swarm,0.003553197,0.025246947,294.3502117,295.8014546,296.4904555,-4.763068532,-4.910601886,0.7695049034351849,1.0014070808742035,0.8503584067187198,0.23190217743901864
118,37.985,5.1225,1,3,2020-03-03,2020-03-05,fao_swarm,0.003553197,0.025246947,294.3502117,295.8014546,296.4904555,-6.120017206,-4.851748205,0.9911308386296516,0.7854498846652452,0.8062602422424431,-0.20568095396440633
119,38.37,4.85638888900007,1,3,2020-03-03,2020-03-05,fao_swarm,0.001683891,0.012894794,294.5784018,297.4503696,298.6762791,-5.053412626,-3.837141045,0.9081265820444604,0.9520613894871254,0.728927857128328,0.04393480744266498
120,36.75,2.4,1,3,2020-03-03,2020-03-03,fao_swarm,0.001330957,0.034750878,301.108442,306.5615132,307.3255087,-8.528765654,-7.760164491,0.7376947345553846,0.4983088538043345,0.5392595036873995,-0.2393858807510501
121,37.4166666670001,0.583333333000041,1,3,2020-03-03,2020-03-04,fao_swarm,0.014158547,0.022837742,297.0820639,300.1210022,300.2093466,-5.523040866,-6.543166122,0.8717579061224028,0.8926197131158431,0.9109817754929012,0.020861806993440313
122,36.266666667,0.0,1,3,2020-03-03,2020-03-04,fao_swarm,0.087764666,0.056095838,288.0989693,290.6414883,290.8555217,-6.963663851,-5.727522076,0.8099212904065708,0.670003911634236,0.8567757507084244,-0.1399173787723348
123,37.316666667,0.966666667000027,1,3,2020-03-03,2020-03-04,fao_swarm,0.018680751,0.036037578,294.7871149,296.2897305,296.3825182,-5.046343062,-5.256516142,0.8137136739154507,0.9541931157434064,0.944191793572722,0.1404794418279557
124,36.75,2.4,1,3,2020-03-03,2020-03-05,fao_swarm,0.001330957,0.034750878,301.108442,306.5615132,307.3255087,-8.528765654,-7.760164491,0.7376947345553846,0.4983088538043345,0.5392595036873995,-0.2393858807510501
125,38.164444444,4.67583333300007,1,3,2020-03-03,2020-03-06,fao_swarm,0.001140878,0.015082701,294.731988,297.8601081,299.0348999,-4.62201359,-4.9427027,1.0087431206558517,1.0259863774775533,1.1401012944660485,0.01724325682170158
126,38.1358333330001,4.66777777800007,1,3,2020-03-03,2020-03-07,fao_swarm,0.001267031,0.024174704,295.7057944,298.5139709,299.6218845,-5.268684097,-4.484245997,1.009922501454735,0.9165700739831107,1.1433900113221058,-0.09335242747162431
127,38.130277778,4.70166666700004,1,3,2020-03-03,2020-03-06,fao_swarm,0.001267031,0.024174704,295.7057944,298.5139709,299.6218845,-5.928996557,-6.084441975,1.0416931171637145,0.8135846257085435,0.8884113536319782,-0.22810849145517098
128,38.139722222,4.73,1,3,2020-03-03,2020-03-06,fao_swarm,0.001267031,0.024174704,295.7057944,298.5139709,299.6218845,-5.9655228,-4.352754375,0.999437862074116,0.8081473515787893,0.9092654912546222,-0.19129051049532675
129,38.1375,4.6925,1,3,2020-03-03,2020-03-07,fao_swarm,0.001267031,0.024174704,295.7057944,298.5139709,299.6218845,-1.96214837,-2.555609393,0.9386538812863084,1.555730249239611,1.1169186984106805,0.6170763679533026
130,38.1022222220001,4.64972222200004,1,3,2020-03-03,2020-03-07,fao_swarm,0.001267031,0.024174704,295.7057944,298.5139709,299.6218845,-4.3057581,-5.380705153,0.8673796266475957,1.082512998182804,1.3561740801672202,0.2151333715352084
131,38.130277778,4.65916666700002,1,3,2020-03-03,2020-03-07,fao_swarm,0.001267031,0.024174704,295.7057944,298.5139709,299.6218845,-5.903649391,-5.877975026,0.8085245303451993,0.8173737727294772,1.2211517697309886,0.008849242384277867
132,37.8669444440001,5.01694444400005,1,3,2020-03-03,2020-03-09,fao_swarm,0.002698287,0.029207899,294.9999947,296.2706821,297.1175171,-4.67752755,-3.232290452,1.0841361692113298,1.0399527372465105,1.0522798177979773,-0.04418343196481933
133,38.1013888890001,4.68444444400006,1,3,2020-03-03,2020-03-09,fao_swarm,0.001267031,0.024174704,295.7057944,298.5139709,299.6218845,-6.283058887,-5.283740533,0.9768061104647768,0.7620227033276947,0.9777404708070492,-0.2147834071370821
134,38.084722222,4.67388888900007,1,3,2020-03-03,2020-03-09,fao_swarm,0.001267031,0.024174704,295.7057944,298.5139709,299.6218845,-5.142553,-6.993235516,0.8666355637579114,0.9372513209828022,1.0496352114995584,0.07061575722489077
135,38.2263888890001,4.33388888900004,1,3,2020-03-03,2020-03-04,fao_swarm,0.001740918,0.01709175,295.3289878,298.1882548,299.6291057,-5.182803891,-6.202797404,0.7983031452932188,0.9306165274614112,1.0806838566934498,0.13231338216819244
136,37.903333333,5.07861111100004,1,3,2020-03-03,2020-03-09,fao_swarm,0.003160343,0.02355203,294.9182673,296.4861117,297.3274075,-5.704432824,-6.132207639,0.8138725539372114,0.8505454049130442,0.8854421600528604,0.03667285097583284
137,37.9861111110001,4.65777777800002,1,3,2020-03-03,2020-03-09,fao_swarm,0.001380697,0.033011212,296.8264867,298.9793789,299.5716567,-4.449629905,-4.276562221,0.878911266445615,1.0565564770775435,1.0430415872509302,0.1776452106319285
138,36.816666667,2.28333333300003,1,3,2020-03-03,2020-03-06,fao_swarm,0.002655536,0.054995715,296.8350424,302.8251959,302.8686402,-6.733727437,-5.733490428,1.0160637535677493,0.7006789895961028,0.8055125793638411,-0.3153847639716465
139,37.5441666670001,0.507222222000053,1,3,2020-03-03,2020-03-07,fao_swarm,0.010873318,0.011885687,296.5482532,299.2201558,299.3119344,-4.160982733,-4.226212481,0.9866960955139544,1.1095176685083423,0.8725651739889259,0.1228215729943879
140,36.6666666670001,0.266666667000038,1,3,2020-03-03,2020-03-08,fao_swarm,0.027011886,0.016109198,290.7938586,292.1674757,292.4031237,-6.23899025,-7.273340178,0.758950183404256,0.7697235960639957,0.5124587665292284,0.010773412659739634
141,36.833333333,2.25,1,3,2020-03-03,2020-03-06,fao_swarm,0.003212884,0.065314933,294.2621638,298.6928609,298.0388984,-5.851514912,-6.7533417,0.8099116989949006,0.827990076061276,0.819326935039435,0.018078377066375384
142,38.54370018096033,1.1336305759500775,0,3,2020-03-03,,synthetic_background,0.003790259,0.025326296,300.2669272,303.5360304,304.2383776,-3.49831142,-6.034754165,0.9354833560327952,1.2364782644286123,0.9399335399832992,0.3009949083958171
143,37.35182064948304,3.752083404617117,0,3,2020-03-03,,synthetic_background,0.000254274,0.052127763,301.1421225,305.0991055,304.7997491,-8.299106965,-9.358913591,0.6539926629992843,0.5156333222660077,0.3665304492354391,-0.1383593407332766
144,38.90924293977255,1.2468400905329746,0,3,2020-03-03,,synthetic_background,0.003472641,0.030654355,301.4536243,304.022033,304.5878351,-5.168126144,-4.903133509,0.5983795624085433,0.933399271911998,0.9695147676481136,0.3350197095034547
145,36.73705844819311,4.645822669162278,0,3,2020-03-03,,synthetic_background,0.001592249,0.004557609,301.7881457,306.3726515,305.1479316,-6.448424524,-7.092254793,,0.9407808446095702,0.7669167364940691,
146,37.90883006597866,4.730935452596238,0,3,2020-03-03,,synthetic_background,0.001160443,0.031879409,297.1332901,299.3445861,299.8686565,-6.007715394,-5.055540876,0.840688757606971,0.8019004230155041,0.6766199365640053,-0.03878833459146691
147,38.640605250159936,2.193488219655628,0,3,2020-03-03,,synthetic_background,0.00294736,0.042071565,300.4190973,303.1699713,303.6517673,-5.692111778,-4.81400301,0.8674104729562094,0.8516364323626668,0.4036819484234271,-0.015774040593542593
148,37.78013075916024,3.0353638743592,0,3,2020-03-03,,synthetic_background,0.000571653,0.032156333,301.514361,305.3878696,307.2182387,-9.439093892,-9.227650089,0.459506355538533,0.4146870177793962,0.4465307354230634,-0.04481933775913677
149,37.87585623791183,3.93502287470898,0,3,2020-03-03,,synthetic_background,0.000520781,0.04384011,298.9715442,302.6785271,303.625015,-6.020946242,-7.236878074,0.6534262761483365,0.8001013815716755,0.6858976302495116,0.14667510542333906
150,36.037085523829255,3.1348626333295906,0,3,2020-03-03,,synthetic_background,0.003984183,0.005309983,303.0441733,307.0708991,306.5187161,-6.614187425,-8.279287946,0.6958877237885304,0.7191445526685626,0.9290751586548308,0.02325682888003222
151,37.39730144642791,1.536106066338419,0,3,2020-03-03,,synthetic_background,0.010450348,0.021521612,298.4566353,301.0528435,301.3500095,-5.668485534,-5.417897039,0.8386983055580421,0.8543047131982424,0.9736447210830564,0.01560640764020027
152,38.65477897134492,0.4646108022136437,0,3,2020-03-03,,synthetic_background,0.008383513,0.037047311,300.1589357,302.9141554,303.1857029,-5.818039183,-5.368261741,0.9192128471480576,0.8302684942472031,0.9361071303663072,-0.08894435290085456
153,36.96941981619631,4.927282767784875,0,3,2020-03-03,,synthetic_background,0.011030287,0.065263539,299.1721084,299.1754075,299.1869616,-6.448373321,-8.830448314,0.6810975908827256,0.7565534794780102,0.5152022645996545,0.07545588859528463
154,36.86456964395786,0.4422097673212051,0,3,2020-03-03,,synthetic_background,0.020635575,0.020154729,292.206771,293.5699008,293.6711467,-4.799632567,-5.962523323,0.7851557395317279,0.995100070211652,0.9695138390646572,0.20994433067992413
155,38.688506401159685,2.6996418701354203,0,3,2020-03-03,,synthetic_background,0.001571447,0.024741261,300.2583226,303.3547641,304.0551365,-6.853296393,-5.740583079,0.949281557805038,0.6979207533511751,0.851422446896076,-0.2513608044538629
156,36.19263891202795,2.0378963304862383,0,3,2020-03-03,,synthetic_background,0.001042485,0.002528443,302.9408855,308.7900397,307.0000909,-5.541979709,-5.727702595,0.8495499763087072,0.8729074829219319,0.968422430745685,0.023357506613224666
157,38.69633889582348,5.3644501061375145,0,3,2020-03-03,,synthetic_background,0.002013624,0.004529222,296.0321507,298.4468431,298.8815851,-5.583217137,-4.788857125,0.9150551811294204,0.8664053156838885,1.026380726716812,-0.04864986544553196
158,38.68890607547682,2.6149159598871767,0,3,2020-03-03,,synthetic_background,0.001912683,0.028079285,300.3594836,303.5291293,304.3283787,-5.410990349,-5.936338293,0.8421779896026638,0.8985859382872947,0.6716177126827689,0.05640794868463095
159,38.09118708615155,2.449180198237728,0,3,2020-03-03,,synthetic_background,0.008072883,0.03181678,297.6249513,299.3120341,299.6148262,-5.955794442,-5.605856965,0.9057030639479374,0.8095928524984499,0.839981714256846,-0.0961102114494875
160,36.65086615448768,4.343990387476623,0,3,2020-03-03,,synthetic_background,0.002280459,0.012506633,302.1314834,306.7139763,305.7931953,-7.15085929,-6.463722124,0.8121339965583936,0.6463051479494145,0.8301372808727734,-0.16582884860897906
161,38.948627486287165,2.0676802718860685,0,3,2020-03-03,,synthetic_background,0.00240837,0.038192689,300.5971572,303.5130052,303.8676202,-7.018764323,-8.784002912,0.8006523742060909,0.6689774443135188,0.4066112680219774,-0.13167492989257212
162,37.74851003235057,4.724491604855031,0,3,2020-03-03,,synthetic_background,0.000350326,0.017365246,298.2475153,301.1002719,301.9293498,-5.222079727,-6.120092372,0.8271624351857602,0.9241740732445672,0.9321360751041176,0.09701163805880708
163,36.52463873898231,5.1723240554211465,0,3,2020-03-03,,synthetic_background,0.038893521,0.051915019,296.7572321,297.2977925,297.3495647,-4.949230361,-4.69266087,0.82071464537484,0.9703789583071134,0.743427391603579,0.14966431293227345
164,37.64570797041091,2.591422904193517,0,3,2020-03-03,,synthetic_background,0.004981086,0.032214581,301.4849665,304.9069071,305.7127645,-9.209417784,-9.208375806,0.4309345542858225,0.4290585932012877,0.4208550384701681,-0.0018759610845348051
165,36.23466900292658,5.831112374838911,0,3,2020-03-03,,synthetic_background,0.009172335,0.010786175,298.5264541,299.293653,299.8724759,-4.972547723,,0.8262270297577766,0.9656350832526536,1.0049761375505637,0.13940805349487695
166,37.15334068889068,5.674617012404673,0,3,2020-03-03,,synthetic_background,0.004002869,0.005203515,296.3779244,296.2127122,296.7748468,-5.11285831,-6.094017496,0.8988594096139981,0.9429087726265256,0.8652827359727117,0.04404936301252749
167,38.93240460250576,3.0801985876533093,0,3,2020-03-03,,synthetic_background,0.000228346,0.018933638,299.8792862,303.0416836,303.5385349,-4.922954423,-5.588212544,0.8880990115010539,0.9744750247327209,0.774193355031888,0.08637601323166699
168,36.55911930971637,4.230733146300785,0,3,2020-03-03,,synthetic_background,0.002958804,0.02252984,301.9703832,305.7799051,305.4771308,-6.182493228,-6.603140739,0.671806820439622,0.7764090731498535,0.7179458473222667,0.10460225271023149
169,37.573360334467566,2.771862498329698,0,3,2020-03-03,,synthetic_background,0.00079529,0.029803707,301.6682239,304.6559414,306.1620158,-13.68102102,-11.15132591,,,0.4014079668664009,
170,37.40537266791733,1.9728791164901192,0,3,2020-03-03,,synthetic_background,0.003671244,0.019821062,300.2443415,303.4938374,304.3009915,-7.431689118,-9.501759146,0.8233991950323345,0.6148222471509012,0.7848738126296306,-0.20857694788143333
171,37.61489628681549,2.1488658363626567,0,3,2020-03-03,,synthetic_background,0.004094422,0.035030215,300.2697972,304.0478196,304.4885566,-9.163513957,-8.140734593,0.5732631008115948,0.4334459978740636,0.5183507192864553,-0.1398171029375312
172,36.50963833628924,4.959124891694965,0,3,2020-03-03,,synthetic_background,0.0174229,0.024277731,298.8336807,300.2271491,300.8349108,-4.072897554,-5.083661527,0.9551984698311694,1.1401125511071304,1.0357685470116325,0.18491408127596098
173,38.62452355401752,2.8023192984589653,0,3,2020-03-03,,synthetic_background,0.001109555,0.020969539,300.2103463,303.309419,303.8857409,-6.568969122,-7.042853769,0.6986533156656958,0.7224139041891069,0.9201606862204004,0.02376058852341112
174,38.215,5.01583333300005,1,4,2020-03-10,2020-03-12,fao_swarm,0.001370341,0.014088108,294.7512154,296.8641554,297.6166925,-5.724722045,-7.448722509,0.6917352370332952,0.8444943642437845,0.6818432043498343,0.15275912721048934
175,38.1791666670001,4.79333333300002,1,4,2020-03-10,2020-03-12,fao_swarm,0.001329288,0.015952557,293.9816896,297.5224941,298.712439,-5.020010926,-4.975026495,1.0105922721290683,0.9576521290069724,1.1271295616025074,-0.05294014312209594
176,38.2486111110001,4.99861111100006,1,4,2020-03-10,2020-03-13,fao_swarm,0.001370341,0.014088108,294.7512154,296.8641554,297.6166925,-5.405146452,-5.74092205,0.714667760026559,0.8945584369912338,0.4885626191662403,0.17989067696467487
177,38.2913888890001,4.98583333300007,1,4,2020-03-10,2020-03-13,fao_swarm,0.001117438,0.009543031,294.8372126,298.0197272,298.9262628,-5.59294817,-6.464947352,0.7534004995507724,0.8648854587052369,0.8198004621403998,0.11148495915446455
178,38.214444444,5.01194444400005,1,4,2020-03-10,2020-03-13,fao_swarm,0.001370341,0.014088108,294.7512154,296.8641554,297.6166925,-8.336249129,-4.975994407,0.7483658901573589,0.51167276971956,0.4964276155248989,-0.2366931204377989
179,38.1741666670001,4.86333333300007,1,4,2020-03-10,2020-03-13,fao_swarm,0.001477286,0.016412153,294.1324654,297.0915913,298.1058255,-4.871314086,-6.60800846,0.8162639514574934,0.9828128751079506,0.9136723905828428,0.16654892365045715
180,38.1947222220001,4.72555555600007,1,4,2020-03-10,2020-03-14,fao_swarm,0.001140878,0.015082701,294.731988,297.8601081,299.0348999,-7.282383732,-6.121862331,0.6820757326446423,0.6300623057669602,1.1896894740249124,-0.05201342687768207
181,38.2175,4.69611111100005,1,4,2020-03-10,2020-03-14,fao_swarm,0.001140878,0.015082701,294.731988,297.8601081,299.0348999,-4.680449537,-5.171236713,0.9026352759326526,1.01575596382275,1.1445036113825038,0.11312068789009744
182,38.210555556,4.70027777800004,1,4,2020-03-10,2020-03-14,fao_swarm,0.001140878,0.015082701,294.731988,297.8601081,299.0348999,-4.895696228,-4.073118945,0.8669290244065424,0.978656833317546,1.0595539066145323,0.11172780891100365
183,37.7488888890001,5.01833333300004,1,4,2020-03-10,2020-03-16,fao_swarm,0.000600666,0.007095455,298.7897516,301.4193691,302.1160903,-6.697500674,-4.372731561,0.7653842270990934,0.704973215138432,0.8926817915323497,-0.06041101196066134
184,37.9830555560001,4.64888888900003,1,4,2020-03-10,2020-03-10,fao_swarm,0.001110673,0.031144931,297.4780871,299.5521165,300.2426311,-5.507016065,-5.362655381,0.7354729677865095,0.8783736696537182,1.0724196902060743,0.1429007018672087
185,38.2341666670001,5.05861111100006,1,4,2020-03-10,2020-03-12,fao_swarm,0.001204044,0.01065047,294.9091256,297.4995937,298.1060859,-4.528939673,-7.701124313,0.7090414676621173,1.0424196419225908,0.5762161399435642,0.33337817426047356
186,38.3544444440001,5.07194444400005,1,4,2020-03-10,2020-03-12,fao_swarm,0.00085558,0.006677567,294.7777345,297.6025343,298.2504327,-5.423780894,-7.412279578,0.9064218543551444,0.8915820539157561,0.9428196808655642,-0.014839800439388373
187,38.211111111,4.70222222200005,1,4,2020-03-10,2020-03-14,fao_swarm,0.001140878,0.015082701,294.731988,297.8601081,299.0348999,-4.360061738,-4.417289642,0.9945511196384924,1.072668870425621,1.1691669893211962,0.07811775078712868
188,38.211944444,4.66166666700002,1,4,2020-03-10,2020-03-14,fao_swarm,0.001140878,0.015082701,294.731988,297.8601081,299.0348999,-4.37720051,-4.812032597,0.9229047008293136,1.06957376676741,1.0699514454053471,0.14666906593809625
189,38.213888889,4.65583333300003,1,4,2020-03-10,2020-03-14,fao_swarm,0.001140878,0.015082701,294.731988,297.8601081,299.0348999,-6.69071592,-6.008334796,1.1245593061271406,0.7057956058535196,0.9095664033678278,-0.418763700273621
190,38.273333333,4.45361111100004,1,4,2020-03-10,2020-03-15,fao_swarm,0.001146644,0.009184881,294.666325,298.2252176,299.4849813,-6.124780026,-6.120642142,0.9110400906655214,0.7847578722598971,0.7409759312005895,-0.12628221840562426
191,38.2597222220001,4.43527777800006,1,4,2020-03-10,2020-03-15,fao_swarm,0.001318246,0.009691565,295.1911839,298.4187506,299.6973728,-4.986026892,-6.353187512,0.6416083845401912,0.963363383807396,0.6411373296506209,0.32175499926720474
192,38.1836111110001,4.44555555600004,1,4,2020-03-10,2020-03-15,fao_swarm,0.001524463,0.015304147,295.5180069,298.4016011,299.7734199,-6.060410379,-6.229011712,0.7542997208812873,0.7941494429970697,0.6915475854972107,0.039849722115782416
193,38.143055556,4.44833333300005,1,4,2020-03-10,2020-03-15,fao_swarm,0.001605168,0.024288058,295.5853625,298.337544,299.3958917,-4.970275944,-4.122580305,0.9169745237887226,0.9660183149273222,1.0097036826784695,0.04904379113859958
194,38.0583333330001,4.46555555600003,1,4,2020-03-10,2020-03-15,fao_swarm,0.001305178,0.02373895,296.2230036,298.912072,299.9703058,-4.533634382,-5.589922604,0.8683531810595919,1.041586668631904,0.7516924425401461,0.17323348757231205
195,38.2944444440001,5.14388888900004,1,4,2020-03-10,2020-03-10,fao_swarm,0.000750125,0.006297513,294.6456978,297.9556973,298.5052775,-4.192783649,-5.613857102,0.963881741041778,1.1031740499242244,0.6426751047202002,0.13929230888244637
196,38.3158333330001,5.1475,1,4,2020-03-10,2020-03-10,fao_swarm,0.000750125,0.006297513,294.6456978,297.9556973,298.5052775,-7.625777947,-6.630814951,0.6786073240760468,0.5892181874967756,0.6696368475089431,-0.08938913657927128
197,38.389444444,5.08944444400004,1,4,2020-03-10,2020-03-12,fao_swarm,0.00085558,0.006677567,294.7777345,297.6025343,298.2504327,-7.111331026,-6.959120985,0.9983456521945172,0.6512523698282464,0.9070424121491734,-0.3470932823662708
198,38.4202777780001,5.0675,1,4,2020-03-10,2020-03-12,fao_swarm,0.00085558,0.006677567,294.7777345,297.6025343,298.2504327,-6.04404088,-6.602736323,0.9130514910437542,0.796551204269557,0.8850664987676432,-0.11650028677419721
199,38.4741666670001,5.13861111100005,1,4,2020-03-10,2020-03-10,fao_swarm,0.000927761,0.006767481,295.691325,298.4514492,299.2393813,-4.553689843,-4.818973627,1.0445805579011056,1.0380331256082638,1.1877783676365423,-0.006547432292841826
200,38.3158333330001,5.14916666700003,1,4,2020-03-10,2020-03-10,fao_swarm,0.000750125,0.006297513,294.6456978,297.9556973,298.5052775,-8.202801448,-8.293012655,0.6733829396703881,0.5255414659537526,0.5755872282460369,-0.14784147371663547
201,37.3666666670001,0.15,1,4,2020-03-10,2020-03-11,fao_swarm,0.10491252,0.091318994,287.7690648,289.9456875,289.7258125,-7.053581681,-6.568760899,0.7984124450084414,0.6586893052171272,0.7528159475115243,-0.13972313979131423
202,36.033333333,1.95,1,4,2020-03-10,2020-03-12,fao_swarm,0.002121225,0.00214751,303.2550131,308.0122402,305.8962769,-5.914702959,-6.239429437,1.0150542700140512,0.8157197647562308,0.8631876223749415,-0.19933450525782048
203,37.316666667,0.06666666700005,1,4,2020-03-10,2020-03-12,fao_swarm,0.090327561,0.087519824,288.8256729,290.5747836,290.3751235,-9.097313853,-8.777113352,0.3812184288653849,0.4553502523548296,0.4690276492862402,0.07413182348944475
204,37.333333333,0.06666666700005,1,4,2020-03-10,2020-03-13,fao_swarm,0.090327561,0.087519824,288.8256729,290.5747836,290.3751235,-5.490190613,-4.831981541,0.9217734915104056,0.8954241711642309,0.8066982115117803,-0.026349320346174654
205,37.1666666670001,0.616666667000061,1,4,2020-03-10,2020-03-15,fao_swarm,0.015990347,0.024806856,295.7380481,296.9421393,297.0416274,-5.633610537,-5.636852162,0.9395692642146044,0.870922068792843,0.7708855357930166,-0.06864719542176145
206,37.718611111,0.12861111100006,1,4,2020-03-10,2020-03-10,fao_adult,0.034638658,0.034636184,293.2533964,294.3389438,294.3397719,-5.465679477,-5.068637807,0.9804790444656069,0.8851563385753709,0.9650716864227142,-0.09532270589023595
207,36.37432,5.01113,0,4,2020-03-10,2020-03-11,fao_no_locust,0.011533663,0.021276786,299.4888239,301.1465284,301.7310859,-5.380322683,-7.129958062,0.8593654064032838,0.9223997412419578,0.7366342013792453,0.06303433483867393
208,36.24217,5.07912,0,4,2020-03-10,2020-03-11,fao_no_locust,0.004942641,0.005960523,301.5662056,304.1869147,303.716329,-5.54742668,-7.970845435,0.7674954678530252,0.8755971521848034,0.7441499788524927,0.10810168433177814
209,36.11185,5.14618,0,4,2020-03-10,2020-03-11,fao_no_locust,0.003821477,0.00357604,302.8553441,306.8927198,305.2932116,-5.384369529,-6.346557745,0.7416327196110091,0.8981952205681829,0.8135613595964832,0.15656250095717383
210,38.32585,4.36763,0,4,2020-03-10,2020-03-11,fao_no_locust,0.001318246,0.009691565,295.1911839,298.4187506,299.6973728,-6.293319491,-5.258819322,0.8129957099885069,0.7605663970973621,0.906369462737022,-0.05242931289114483
211,38.43882,4.38918,0,4,2020-03-10,2020-03-11,fao_no_locust,0.000976101,0.007454097,295.4923233,298.9447869,300.1268976,-5.536701093,-5.905667344,1.1824158063969712,0.8736971786505571,0.9874263729711388,-0.3087186277464141
212,36.07715,5.21902,0,4,2020-03-10,2020-03-11,fao_no_locust,0.003907934,0.004350602,302.5489639,306.3826395,305.1103991,-6.177950287,-6.507783173,0.7095993358061214,0.7797596347811855,0.8248603410165871,0.07016029897506404
213,38.5549,4.45977,0,4,2020-03-10,2020-03-11,fao_no_locust,0.000967607,0.00711961,295.8647788,299.1308492,300.4221341,-4.215214519,-5.51583721,0.854348132626827,1.099052461078356,1.0253821847122488,0.24470432845152912
214,38.57085,4.42087,0,4,2020-03-10,2020-03-11,fao_no_locust,0.000669778,0.004967242,295.6635364,299.4801764,300.5913236,-6.728373193,-7.459812118,0.8967373946232826,0.700769696584072,0.5419416155225674,-0.19596769803921066
215,37.47752,5.08828,0,4,2020-03-10,2020-03-11,fao_no_locust,0.000284612,0.004321962,297.8855524,302.2687669,302.3197795,-6.005013553,-4.978099383,0.8261777598020952,0.8029198352917715,0.9192964650568752,-0.023257924510323713
216,37.50683,5.10387,0,4,2020-03-10,2020-03-11,fao_no_locust,0.000284612,0.004321962,297.8855524,302.2687669,302.3197795,-5.461671586,-4.18944906,0.6149363784758546,0.8881250561125212,0.95859965300302,0.27318867763666665
217,37.53242,5.12305,0,4,2020-03-10,2020-03-11,fao_no_locust,0.000284612,0.004321962,297.8855524,302.2687669,302.3197795,-6.281462371,-7.264751004,0.7208567439385125,0.7880718054730929,0.7405499747991139,0.06721506153458034
218,37.57262,5.12223,0,4,2020-03-10,2020-03-11,fao_no_locust,0.000235111,0.004125579,298.5269967,302.5853793,302.7753622,-5.733543394,-4.762133281,0.8876277302134797,0.849711586286763,0.8065847225971199,-0.03791614392671672
219,37.59825,5.1277,0,4,2020-03-10,2020-03-11,fao_no_locust,0.000235111,0.004125579,298.5269967,302.5853793,302.7753622,-5.589638719,-5.484746332,0.9826771424387328,0.8655011290941135,0.9349712499420644,-0.11717601334461936
220,38.2149,5.02552,0,4,2020-03-10,2020-03-12,fao_no_locust,0.001370341,0.014088108,294.7512154,296.8641554,297.6166925,-6.040096363,-6.597631541,0.838492647794757,0.7971307659538646,0.6906283278798038,-0.0413618818408924
221,38.39335,5.06467,0,4,2020-03-10,2020-03-12,fao_no_locust,0.00085558,0.006677567,294.7777345,297.6025343,298.2504327,-7.346591425,-7.174960479,0.724788931393571,0.622254180055251,0.7931712490532303,-0.10253475133832002
222,38.22598,4.9962,0,4,2020-03-10,2020-03-13,fao_no_locust,0.001370341,0.014088108,294.7512154,296.8641554,297.6166925,-7.607547039,-4.978870859,0.7782656277950113,0.5913303965682581,0.7158138409520143,-0.18693523122675315
223,38.26125,5.09153,0,4,2020-03-10,2020-03-13,fao_no_locust,0.000750125,0.006297513,294.6456978,297.9556973,298.5052775,-4.928288916,-6.506158253,0.8209386607064557,0.973119853664836,0.8714229652733224,0.15218119295838028
224,36.9855,0.62321,0,4,2020-03-10,2020-03-13,fao_no_locust,0.015512109,0.024881407,293.5664769,294.8783481,294.8672187,-5.64642982,-4.815155467,0.7501572895043677,0.856566825346866,0.8050264280875514,0.10640953584249835
225,38.1942,4.72778,0,4,2020-03-10,2020-03-14,fao_no_locust,0.001140878,0.015082701,294.731988,297.8601081,299.0348999,-5.616192316,-7.041492876,0.8010059612819814,0.8612628523094906,0.8358409249792746,0.060256891027509196
226,38.19603,4.79315,0,4,2020-03-10,2020-03-14,fao_no_locust,0.001329288,0.015952557,293.9816896,297.5224941,298.712439,-6.071836155,-6.219275881,0.7623106616004199,0.7924762641817831,0.8932991674910515,0.030165602581363138
227,38.18628,4.84388,0,4,2020-03-10,2020-03-14,fao_no_locust,0.001329288,0.015952557,293.9816896,297.5224941,298.712439,-5.411469111,-6.305754877,0.759918208232756,0.8935477590715518,0.7125229600014289,0.1336295508387958
228,37.86487,4.97968,0,4,2020-03-10,2020-03-16,fao_no_locust,0.002698287,0.029207899,294.9999947,296.2706821,297.1175171,-5.202449871,-5.436102633,0.9809002840271466,0.9312675109443704,0.8720022940198218,-0.04963277308277614
229,37.82533,4.98842,0,4,2020-03-10,2020-03-16,fao_no_locust,0.001627445,0.018838837,297.1500652,297.5975375,298.3829251,-5.216507338,-4.597441353,0.8932806974793019,0.9288163483212144,0.8269102192939168,0.03553565084191246
230,37.77723,5.00702,0,4,2020-03-10,2020-03-16,fao_no_locust,0.001627445,0.018838837,297.1500652,297.5975375,298.3829251,-5.808224916,-5.556966695,0.944741878884638,0.8393553298037395,0.828481852810423,-0.1053865490808985
231,37.7514,4.98428,0,4,2020-03-10,2020-03-16,fao_no_locust,0.001627445,0.018838837,297.1500652,297.5975375,298.3829251,-6.168477538,-6.357943681,0.7766783801506197,0.7793619483152527,0.7335524969005546,0.002683568164632999
232,37.72092,4.95218,0,4,2020-03-10,2020-03-16,fao_no_locust,0.000600666,0.007095455,298.7897516,301.4193691,302.1160903,-6.399649834,-6.722259195,0.9246550440263356,0.7456000677894815,0.691033674833484,-0.17905497623685407
233,37.68385,4.93888,0,4,2020-03-10,2020-03-16,fao_no_locust,0.000685573,0.009240075,299.0942981,300.7972391,301.656368,-7.77401576,-6.738670615,0.5890393634013722,0.572274573132619,0.5396640163504012,-0.016764790268753216
234,37.69027,5.08568,0,4,2020-03-10,2020-03-16,fao_no_locust,0.000582397,0.006877556,298.7869847,301.6449713,302.1947252,-6.393330278,-5.536191192,0.8418860625590534,0.7499326079647565,0.8521762557996032,-0.09195345459429694
235,38.79166966651379,2.287216535577932,0,4,2020-03-10,,synthetic_background,0.00236404,0.035630851,300.4978517,303.60012,304.1958754,-5.30531868,-7.007523261,0.957073506520396,0.9110338648242172,0.6781721713815902,-0.0460396416961788
236,37.99604128915454,5.994928252234355,0,4,2020-03-10,,synthetic_background,0.017324105,0.025006666,295.0199654,295.6093865,296.0342272,-4.794665705,-4.49727681,0.8019139957957984,1.0036115954038372,1.0662640041016382,0.2016975996080388
237,38.679670221869785,4.614473489839634,0,4,2020-03-10,,synthetic_background,0.001348525,0.007532924,296.3843589,299.2194125,300.6990655,-4.854597759,-6.545417409,0.931810424322661,0.985669113185432,0.8936844310756205,0.05385868886277101
238,37.15752793411805,3.651995140710463,0,4,2020-03-10,,synthetic_background,0.00022313,0.070626109,301.5673178,305.4741489,304.7292359,-7.811041076,-6.629175128,0.5527492840257041,0.5790261389614313,0.4736861799660824,0.02627685493572718
239,36.78684644621762,2.945802949301677,0,4,2020-03-10,,synthetic_background,0.00140366,0.04093933,301.7377334,305.9933275,306.6240655,-7.677727233,-8.026210702,0.6102682610666386,0.5832688380025598,0.470993492369811,-0.026999423064078765
240,37.1833333330001,1.81666666700005,1,5,2020-03-17,2020-03-20,fao_swarm,0.005992085,0.015975072,295.9311253,299.5871805,299.7499173,-5.02388433,-4.855971077,0.6780908512205992,0.9570026513822424,0.8192944836446169,0.2789118001616432
241,37.016666667,0.866666667000061,1,5,2020-03-17,2020-03-20,fao_swarm,0.014033616,0.022756173,293.8446182,295.2964362,295.3101007,-5.714437726,-4.47334077,0.8497791604553767,0.8460730436345892,0.831190987172553,-0.003706116820787475
242,37.333333333,0.06666666700005,1,5,2020-03-17,2020-03-20,fao_swarm,0.090327561,0.087519824,288.8256729,290.5747836,290.3751235,-5.490190613,-4.831981541,0.9217734915104056,0.8954241711642309,0.8066982115117803,-0.026349320346174654
243,37.1833333330001,1.83333333300004,1,5,2020-03-17,2020-03-20,fao_swarm,0.005992085,0.015975072,295.9311253,299.5871805,299.7499173,-5.02230672,-4.973387297,1.049074753933283,0.9572671425213872,0.8517661207267646,-0.09180761141189575
244,37.0,0.833333333000041,1,5,2020-03-17,2020-03-20,fao_swarm,0.013521835,0.023402869,294.1963651,295.9902784,295.9727255,-5.749994704,-6.309458711,0.7491074339064266,0.8406240906475289,0.7531936005416545,0.09151665674110221
245,36.9833333330001,0.8,1,5,2020-03-17,2020-03-20,fao_swarm,0.013521835,0.023402869,294.1963651,295.9902784,295.9727255,-5.526240647,-5.797733925,0.8316586642245928,0.8753430363128517,0.6869803239971854,0.04368437208825893
246,37.2,1.88333333300005,1,5,2020-03-17,2020-03-20,fao_swarm,0.004870176,0.015004709,298.1937393,302.4516282,302.6649618,-4.60790009,-4.480617609,0.9406009491291498,1.0284673296250728,0.9554901775583818,0.08786638049592299
247,37.1,0.9,1,5,2020-03-17,2020-03-20,fao_swarm,0.015142277,0.028363778,294.9758899,297.0190273,297.0655152,-4.641944634,-6.083802578,1.0550230943744578,1.0440928857999523,0.9610606448328816,-0.010930208574505551
248,37.15,1.25,1,5,2020-03-17,2020-03-20,fao_swarm,0.013088048,0.022697984,294.556402,296.234278,296.4020278,-4.533768357,-5.398331994,0.9277523645484692,1.0474448125639286,0.8890828840701981,0.11969244801545942
249,37.1833333330001,0.916666667000072,1,5,2020-03-17,2020-03-21,fao_swarm,0.016747564,0.03312318,295.3017037,297.6228685,297.6777222,-5.040213702,-5.516614484,0.7100668177232465,0.9557643208796178,0.9152977135092136,0.2456975031563713
250,37.15,0.933333333000064,1,5,2020-03-17,2020-03-21,fao_swarm,0.016747564,0.03312318,295.3017037,297.6228685,297.6777222,-4.480754581,-4.47310042,1.0320764520300694,1.0509941581193225,0.9095677279051618,0.01891770608925314
251,37.1333333330001,0.916666667000072,1,5,2020-03-17,2020-03-21,fao_swarm,0.015142277,0.028363778,294.9758899,297.0190273,297.0655152,-3.715779377,-3.635742237,1.032285834732596,1.1930652105055772,0.9291265921306484,0.16077937577298118
252,37.1166666670001,0.9,1,5,2020-03-17,2020-03-21,fao_swarm,0.015142277,0.028363778,294.9758899,297.0190273,297.0655152,-5.718791992,-4.949640275,0.9821460400454342,0.8482178493654242,1.110803078549792,-0.13392819068000994
253,37.1666666670001,0.916666667000072,1,5,2020-03-17,2020-03-21,fao_swarm,0.016747564,0.03312318,295.3017037,297.6228685,297.6777222,-3.94927878,-5.491386306,1.0425222174286144,1.1495529122086745,1.0083458681908573,0.10703069478006011
254,37.1333333330001,0.916666667000072,1,5,2020-03-17,2020-03-22,fao_swarm,0.015142277,0.028363778,294.9758899,297.0190273,297.0655152,-3.715779377,-3.635742237,1.032285834732596,1.1930652105055772,0.9291265921306484,0.16077937577298118
255,37.1666666670001,0.916666667000072,1,5,2020-03-17,2020-03-22,fao_swarm,0.016747564,0.03312318,295.3017037,297.6228685,297.6777222,-3.94927878,-5.491386306,1.0425222174286144,1.1495529122086745,1.0083458681908573,0.10703069478006011
256,37.1333333330001,0.9,1,5,2020-03-17,2020-03-22,fao_swarm,0.015142277,0.028363778,294.9758899,297.0190273,297.0655152,-4.712535052,-4.862064467,0.984138868283196,1.01352284913516,0.9824272168149352,0.02938398085196403
257,37.316666667,0.966666667000027,1,5,2020-03-17,2020-03-22,fao_swarm,0.018680751,0.036037578,294.7871149,296.2897305,296.3825182,-5.046343062,-5.256516142,0.8137136739154507,0.9541931157434064,0.944191793572722,0.1404794418279557
258,37.0,0.833333333000041,1,5,2020-03-17,2020-03-22,fao_swarm,0.013521835,0.023402869,294.1963651,295.9902784,295.9727255,-5.749994704,-6.309458711,0.7491074339064266,0.8406240906475289,0.7531936005416545,0.09151665674110221
259,37.216666667,0.933333333000064,1,5,2020-03-17,2020-03-22,fao_swarm,0.016747564,0.03312318,295.3017037,297.6228685,297.6777222,-5.990747904,-6.085148634,0.8846866713459574,0.8073919276113514,0.6979088259383989,-0.07729474373460599
260,37.004166667,0.861388889000068,1,5,2020-03-17,2020-03-22,fao_swarm,0.014033616,0.022756173,293.8446182,295.2964362,295.3101007,-5.678256737,-4.885141427,0.7171422463959866,0.8516441072267192,0.5488367284350323,0.13450186083073268
261,37.3822222220001,0.11,1,5,2020-03-17,2020-03-22,fao_swarm,0.10491252,0.091318994,287.7690648,289.9456875,289.7258125,-7.756412538,-8.610810988,0.6038400516927862,0.5862477079997318,0.6091180981524937,-0.017592343693054402
262,36.831666667,5.45805555600003,1,5,2020-03-17,2020-03-23,fao_swarm,0.006449625,0.016350641,300.4498916,300.5355258,300.7486532,-7.384482917,-7.40681347,0.7355710946301782,0.6177058257647622,0.9863982796071704,-0.11786526886541604
263,37.925,4.96111111100004,1,5,2020-03-17,2020-03-23,fao_swarm,0.002698287,0.029207899,294.9999947,296.2706821,297.1175171,-7.65035154,-7.466046243,0.7988447002357429,0.5863810038363917,0.8598905617078775,-0.21246369639935125
264,38.212777778,4.87527777800005,1,5,2020-03-17,2020-03-23,fao_swarm,0.001477286,0.016412153,294.1324654,297.0915913,298.1058255,-6.863947518,-6.361934687,0.8909062326483685,0.6829087364241853,0.8185844698314843,-0.2079974962241833
265,36.266666667,0.016666667000038,1,5,2020-03-17,2020-03-23,fao_swarm,0.087764666,0.056095838,288.0989693,290.6414883,290.8555217,-6.806335439,-5.936471381,0.7342124817785416,0.6904541683471052,0.665859173136604,-0.043758313431436435
266,37.833333333,0.016666667000038,1,5,2020-03-17,2020-03-23,fao_swarm,0.033566207,0.034430503,295.4138131,296.2068257,296.1208212,-5.126309114,-6.143516275,0.5574651899597916,0.9466008635747944,0.7372645943586039,0.3891356736150029
267,36.2255555560001,0.00194444400006,1,5,2020-03-17,2020-03-23,fao_swarm,0.070795462,0.048779681,289.9479602,292.0536193,292.3664917,-6.686526954,-5.829203301,0.5352393041060844,0.7063564309954226,0.7205953378899702,0.1711171268893381
268,37.783333333,0.133333333000053,1,5,2020-03-17,2020-03-23,fao_swarm,0.035339773,0.039393305,293.7615778,294.6202155,294.5931682,-5.975534149,-6.099053471,0.6409074309856366,0.8180988444581825,0.8150974789767584,0.17719141347254586
269,38.273888889,4.48361111100007,1,5,2020-03-17,2020-03-17,fao_swarm,0.001146644,0.009184881,294.666325,298.2252176,299.4849813,-4.751163952,-6.572941495,0.8754109283733577,1.003466263933664,0.9592923876563736,0.12805533556030635
270,38.1255555560001,4.44166666700005,1,5,2020-03-17,2020-03-18,fao_swarm,0.001605168,0.024288058,295.5853625,298.337544,299.3958917,-3.984441257,-7.161007682,0.8573183704276603,1.1419098092849438,1.002752982768697,0.28459143885728344
271,38.1969444440001,4.7625,1,5,2020-03-17,2020-03-18,fao_swarm,0.001329288,0.015952557,293.9816896,297.5224941,298.712439,-6.890349421,-6.862036338,0.7071438850348304,0.6794728309519703,0.5957139978860752,-0.02767105408286008
272,38.1983333330001,4.79361111100008,1,5,2020-03-17,2020-03-18,fao_swarm,0.001329288,0.015952557,293.9816896,297.5224941,298.712439,-7.141366602,-6.219809452,0.7516163937474686,0.6474904451776696,0.7475346708658759,-0.10412594856979895
273,38.1802777780001,4.45944444400004,1,5,2020-03-17,2020-03-17,fao_swarm,0.001294717,0.014805882,295.1998862,297.8268561,299.0178047,-5.228812172,-5.113279013,0.6816699929550922,0.923072881643888,0.7202874951704769,0.24140288868879578
274,38.1961111110001,4.42916666700006,1,5,2020-03-17,2020-03-17,fao_swarm,0.001524463,0.015304147,295.5180069,298.4016011,299.7734199,-4.705253514,-5.333272264,0.9965989318940052,1.0114339152933267,1.1398322621383845,0.014834983399321544
275,37.6227777780001,0.385277778000045,1,5,2020-03-17,2020-03-17,fao_swarm,0.01422821,0.014771669,295.8925728,298.0655388,298.2316936,-6.031024955,-4.757464506,0.6950147936544363,0.7985417644074366,1.1242762106911075,0.10352697075300032
276,37.2333333330001,0.583333333000041,1,5,2020-03-17,2020-03-18,fao_swarm,0.015990347,0.024806856,295.7380481,296.9421393,297.0416274,-5.222639451,-6.141788967,0.9836422155172472,0.9241640943098426,0.9293611284587548,-0.05947812120740459
277,37.1666666670001,0.633333333000053,1,5,2020-03-17,2020-03-18,fao_swarm,0.015990347,0.024806856,295.7380481,296.9421393,297.0416274,-5.940834496,-5.123010177,0.8342045381254015,0.8118198246000654,0.8620591256900582,-0.02238471352533611
278,37.035,0.1175,1,5,2020-03-17,2020-03-18,fao_swarm,0.042484671,0.028606533,290.8047907,291.7882602,291.7274889,-5.455274135,-6.018973314,0.9057028266226808,0.8866070971661528,0.9384218638849884,-0.019095729456527932
279,37.591388889,0.525555556000029,1,5,2020-03-17,2020-03-18,fao_swarm,0.010890097,0.013586684,296.4990615,299.0043789,299.1140775,-6.660276926,-5.276382544,0.7452216353898868,0.7099364575319076,0.9390604959438832,-0.035285177857979244
280,37.266666667,0.6,1,5,2020-03-17,2020-03-19,fao_swarm,0.015217975,0.023640692,296.819743,298.9888298,299.0130412,-6.042355363,-5.857146106,0.9046203161549238,0.7968330076677974,0.7588590011015697,-0.10778730848712637
281,37.2333333330001,0.583333333000041,1,5,2020-03-17,2020-03-19,fao_swarm,0.015990347,0.024806856,295.7380481,296.9421393,297.0416274,-5.222639451,-6.141788967,0.9836422155172472,0.9241640943098426,0.9293611284587548,-0.05947812120740459
282,37.326944444,0.077222222000046,1,5,2020-03-17,2020-03-19,fao_swarm,0.090327561,0.087519824,288.8256729,290.5747836,290.3751235,-7.245014636,-8.64195866,0.6508142838408373,0.652240297062952,0.6858065285744405,0.0014260132221146637
283,37.2333333330001,0.583333333000041,1,5,2020-03-17,2020-03-17,fao_swarm,0.015990347,0.024806856,295.7380481,296.9421393,297.0416274,-5.222639451,-6.141788967,0.9836422155172472,0.9241640943098426,0.9293611284587548,-0.05947812120740459
284,36.9883333330001,5.37305555600005,1,5,2020-03-17,2020-03-17,fao_swarm,0.002336592,0.017505377,300.52232,299.2614752,299.9451539,-5.021655505,-4.813946359,0.9143502337427796,0.9607988524140448,0.7894792478257359,0.04644861867126526
285,38.0583333330001,4.46527777800003,1,5,2020-03-17,2020-03-17,fao_swarm,0.001305178,0.02373895,296.2230036,298.912072,299.9703058,-4.580846466,-5.343019556,0.7276305945392902,1.0332339255682927,0.7860711735107383,0.3056033310290025
286,38.1669444440001,4.45833333300004,1,5,2020-03-17,2020-03-17,fao_swarm,0.001294717,0.014805882,295.1998862,297.8268561,299.0178047,-4.538936873,-5.440821639,0.924871493656824,1.0406463764045415,1.025630060457274,0.11577488274771752
287,37.9963888890001,4.39111111100004,1,5,2020-03-17,2020-03-19,fao_swarm,0.001698464,0.033158018,295.5442276,298.7106669,299.4226821,-5.108456154,-5.744626177,0.9617703093328795,0.9428973350388594,1.131689259216028,-0.01887297429402013
288,38.0672222220001,4.51361111100005,1,5,2020-03-17,2020-03-20,fao_swarm,0.001305178,0.02373895,296.2230036,298.912072,299.9703058,-4.989297175,-4.461701185,1.0593351147986552,0.9628127798714424,1.2002444697655597,-0.09652233492721274
289,38.089444444,4.88555555600004,1,5,2020-03-17,2020-03-20,fao_swarm,0.002003104,0.026532858,293.4209691,295.522863,296.2613539,-4.927335278,-7.866810478,0.6444124583598212,0.9732815593875336,0.716884508178958,0.3288691010277124
290,38.210277778,4.45972222200004,1,5,2020-03-17,2020-03-19,fao_swarm,0.001294717,0.014805882,295.1998862,297.8268561,299.0178047,-6.130873823,-5.64342267,0.8321110159441243,0.7838731481301949,0.9948350948960548,-0.04823786781392936
291,38.19295,4.744566,0,5,2020-03-17,2020-03-19,fao_no_locust,0.001140878,0.015082701,294.731988,297.8601081,299.0348999,-8.808057078,-9.808595192,0.4078296376297466,0.4651237413074361,0.3152039602148249,0.0572941036776895
292,38.282482,4.33015,0,5,2020-03-17,2020-03-20,fao_no_locust,0.001532003,0.011475622,295.6574329,298.6488288,300.0385892,-4.63198988,-4.474601994,0.8626394679036257,1.024235054401375,0.945882058663848,0.1615955864977493
293,38.153282,4.37935,0,5,2020-03-17,2020-03-20,fao_no_locust,0.001524463,0.015304147,295.5180069,298.4016011,299.7734199,-5.599385136,-5.988698357,0.8936940045444348,0.8638811524260523,1.2087393039920395,-0.02981285211838247
294,38.169968,4.868683,0,5,2020-03-17,2020-03-20,fao_no_locust,0.001477286,0.016412153,294.1324654,297.0915913,298.1058255,-5.60165762,-5.362873582,0.8244002307884373,0.8635267973902055,0.8615305029841331,0.039126566601768276
295,38.295166,5.243733,0,5,2020-03-17,2020-03-20,fao_no_locust,0.000464663,0.003066748,294.9314454,296.7027513,297.0837281,-5.465828196,-5.923149564,0.9186745029676956,0.8848920313588752,0.8031417871594415,-0.03378247160882042
296,38.29418,5.218517,0,5,2020-03-17,2020-03-20,fao_no_locust,0.000464663,0.003066748,294.9314454,296.7027513,297.0837281,-6.384764826,-6.951547801,0.8721443430310678,0.7476814326987329,1.0305077559988365,-0.12446291033233492
297,38.33082,5.303367,0,5,2020-03-17,2020-03-21,fao_no_locust,0.000840798,0.002568125,295.0194771,297.1279086,297.3638659,-7.117383813,-7.285911837,0.7643658952961869,0.6504928507186045,0.8080607411178378,-0.1138730445775824
298,38.351166,5.31635,0,5,2020-03-17,2020-03-21,fao_no_locust,0.000781685,0.002724617,295.3688315,297.3410868,297.7021417,-7.816312753,-7.160133572,0.7020727263876809,0.567515031307781,0.7187460071760865,-0.1345576950798999
299,38.32665,5.362933,0,5,2020-03-17,2020-03-21,fao_no_locust,0.00140664,0.002762362,294.4341852,296.2074334,296.5079468,-6.157506574,-6.919904995,0.6692756596261153,0.7800153422532891,0.9122777251092712,0.11073968262717371
300,38.259815,5.523133,0,5,2020-03-17,2020-03-21,fao_no_locust,0.002733782,0.003526523,293.8722495,296.871664,296.9291057,-5.661792751,-5.512039198,0.7541862215041042,0.8541880366130189,0.5467377080184995,0.1000018151089147
301,38.2925,5.272083,0,5,2020-03-17,2020-03-21,fao_no_locust,0.000840798,0.002568125,295.0194771,297.1279086,297.3638659,-5.101935419,-4.501854448,0.6960435029412106,0.9439797628668478,0.8693104038258921,0.24793625992563717
302,38.061817,4.911767,0,5,2020-03-17,2020-03-21,fao_no_locust,0.002003104,0.026532858,293.4209691,295.522863,296.2613539,-6.957298987,-6.55016402,0.669303525015471,0.6708217689677266,0.7831842012012343,0.001518243952255638
303,38.033615,4.930666,0,5,2020-03-17,2020-03-21,fao_no_locust,0.002523109,0.036368548,293.6762914,295.3199659,295.8795831,-5.465467681,-5.175023195,0.7560476858456342,0.8849492386748277,0.6863328572365419,0.12890155282919347
304,38.011982,4.945483,0,5,2020-03-17,2020-03-21,fao_no_locust,0.002523109,0.036368548,293.6762914,295.3199659,295.8795831,-4.157028211,-4.311587788,1.1870251899125694,1.109763727822381,1.2792662511296566,-0.07726146209018836
305,37.9505,4.96375,0,5,2020-03-17,2020-03-21,fao_no_locust,0.003121898,0.032321303,293.8897842,295.4969082,296.2069811,-4.444176296,-6.09911797,0.9772675409021522,1.0575330770514344,0.9756338060005628,0.08026553614928222
306,37.89892,4.960883,0,5,2020-03-17,2020-03-23,fao_no_locust,0.002698287,0.029207899,294.9999947,296.2706821,297.1175171,-6.77359919,-7.077952882,0.6572462830946079,0.6966810883056899,0.5712484501047499,0.039434805211082
307,37.837715,4.985283,0,5,2020-03-17,2020-03-23,fao_no_locust,0.001627445,0.018838837,297.1500652,297.5975375,298.3829251,-4.888909938,-4.116987901,0.9498945385107332,0.9800295847099876,1.126193895564063,0.030135046199254334
308,37.760117,5.012434,0,5,2020-03-17,2020-03-23,fao_no_locust,0.001627445,0.018838837,297.1500652,297.5975375,298.3829251,-7.575829707,-4.61969001,0.7743961201859847,0.5962154582033591,0.7603949745399581,-0.1781806619826256
309,38.1978,4.7738,0,5,2020-03-17,2020-03-23,fao_no_locust,0.001329288,0.015952557,293.9816896,297.5224941,298.712439,-6.348144544,-7.127209468,0.7815541360223752,0.7528210703087589,0.4253293847826927,-0.028733065713616335
310,38.192616,4.735317,0,5,2020-03-17,2020-03-23,fao_no_locust,0.001140878,0.015082701,294.731988,297.8601081,299.0348999,-4.434575458,-4.182015009,0.875256086749595,1.059253742641441,0.947509680572631,0.18399765589184602
311,38.205868,4.706433,0,5,2020-03-17,2020-03-23,fao_no_locust,0.001140878,0.015082701,294.731988,297.8601081,299.0348999,-6.397398207,-6.453082247,1.0013690196062346,0.7459146248949319,1.0710608003425983,-0.2554543947113027
312,38.212917,4.69975,0,5,2020-03-17,2020-03-23,fao_no_locust,0.001140878,0.015082701,294.731988,297.8601081,299.0348999,-5.358992868,-5.443707321,0.9338698704226012,0.9019607335375506,1.0540551043567317,-0.03190913688505059
313,36.70945,1.09685,0,5,2020-03-17,2020-03-23,fao_no_locust,0.016915113,0.029526397,291.5389433,292.7240838,292.525373,-7.40740542,-8.30368444,0.5917170975862669,0.6229668574021803,0.628661051871045,0.03124975981591338
314,38.88078211600918,3.3656526496842134,0,5,2020-03-17,,synthetic_background,0.000455544,0.022348001,299.0718968,301.5092509,301.9774075,-5.921667291,-5.639543185,0.8839997069777146,0.814678931461218,0.7718641676423368,-0.06932077551649662
315,38.79860628165278,2.5639429872459445,0,5,2020-03-17,,synthetic_background,0.001876474,0.02939394,300.4230796,303.6301439,304.478791,-7.004266914,-7.177527578,0.7603346484662185,0.6707856611670477,0.7787287358027364,-0.08954898729917071
316,36.81090298520353,3.817819507971096,0,5,2020-03-17,,synthetic_background,0.000666797,0.046960785,301.0756837,304.7072055,304.4749499,-8.698244575,-8.48706139,0.5100627751454798,0.4771420986452611,0.3543113981690768,-0.03292067650021874
317,38.62535428178478,1.864989298125092,0,5,2020-03-17,,synthetic_background,0.003550723,0.044943213,300.5677627,303.2126146,303.6613268,-9.727607929,-7.179712956,0.5611779987077076,0.4022676672222892,0.6279814956791625,-0.1589103314854184
318,37.20389996266391,4.041287023503841,0,5,2020-03-17,,synthetic_background,0.000622317,0.056377589,300.5510798,304.2366923,303.4205987,-8.378766438,-7.507451856,0.5686524039441021,0.5073201731206152,0.5194547415933094,-0.06133223082348693
319,36.86068532170378,0.750546000591009,0,5,2020-03-17,,synthetic_background,0.01188764,0.016458078,292.9324057,294.7509663,294.8215373,-6.152259719,-7.043353636,0.6695966168211618,0.7807742198497097,0.7600668732434388,0.11117760302854796
320,36.30738293185959,4.029980988279215,0,5,2020-03-17,,synthetic_background,0.001072958,0.008976027,302.9535537,306.9620449,305.6846721,-5.437897069,-5.218181427,0.9210247144710526,0.8992885228392447,0.969893973630408,-0.021736191631807955
321,36.78817064544101,0.1312655377361422,0,5,2020-03-17,,synthetic_background,0.022481755,0.012666955,290.8509821,292.0175408,292.2586304,-6.21799416,-6.057717642,1.056238594243093,0.7713070906968245,0.7568582811595816,-0.2849315035462685
322,38.47292528212499,2.9622218622207503,0,5,2020-03-17,,synthetic_background,0.000500068,0.02097021,300.2273873,303.2817443,303.8192641,-8.795012049,-8.909360041,0.5625227073864527,0.4664323716322017,0.3452610707568462,-0.09609033575425102
323,38.25618374154215,5.300855924353787,0,5,2020-03-17,,synthetic_background,0.000840798,0.002568125,295.0194771,297.1279086,297.3638659,-6.901426429,-5.216548219,0.8411872997944516,0.6780353850460079,0.5099141820642965,-0.1631519147484437
324,38.53020252278792,1.7699907074275654,0,5,2020-03-17,,synthetic_background,0.004043937,0.043438225,300.4921334,302.7472337,302.9271743,-5.528040349,-7.173923913,0.7100786124366911,0.8911365710609926,0.8479550668095134,0.18105795862430152
325,36.66949771678535,4.614464236027619,0,5,2020-03-17,,synthetic_background,0.001592249,0.004557609,301.7881457,306.3726515,305.1479316,-5.394691084,-5.483430837,0.9944017670025952,0.8982311709440074,0.9330053853219942,-0.0961705960585878
326,37.97482751958754,0.5299830662984979,0,5,2020-03-17,,synthetic_background,0.034482971,0.058802947,295.2208769,296.4303609,296.2401517,-7.538184089,-5.167359331,0.8495866663048182,0.6001284206198207,0.6447332187288682,-0.24945824568499742
327,36.49312034044302,2.234033585810069,0,5,2020-03-17,,synthetic_background,0.001068652,0.013916089,303.7448081,308.6781202,307.9711955,-8.565491713,-9.991185225,0.4330485159471386,0.4891499949378121,0.4707694735689419,0.05610147899067347
328,37.29999817693134,3.790084322277304,0,5,2020-03-17,,synthetic_background,0.000255615,0.057163461,301.2953072,305.3113559,304.744378,-8.672812814,-9.132032025,0.5744680117363448,0.4780873401128094,0.4169785972791083,-0.09638067162353536
329,36.50841098118219,2.295390389329503,0,5,2020-03-17,,synthetic_background,0.000613719,0.014754757,301.8819934,307.9149312,307.7411065,-9.315329961,-8.481932697,0.4842790619655635,0.4343771943614329,0.526884730940348,-0.04990186760413057
330,37.940755796778085,1.6424329112154878,0,5,2020-03-17,,synthetic_background,0.005912691,0.02718988,300.0607966,303.1526211,303.2856866,-7.396252329,-7.584113253,0.7518794314711574,0.6335546624165458,0.9226511584573108,-0.11832476905461164
331,36.857064520450535,5.696159585892191,0,5,2020-03-17,,synthetic_background,0.00079228,0.000912621,298.0351835,299.5202914,299.3397936,-5.723152404,-4.133442943,0.8909761621990074,0.8467872423909306,1.0449075424255858,-0.04418891980807682
332,38.86404842175942,3.695323234731398,0,5,2020-03-17,,synthetic_background,0.001356885,0.022438257,295.6543187,297.8544603,298.6086847,-6.916542566,-5.569220247,0.8352158833258505,0.676077693941321,0.8456186515582077,-0.1591381893845295
333,36.56434698235843,1.891391059944436,0,5,2020-03-17,,synthetic_background,0.003914833,0.028643771,298.9147299,303.5710944,303.5712715,-6.94518461,-7.69655117,0.7762324256839483,0.6822247702395594,0.6509642593577258,-0.09400765544438894
334,38.76351006563145,2.771016371630191,0,5,2020-03-17,,synthetic_background,0.001055017,0.021260946,300.3392417,303.0567932,303.6221829,-5.626433692,-5.842349435,0.7613923346608622,0.8598884454541429,0.7409300731216764,0.09849611079328069
335,37.57060683514055,1.5068362539466107,0,5,2020-03-17,,synthetic_background,0.00670816,0.018244981,298.760547,302.6270243,302.7669637,-5.247735897,-6.263364231,0.8257119814206664,0.920135551924366,0.8487555396975508,0.09442357050369965
336,38.56963949218197,1.26394973247278,0,5,2020-03-17,,synthetic_background,0.003053054,0.028028324,300.9789661,303.7711758,304.3978557,-6.488269905,-7.854479013,0.6964155725521316,0.73434112210249,0.5377822387192557,0.03792554955035843
337,36.37879633091356,1.2552358392806722,0,5,2020-03-17,,synthetic_background,0.005888432,0.016176536,299.1748102,301.0691521,300.7905749,-6.752624979,-6.823818955,0.8061557680541153,0.6976519534244194,0.6722294161600708,-0.10850381462969583
338,38.652608618310026,4.734149918836739,0,5,2020-03-17,,synthetic_background,0.001703411,0.009000539,295.8951661,298.1421447,299.6706638,-6.228692489,-6.038306425,0.7436002467069165,0.7697746030871077,0.7904477890008275,0.026174356380191166
339,38.60610000775876,0.8211758249701575,0,5,2020-03-17,,synthetic_background,0.006030798,0.030271187,300.4017796,303.2949442,303.7947632,-5.614738713,-5.376221445,0.8280122182920376,0.8618032758966022,0.7825611096564109,0.03379105760456458
340,36.04265554929093,3.0563988540115816,0,5,2020-03-17,,synthetic_background,0.003984183,0.005309983,303.0441733,307.0708991,306.5187161,-6.703095706,-7.484279804,0.6495886582462168,0.70499019386012,0.8411475513797853,0.05540153561390315
341,37.2726649731186,2.793283094486833,0,5,2020-03-17,,synthetic_background,0.001196459,0.02391456,302.0681045,305.5733676,307.099174,-6.323984243,-6.499114979,0.6774593509167798,0.7562267898035929,0.8705275827844925,0.07876743888681315
342,37.966666667,0.133333333000053,1,6,2020-03-24,2020-03-30,fao_swarm,0.037356213,0.064659386,296.7197104,297.3180074,297.0848837,-6.125571679,-5.766312136,0.8722029377152841,0.7953466670343654,0.7354575093765562,-0.07685627068091871
343,36.8705555560001,2.35222222200002,1,6,2020-03-24,2020-03-30,fao_swarm,0.002260104,0.042067169,300.5326824,304.8396219,305.3637248,-8.321515191,-9.216500031,0.5236174395772752,0.5160536065381764,0.5693655764644342,-0.0075638330390987996
344,36.6333333330001,1.26666666700004,1,6,2020-03-24,2020-03-30,fao_swarm,0.009680912,0.031333565,291.5925728,293.7117682,293.4193726,-5.522136865,-5.288341841,0.8639547961458759,0.8760272666324628,0.8231103098007784,0.012072470486586884
345,37.516666667,0.55,1,6,2020-03-24,2020-03-30,fao_swarm,0.012129545,0.01757349,297.1772842,299.8509392,300.0301799,-5.245265899,-4.546609283,1.0292860134806945,0.9218887148667616,0.9472132405324216,-0.10739729861393288
346,36.533333333,0.25,1,6,2020-03-24,2020-03-30,fao_swarm,0.047432348,0.030018776,291.2080839,292.4648824,292.5599271,-4.29727664,-6.816196615,0.8551867941678931,1.0842246915560767,0.9697108226219234,0.2290378973881836
347,36.55,0.183333333000064,1,6,2020-03-24,2020-03-30,fao_swarm,0.034546599,0.014371424,290.5053061,291.7524149,291.9614733,-6.135862149,-4.562395767,0.7520003955323109,0.7833303108987266,0.7078064370528722,0.03132991536641572
348,37.0458333330001,5.32166666700004,1,6,2020-03-24,2020-03-24,fao_swarm,0.002385721,0.025400146,301.0600858,299.1665208,299.4991632,-6.153152204,-6.560405708,0.847354518054654,0.7807563214102465,0.8458672073313955,-0.06659819664440747
349,36.3666666670001,0.166666667000072,1,6,2020-03-24,2020-03-27,fao_swarm,0.065543071,0.042802318,289.8871529,291.9358839,292.1629707,-4.521810925,-3.88825342,1.0853431427272426,1.0436853066821217,1.303930366095981,-0.041657836045120966
350,36.533333333,0.25,1,6,2020-03-24,2020-03-27,fao_swarm,0.047432348,0.030018776,291.2080839,292.4648824,292.5599271,-4.29727664,-6.816196615,0.8551867941678931,1.0842246915560767,0.9697108226219234,0.2290378973881836
351,37.016666667,0.03333333300003,1,6,2020-03-24,2020-03-27,fao_swarm,0.088069394,0.037156134,290.3997831,290.8918463,290.8079739,-5.121532633,-5.516473432,0.9784017463402748,0.9429235682005748,1.094451879933668,-0.0354781781397
352,36.4166666670001,0.083333333000041,1,6,2020-03-24,2020-03-27,fao_swarm,0.067556113,0.040376797,289.2498916,290.2658264,290.4209785,-5.710128616,-7.162073004,0.7992255323109487,0.8467351489987902,0.7678171390781738,0.04750961668784148
353,36.566666667,0.35,1,6,2020-03-24,2020-03-27,fao_swarm,0.033247203,0.018451526,291.010509,292.2492953,292.4664972,-6.12839646,-5.552027037,0.7423972361003699,0.7843685257590542,0.6131783176321441,0.04197128965868435
354,36.516666667,0.433333333000064,1,6,2020-03-24,2020-03-27,fao_swarm,0.046803773,0.034249529,291.2671985,292.500847,292.6001289,-6.213817524,-7.230103109,0.7598016995568843,0.7723033180777328,0.6864102397731215,0.012501618520848523
355,37.516666667,0.55,1,6,2020-03-24,2020-03-28,fao_swarm,0.012129545,0.01757349,297.1772842,299.8509392,300.0301799,-5.245265899,-4.546609283,1.0292860134806945,0.9218887148667616,0.9472132405324216,-0.10739729861393288
356,37.033333333,0.53333333300003,1,6,2020-03-24,2020-03-29,fao_swarm,0.017719939,0.021901368,292.731044,293.9790751,294.0701647,-4.868763824,-5.7019129,0.8021174042493033,0.9855223711104076,0.8200370392809203,0.1834049668611043
357,37.0,0.466666667000027,1,6,2020-03-24,2020-03-29,fao_swarm,0.017719939,0.021901368,292.731044,293.9790751,294.0701647,-6.622135871,-6.421215698,0.8717023160045878,0.7172203773122579,0.7623006054775979,-0.15448193869232996
358,36.8097222220001,5.46888888900003,1,6,2020-03-24,2020-03-30,fao_swarm,0.006449625,0.016350641,300.4498916,300.5355258,300.7486532,-5.915078915,-4.4255507,0.7556484276227906,0.815671247389911,0.9119975635216696,0.06002281976712043
359,37.831944444,0.34472222200003,1,6,2020-03-24,2020-03-24,fao_swarm,0.030227721,0.0427116,292.8670032,294.3233568,294.0959351,-4.883879308,-5.666684514,0.8070322276336304,0.98229450468871,0.8680054319070452,0.17526227705507968
360,37.766666667,0.183333333000064,1,6,2020-03-24,2020-03-24,fao_swarm,0.033793882,0.043663114,292.1532608,293.4148118,293.2367446,-6.357519965,-7.818974438,0.6967818530036824,0.7518805501618383,0.7223365333500108,0.05509869715815585
361,37.783333333,0.133333333000053,1,6,2020-03-24,2020-03-24,fao_swarm,0.035339773,0.039393305,293.7615778,294.6202155,294.5931682,-5.975534149,-6.099053471,0.6409074309856366,0.8180988444581825,0.8150974789767584,0.17719141347254586
362,37.033333333,0.6,1,6,2020-03-24,2020-03-25,fao_swarm,0.015512109,0.024881407,293.5664769,294.8783481,294.8672187,-6.487951326,-4.549615452,1.207181228847045,0.7518180918572266,0.7048410960732898,-0.45536313698981834
363,36.3,0.266666667000038,1,6,2020-03-24,2020-03-25,fao_swarm,0.087074861,0.064158931,289.6151531,292.3423238,292.5082181,-5.049693261,-6.256279248,0.900742830013836,0.9526828208139916,0.7887330424483812,0.051939990800155544
364,36.316666667,0.266666667000038,1,6,2020-03-24,2020-03-26,fao_swarm,0.087074861,0.064158931,289.6151531,292.3423238,292.5082181,-6.461878949,-6.473957111,0.8224759360245972,0.7369469691882917,0.7140841637342777,-0.08552896683630551
365,37.1,0.81666666700005,1,6,2020-03-24,2020-03-26,fao_swarm,0.014992058,0.029560923,295.330458,297.4832146,297.4869236,-6.013894764,-6.325939283,0.7828721099035298,0.8017417658194452,0.6214471013058714,0.018869655915915384
366,36.533333333,0.25,1,6,2020-03-24,2020-03-26,fao_swarm,0.047432348,0.030018776,291.2080839,292.4648824,292.5599271,-4.29727664,-6.816196615,0.8551867941678931,1.0842246915560767,0.9697108226219234,0.2290378973881836
367,36.7333333330001,0.28333333300003,1,6,2020-03-24,2020-03-26,fao_swarm,0.027011886,0.016109198,290.7938586,292.1674757,292.4031237,-7.155362576,-6.020438711,0.6801861991088128,0.6457434615287029,0.6414944965984399,-0.03444273758010996
368,36.833333333,2.48638888900007,1,6,2020-03-24,2020-03-28,fao_adult,0.001871854,0.043416961,300.6608996,305.7700093,306.1468954,-6.440492708,-7.062430655,0.7116211191912722,0.7404792321701008,0.4659885818531415,0.028858112978828565
369,37.274444444,0.08694444400004,1,6,2020-03-24,2020-03-24,fao_adult,0.090327561,0.087519824,288.8256729,290.5747836,290.3751235,-6.392126957,-5.705010259,0.8536410829994749,0.7475126866790072,0.7371760511206568,-0.10612839632046778
370,37.7913888890001,0.14777777800003,1,6,2020-03-24,2020-03-24,fao_adult,0.035339773,0.039393305,293.7615778,294.6202155,294.5931682,-7.62037553,-5.731664594,0.7560622516608908,0.592041708372181,0.717912597474016,-0.16402054328870985
371,37.1144444440001,0.83305555600003,1,6,2020-03-24,2020-03-26,fao_adult,0.014992058,0.029560923,295.330458,297.4832146,297.4869236,-5.439384967,-3.531263486,1.066297996235209,0.8935010522449818,1.057521941678646,-0.17279694399022727
372,37.28197272864792,2.909347010754165,0,6,2020-03-24,,synthetic_background,0.000902653,0.029224872,302.0815322,305.6934848,307.2387357,-7.143682043,-6.432043633,0.8323839179835876,0.6472011677829344,0.7062461699537782,-0.18518275020065322
373,38.6547149377012,3.742873117944969,0,6,2020-03-24,,synthetic_background,0.001400322,0.024470716,295.8958443,297.5592292,298.158153,-6.993481874,-6.476823251,0.891568511093835,0.6661830300960813,0.6470474670503197,-0.22538548099775368
374,36.51568842850648,4.01078132096591,0,6,2020-03-24,,synthetic_background,0.002062604,0.028438761,302.0994033,305.4448954,305.4571764,-8.41410398,-8.33286179,0.6359346419189897,0.5063859078299836,0.6194626827313725,-0.12954873408900613
375,37.35525087662919,1.529316252489885,0,6,2020-03-24,,synthetic_background,0.010450348,0.021521612,298.4566353,301.0528435,301.3500095,-5.643872647,-5.536563398,0.7797110052852365,0.8570261960970265,1.0261552586034248,0.07731519081178995
376,38.80770707295267,2.7928122681166454,0,6,2020-03-24,,synthetic_background,0.001055017,0.021260946,300.3392417,303.0567932,303.6221829,-5.667079891,-5.541589941,0.719376814616266,0.8690935872635778,0.92168704983882,0.14971677264731176
377,36.98657592172458,1.388496502790086,0,6,2020-03-24,,synthetic_background,0.006970123,0.014145806,297.0649307,301.480936,301.3422079,-5.398036207,-6.035382272,0.8929947027209424,0.8956959824052054,0.8574241065678422,0.002701279684263036
378,36.047373001394,1.1831681542918404,0,6,2020-03-24,,synthetic_background,0.007012442,0.010392755,298.4918404,300.7954976,300.4235393,-7.739414896,-4.950848249,0.8080874383567773,0.5761927820631298,0.8071617285417825,-0.23189465629364747
379,38.26280954952546,1.807739880852268,0,6,2020-03-24,,synthetic_background,0.003231421,0.025851875,300.8262968,303.6798509,304.105424,-6.762138129,-8.299958079,0.8500379063394532,0.6962872814669814,0.5726154168246531,-0.15375062487247182
380,38.07544378738783,3.391540186603656,0,6,2020-03-24,,synthetic_background,0.000218466,0.032643645,299.0742026,302.4829922,303.7509481,-5.927496802,-5.829332672,0.7828838149053632,0.8138084595759836,0.8192433728470498,0.030924644670620394
381,36.77882396187372,2.8589653576757,0,6,2020-03-24,,synthetic_background,0.00140366,0.04093933,301.7377334,305.9933275,306.6240655,-9.867087166,-9.284741863,0.3685059295729096,0.3741113149474616,0.3340166493198555,0.005605385374551963
382,38.02445348790727,2.673371235291546,0,6,2020-03-24,,synthetic_background,0.002952352,0.032181679,300.3061525,303.8683166,305.6494562,-10.22183814,-8.970549203,0.5220643651980662,0.3470995298793163,0.3709011190661551,-0.1749648353187499
383,36.77769735693278,1.7690460858028976,0,6,2020-03-24,,synthetic_background,0.008785054,0.071521937,296.1219402,298.0878207,297.7268921,-5.440173838,-5.263991244,0.8516995961066574,0.8986471694973526,0.8692844168216372,0.04694757339069522
384,37.07019097451229,3.0992279257335094,0,6,2020-03-24,,synthetic_background,0.00063014,0.039746984,301.5974882,305.9693746,307.7079088,-9.601696353,-8.654289654,0.3734886839014399,0.395149659157756,0.468192457798898,0.021660975256316106
385,38.02363549772172,1.1190623835052909,0,6,2020-03-24,,synthetic_background,0.009589702,0.029836997,299.4112035,302.314508,302.6726278,-4.901322054,-6.047948765,1.0013352218641556,0.982805737382038,0.8814554403025803,-0.018529484482117553
386,37.798420066855776,1.573151116173705,0,6,2020-03-24,,synthetic_background,0.004780501,0.023907512,300.1022299,303.5965935,303.6540948,-6.032954442,-5.36015231,0.8153041508955396,0.7982719026089463,0.7671690504047448,-0.017032248286593332
387,37.44181722883143,3.8263396847429294,0,6,2020-03-24,,synthetic_background,0.000254274,0.052127763,301.1421225,305.0991055,304.7997491,-7.892625295,-8.782489017,0.713593186030639,0.5973527242971323,0.4870998570294708,-0.11624046173350677
388,37.41649201149971,0.3678992609564238,0,6,2020-03-24,,synthetic_background,0.015339032,0.01225151,295.7618871,298.6579922,298.7217706,-4.484782763,-5.943126127,0.7942024943199364,1.0536910805621926,0.89191971727205,0.25948858624225624
389,38.3535712412934,0.8932013332473727,0,6,2020-03-24,,synthetic_background,0.005761549,0.023953854,300.5013402,303.0460673,303.6337443,-6.397440649,-5.154088657,0.7850669713168538,0.7459086946975872,0.8345520679049523,-0.03915827661926652
390,36.53299488369108,4.95290944835018,0,6,2020-03-24,,synthetic_background,0.0174229,0.024277731,298.8336807,300.2271491,300.8349108,-5.332509854,-4.828381801,0.7898366306578698,0.9073139806123672,0.8799932543075322,0.11747734995449743
391,37.78083123708004,1.2025389031095233,0,6,2020-03-24,,synthetic_background,0.011574552,0.021931886,298.9709203,302.206332,302.5420451,-6.933788084,-7.415796542,0.7021064714755796,0.6744601966185678,0.6932556170797486,-0.027646274857011766
392,36.67258711225407,0.6237090629527196,0,6,2020-03-24,,synthetic_background,0.021949217,0.024773597,291.9646486,293.2120503,293.1683852,-7.617422309,-8.862211741,0.621289080029326,0.5975251695570724,0.790216724459541,-0.02376391047225368
393,38.793328487503416,1.3680947011987707,0,6,2020-03-24,,synthetic_background,0.003161207,0.031762808,301.2644316,304.3006951,305.0967435,-6.466116807,-8.466034104,0.8151205611858194,0.7386842228220367,0.261724287512628,-0.07643633836378272
394,37.591904709409015,2.160503168204114,0,6,2020-03-24,,synthetic_background,0.007799804,0.040805741,300.2957412,303.8999898,304.1467326,-7.854773142,-8.921110832,0.5127387560439356,0.5735586656495593,0.4157849993783628,0.06081990960562367
395,38.63355056088771,3.1148958408246843,0,6,2020-03-24,,synthetic_background,0.000519633,0.017282932,300.0799046,303.4442498,304.0161174,-4.784002303,-5.896859665,0.9725462610920408,0.9988835172719764,0.8501894492726472,0.026337256179935653
396,37.51806950946337,4.761462628253973,0,6,2020-03-24,,synthetic_background,0.000473634,0.009915143,298.0762751,302.2080898,302.7774998,-5.381117786,-5.198861571,0.8916864982739059,0.9135118794649816,1.1369257329609013,0.021825381191075688
397,37.49188807178027,3.948393838278176,0,6,2020-03-24,,synthetic_background,0.00042218,0.052486628,300.4068578,304.4614752,304.2943943,-8.503044334,-8.550761839,0.5520817088923837,0.4947787134614836,0.5701011511459151,-0.05730299543090012
398,38.867931341298615,2.5225998666404275,0,6,2020-03-24,,synthetic_background,0.001937091,0.032806873,300.2565377,302.5219136,303.153319,-5.531148688,-6.647110294,0.7590171155625882,0.8888443413065319,0.9355180864979862,0.12982722574394367
399,37.68531940187379,3.507074785546445,0,6,2020-03-24,,synthetic_background,0.001007348,0.090397611,296.9369142,300.6223314,299.5931519,-9.43042116,-9.03685513,0.4978082667492467,0.4093805990392046,0.4634066337146386,-0.08842766771004212
400,36.1953267505412,5.116100344458109,0,6,2020-03-24,,synthetic_background,0.004942641,0.005960523,301.5662056,304.1869147,303.716329,-6.22056227,-5.173330126,0.8376656187960072,0.7734279252878187,0.9122786312633988,-0.06423769350818853
401,36.81717650977164,2.3682987628855408,0,6,2020-03-24,,synthetic_background,0.002167136,0.046443715,299.8154515,305.0563266,305.468472,-7.295148564,-7.30149442,0.6539294361439314,0.6300752069969161,0.558045715789908,-0.023854229147015293
402,37.066666667,0.716666667000027,1,7,2020-03-31,2020-03-31,fao_swarm,0.01510708,0.029620945,295.4061525,297.0670254,297.1234796,-5.44736468,-5.070426749,0.7564819541099705,0.8920435042524159,0.7729001553102777,0.1355615501424453
403,36.533333333,0.25,1,7,2020-03-31,2020-03-31,fao_swarm,0.047432348,0.030018776,291.2080839,292.4648824,292.5599271,-4.29727664,-6.816196615,0.8551867941678931,1.0842246915560767,0.9697108226219234,0.2290378973881836
404,36.8833333330001,2.3,1,7,2020-03-31,2020-03-31,fao_swarm,0.002736241,0.050615891,298.4514975,303.3055942,303.5193618,-4.327610479,-5.269349576,0.7840633317325123,1.0785886757374958,0.8995971008852774,0.29452534400498354
405,36.8666666670001,2.33333333300004,1,7,2020-03-31,2020-03-31,fao_swarm,0.002736241,0.050615891,298.4514975,303.3055942,303.5193618,-5.77440434,-5.644049997,0.6870078010290104,0.8389170985318382,0.760200882849185,0.15190929750282778
406,36.8666666670001,2.31666666700005,1,7,2020-03-31,2020-03-31,fao_swarm,0.002736241,0.050615891,298.4514975,303.3055942,303.5193618,-5.606639167,-5.595550021,1.073805734637631,0.8759596770686824,0.8823834952234977,-0.19784605756894869
407,37.516666667,0.55,1,7,2020-03-31,2020-03-31,fao_swarm,0.012129545,0.01757349,297.1772842,299.8509392,300.0301799,-5.245265899,-4.546609283,1.0292860134806945,0.9218887148667616,0.9472132405324216,-0.10739729861393288
408,36.516666667,0.233333333000076,1,7,2020-03-31,2020-03-31,fao_swarm,0.047752559,0.02570103,290.7210179,291.980095,292.1779175,-8.007794234,-8.025648582,0.5751975016452688,0.5475550944875243,0.4754420553032961,-0.027642407157744575
409,36.783333333,0.0,1,7,2020-03-31,2020-03-31,fao_swarm,0.032909468,0.013302579,290.4695965,291.3469082,291.5830173,-6.127216659,-6.587468056,0.6740570686782247,0.7844040206060067,0.8379870291491959,0.11034695192778199
410,36.8691666670001,2.35305555600007,1,7,2020-03-31,2020-03-31,fao_swarm,0.002260104,0.042067169,300.5326824,304.8396219,305.3637248,-4.811085937,-5.242831814,0.7114914483018826,0.9933357561165008,0.6534851544059683,0.2818443078146182
411,36.827222222,5.52083333300004,1,7,2020-03-31,2020-04-05,fao_swarm,0.006449625,0.016350641,300.4498916,300.5355258,300.7486532,-5.595292327,-5.020701084,0.7537693450415919,0.8710997917813826,0.8817819507694404,0.11733044673979076
412,36.833888889,5.53555555600008,1,7,2020-03-31,2020-04-05,fao_swarm,0.006449625,0.016350641,300.4498916,300.5355258,300.7486532,-5.731436745,-6.067235117,0.8356950367243055,0.8656345192311662,0.8460810523716571,0.029939482506860737
413,36.699722222,2.61083333300007,1,7,2020-03-31,2020-04-05,fao_swarm,0.001115725,0.028857275,302.8938098,306.576612,306.887439,-10.12826257,-8.5073748,0.3184147818601622,0.3578797825491647,0.4092893120074471,0.039465000689002494
414,36.9944444440001,0.638888889000043,1,7,2020-03-31,2020-04-05,fao_swarm,0.015512109,0.024881407,293.5664769,294.8783481,294.8672187,-5.595991931,-5.870659506,0.8184354433899659,0.8644104606221253,0.7737320681914364,0.045975017232159465
415,36.86,2.41027777800002,1,7,2020-03-31,2020-04-05,fao_swarm,0.002260104,0.042067169,300.5326824,304.8396219,305.3637248,-8.665382963,-9.065097697,0.5301883380156756,0.4885379856315067,0.4644800049588152,-0.041650352384168865
416,36.846388889,2.44027777800005,1,7,2020-03-31,2020-04-05,fao_swarm,0.002167136,0.046443715,299.8154515,305.0563266,305.468472,-9.147016766,-9.015670162,0.532662092762205,0.4348969717430129,0.5011940756701863,-0.0977651210191921
417,37.7958333330001,1.58305555600003,1,7,2020-03-31,2020-04-05,fao_swarm,0.004780501,0.023907512,300.1022299,303.5965935,303.6540948,-5.334512613,-7.351514952,0.8391146921133738,0.906151256317864,0.8479291481797533,0.06703656420449022
418,36.7,2.60972222200007,1,7,2020-03-31,2020-04-05,fao_swarm,0.001115725,0.028857275,302.8938098,306.576612,306.887439,-8.092911577,-8.674731777,0.5065249703904359,0.5448783628128522,0.4809301782750684,0.03835339242241631
419,36.700555556,2.68694444400006,1,7,2020-03-31,2020-04-05,fao_swarm,0.001075521,0.027364983,303.1172744,303.8705736,304.3568346,-11.24677366,-9.575379907,0.2890852298128191,0.2794562532854452,0.3463824756004267,-0.009628976527373878
420,36.7025,2.68916666700005,1,7,2020-03-31,2020-04-05,fao_swarm,0.001075521,0.027364983,303.1172744,303.8705736,304.3568346,-11.11544704,-10.89309642,0.3617578978690147,0.2925975124725746,0.3103842783405457,-0.0691603853964401
421,37.3219444440001,0.985277778000068,1,7,2020-03-31,2020-04-05,fao_swarm,0.018680751,0.036037578,294.7871149,296.2897305,296.3825182,-4.961734178,-4.97972376,0.9840373808337104,0.9676051261598714,0.9201601768963482,-0.01643225467383902
422,37.022222222,0.694444444000055,1,7,2020-03-31,2020-04-06,fao_swarm,0.013475925,0.023660421,294.3115778,295.8702806,295.8779772,-5.679089311,-4.159998921,1.173078863007798,0.8718593809861006,0.9605832210240154,-0.30121948202169735
423,36.8466666670001,2.44027777800005,1,7,2020-03-31,2020-04-06,fao_swarm,0.002167136,0.046443715,299.8154515,305.0563266,305.468472,-9.147016766,-9.015670162,0.532662092762205,0.4348969717430129,0.5011940756701863,-0.0977651210191921
424,38.9836111110001,1.11638888900006,1,7,2020-03-31,2020-04-06,fao_swarm,0.003938288,0.033937796,301.3397082,304.5029412,304.8758613,-6.564034027,-7.659589479,0.8310620794264072,0.7229110005419632,0.7054208138113356,-0.10815107888444397
425,36.9833333330001,0.633333333000053,1,7,2020-03-31,2020-04-05,fao_swarm,0.015512109,0.024881407,293.5664769,294.8783481,294.8672187,-7.858640918,-6.132869779,0.7347869916120229,0.5627851035644292,0.8010202405845618,-0.17200188804759364
426,36.716666667,2.75,1,7,2020-03-31,2020-04-05,fao_swarm,0.000969082,0.029031529,303.006695,305.440566,305.9915406,-6.863627988,-7.616491079,0.6329509926261436,0.6926696297988397,0.7126577365776579,0.0597186371726961
427,36.8833333330001,1.11666666700006,1,7,2020-03-31,2020-04-05,fao_swarm,0.010420397,0.013254597,293.5098363,296.030171,295.9575942,-5.908535884,-4.892527719,0.7273549761166505,0.8166422719092906,0.8743969628812903,0.08928729579264016
428,36.9,1.08333333300004,1,7,2020-03-31,2020-04-05,fao_swarm,0.010420397,0.013254597,293.5098363,296.030171,295.9575942,-5.79691729,-5.482052503,0.7238679349864034,0.833472894970864,0.7884136571195905,0.10960495998446051
429,37.766666667,1.58333333300004,1,7,2020-03-31,2020-04-05,fao_swarm,0.004780501,0.023907512,300.1022299,303.5965935,303.6540948,-5.159771685,-4.886968908,1.0649719738106374,0.9364876383541328,0.9068690146426048,-0.1284843354565045
430,38.9,1.13333333300005,1,7,2020-03-31,2020-04-06,fao_swarm,0.003465608,0.03202106,301.3647842,304.3777296,304.7643542,-6.39752374,-5.134746255,0.8157325120407704,0.753601512487245,1.0175403167841326,-0.0621309995535253
431,37.85,5.5,1,7,2020-03-31,2020-04-04,fao_swarm,0.02465035,0.032089844,291.5587946,292.8698574,293.4988865,-6.715723963,-5.847711211,0.6821407620066142,0.717997208961028,0.4771610565848407,0.03585644695441381
432,36.783333333,5.31666666700005,1,7,2020-03-31,2020-04-05,fao_swarm,0.007370696,0.012209385,298.0816787,300.7733405,300.9244996,-6.144075312,-5.100396822,0.7395913068852742,0.7911725494900369,0.8807000030639462,0.05158124260476271
433,36.9833333330001,5.3,1,7,2020-03-31,2020-04-05,fao_swarm,0.002385721,0.025400146,301.0600858,299.1665208,299.4991632,-5.465736272,-5.179703789,0.81856426580554,0.8927641796933727,0.7665491193962661,0.07419991388783276
434,36.693055556,2.65055555600003,1,7,2020-03-31,2020-04-01,fao_swarm,0.001075521,0.027364983,303.1172744,303.8705736,304.3568346,-8.784010419,-8.390293195,0.3893250665818396,0.4679453019106308,0.5528288731788864,0.0786202353287912
435,36.721111111,2.57694444400005,1,7,2020-03-31,2020-04-01,fao_swarm,0.001115725,0.028857275,302.8938098,306.576612,306.887439,-8.335453281,-9.747482871,0.3382125734508602,0.5120355330477318,0.4609222440010341,0.17382295959687155
436,37.463333333,0.214444444000037,1,7,2020-03-31,2020-04-01,fao_swarm,0.044627264,0.034394904,291.2574817,292.7468756,292.5782702,-4.430594729,-6.175193696,0.8552924769052409,1.0603437180138156,0.8327064126366491,0.20505124110857464
437,37.146388889,0.871388889000059,1,7,2020-03-31,2020-04-01,fao_swarm,0.015142277,0.028363778,294.9758899,297.0190273,297.0655152,-5.429143335,-4.424043069,0.981579972132718,0.8911958364481878,0.9828272281339876,-0.09038413568453019
438,36.783333333,0.0,1,7,2020-03-31,2020-04-01,fao_swarm,0.032909468,0.013302579,290.4695965,291.3469082,291.5830173,-6.127216659,-6.587468056,0.6740570686782247,0.7844040206060067,0.8379870291491959,0.11034695192778199
439,36.516666667,0.266666667000038,1,7,2020-03-31,2020-04-01,fao_swarm,0.047432348,0.030018776,291.2080839,292.4648824,292.5599271,-6.372396172,-5.318238258,0.7445737446885909,0.7497345120733071,0.9459194123724844,0.005160767384716158
440,36.3666666670001,0.4,1,7,2020-03-31,2020-04-01,fao_swarm,0.067804173,0.051278412,290.7897788,292.6507276,292.7738648,-6.903772126,-6.957390952,0.7692888812522876,0.6777312982170263,0.7100628020421959,-0.09155758303526129
441,36.783333333,2.48333333300008,1,7,2020-03-31,2020-04-01,fao_swarm,0.001871854,0.043416961,300.6608996,305.7700093,306.1468954,-10.38118528,-9.050358104,0.3963736784554189,0.3380007389733652,0.3562997086024334,-0.05837293948205369
442,37.1166666670001,0.633333333000053,1,7,2020-03-31,2020-04-04,fao_swarm,0.016196326,0.026974841,294.1932673,295.4924269,295.5768704,-4.282292047,-4.856196628,1.1909332208919905,1.088672841830887,0.958052293691942,-0.10226037906110341
443,37.0,1.88333333300005,1,7,2020-03-31,2020-04-04,fao_swarm,0.006836459,0.045819952,296.8277291,300.0600809,299.8741686,-6.437882656,-6.045935541,0.691683299560341,0.74794699866741,0.7499043328949034,0.056263699107068965
444,37.1166666670001,0.833333333000041,1,7,2020-03-31,2020-04-04,fao_swarm,0.014992058,0.029560923,295.330458,297.4832146,297.4869236,-5.120352141,-4.542141096,0.9230742613309924,0.942020324442936,0.9665520474248186,0.01894606311194369
445,37.016666667,0.65,1,7,2020-03-31,2020-04-04,fao_swarm,0.015512109,0.024881407,293.5664769,294.8783481,294.8672187,-4.42903978,-5.416401266,1.1087060989795097,1.0604524585959858,1.0002978568693046,-0.048253640383523866
446,37.1166666670001,0.81666666700005,1,7,2020-03-31,2020-04-04,fao_swarm,0.014992058,0.029560923,295.330458,297.4832146,297.4869236,-4.556531956,-5.032933521,0.9360108477184697,1.044763402028376,0.9416569333677464,0.10875255430990638
447,37.1,1.88333333300005,1,7,2020-03-31,2020-04-04,fao_swarm,0.00546968,0.018698587,297.4607966,301.8317552,302.0817478,-4.342693875,-4.842654413,1.0692405616298777,1.0758111285860243,1.0700694311751435,0.006570566956146662
448,36.9805555560001,0.816388889000052,1,7,2020-03-31,2020-04-03,fao_swarm,0.013521835,0.023402869,294.1963651,295.9902784,295.9727255,-4.548705895,-5.09710133,0.9498726253370814,1.0389154746763942,0.8211560535366266,0.08904284933931284
449,37.003055556,0.851944444000026,1,7,2020-03-31,2020-04-03,fao_swarm,0.014033616,0.022756173,293.8446182,295.2964362,295.3101007,-6.502589512,-5.678222733,0.769598450066479,0.7313282617826388,0.8355697860789766,-0.03827018828384021
450,36.824166667,2.48694444400007,1,7,2020-03-31,2020-04-04,fao_swarm,0.001871854,0.043416961,300.6608996,305.7700093,306.1468954,-8.121989869,-8.95907949,0.6663999348282004,0.534577097431864,0.5609891182892979,-0.13182283739633638
451,37.083333333,0.78333333300003,1,7,2020-03-31,2020-04-03,fao_swarm,0.014992058,0.029560923,295.330458,297.4832146,297.4869236,-5.326935744,-5.999600533,1.041928676781837,0.9080343026477732,0.8834470664408501,-0.1338943741340638
452,36.35,0.31666666700005,1,7,2020-03-31,2020-04-03,fao_swarm,0.087074861,0.064158931,289.6151531,292.3423238,292.5082181,-5.132083435,-5.19208173,0.794837427327743,0.9389824514627314,0.7754838361310868,0.14414502413498842
453,36.8211111110001,5.46277777800003,1,7,2020-03-31,2020-04-05,fao_adult,0.006449625,0.016350641,300.4498916,300.5355258,300.7486532,-6.23276619,-5.982494534,0.8308154987019457,0.7697796970800062,0.8082994747995613,-0.061035801621939556
454,36.898055556,5.44861111100005,1,7,2020-03-31,2020-04-05,fao_adult,0.000936583,0.008687421,300.3896974,302.5288635,302.6068943,-6.412908185,-5.554414009,0.9917067225655992,0.7439614697020083,0.8960003202363062,-0.24774525286359095
455,36.7594444440001,5.31333333300006,1,7,2020-03-31,2020-04-03,fao_adult,0.007370696,0.012209385,298.0816787,300.7733405,300.9244996,-4.915552787,-5.739391618,0.8554608043389589,0.9837881864747956,0.976255628911299,0.12832738213583672
456,37.592777778,0.39416666700004,1,7,2020-03-31,2020-04-03,fao_adult,0.01422821,0.014771669,295.8925728,298.0655388,298.2316936,-6.72254306,-6.458914418,0.616227388197651,0.7080651991516328,0.8139598674555572,0.0918378109539818
457,36.765555556,5.31361111100006,1,7,2020-03-31,2020-04-03,fao_adult,0.007370696,0.012209385,298.0816787,300.7733405,300.9244996,-5.595739621,-8.123029985,0.9146164540390976,0.8674796294580158,0.8375859826495289,-0.047136824581081815
458,37.50889458167977,2.196135423856131,0,7,2020-03-31,,synthetic_background,0.005267024,0.03251861,300.623085,304.1503099,304.4777059,-8.003716203,-8.479113722,0.5218796000080184,0.5489842535570683,0.4573283795564187,0.027104653549049895
459,37.341942852567605,2.171320416559264,0,7,2020-03-31,,synthetic_background,0.002469033,0.013817667,300.1543784,304.6257493,305.2866523,-5.209819589,-5.570989743,0.9118250532853216,0.9261817610602596,0.947185833955488,0.014356707774938027
460,37.90692963424527,3.238305568176449,0,7,2020-03-31,,synthetic_background,0.000601694,0.032706171,300.3595921,303.2021491,303.9174575,-6.434936772,-6.518956153,0.8186366989002392,0.7406837612106424,0.6825734074707251,-0.07795293768959677
461,37.77302338293374,1.0945631189031175,0,7,2020-03-31,,synthetic_background,0.010877088,0.021606698,298.823519,301.5681376,301.7805,-6.276515673,-5.696222248,0.7963977259603057,0.7933673699853754,0.9311299940690724,-0.0030303559749302877
462,37.88205005105396,1.1825751325722933,0,7,2020-03-31,,synthetic_background,0.011523515,0.028862327,298.9601075,301.9811638,302.3922893,-5.9068994,-5.251114574,0.8490527270670045,0.8198605184428206,0.6116020054009603,-0.029192208624183924
463,37.192607155169085,3.2706706469892994,0,7,2020-03-31,,synthetic_background,0.000308931,0.076244443,302.16135,305.9103413,305.969888,-11.56887431,-11.92016468,0.2580651330912807,0.260617906230929,0.2057623637250347,0.002552773139648301
464,36.44391255423229,3.9759282456218887,0,7,2020-03-31,,synthetic_background,0.001513437,0.018204271,302.6796605,306.0080464,305.511202,-10.69524236,-10.68534613,0.3125704197039942,0.3182960221527825,0.3235400783110896,0.005725602448788336
465,38.840553527147925,3.652607242858023,0,7,2020-03-31,,synthetic_background,0.001556367,0.02487637,295.5606013,297.5216586,298.1870104,-5.445277596,-4.90156078,0.8909260634592873,0.8881572784925593,0.9145562998897316,-0.002768784966727944
466,38.736603971914455,0.3154523251316175,0,7,2020-03-31,,synthetic_background,0.014986262,0.049448951,299.5601021,301.6026157,301.8762194,-5.659142063,-4.574080114,0.8465785703968293,0.8575558811691086,0.9139307442245224,0.01097731077227937
467,38.82542492444793,0.5391751845122152,0,7,2020-03-31,,synthetic_background,0.006515429,0.028817102,300.3694174,303.5807407,303.8694648,-5.937421028,-4.712825166,0.8867957825560622,0.8123281516294806,0.9070742743324354,-0.0744676309265816
468,36.79618599402382,2.0759743295791697,0,7,2020-03-31,,synthetic_background,0.004024252,0.070394158,294.120177,296.8011779,296.1562975,-5.276327441,-5.398996653,0.8796193811475717,0.9342486780807004,0.937248060115456,0.05462929693312879
469,37.4342639324143,1.088578555551066,0,7,2020-03-31,,synthetic_background,0.019395247,0.034368186,296.0514107,296.8611334,296.9907973,-6.230441296,-6.185083228,0.7872348575946904,0.7852330186017056,0.8165301325793441,-0.0020018389929847835
470,36.25364677886583,3.5546900530701078,0,7,2020-03-31,,synthetic_background,0.000660375,0.011424854,302.7339085,307.2498867,306.2588854,-8.083904134,-6.735186008,0.6044890925584969,0.5416960404887783,0.615652060687491,-0.06279305206971864
471,38.36938391439735,1.9494844481052511,0,7,2020-03-31,,synthetic_background,0.003552809,0.034777655,300.5581978,303.0916185,303.4429457,-6.10003392,-7.237308168,0.8270568632766806,0.7890585750902237,0.6909820639683525,-0.0379982881864569
472,38.473836164391145,4.312293574049015,0,7,2020-03-31,,synthetic_background,0.000821844,0.006976306,295.7340496,299.1309577,300.3179023,-5.318473761,-4.947878715,0.8975549535673771,0.908495057704217,1.1203218438864908,0.010940104136839879
473,36.534048140386034,3.157995249527114,0,7,2020-03-31,,synthetic_background,0.001004532,0.023615345,301.6372668,305.9257656,306.8217109,-8.393757989,-7.971860631,0.5654606107956708,0.5098972882418527,0.5657091258476444,-0.05556332255381813
474,38.877160728787445,1.7443133912002304,0,7,2020-03-31,,synthetic_background,0.003053263,0.040133923,300.8372017,304.1986931,304.7172893,-8.091681769,-7.437011558,0.7609260640000721,0.5510445244858175,0.6613783791083767,-0.2098815395142546
475,38.75850142685911,1.7997566608516056,0,7,2020-03-31,,synthetic_background,0.002870143,0.040294885,300.7885852,303.8368821,304.3421808,-6.1756914,-7.400117628,0.9788341139639122,0.7801906584326055,0.707332619656953,-0.1986434555313067
476,36.091028190023934,2.441285597213165,0,7,2020-03-31,,synthetic_background,0.001723036,0.005215063,303.7674914,308.5798021,307.4108657,-7.009689601,-6.107838244,1.0170404741147825,0.664115263855331,0.6514965226119889,-0.35292521025945145
477,37.632252343094926,4.9214308850857815,0,7,2020-03-31,,synthetic_background,0.000574708,0.007422953,297.7090984,301.2636562,301.7949694,-5.387917271,-5.036341801,0.8628665922186415,0.8973381594014445,0.8905439048092129,0.034471567182802976
478,37.66713553606599,0.3466245040761027,0,7,2020-03-31,,synthetic_background,0.020947188,0.021429702,294.9039606,296.6109924,296.5982843,-5.746000049,-4.982136775,1.1582630759454868,0.8435559028079861,0.9627292663882624,-0.31470717313750074
479,36.77584755328152,3.1012290685215214,0,7,2020-03-31,,synthetic_background,0.000764564,0.043556168,302.140777,305.7196567,306.57948,-7.74444184,-8.251377408,0.700592907122316,0.5815826493798821,0.590860928132572,-0.1190102577424339
480,36.87256315611664,3.3784694623089058,0,7,2020-03-31,,synthetic_background,0.000317589,0.062301844,301.7574817,305.0631897,305.5496243,-7.464242943,-9.045231698,0.8037660970096914,0.6172643042694146,0.5374377466791522,-0.18650179274027678
481,37.60962069916086,5.703297776508137,0,7,2020-03-31,,synthetic_background,0.003143177,0.004969194,298.1451987,298.8889492,299.1699531,-8.642054145,,0.7310834664704017,0.4810670167040409,0.7023970200562663,-0.2500164497663608
482,37.52494138271541,3.071015887160395,0,7,2020-03-31,,synthetic_background,0.000546172,0.071496829,301.9103354,305.7538201,305.7504056,-7.518108762,-7.848940014,0.4887500543378384,0.6017833731297265,0.4598627099849399,0.1130333187918881
483,37.4240130032554,3.966501403467401,0,7,2020-03-31,,synthetic_background,0.000372291,0.044584214,300.2164606,304.0002176,303.7536391,-8.23380856,-9.582074454,0.2943279010729734,0.5222908337840468,0.3660253861856861,0.22796293271107343
484,38.11109799025432,1.8405796612444891,0,7,2020-03-31,,synthetic_background,0.003703252,0.0208202,300.691835,303.7529032,304.100628,-5.858204932,-5.48968459,1.0133801757914425,0.8286009181520438,0.9207614733445618,-0.18477925763939862
485,36.06662077240744,2.412467904223241,0,7,2020-03-31,,synthetic_background,0.001723036,0.005215063,303.7674914,308.5798021,307.4108657,-5.400824872,-6.462129373,0.779274179529756,0.8952516071894958,0.931305596099663,0.11597742765973984
486,37.877757432094974,4.7676994282983145,0,7,2020-03-31,,synthetic_background,0.001718909,0.033937319,296.1824274,298.0833014,298.551393,-5.728715136,-4.7741543,1.0303142946907755,0.8438819923330174,0.7766380198642324,-0.1864323023577581
487,36.54214170126152,3.920722481995949,0,7,2020-03-31,,synthetic_background,0.001418263,0.031514912,301.6055937,305.0269863,304.9811565,-6.009030162,-7.673666961,0.6299445890280111,0.8056096972224256,0.5741827682733364,0.1756651081944145
488,36.80633621275721,0.0134178133628912,0,7,2020-03-31,,synthetic_background,0.032909468,0.013302579,290.4695965,291.3469082,291.5830173,-6.232068664,-5.315166746,0.8254684476524736,0.7692914628721602,0.883392916855688,-0.05617698478031341
489,38.90806528392396,1.8761136188532903,0,7,2020-03-31,,synthetic_background,0.002631277,0.041795536,300.6915637,303.5486389,303.8499716,-6.099042923,-6.445046301,0.7172858435444328,0.8359980776530038,0.7102365529709681,0.11871223410857101
490,38.19701161433469,5.4471156925055535,0,7,2020-03-31,,synthetic_background,0.005907655,0.009547784,294.3958986,295.4696187,295.9955499,-5.850870944,-5.121368198,0.9047674386887156,0.8253056596552503,0.7072381399989505,-0.0794617790334653
491,38.85074988441638,1.4527504157844455,0,7,2020-03-31,,synthetic_background,0.003560215,0.035971447,301.1690268,303.9480529,304.5420885,-5.561817577,-5.682807001,0.8006724467123281,0.9035629351950416,0.7881178444260215,0.10289048848271354
492,38.1922678807488,1.442745127823663,0,7,2020-03-31,,synthetic_background,0.00573273,0.018893733,300.9633248,304.1804911,304.7905857,-6.422042371,-5.284493022,0.8847379745071919,0.7553643774668802,0.8348934955889515,-0.1293735970403117
493,37.14487010021318,3.24675429777271,0,7,2020-03-31,,synthetic_background,0.00033471,0.050842523,302.3523439,306.2479227,307.6077298,-6.37629166,-6.751545158,,1.9101899464769128,0.5415299823784311,
494,38.694263333585496,4.344768184830466,0,7,2020-03-31,,synthetic_background,0.000691801,0.006719141,295.7696182,299.2651536,300.4236641,-7.522305523,-7.179544062,0.565496496761968,0.6012895010502481,0.6853801729035541,0.03579300428828014
495,36.938498801281526,1.978954523508777,0,7,2020-03-31,,synthetic_background,0.006027207,0.069184273,296.8646811,301.179151,300.3046374,-5.239091812,-5.783423669,0.983674464180331,0.9215168140836384,0.8337893560806032,-0.06215765009669261
496,38.98943493858447,1.229949573402655,0,7,2020-03-31,,synthetic_background,0.003978238,0.03452666,301.3950793,303.8901319,304.3917142,-5.196930407,-5.139970375,0.5103343315845141,0.9282957430720634,0.9158564215575596,0.4179614114875493
497,37.16888501167932,0.951060598686434,0,7,2020-03-31,,synthetic_background,0.016652569,0.031667098,295.1337838,297.1494581,297.3008559,-4.646784528,-4.912528411,0.9573921383594728,1.0220456322500513,0.7781744930483153,0.0646534938905785
498,37.89754592570518,3.9036651102143978,0,7,2020-03-31,,synthetic_background,0.000520781,0.04384011,298.9715442,302.6785271,303.625015,-8.499683471,-8.96204937,0.5031911472824854,0.4963882010362795,0.6223610943904812,-0.006802946246205865
499,38.63206282280733,1.5005568874746176,0,7,2020-03-31,,synthetic_background,0.004145503,0.04001066,300.9727703,303.5879672,303.9467164,-4.199573451,-4.943171694,0.8931097593842559,1.1019347493281564,1.0706027243415428,0.20882498994390053
500,37.660598466902776,4.4488712437574565,0,7,2020-03-31,,synthetic_background,0.000432491,0.043838888,298.4050783,301.3074713,301.0669095,-5.94805176,-6.093476091,0.9176889288398904,0.810744687532576,0.9606575196120962,-0.10694424130731439
501,38.96156077840844,1.860118701656106,0,7,2020-03-31,,synthetic_background,0.00253956,0.044800802,300.7043513,303.740094,303.975015,-8.880157041,-9.374522382,0.78502196015381,0.4620934239908343,0.4227208876964746,-0.3229285361629757
502,37.9725116845855,4.827053889758603,0,7,2020-03-31,,synthetic_background,0.001968309,0.035075977,294.9596138,297.1078999,297.64013,-5.271743837,-5.604324255,0.6750001192179969,0.91607238600137,0.7969795290793577,0.24107226678337312
503,36.3985125175342,1.5899699847330877,0,7,2020-03-31,,synthetic_background,0.001686365,0.009902223,301.7703506,307.1850104,306.0353177,-8.448889734,-8.02129652,0.6659653074241239,0.500348037974508,0.5719664880904667,-0.16561726944961586
504,37.00077617074879,1.6880892845046382,0,7,2020-03-31,,synthetic_background,0.006371319,0.014805078,295.799284,298.9459208,299.1010132,-7.256386314,-6.776993544,0.6853639162059778,0.6332463659869118,0.6554489461247652,-0.052117550219066056
505,37.38428513570472,3.608918236405612,0,7,2020-03-31,,synthetic_background,0.000345051,0.089440509,301.3935385,304.9853848,303.4814874,-9.185182757,-8.933802176,0.479765098088831,0.4337924864760802,0.4099775545522678,-0.04597261161275079
506,37.20172524339986,1.9880107351514589,0,7,2020-03-31,,synthetic_background,0.003583297,0.011406153,299.7556859,304.8415805,304.9563572,-8.284867134,-8.30580556,0.5814060311229107,0.516975348680985,0.5385739840288397,-0.06443068244192562
507,38.27322635487533,2.4871093389511474,0,7,2020-03-31,,synthetic_background,0.003192499,0.024038612,299.5466364,302.2537767,302.9297187,-5.750820497,-6.690851601,0.8857299188070245,0.8477196827349045,0.6022529064960673,-0.03801023607211995
508,38.190239514318506,3.649166445254321,0,7,2020-03-31,,synthetic_background,0.000290662,0.041385993,298.3215876,300.7877611,301.1798055,-5.598740237,-5.221331292,0.9802372590716968,0.8639817325104047,1.0819571528914782,-0.11625552656129212
509,36.765957901420414,2.89079709394752,0,7,2020-03-31,,synthetic_background,0.00140366,0.04093933,301.7377334,305.9933275,306.6240655,-9.548003666,-9.566440614,0.4530538767381951,0.4032241640189616,0.4454402356371052,-0.04982971271923348
510,38.2408720290924,4.753055066555862,0,7,2020-03-31,,synthetic_background,0.001329288,0.015952557,293.9816896,297.5224941,298.712439,-7.068508619,-6.371031069,0.8490625433769369,0.6566462500704685,0.9813894522809729,-0.19241629330646837
511,37.12647215031622,1.5074527771975754,0,7,2020-03-31,,synthetic_background,0.007551819,0.012122824,298.4509767,301.6493333,301.464072,-7.234140138,-6.821122424,0.5956750029125403,0.6359813510282546,0.7892811627862026,0.04030634811571432
512,37.05128545780931,1.6101148661412052,0,7,2020-03-31,,synthetic_background,0.006654352,0.011009841,298.0903864,301.726753,301.4958971,-6.509133776,-6.491107255,0.619989774960324,0.7304281580718284,0.8314497496236952,0.11043838311150433
513,37.05059326394218,1.6368767856431488,0,7,2020-03-31,,synthetic_background,0.006654352,0.011009841,298.0903864,301.726753,301.4958971,-5.559543031,-5.292344563,0.8648402820137052,0.870110958684953,0.8856888049924696,0.005270676671247809
514,37.3833333330001,5.65,1,8,2020-04-07,2020-04-13,fao_swarm,0.006336749,0.012403204,295.1506078,295.8522956,296.5675877,-6.780668672,-4.351938119,0.8535285910545813,0.7195398406197564,0.7838346079428312,-0.13398875043482494
515,37.1,5.85,1,8,2020-04-07,2020-04-13,fao_swarm,0.009822384,0.015916943,296.8724502,295.5566901,296.1344279,-8.616119931,,0.8189263278497133,0.4835999863841009,0.6729796418658252,-0.3353263414656124
516,37.1,5.9,1,8,2020-04-07,2020-04-13,fao_swarm,0.009822384,0.015916943,296.8724502,295.5566901,296.1344279,-7.69863933,,0.945436099039471,0.5808388275292008,0.7949521028400218,-0.3645972715102702
517,37.066666667,5.03333333300003,1,8,2020-04-07,2020-04-13,fao_swarm,0.014402479,0.089397012,295.8204049,296.5028218,296.6076213,-4.081072297,-5.156184552,0.970756441747446,1.1240578146983808,0.8549200159726533,0.15330137295093482
518,36.7333333330001,5.48333333300008,1,8,2020-04-07,2020-04-13,fao_swarm,0.019875988,0.03064613,296.8487794,295.9992302,296.3549792,-5.26952834,-5.588910185,0.8532039025666964,0.9207613813995772,1.0613197050118046,0.06755747883288077
519,36.9833333330001,5.33333333300004,1,8,2020-04-07,2020-04-13,fao_swarm,0.002385721,0.025400146,301.0600858,299.1665208,299.4991632,-6.874957099,-6.448014631,0.8787042383341794,0.681681748454631,0.9588952858783052,-0.1970224898795484
520,37.3,5.76666666700004,1,8,2020-04-07,2020-04-13,fao_swarm,0.014626563,0.031076103,295.6266657,295.2494147,295.6977526,-5.642734953,-5.249496116,0.8725132912848022,0.8572830582813736,0.8643115667587961,-0.015230233003428517
521,36.9833333330001,5.83333333300004,1,8,2020-04-07,2020-04-13,fao_swarm,0.002650902,0.001955538,297.7511232,298.7194776,298.7701701,-5.080198295,,1.0686596738890983,0.9475942779180008,0.9682348063235946,-0.12106539597109756
522,36.763888889,5.30027777800007,1,8,2020-04-07,2020-04-10,fao_swarm,0.007370696,0.012209385,298.0816787,300.7733405,300.9244996,-4.873295038,-4.224575069,0.8945532730384591,0.9828668145466044,0.8510784701542824,0.0883135415081453
523,36.7866666670001,5.47194444400003,1,8,2020-04-07,2020-04-10,fao_swarm,0.006449625,0.016350641,300.4498916,300.5355258,300.7486532,-4.742788035,-4.209314977,0.8564382000817943,1.010717986896242,0.9396610633901834,0.15427978681444765
524,36.765555556,5.34305555600002,1,8,2020-04-07,2020-04-10,fao_swarm,0.007370696,0.012209385,298.0816787,300.7733405,300.9244996,-5.556271193,-4.271530164,0.8628130360363784,0.8711659314712454,0.8892598993445019,0.008352895434867058
525,36.7319444440001,5.52055555600003,1,8,2020-04-07,2020-04-10,fao_swarm,0.019875988,0.03064613,296.8487794,295.9992302,296.3549792,-6.861190661,-5.167103081,0.8273066008533154,0.6834581845727109,0.6383345678664395,-0.14384841628060452
526,36.7491666670001,5.31555555600005,1,8,2020-04-07,2020-04-11,fao_swarm,0.022865057,0.033909469,296.4764541,296.4820427,296.8751289,-4.631008176,-4.142820429,0.8565414101535669,1.0251031007887152,0.8963570064828145,0.16856169063514836
527,38.273333333,5.10861111100007,1,8,2020-04-07,2020-04-10,fao_swarm,0.000750125,0.006297513,294.6456978,297.9556973,298.5052775,-6.656364538,-4.967170794,0.8674210384433428,0.710404959112476,0.6638403833058656,-0.1570160793308668
528,36.9333333330001,5.71666666700003,1,8,2020-04-07,2020-04-10,fao_swarm,0.00079228,0.000912621,298.0351835,299.5202914,299.3397936,-4.812148165,-6.719964644,0.7717242796376256,1.0048071215191623,0.9551389381994082,0.23308284188153672
529,37.1166666670001,5.36666666700006,1,8,2020-04-07,2020-04-10,fao_swarm,0.003829882,0.02279441,299.4333063,298.010949,298.53439,-4.710179626,-6.146875166,1.0468834061771228,1.0117859749226197,1.0763257903451533,-0.03509743125450315
530,36.75,5.28333333300003,1,8,2020-04-07,2020-04-10,fao_swarm,0.022865057,0.033909469,296.4764541,296.4820427,296.8751289,-6.468963696,-4.683831168,0.7698436523542335,0.7369883288895027,0.6812945883375611,-0.032855323464730746
531,37.1333333330001,5.26666666700004,1,8,2020-04-07,2020-04-10,fao_swarm,0.003801048,0.032595678,300.7084474,299.5341044,300.0336358,-4.98824838,-4.69753429,0.9558029864906692,0.973315674091106,0.9600186778754536,0.017512687600436783
532,37.016666667,5.76666666700004,1,8,2020-04-07,2020-04-10,fao_swarm,0.002650902,0.001955538,297.7511232,298.7194776,298.7701701,-5.745033792,-6.530247837,0.8760880433842,0.8485102972984986,1.0361982068199036,-0.027577746085701405
533,36.9,5.63333333300005,1,8,2020-04-07,2020-04-11,fao_swarm,0.000752106,0.001128524,300.7130644,301.4233947,301.3350519,-5.502925438,-6.377558246,0.8817621633319541,0.8807710563174569,0.95168026433159,-0.0009911070144972278
534,37.05,5.15,1,8,2020-04-07,2020-04-11,fao_swarm,0.005741373,0.028205647,301.29547,299.5003045,299.9188789,-5.600138482,-5.221183197,0.8462108158252577,0.8741503279135877,0.8694886689898237,0.02793951208833001
535,36.7333333330001,5.46666666700003,1,8,2020-04-07,2020-04-11,fao_swarm,0.019875988,0.03064613,296.8487794,295.9992302,296.3549792,-5.298256762,-5.551217197,0.8076229441490783,0.9123478093143996,1.004048183895214,0.10472486516532131
536,36.9166666670001,5.3,1,8,2020-04-07,2020-04-11,fao_swarm,0.001058653,0.010415822,299.6897842,301.6578186,301.6632094,-6.267986592,-6.104818902,0.8193398107867749,0.7652974606130247,0.9335079311059868,-0.05404235017375014
537,37.0,5.63333333300005,1,8,2020-04-07,2020-04-11,fao_swarm,0.001690239,0.003755002,300.3963543,298.7000657,299.2592598,-6.59900653,-5.097093544,0.7462920846036686,0.7182676910338281,0.7783196805944863,-0.028024393569840433
538,36.9833333330001,5.73333333300008,1,8,2020-04-07,2020-04-11,fao_swarm,0.001391068,0.001729994,299.8609919,299.4115024,299.7652765,-6.229393341,-5.931816248,0.8944125754150801,0.7725871042348524,0.8892261717148742,-0.12182547118022768
539,37.016666667,5.7,1,8,2020-04-07,2020-04-11,fao_swarm,0.001391068,0.001729994,299.8609919,299.4115024,299.7652765,-5.442398699,-5.219304738,1.0911038774832018,0.8889608664266607,0.8927627174667905,-0.2021430110565411
540,37.016666667,5.63333333300005,1,8,2020-04-07,2020-04-11,fao_swarm,0.001690239,0.003755002,300.3963543,298.7000657,299.2592598,-4.968429163,-5.925806895,0.8251927553742914,0.9716590696118884,0.9571492550976676,0.14646631423759704
541,36.9,5.65,1,8,2020-04-07,2020-04-11,fao_swarm,0.000752106,0.001128524,300.7130644,301.4233947,301.3350519,-5.148234188,-5.292339003,0.9895494009370794,0.9363924730637516,0.8971065266744132,-0.05315692787332782
542,36.9333333330001,5.31666666700005,1,8,2020-04-07,2020-04-11,fao_swarm,0.001058653,0.010415822,299.6897842,301.6578186,301.6632094,-4.796626121,-6.250418783,0.9251431971389994,0.9958957339648042,0.7813723441324348,0.07075253682580485
543,36.75,5.28333333300003,1,8,2020-04-07,2020-04-11,fao_swarm,0.022865057,0.033909469,296.4764541,296.4820427,296.8751289,-6.468963696,-4.683831168,0.7698436523542335,0.7369883288895027,0.6812945883375611,-0.032855323464730746
544,36.8833333330001,5.43333333300006,1,8,2020-04-07,2020-04-11,fao_swarm,0.000936583,0.008687421,300.3896974,302.5288635,302.6068943,-5.191575297,-3.950270823,0.7453253472580513,0.9528518103655618,0.8246197061626754,0.20752646310751044
545,36.7333333330001,5.48333333300008,1,8,2020-04-07,2020-04-11,fao_swarm,0.019875988,0.03064613,296.8487794,295.9992302,296.3549792,-5.26952834,-5.588910185,0.8532039025666964,0.9207613813995772,1.0613197050118046,0.06755747883288077
546,38.1702777780001,4.86805555600006,1,8,2020-04-07,2020-04-12,fao_swarm,0.001477286,0.016412153,294.1324654,297.0915913,298.1058255,-5.60165762,-5.362873582,0.8244002307884373,0.8635267973902055,0.8615305029841331,0.039126566601768276
547,36.7536111110001,5.475,1,8,2020-04-07,2020-04-12,fao_swarm,0.006449625,0.016350641,300.4498916,300.5355258,300.7486532,-5.393600245,-5.024020289,0.7762951124350878,0.8989004477106018,0.971350132645504,0.1226053352755141
548,36.9333333330001,5.71666666700003,1,8,2020-04-07,2020-04-13,fao_swarm,0.00079228,0.000912621,298.0351835,299.5202914,299.3397936,-4.812148165,-6.719964644,0.7717242796376256,1.0048071215191623,0.9551389381994082,0.23308284188153672
549,36.9333333330001,5.7,1,8,2020-04-07,2020-04-13,fao_swarm,0.00079228,0.000912621,298.0351835,299.5202914,299.3397936,-4.460523689,-5.611729515,0.738098037288734,1.061114365117107,0.8746839762725792,0.3230163278283731
550,36.8666666670001,5.66666666700007,1,8,2020-04-07,2020-04-13,fao_swarm,0.00079228,0.000912621,298.0351835,299.5202914,299.3397936,-5.242603004,-6.967051656,0.7685947013556899,0.9238091465319492,0.889681457258758,0.15521444517625937
551,37.016666667,5.58333333300004,1,8,2020-04-07,2020-04-13,fao_swarm,0.001690239,0.003755002,300.3963543,298.7000657,299.2592598,-7.125551583,-4.532561101,0.9536121973631184,0.6498375584960256,0.8581058360467104,-0.30377463886709277
552,37.1333333330001,5.81666666700005,1,8,2020-04-07,2020-04-13,fao_swarm,0.004254282,0.007533535,299.0570911,297.5764167,298.1992229,-5.519502038,,0.8379497643472076,0.876404477704082,0.8399580418804463,0.03845471335687445
553,36.816666667,5.5,1,8,2020-04-07,2020-04-13,fao_swarm,0.006449625,0.016350641,300.4498916,300.5355258,300.7486532,-4.658039786,-4.82998841,1.214764083680846,1.0211666494922256,0.999691870660778,-0.1935974341886204
554,36.766666667,5.46666666700003,1,8,2020-04-07,2020-04-13,fao_swarm,0.006449625,0.016350641,300.4498916,300.5355258,300.7486532,-4.712878174,-3.779732219,0.9564123838208768,1.010265736630812,0.8969621771131189,0.053853352809935306
555,36.75,5.46666666700003,1,8,2020-04-07,2020-04-13,fao_swarm,0.019875988,0.03064613,296.8487794,295.9992302,296.3549792,-3.877402362,-3.979788134,1.1158062237470174,1.162138070920122,0.9477696540970614,0.04633184717310446
556,37.016666667,5.31666666700005,1,8,2020-04-07,2020-04-13,fao_swarm,0.002385721,0.025400146,301.0600858,299.1665208,299.4991632,-6.238139957,-3.999957041,0.8290840291749358,0.7945871632546133,0.6665819423997353,-0.03449686592032253
557,36.9166666670001,5.3,1,8,2020-04-07,2020-04-13,fao_swarm,0.001058653,0.010415822,299.6897842,301.6578186,301.6632094,-6.267986592,-6.104818902,0.8193398107867749,0.7652974606130247,0.9335079311059868,-0.05404235017375014
558,36.783333333,5.38333333300005,1,8,2020-04-07,2020-04-13,fao_swarm,0.0058925,0.01030071,299.7732098,301.6878207,301.8233168,-5.848794986,-6.246698864,0.8347277707479459,0.8347387334333145,0.8565073550524772,1.0962685368598457e-05
559,36.6,5.3,1,8,2020-04-07,2020-04-13,fao_swarm,0.037558079,0.049853145,295.741401,296.0459316,296.2250421,-6.523897996,-5.097427923,0.8322547245702268,0.733887247222653,0.8871442374291978,-0.09836747734757378
560,37.1333333330001,5.85,1,8,2020-04-07,2020-04-13,fao_swarm,0.009822384,0.015916943,296.8724502,295.5566901,296.1344279,-6.926671929,,0.5717041485426365,0.6747683613359511,0.6018163034070066,0.10306421279331457
561,37.397777778,1.00361111100005,1,8,2020-04-07,2020-04-13,fao_swarm,0.020311847,0.039037406,295.6379938,297.1045417,297.1862943,-5.669445385,-5.332546483,0.7399128803660692,0.8533986733556583,0.6777980636070186,0.11348579298958916
562,37.95,1.36666666700006,1,8,2020-04-07,2020-04-12,fao_swarm,0.009532124,0.02706781,299.7538033,302.5441033,302.8554349,-5.94302349,-5.913383015,0.8401314461143596,0.8116186673292001,0.7006757743406556,-0.028512778785159565
563,36.6833333330001,0.616666667000061,1,8,2020-04-07,2020-04-13,fao_swarm,0.021949217,0.024773597,291.9646486,293.2120503,293.1683852,-8.065167408,-6.952921238,0.574836654539063,0.5424925461135408,0.5619022663625834,-0.032344108425522156
564,36.7333333330001,2.43333333300006,1,8,2020-04-07,2020-04-13,fao_swarm,0.001330957,0.034750878,301.108442,306.5615132,307.3255087,-7.955088967,-7.644738666,0.5333191353773741,0.552374054644639,0.4504077482559501,0.01905491926726488
565,36.1161111110001,2.01194444400005,1,8,2020-04-07,2020-04-12,fao_swarm,0.001601532,0.002454504,303.5898276,307.8249789,306.1924792,-5.898856102,-6.352653371,0.9810699596450364,0.8181391516322009,0.9899890386203976,-0.16293080801283555
566,36.841666667,2.48583333300007,1,8,2020-04-07,2020-04-12,fao_swarm,0.001871854,0.043416961,300.6608996,305.7700093,306.1468954,-8.123678628,-7.924374644,0.4465309147166595,0.5362498222036065,0.6281799043204779,0.089718907486947
567,37.269444444,0.94611111100005,1,8,2020-04-07,2020-04-13,fao_swarm,0.018586606,0.037368505,295.1171714,297.2591586,297.3651137,-6.543437543,-4.457048952,0.969869212764608,0.7288503438925937,0.9082882955084544,-0.2410188688720143
568,36.833333333,2.48638888900007,1,8,2020-04-07,2020-04-13,fao_swarm,0.001871854,0.043416961,300.6608996,305.7700093,306.1468954,-6.440492708,-7.062430655,0.7116211191912722,0.7404792321701008,0.4659885818531415,0.028858112978828565
569,36.8602777780001,1.33555555600003,1,8,2020-04-07,2020-04-13,fao_swarm,0.005393833,0.009059935,296.2522354,298.7642205,298.5532647,-6.824942157,-5.493821481,0.6367854994044723,0.7543013952592701,0.5417118829634061,0.11751589585479782
570,36.7025,1.095,1,8,2020-04-07,2020-04-13,fao_swarm,0.016915113,0.029526397,291.5389433,292.7240838,292.525373,-8.225554563,-7.023060623,0.709735084574088,0.5511844795697769,0.6854547069239018,-0.15855060500431106
571,36.8113888890001,1.16777777800007,1,8,2020-04-07,2020-04-13,fao_swarm,0.007663205,0.012084081,293.8413738,296.0087029,295.825921,-4.715173255,-4.140196759,0.8818370337412695,1.010892069037706,0.8340227188956845,0.12905503529643636
572,36.701111111,1.09861111100003,1,8,2020-04-07,2020-04-13,fao_swarm,0.016915113,0.029526397,291.5389433,292.7240838,292.525373,-8.396110547,-7.84991283,0.6675299740408084,0.5119714973666618,0.6062087803161321,-0.15555847667414657
573,37.035833333,0.806388889000061,1,8,2020-04-07,2020-04-13,fao_swarm,0.013521835,0.023402869,294.1963651,295.9902784,295.9727255,-5.326467924,-4.8240917,0.8283193277122495,0.9072032347708882,1.0158049014552162,0.07888390705863868
574,36.890833333,0.768333333000044,1,8,2020-04-07,2020-04-13,fao_swarm,0.01188764,0.016458078,292.9324057,294.7509663,294.8215373,-8.195159817,-8.446009258,0.5770710324255447,0.5263452096087216,0.5164817375711421,-0.05072582281682314
575,36.711666667,2.7575,1,8,2020-04-07,2020-04-07,fao_swarm,0.000969082,0.029031529,303.006695,305.440566,305.9915406,-10.8703501,-10.35384743,0.4162714375545118,0.3033650126307132,0.4754606250309251,-0.1129064249237986
576,36.9847222220001,0.623055556000054,1,8,2020-04-07,2020-04-07,fao_swarm,0.015512109,0.024881407,293.5664769,294.8783481,294.8672187,-5.452620983,-6.078216998,0.8755474580215072,0.8869895133974905,0.8968094268061466,0.011442055375983307
577,36.9847222220001,0.623333333000062,1,8,2020-04-07,2020-04-07,fao_swarm,0.015512109,0.024881407,293.5664769,294.8783481,294.8672187,-5.452620983,-6.078216998,0.8755474580215072,0.8869895133974905,0.8968094268061466,0.011442055375983307
578,37.318888889,0.980277778000072,1,8,2020-04-07,2020-04-08,fao_swarm,0.018680751,0.036037578,294.7871149,296.2897305,296.3825182,-5.479630345,-5.637590184,0.8381200007309113,0.8827128081561385,0.8572805050814121,0.0445928074252272
579,37.2313888890001,0.940277778000052,1,8,2020-04-07,2020-04-08,fao_swarm,0.016747564,0.03312318,295.3017037,297.6228685,297.6777222,-5.693685818,-5.457977758,0.7529890784308217,0.8508194704727741,0.9489635556877966,0.09783039204195232
580,37.004166667,0.866388889000064,1,8,2020-04-07,2020-04-08,fao_swarm,0.014033616,0.022756173,293.8446182,295.2964362,295.3101007,-4.518537715,-5.506842082,0.9400866003183496,1.0442667777098291,0.8735824533158698,0.10418017739147956
581,37.1666666670001,1.93055555600006,1,8,2020-04-07,2020-04-08,fao_swarm,0.004870176,0.015004709,298.1937393,302.4516282,302.6649618,-6.909410255,-7.178330737,0.7548855497831152,0.6770008379828002,0.8209813773292246,-0.07788471180031498
582,37.4377777780001,1.3475,1,8,2020-04-07,2020-04-08,fao_swarm,0.017150253,0.025434732,296.6296442,298.3808329,298.683663,-4.872872918,-5.419311561,0.8246442139246686,0.9828582565753688,0.8445094153153441,0.15821404265070027
583,36.2513888890001,3.30833333300006,1,8,2020-04-07,2020-04-08,fao_swarm,0.001085118,0.012799277,302.8562718,305.0588928,304.9141534,-12.40017993,-10.34541041,0.391944484648001,0.2255356763000294,0.437247682262309,-0.16640880834797162
584,36.9866666670001,0.630833333000055,1,8,2020-04-07,2020-04-08,fao_swarm,0.015512109,0.024881407,293.5664769,294.8783481,294.8672187,-4.616306435,-6.151142964,0.9469259253967494,1.0269891417990835,1.0308434292079405,0.08006321640233416
585,36.6311111110001,1.35472222200002,1,8,2020-04-07,2020-04-08,fao_swarm,0.007065594,0.027975857,294.5609051,297.3753967,297.0964342,-6.079950458,-5.748240811,0.7368867183736505,0.7913018807401353,0.9056889705808066,0.054415162366484804
586,36.6294444440001,1.34472222200003,1,8,2020-04-07,2020-04-08,fao_swarm,0.009680912,0.031333565,291.5925728,293.7117682,293.4193726,-6.160690219,-6.642779398,0.9795671582220816,0.7807585359747704,0.7410927008141981,-0.19880862224731122
587,37.5658333330001,0.910277778000022,1,8,2020-04-07,2020-04-08,fao_swarm,0.013099685,0.023041426,297.5595487,300.02123,300.2558201,-5.475966084,-5.052194673,0.9288324182567528,0.8902641484924598,0.7187123506570224,-0.03856826976429295
588,37.326388889,0.979444444000023,1,8,2020-04-07,2020-04-08,fao_swarm,0.018680751,0.036037578,294.7871149,296.2897305,296.3825182,-6.092681747,-5.144778693,0.8513122662624482,0.7959524852534074,0.727235829039612,-0.05535978100904071
589,37.016666667,1.9,1,8,2020-04-07,2020-04-07,fao_swarm,0.006836459,0.045819952,296.8277291,300.0600809,299.8741686,-5.373570986,-5.839126319,0.7968616544602243,0.9078146807675992,0.7518350533008559,0.11095302630737491
590,36.816666667,1.23333333300008,1,8,2020-04-07,2020-04-07,fao_swarm,0.007663205,0.012084081,293.8413738,296.0087029,295.825921,-5.205573739,-4.502851978,0.7873323182841303,0.9286430476452754,1.0067213923748082,0.14131072936114508
591,36.9833333330001,0.6,1,8,2020-04-07,2020-04-07,fao_swarm,0.015512109,0.024881407,293.5664769,294.8783481,294.8672187,-6.725253813,-5.552291871,1.1040261325238954,0.701184949958759,0.7548576626463726,-0.40284118256513635
592,37.533333333,2.43333333300006,1,8,2020-04-07,2020-04-07,fao_swarm,0.009016201,0.040487438,300.9836753,304.0301384,304.2470364,-8.292959066,-5.805858973,0.8801637471443069,0.5161500202066766,1.0940402142674848,-0.36401372693763034
593,37.0,0.866666667000061,1,8,2020-04-07,2020-04-07,fao_swarm,0.014033616,0.022756173,293.8446182,295.2964362,295.3101007,-4.728131022,-5.783876418,1.0340332869876478,1.0074583511742337,0.6740307511829868,-0.02657493581341419
594,36.9855555560001,0.623888889000057,1,8,2020-04-07,2020-04-08,fao_swarm,0.015512109,0.024881407,293.5664769,294.8783481,294.8672187,-5.634154153,-5.247338072,0.8828026951478579,0.8584710449632156,0.7635232030994288,-0.02433165018464234
595,36.7,1.35,1,8,2020-04-07,2020-04-08,fao_swarm,0.007394791,0.021376818,292.8016169,294.909967,294.6861641,-6.371608836,-5.048663649,0.7317900828744903,0.7507025159876424,0.7891560756010548,0.01891243311315205
596,36.6833333330001,1.35,1,8,2020-04-07,2020-04-08,fao_swarm,0.007394791,0.021376818,292.8016169,294.909967,294.6861641,-5.431658212,-4.794466547,0.7190078765604893,0.8931864970816468,0.7745349748970705,0.1741786205211575
597,36.6833333330001,1.36666666700006,1,8,2020-04-07,2020-04-08,fao_swarm,0.0055473,0.02053365,294.4899958,297.2138081,296.9984308,-4.475689175,-4.764804455,0.838181624915741,1.0525965999121567,0.9132886420225412,0.2144149749964157
598,36.6666666670001,1.35,1,8,2020-04-07,2020-04-08,fao_swarm,0.007394791,0.021376818,292.8016169,294.909967,294.6861641,-6.184805832,-5.539680781,0.7290728642171467,0.7796175209200022,0.7586346769865766,0.05054465670285557
599,37.033333333,0.81666666700005,1,8,2020-04-07,2020-04-08,fao_swarm,0.013521835,0.023402869,294.1963651,295.9902784,295.9727255,-4.86735895,-5.268366242,0.8016176627107542,0.9834881657796092,0.9617885169850912,0.181870503068855
600,37.266666667,0.383333333000053,1,8,2020-04-07,2020-04-10,fao_swarm,0.017406568,0.01524125,294.1672853,296.4608296,296.719454,-6.607601814,-5.717045663,0.9026581152603534,0.7333721919909479,0.6532664426754209,-0.1692859232694055
601,36.783333333,2.48333333300008,1,8,2020-04-07,2020-04-10,fao_swarm,0.001871854,0.043416961,300.6608996,305.7700093,306.1468954,-10.38118528,-9.050358104,0.3963736784554189,0.3380007389733652,0.3562997086024334,-0.05837293948205369
602,36.9,0.516666667000038,1,8,2020-04-07,2020-04-10,fao_swarm,0.017831937,0.019559561,292.8456219,294.0917053,294.1929132,-5.808031745,-5.223691606,0.9543272821127812,0.8317855872129863,1.0023913275031286,-0.12254169489979483
603,36.966666667,0.6,1,8,2020-04-07,2020-04-10,fao_swarm,0.015512109,0.024881407,293.5664769,294.8783481,294.8672187,-5.962409435,-5.128734794,0.7679338640367901,0.8086097452100933,0.8855122726860236,0.04067588117330323
604,36.9166666670001,0.983333333000076,1,8,2020-04-07,2020-04-11,fao_swarm,0.012819454,0.015621185,292.6382325,294.7124789,294.7356052,-4.935894354,-5.805025793,0.9838252195650156,0.9718308737188956,0.9741082162384336,-0.011994345846119914
605,37.266666667,0.3,1,8,2020-04-07,2020-04-11,fao_swarm,0.032672405,0.025003671,292.0854439,293.4308817,293.4932279,-5.648370781,-7.712863617,0.7363927350899782,0.860511650138058,0.6903573100300289,0.12411891504807981
606,36.9705555560001,2.04666666700007,1,8,2020-04-07,2020-04-09,fao_swarm,0.004993543,0.041553154,298.9894261,302.5760098,302.5104533,-6.260802892,-5.378097591,0.778514471982815,0.7665951294695525,0.9421106528543136,-0.011919342513262432
607,36.8602777780001,2.39972222200004,1,8,2020-04-07,2020-04-09,fao_swarm,0.002260104,0.042067169,300.5326824,304.8396219,305.3637248,-7.389334456,-7.152951744,0.50882439962581,0.6310281035089658,0.5871003506559374,0.12220370388315571
608,36.8716666670001,2.34777777800002,1,8,2020-04-07,2020-04-09,fao_swarm,0.002736241,0.050615891,298.4514975,303.3055942,303.5193618,-7.890518502,-7.457505815,0.6669722734663465,0.5639263395210399,0.5440466116520846,-0.10304593394530659
609,37.3511111110001,0.6325,1,8,2020-04-07,2020-04-09,fao_swarm,0.014158547,0.022837742,297.0820639,300.1210022,300.2093466,-6.030086529,-5.540178212,0.94966098012228,0.799786361144823,0.9649490950010422,-0.1498746189774569
610,36.841388889,2.48694444400007,1,8,2020-04-07,2020-04-09,fao_swarm,0.001871854,0.043416961,300.6608996,305.7700093,306.1468954,-9.971256277,-9.407900429,0.5254711686483329,0.3713086211656168,0.607195619054377,-0.15416254748271607
611,37.319166667,0.980277778000072,1,8,2020-04-07,2020-04-09,fao_swarm,0.018680751,0.036037578,294.7871149,296.2897305,296.3825182,-5.479630345,-5.637590184,0.8381200007309113,0.8827128081561385,0.8572805050814121,0.0445928074252272
612,37.3183333330001,0.978611111000021,1,8,2020-04-07,2020-04-09,fao_swarm,0.018680751,0.036037578,294.7871149,296.2897305,296.3825182,-6.170313728,-6.639357417,0.9103844428328688,0.7876725446068437,0.8722751415424593,-0.12271189822602513
613,36.8602777780001,1.33555555600003,1,8,2020-04-07,2020-04-09,fao_swarm,0.005393833,0.009059935,296.2522354,298.7642205,298.5532647,-6.824942157,-5.493821481,0.6367854994044723,0.7543013952592701,0.5417118829634061,0.11751589585479782
614,36.8691666670001,2.35361111100002,1,8,2020-04-07,2020-04-09,fao_swarm,0.002260104,0.042067169,300.5326824,304.8396219,305.3637248,-5.138263707,-5.429091531,0.9764998491530916,0.9419176706892074,0.763144905595199,-0.03458217846388423
615,36.831944444,2.49027777800006,1,8,2020-04-07,2020-04-09,fao_swarm,0.001871854,0.043416961,300.6608996,305.7700093,306.1468954,-8.660051455,-8.768165662,0.6324008127984377,0.4827047866855318,0.450595200207784,-0.14969602611290594
616,36.841666667,2.48722222200007,1,8,2020-04-07,2020-04-09,fao_swarm,0.001871854,0.043416961,300.6608996,305.7700093,306.1468954,-9.971256277,-9.407900429,0.5254711686483329,0.3713086211656168,0.607195619054377,-0.15416254748271607
617,36.6994444440001,2.62055555600006,1,8,2020-04-07,2020-04-09,fao_swarm,0.001115725,0.028857275,302.8938098,306.576612,306.887439,-9.084429997,-8.082230384,0.5244532534790758,0.4398203544381729,0.4872488894119032,-0.08463289904090288
618,36.9916666670001,0.630555556000047,1,8,2020-04-07,2020-04-09,fao_swarm,0.015512109,0.024881407,293.5664769,294.8783481,294.8672187,-4.533515803,-4.255330061,0.8597763201816772,1.0416077024930803,1.008949030727234,0.18183138231140317
619,37.159722222,1.93777777800005,1,8,2020-04-07,2020-04-09,fao_swarm,0.004870176,0.015004709,298.1937393,302.4516282,302.6649618,-7.616024184,-7.822196605,0.5694211245682768,0.5903474683307353,0.6065686461543025,0.0209263437624585
620,36.1036111110001,0.528611111000032,1,8,2020-04-07,2020-04-09,fao_swarm,0.041789562,0.037364333,296.8110082,297.3255703,297.6946005,-5.575448249,-8.485353771,0.6514624925923138,0.8676200983590672,0.9251319867253496,0.21615760576675336
621,37.0044444440001,0.866388889000064,1,8,2020-04-07,2020-04-09,fao_swarm,0.014033616,0.022756173,293.8446182,295.2964362,295.3101007,-4.633599762,-5.612012498,0.93993353597883,1.023952625791166,0.8383521187909618,0.08401908981233597
622,36.966111111,0.60027777800002,1,8,2020-04-07,2020-04-09,fao_swarm,0.015512109,0.024881407,293.5664769,294.8783481,294.8672187,-4.900125736,-5.628259833,0.9920961040657124,0.9779030810617412,0.8379387452794538,-0.014193023003971184
623,36.1211111110001,0.535833333000028,1,8,2020-04-07,2020-04-09,fao_swarm,0.041789562,0.037364333,296.8110082,297.3255703,297.6946005,-5.088542448,-5.740158999,0.9792471294089276,0.946205659055358,0.8443618335908641,-0.033041470353569524
624,36.716666667,2.75694444400006,1,8,2020-04-07,2020-04-09,fao_swarm,0.000969082,0.029031529,303.006695,305.440566,305.9915406,-5.153250483,-5.957186183,0.7379058557814251,0.948602586567498,0.9347951131727656,0.21069673078607287
625,37.022777778,1.9825,1,8,2020-04-07,2020-04-09,fao_swarm,0.004993543,0.041553154,298.9894261,302.5760098,302.5104533,-6.162053467,-3.831412067,1.0107967537378857,0.7825030525324167,0.8074070239760499,-0.228293701205469
626,37.318888889,0.980833333000021,1,8,2020-04-07,2020-04-10,fao_swarm,0.018680751,0.036037578,294.7871149,296.2897305,296.3825182,-5.479630345,-5.637590184,0.8381200007309113,0.8827128081561385,0.8572805050814121,0.0445928074252272
627,36.908611111,2.17833333300007,1,8,2020-04-07,2020-04-10,fao_swarm,0.003292203,0.060948997,295.9967612,299.9850104,299.4386814,-3.456109908,-3.705699571,0.9340105734317388,1.2446950374040364,1.0500965100528483,0.31068446397229765
628,36.841388889,2.48694444400007,1,8,2020-04-07,2020-04-10,fao_swarm,0.001871854,0.043416961,300.6608996,305.7700093,306.1468954,-9.971256277,-9.407900429,0.5254711686483329,0.3713086211656168,0.607195619054377,-0.15416254748271607
629,36.8686111110001,2.35333333300002,1,8,2020-04-07,2020-04-10,fao_swarm,0.002260104,0.042067169,300.5326824,304.8396219,305.3637248,-4.882715662,-5.705680501,0.8001415604723152,0.984464098226944,0.6994623961417398,0.1843225377546288
630,37.7416666670001,1.49416666700006,1,8,2020-04-07,2020-04-10,fao_swarm,0.005205751,0.017796665,299.7487143,303.1158806,303.1606161,-6.85895166,-6.411331003,0.9421245450423016,0.7157544703183825,0.8833447782060727,-0.22637007472391912
631,36.970833333,0.771666667000034,1,8,2020-04-07,2020-04-10,fao_swarm,0.013521835,0.023402869,294.1963651,295.9902784,295.9727255,-4.015873451,-6.743825341,0.6652600878328743,1.1360137415322829,0.7064139061933896,0.4707536536994086
632,37.73,1.46361111100003,1,8,2020-04-07,2020-04-10,fao_swarm,0.005205751,0.017796665,299.7487143,303.1158806,303.1606161,-6.581177755,-5.787951581,0.7289248902499246,0.73206796538991,0.9024374444160024,0.003143075139985463
633,36.944166667,0.002777778000052,1,8,2020-04-07,2020-04-11,fao_swarm,0.046519399,0.019002556,290.2357749,290.9553663,291.2072361,-6.35496397,-5.218359718,0.9187305438054236,0.7573196902101761,0.8941611260020548,-0.16141085359524754
634,36.828611111,2.49027777800006,1,8,2020-04-07,2020-04-11,fao_swarm,0.001871854,0.043416961,300.6608996,305.7700093,306.1468954,-8.774646732,-8.291775879,0.5732922510384091,0.4683066782418822,0.6267188386360545,-0.10498557279652687
635,36.826944444,2.49388888900006,1,8,2020-04-07,2020-04-11,fao_swarm,0.001871854,0.043416961,300.6608996,305.7700093,306.1468954,-7.40262319,-7.541667446,0.5165215774726932,0.6223379312093079,0.5941731745623693,0.10581635373661469
636,37.280555556,0.3075,1,8,2020-04-07,2020-04-11,fao_swarm,0.032672405,0.025003671,292.0854439,293.4308817,293.4932279,-5.063567512,-5.089565102,0.961944622418267,0.951571838090334,0.975381663098664,-0.010372784327932982
637,36.8719444440001,2.34805555600002,1,8,2020-04-07,2020-04-09,fao_swarm,0.002736241,0.050615891,298.4514975,303.3055942,303.5193618,-7.890518502,-7.457505815,0.6669722734663465,0.5639263395210399,0.5440466116520846,-0.10304593394530659
638,37.3516666670001,0.633333333000053,1,8,2020-04-07,2020-04-09,fao_swarm,0.014158547,0.022837742,297.0820639,300.1210022,300.2093466,-5.798794593,-5.071213099,0.7961151609872239,0.8345033685878787,0.90794013887437,0.038388207600654756
639,37.029166667,0.871666667000056,1,8,2020-04-07,2020-04-11,fao_swarm,0.014033616,0.022756173,293.8446182,295.2964362,295.3101007,-6.239113942,-5.256071127,0.8570079433540053,0.7682840076600266,0.9268462400090768,-0.08872393569397874
640,36.8558333330001,0.827222222000046,1,8,2020-04-07,2020-04-11,fao_swarm,0.01188764,0.016458078,292.9324057,294.7509663,294.8215373,-7.083468782,-7.062793569,0.7096938084812194,0.6547578097552487,0.6852598648795062,-0.05493599872597077
641,36.8975,2.31333333300006,1,8,2020-04-07,2020-04-11,fao_swarm,0.002736241,0.050615891,298.4514975,303.3055942,303.5193618,-5.739510951,-5.918129574,0.8322582830656051,0.8522097436205156,0.8728442100418116,0.019951460554910483
642,36.964166667,0.768055556000036,1,8,2020-04-07,2020-04-11,fao_swarm,0.013521835,0.023402869,294.1963651,295.9902784,295.9727255,-4.765272065,-4.998125363,0.8313595659797155,1.0010262357539514,0.7619472253769275,0.16966666977423595
643,37.016666667,5.7,1,8,2020-04-07,2020-04-12,fao_swarm,0.001391068,0.001729994,299.8609919,299.4115024,299.7652765,-5.442398699,-5.219304738,1.0911038774832018,0.8889608664266607,0.8927627174667905,-0.2021430110565411
644,37.0,5.73333333300008,1,8,2020-04-07,2020-04-12,fao_swarm,0.001391068,0.001729994,299.8609919,299.4115024,299.7652765,-6.409468916,-6.044614932,0.7651154831915046,0.7473544387885024,0.926051384097594,-0.01776104440300219
645,36.7333333330001,5.3,1,8,2020-04-07,2020-04-12,fao_swarm,0.022865057,0.033909469,296.4764541,296.4820427,296.8751289,-5.786956795,-5.534158009,0.9235806850084975,0.8352254065650415,0.8833259444821574,-0.08835527844345603
646,36.7333333330001,5.46666666700003,1,8,2020-04-07,2020-04-12,fao_swarm,0.019875988,0.03064613,296.8487794,295.9992302,296.3549792,-5.298256762,-5.551217197,0.8076229441490783,0.9123478093143996,1.004048183895214,0.10472486516532131
647,36.9166666670001,5.3,1,8,2020-04-07,2020-04-12,fao_swarm,0.001058653,0.010415822,299.6897842,301.6578186,301.6632094,-6.267986592,-6.104818902,0.8193398107867749,0.7652974606130247,0.9335079311059868,-0.05404235017375014
648,37.016666667,5.31666666700005,1,8,2020-04-07,2020-04-12,fao_swarm,0.002385721,0.025400146,301.0600858,299.1665208,299.4991632,-6.238139957,-3.999957041,0.8290840291749358,0.7945871632546133,0.6665819423997353,-0.03449686592032253
649,36.9333333330001,5.71666666700003,1,8,2020-04-07,2020-04-12,fao_swarm,0.00079228,0.000912621,298.0351835,299.5202914,299.3397936,-4.812148165,-6.719964644,0.7717242796376256,1.0048071215191623,0.9551389381994082,0.23308284188153672
650,36.9333333330001,5.61666666700006,1,8,2020-04-07,2020-04-12,fao_swarm,0.000752106,0.001128524,300.7130644,301.4233947,301.3350519,-4.045035048,-3.263588125,0.8309959019662191,1.1322941463584018,0.9298989351881491,0.30129824439218267
651,37.083333333,5.91666666700007,1,8,2020-04-07,2020-04-12,fao_swarm,0.009822384,0.015916943,296.8724502,295.5566901,296.1344279,-5.013173019,,0.679020861838477,0.958799420240697,0.6935437253378666,0.27977855840222
652,36.9,5.63333333300005,1,8,2020-04-07,2020-04-10,fao_swarm,0.000752106,0.001128524,300.7130644,301.4233947,301.3350519,-5.502925438,-6.377558246,0.8817621633319541,0.8807710563174569,0.95168026433159,-0.0009911070144972278
653,36.783333333,5.46666666700003,1,8,2020-04-07,2020-04-10,fao_swarm,0.006449625,0.016350641,300.4498916,300.5355258,300.7486532,-5.365600039,-5.35909691,0.8702900474703763,0.9182155443378056,0.8189259903893382,0.04792549686742931
654,36.75,5.46666666700003,1,8,2020-04-07,2020-04-10,fao_swarm,0.019875988,0.03064613,296.8487794,295.9992302,296.3549792,-3.877402362,-3.979788134,1.1158062237470174,1.162138070920122,0.9477696540970614,0.04633184717310446
655,36.9,5.66666666700007,1,8,2020-04-07,2020-04-10,fao_swarm,0.00079228,0.000912621,298.0351835,299.5202914,299.3397936,-5.922399911,-6.080182211,1.055144606517582,0.8159225049800805,0.6723752451975887,-0.23922210153750156
656,37.016666667,5.31666666700005,1,8,2020-04-07,2020-04-10,fao_swarm,0.002385721,0.025400146,301.0600858,299.1665208,299.4991632,-6.238139957,-3.999957041,0.8290840291749358,0.7945871632546133,0.6665819423997353,-0.03449686592032253
657,38.266666667,5.1,1,8,2020-04-07,2020-04-10,fao_swarm,0.000750125,0.006297513,294.6456978,297.9556973,298.5052775,-5.871440808,-6.336208635,0.7199098091069995,0.8222075315152679,0.8294446377305466,0.1022977224082684
658,36.966666667,5.5,1,8,2020-04-07,2020-04-07,fao_swarm,0.00218761,0.008834138,300.1068686,298.7209099,299.3629327,-5.322191999,-3.658178394,0.9388275280620964,0.9177601544186847,0.9290196790653388,-0.021067373643411602
659,36.816666667,5.5,1,8,2020-04-07,2020-04-07,fao_swarm,0.006449625,0.016350641,300.4498916,300.5355258,300.7486532,-4.658039786,-4.82998841,1.214764083680846,1.0211666494922256,0.999691870660778,-0.1935974341886204
660,36.816666667,5.51666666700004,1,8,2020-04-07,2020-04-07,fao_swarm,0.006449625,0.016350641,300.4498916,300.5355258,300.7486532,-5.979445602,-5.246417573,0.9397849154084048,0.8060993552127671,0.8943841792189162,-0.1336855601956377
661,36.9166666670001,5.71666666700003,1,8,2020-04-07,2020-04-09,fao_swarm,0.00079228,0.000912621,298.0351835,299.5202914,299.3397936,-6.115602464,-7.13270858,0.7409491657572032,0.8069906549627662,0.8026363629273393,0.06604148920556308
662,36.95,5.76666666700004,1,8,2020-04-07,2020-04-09,fao_swarm,0.00189969,0.001557022,296.1614368,298.248883,297.9010729,-6.838442426,,0.6583031624259618,0.6862410207703945,0.7368508297701067,0.027937858344432742
663,37.1166666670001,5.83333333300004,1,8,2020-04-07,2020-04-09,fao_swarm,0.004254282,0.007533535,299.0570911,297.5764167,298.1992229,-7.730150721,,1.0324009383321222,0.5772456387607193,0.8682822226525202,-0.4551552995714029
664,37.3,0.333333333000041,1,8,2020-04-07,2020-04-09,fao_swarm,0.032672405,0.025003671,292.0854439,293.4308817,293.4932279,-5.770782366,-6.481734042,0.8031925640525157,0.8423753413665311,0.5623048548937344,0.03918277731401543
665,37.3,0.333611111000039,1,8,2020-04-07,2020-04-09,fao_swarm,0.032672405,0.025003671,292.0854439,293.4308817,293.4932279,-5.770782366,-6.481734042,0.8031925640525157,0.8423753413665311,0.5623048548937344,0.03918277731401543
666,37.25,1.85,1,8,2020-04-07,2020-04-09,fao_swarm,0.004870176,0.015004709,298.1937393,302.4516282,302.6649618,-5.747606226,-5.572182964,1.108248342305499,0.8409893062128254,0.9242759065835934,-0.26725903609267354
667,36.7,1.31666666700005,1,8,2020-04-07,2020-04-09,fao_swarm,0.007394791,0.021376818,292.8016169,294.909967,294.6861641,-6.187674754,-6.740183834,0.7425875424026376,0.7766772774777349,0.7153604978817042,0.03408973507509727
668,36.9916666670001,0.63055555600005,1,8,2020-04-07,2020-04-09,fao_adult,0.015512109,0.024881407,293.5664769,294.8783481,294.8672187,-4.533515803,-4.255330061,0.8597763201816772,1.0416077024930803,1.008949030727234,0.18183138231140317
669,36.970833333,0.77166666700003,1,8,2020-04-07,2020-04-10,fao_adult,0.013521835,0.023402869,294.1963651,295.9902784,295.9727255,-4.015873451,-6.743825341,0.6652600878328743,1.1360137415322829,0.7064139061933896,0.4707536536994086
670,37.6294444440001,0.68805555600005,1,8,2020-04-07,2020-04-11,fao_adult,0.010352656,0.018528148,297.9556316,300.9732374,301.2631389,-5.55323362,-5.168375382,0.9010153853662776,0.8745664360869381,1.019177114408639,-0.026448949279339495
671,36.33271937157336,4.847831995338732,0,8,2020-04-07,,synthetic_background,0.003036946,0.006303056,301.3887751,303.7567606,303.5915297,-4.161705387,-6.177251526,0.9195377558444746,1.141366488821366,1.013671392434544,0.22182873297689132
672,36.20546085069916,5.762011309920309,0,8,2020-04-07,,synthetic_background,0.009172335,0.010786175,298.5264541,299.293653,299.8724759,-5.297809962,,0.915733070945834,0.911840255431786,0.7446630008448303,-0.0038928155140479648
673,38.93966411187596,2.170439217330753,0,8,2020-04-07,,synthetic_background,0.002303779,0.037891343,300.5550077,303.5100972,303.9663344,-5.683486393,-5.545754856,0.7211869391060044,0.856573818899913,0.8720268858442347,0.13538687979390862
674,36.6680176896435,3.5351614972861247,0,8,2020-04-07,,synthetic_background,0.000877947,0.050852745,300.8378365,304.2924431,304.5962823,-9.364352277,-8.278905553,0.4526298410632125,0.419125390332574,0.4394749409637425,-0.03350445073063851
675,38.39919598355221,2.0378694732540863,0,8,2020-04-07,,synthetic_background,0.003619552,0.034628852,300.5862957,303.2720547,303.7658895,-7.526105929,-8.696656188,0.6092309287029847,0.6013427795537111,0.4138237264258287,-0.007888149149273604
676,37.65144939653721,1.3471329055441204,0,8,2020-04-07,,synthetic_background,0.011024088,0.016149759,299.251899,302.6828999,302.8808255,-6.42456269,-4.967868945,0.8928447438737996,0.7421415050451203,0.909454013367904,-0.1507032388286793
677,36.49000152371073,3.637722356975754,0,8,2020-04-07,,synthetic_background,0.001085013,0.035894825,301.0483888,304.7179314,305.0491903,-9.441599577,-9.40906807,0.4812593361820693,0.4094135443487133,0.3675804230653447,-0.07184579183335599
678,36.73908810801631,4.830375945057665,0,8,2020-04-07,,synthetic_background,0.003030971,0.003762334,300.1403159,304.1215989,303.4446873,-5.144318311,-4.437370886,0.991609302816413,0.9418732123684056,0.9293831210979716,-0.04973609044800742
679,36.730365216057294,5.621690926764655,0,8,2020-04-07,,synthetic_background,0.031926498,0.056116044,295.4219511,294.8567606,295.0992174,-6.087401589,-5.846762268,0.8897522203094502,0.7910353174475662,0.9101773385773784,-0.09871690286188406
680,37.01975952623718,3.745023407624817,0,8,2020-04-07,,synthetic_background,0.000369728,0.066633611,301.1143881,304.9607862,304.5460979,-6.827310897,-8.119959583,0.7431604851044361,0.6966967039844114,0.76781085916227,-0.046463781120024694
681,38.03976342359623,3.606781182677415,0,8,2020-04-07,,synthetic_background,0.00027217,0.035366102,298.3114151,301.9005432,302.8043986,-9.415856269,-9.586178269,0.4825138000849742,0.4106146659757961,0.4348225430870704,-0.07189913410917809
682,38.422837700729175,1.5490423740145538,0,8,2020-04-07,,synthetic_background,0.00478065,0.032638638,300.9712675,303.8658047,304.3250367,-5.893213606,-4.742644585,0.8246560326004684,0.818937624454775,0.9103563291396994,-0.005718408145693354
683,38.72537255052611,3.674353307789445,0,8,2020-04-07,,synthetic_background,0.001400322,0.024470716,295.8958443,297.5592292,298.158153,-5.783708825,-6.411946648,0.8231657560953168,0.835481376198258,1.041667924512381,0.012315620102941183
684,36.03816343965935,0.9519821148428252,0,8,2020-04-07,,synthetic_background,0.005136907,0.003724291,300.5089357,304.1247456,302.9654989,-6.611091786,-5.999018836,0.8864597804110961,0.7165157739100133,0.7839687217867437,-0.16994400650108277
685,36.79767657841303,0.8930074027230008,0,8,2020-04-07,,synthetic_background,0.014887616,0.016104474,291.8632597,292.9474127,292.9402765,-6.853834007,-7.41414241,0.6622380247123124,0.6860994715365942,0.5369622596830619,0.023861446824281818
686,38.70322667804933,1.076919783356034,0,8,2020-04-07,,synthetic_background,0.0033115,0.028685301,301.0071941,303.6906256,304.2027656,-6.042785829,-5.514147319,0.8503549817711848,0.7984609227941424,1.197057339859222,-0.05189405897704247
687,37.61818805842693,0.7740189546964238,0,8,2020-04-07,,synthetic_background,0.011616036,0.022113665,297.4752822,299.8121317,300.0496352,-4.415002592,-5.598684289,0.9863431155648602,1.0744415542122538,0.913543253261324,0.08809843864739364
688,36.30693307173304,2.1374425652194136,0,8,2020-04-07,,synthetic_background,0.000870645,0.003953948,302.5914878,309.2788689,307.8868802,-8.746693004,-6.992425152,0.6428970187988425,0.477519959634642,0.6395328470590516,-0.16537705916420053
689,38.81876661165647,4.826717254979011,0,8,2020-04-07,,synthetic_background,0.002167299,0.008045941,295.159424,296.8680887,298.3034546,-5.325888208,-6.731021062,0.9812216726424156,0.9072968707666322,1.0244905975659686,-0.07392480187578332
690,37.68140572973947,0.9201061492697492,0,8,2020-04-07,,synthetic_background,0.010109529,0.016497418,298.0945965,300.9640686,301.1402548,-5.381837893,-5.582746843,0.995390016784768,0.8986738842546173,1.195264231094976,-0.09671613253015077
691,37.08923908379969,3.1095107068017835,0,8,2020-04-07,,synthetic_background,0.00063014,0.039746984,301.5974882,305.9693746,307.7079088,-10.59277432,-10.85882121,0.3007861111441592,0.3220756298791813,0.3507638519754756,0.021289518735022106
692,38.90992422959639,0.2219388640463486,0,8,2020-04-07,,synthetic_background,0.014806196,0.048507809,300.3400446,302.2678663,302.4762411,-4.777861115,-4.750257137,0.7970750623657323,0.9988522725277436,0.8543578726364675,0.20177721016201122
693,37.74509376366469,4.251894905047845,0,8,2020-04-07,,synthetic_background,0.0005368,0.050672456,298.7076553,301.5337137,301.0410577,-5.004977734,-5.821892502,0.8884056136143721,0.96038193676757,1.021679305129774,0.07197632315319791
694,37.299345155763206,3.409624865595888,0,8,2020-04-07,,synthetic_background,0.000359878,0.099632516,301.6906523,305.1536031,303.8021797,-8.402070563,-7.344912,0.5771953366056101,0.5163586721667152,0.6064615163036889,-0.060836664438894905
695,36.76261827946304,0.1591581927234804,0,8,2020-04-07,,synthetic_background,0.019399807,0.013616963,291.2116592,292.6030334,292.8786933,-6.062122243,-6.269692563,0.8585540855609748,0.7938985902208924,0.8905392563834119,-0.06465549534008241
696,37.475725549794646,1.3616128314888407,0,8,2020-04-07,,synthetic_background,0.011803538,0.02002564,298.7755861,300.6881951,300.9286174,-4.99303594,-5.202077376,0.9230453458055295,0.9704120825939928,0.9232067664015616,0.04736673678846326
697,38.46984497909578,2.2430552163542705,0,8,2020-04-07,,synthetic_background,0.003331989,0.041174337,300.2064454,302.3693963,302.9280369,-5.771538213,-5.825008041,0.8347154885403233,0.841401178555562,0.8420857399725636,0.006685690015238666
698,38.9143054536992,0.3805901761385117,0,8,2020-04-07,,synthetic_background,0.007479742,0.034725129,300.3532608,302.7466369,302.9965319,-6.126379557,-6.377929498,0.8317504290805022,0.7845255722545437,0.8105047537497024,-0.04722485682595856
699,38.6354112981555,1.3376230129146804,0,8,2020-04-07,,synthetic_background,0.003053054,0.028028324,300.9789661,303.7711758,304.3978557,-6.632312108,-5.867009771,0.8153495016655004,0.71458174640958,0.647570754800125,-0.1007677552559203
700,37.862568391922,4.158710698840923,0,8,2020-04-07,,synthetic_background,0.001038328,0.040564492,297.8781523,300.912913,301.270067,-5.546547158,-4.162973254,0.7983134495303644,0.8725999868714918,0.9139218431111052,0.07428653734112733
701,37.18733581522908,2.099004092156722,0,8,2020-04-07,,synthetic_background,0.002515614,0.007674634,299.6949925,304.800771,304.9464939,-6.254992165,-5.57652909,0.8603230582122573,0.7660171543455434,0.9982223740529256,-0.09430590386671389
702,36.95179318065579,3.961005383278245,0,8,2020-04-07,,synthetic_background,0.000824764,0.047634675,300.7151097,304.257097,303.7434937,-5.173081189,-6.281952151,0.809546883149667,0.9329103505433812,0.8019524183442234,0.12336346739371418
703,36.97592256302754,1.488581956115883,0,8,2020-04-07,,synthetic_background,0.005813763,0.010584294,298.0513836,302.8050082,302.4421536,-5.56674943,-6.123669481,0.6454251422317199,0.8689817506165759,0.7791195049063359,0.22355660838485603
704,36.08389236118143,1.5008084446545116,0,8,2020-04-07,,synthetic_background,0.002904147,0.003570794,301.8930503,306.4271219,304.7214559,-6.726870004,-7.174626512,0.7364833617744722,0.7009697775949643,0.7970079327473166,-0.035513584179507895
705,38.18404782946353,2.905040412670864,0,8,2020-04-07,,synthetic_background,0.000607222,0.026291876,300.4955459,304.0871046,305.2409546,-8.152597593,-8.024723429,0.5402106266067803,0.5316325772673605,0.4716064539952642,-0.008578049339419858
706,37.187917545104,0.1585460901771787,0,8,2020-04-07,,synthetic_background,0.042194471,0.036509573,290.1953723,291.6977491,291.6474433,-4.473573216,-5.703714242,1.0591609592707534,1.053113666548501,1.2066228462348585,-0.006047292722252351
707,37.51672447390386,2.833090634470377,0,8,2020-04-07,,synthetic_background,0.000822723,0.029475167,301.7852703,304.6089633,306.0104099,-11.16572803,-11.80352147,,0.2863539922877957,0.2066368675630892,
708,37.49554389681263,1.6327853730116435,0,8,2020-04-07,,synthetic_background,0.006616369,0.021123185,298.7457304,302.6012702,302.8113648,-6.67805903,-5.955576553,0.8359612732327748,0.7170468674428605,0.6605432633788015,-0.1189144057899143
709,37.05275267504573,1.2977058392229208,0,8,2020-04-07,,synthetic_background,0.01089485,0.020096435,296.0679797,297.9957417,298.1630846,-7.045185138,-5.741090119,0.6829698926853203,0.6595991302698229,0.7157808703998705,-0.023370762415497404
710,38.62809523881927,4.882725741770677,0,8,2020-04-07,,synthetic_background,0.002209991,0.012892678,295.381147,297.2097663,298.6805434,-5.434906664,-3.84757516,0.971901295031639,0.8898083624067814,0.7450193891933156,-0.08209293262485762
711,38.7858514796089,1.0285840927429744,0,8,2020-04-07,,synthetic_background,0.003174663,0.032226457,301.2001846,304.0246751,304.2961304,-5.924317197,-6.771685674,0.8300150868386242,0.8172303460891738,0.769436763878597,-0.012784740749450463
712,37.07619833760096,0.7437095658274575,0,8,2020-04-07,,synthetic_background,0.01510708,0.029620945,295.4061525,297.0670254,297.1234796,-6.797222372,-6.774383713,0.7642186816358039,0.6965411565209949,0.7532820105110837,-0.06767752511480896
713,38.47249730167366,3.398188085859597,0,8,2020-04-07,,synthetic_background,0.000297666,0.021556764,299.078532,301.8842617,302.67712,-5.164954446,-4.53584677,0.9241477606320616,0.9335547126203,0.9623204740642536,0.009406951988238377
714,38.49477811722673,2.6052447223610304,0,8,2020-04-07,,synthetic_background,0.002097651,0.025805815,300.2921931,303.4332689,304.1419583,-6.202312232,-5.288462243,0.9266493286788666,0.7758681875183422,0.9063652626820136,-0.15078114116052443
715,38.18592208757824,4.108428529553733,0,8,2020-04-07,,synthetic_background,0.001988173,0.021444335,293.6105958,296.6962951,298.1093683,-4.509668298,-5.545047863,0.9014954687435236,1.0487280365962728,0.8620502939059081,0.14723256785274919
716,36.69501489744185,3.35296800533712,0,8,2020-04-07,,synthetic_background,0.000853017,0.048112615,300.9815811,304.5122619,305.1990655,-10.73967772,-9.143699636,0.4461028237443024,0.3122993022302711,0.43883343191025,-0.1338035215140313
717,37.8948692261202,3.3719199111414397,0,8,2020-04-07,,synthetic_background,0.000467002,0.044836044,299.2053712,302.3365675,302.4611586,-5.807046191,-6.168881735,0.9440455483995488,0.8319355639014063,0.8256924589582263,-0.11210998449814247
718,37.65173832170323,4.119312445738521,0,8,2020-04-07,,synthetic_background,0.000776097,0.056205317,299.033328,302.1676493,301.7797459,-7.326072858,-7.776929365,0.623096671126723,0.6249337284598979,0.5737939749448749,0.001837057333174963
719,38.47800145264104,4.81286685012386,0,8,2020-04-07,,synthetic_background,0.001757205,0.013451397,294.6073786,297.3521925,298.7427124,-4.859275435,-5.759957577,0.7552414131613622,0.9848692986662982,1.034223178955651,0.22962788550493607
720,37.550434102689,0.582473350418405,0,8,2020-04-07,,synthetic_background,0.010036528,0.012697845,297.4625598,299.9121046,300.1306302,-6.589781147,-5.360251264,0.910250955241798,0.7223450150571051,0.9653423676741422,-0.18790594018469287
721,38.88242505460824,0.5343084268206497,0,8,2020-04-07,,synthetic_background,0.005641908,0.029968604,300.4845325,303.365094,303.6608223,-5.632253521,-5.91983312,0.5800933930011045,0.8587661487136838,0.9470470429730484,0.2786727557125793
722,37.23019962232072,1.954701073449645,0,8,2020-04-07,,synthetic_background,0.003583297,0.011406153,299.7556859,304.8415805,304.9563572,-8.19624432,-7.457100211,0.5854877088578714,0.5262310784843021,0.5695070506612788,-0.05925663037356932
723,36.9611152827167,4.415514195560548,0,8,2020-04-07,,synthetic_background,0.003484622,0.038524538,298.4170574,300.8285542,300.4837389,-5.275649239,-5.986356768,0.8653168429895968,0.9154374212931998,0.9221470642183196,0.05012057830360306
724,36.73417174122691,5.409911714464191,0,8,2020-04-07,,synthetic_background,0.018890366,0.028008132,297.3376683,296.9224073,297.3670343,-6.805089981,-5.165376123,0.9243541377944472,0.6952445556801188,0.9224097641915088,-0.22910958211432841
725,37.35784693913005,3.5247373022188246,0,8,2020-04-07,,synthetic_background,0.000397101,0.105650529,301.3847766,304.8335076,303.1914266,-9.04451594,-8.848604782,0.5581010314711808,0.4483587142369836,0.5898759496097034,-0.10974231723419725
726,37.37069264122715,5.475183927185655,0,8,2020-04-07,,synthetic_background,0.004286289,0.010541572,296.5003148,298.0898769,298.8443563,-6.852039403,-6.765600853,0.8305348433411048,0.6903814813927445,0.7161172454480277,-0.14015336194836037
727,37.20105831495231,2.7492329214109184,0,8,2020-04-07,,synthetic_background,0.00153327,0.016532137,302.4175783,306.9563212,308.0660903,-10.11063105,-9.802201276,0.4503632579636399,0.3599478076192364,0.3879560827554303,-0.09041545034440351
728,36.46904102454377,2.4207789483428024,0,8,2020-04-07,,synthetic_background,0.00029017,0.015427693,300.9019153,307.7034783,308.0111044,-8.764703696,-8.319580179,0.5190634030007605,0.4706107323236763,0.4571177495652329,-0.0484526706770842
729,38.09881540921046,1.0836554080851273,0,8,2020-04-07,,synthetic_background,0.008090928,0.023301362,300.0356501,303.0787767,303.5560588,-4.789149886,-5.320211506,1.1646906442180631,0.9992379226304128,1.037140114577533,-0.16545272158765034
730,36.378380472843055,4.961111910368708,0,8,2020-04-07,,synthetic_background,0.011533663,0.021276786,299.4888239,301.1465284,301.7310859,-3.767423385,-5.467074211,0.937918163831243,1.1831651439370905,0.8799799508669014,0.24524698010584745
731,36.9683167064012,4.625799283534084,0,8,2020-04-07,,synthetic_background,0.006460875,0.047726422,298.7226672,301.2990946,300.8700779,-4.447282381,0.25812396,0.4886389446270368,2.034905783276109,1.1330360608096048,1.5462668386490723
732,38.05161644239003,4.440724436150817,0,8,2020-04-07,,synthetic_background,0.001605168,0.024288058,295.5853625,298.337544,299.3958917,-4.633793908,-4.824075923,0.8444286459222305,1.0239185693763475,1.008610794690564,0.17948992345411696
733,38.51215618415661,3.155255003761804,0,8,2020-04-07,,synthetic_background,0.000589535,0.018114298,300.1377768,303.3652567,304.011278,-6.677124136,-7.110089431,1.021237533819919,0.7232419393604184,0.4456547780402659,-0.29799559445950075
734,38.68818281756259,2.977348436639581,0,8,2020-04-07,,synthetic_background,0.000395149,0.016241788,300.1501737,303.5197489,303.9851061,-7.09601751,-5.845461892,0.5698200450991514,0.6654263339994968,0.600946708957685,0.0956062889003454
735,38.24797551544336,0.4076968891983135,0,8,2020-04-07,,synthetic_background,0.02066651,0.031521036,298.3666288,299.7170145,299.7691393,-5.128570331,-5.981583892,0.6792629160653054,0.9396489804600578,0.8166174777026407,0.2603860643947524
736,38.28588435932456,0.8429731159858642,0,8,2020-04-07,,synthetic_background,0.005828992,0.02061282,300.3031143,303.2586866,303.7468954,-5.526933407,-5.418909886,0.8167530978110437,0.8794987071779963,0.917814197640056,0.06274560936695261
737,37.62106767194499,1.6914512588150967,0,8,2020-04-07,,synthetic_background,0.004060343,0.023024096,299.4112089,302.6865403,302.6987726,-5.76397738,-5.403271126,0.7980552948852108,0.8458783375497098,0.945814128030129,0.047823042664498994
738,36.88724140397878,2.518688460159371,0,8,2020-04-07,,synthetic_background,0.002001718,0.039031997,300.3281414,305.1049214,304.7813735,-7.901038845,-6.9349173,0.655912668252197,0.5651995093149625,0.6375433074786863,-0.09071315893723442
739,38.63677008599809,4.850877191759022,0,8,2020-04-07,,synthetic_background,0.002209991,0.012892678,295.381147,297.2097663,298.6805434,-5.447465447,-4.722506295,0.934678722171258,0.8878092456509433,0.946820233295394,-0.0468694765203147
740,37.35319100907287,1.808344515864936,0,8,2020-04-07,,synthetic_background,0.005849138,0.02031131,299.3751954,301.9893832,302.4979371,-6.027881975,-4.741238518,1.0547679458124304,0.8012229410806304,1.1968686752892923,-0.25354500473179997
741,37.51465995312009,4.286131421780355,0,8,2020-04-07,,synthetic_background,0.000358492,0.032935499,299.2906468,302.8704976,302.95837,-5.269720136,-4.155418104,1.03125785517013,0.9164015337404458,1.1167486858386604,-0.11485632142968416
742,36.420108429416295,1.6227872924685274,0,8,2020-04-07,,synthetic_background,0.001686365,0.009902223,301.7703506,307.1850104,306.0353177,-9.668696617,-6.846020104,0.3835662266344212,0.3906715414461006,0.4421263662350141,0.00710531481167942
743,37.57437289360383,4.54938300451122,0,8,2020-04-07,,synthetic_background,0.000281274,0.025182008,298.6298558,301.4035759,301.8055108,-5.501820546,-6.002000553,0.8328170292226765,0.8812265708558189,0.798794776296758,0.04840954163314237
744,38.50325568857994,2.120327359774536,0,8,2020-04-07,,synthetic_background,0.003377766,0.043434455,300.4788087,303.264253,303.7350736,-6.251051158,-5.38829801,0.7314959110170021,0.7693149467952407,0.8686200739441153,0.03781903577823864
745,37.925607691469054,4.056647732783524,0,8,2020-04-07,,synthetic_background,0.000672668,0.039183601,298.8635418,301.4430182,301.6976929,-4.641810716,-5.386847589,0.8402552124309332,1.033164282805592,0.8820958151053724,0.19290907037465888
746,37.05914733080229,0.3651809533567185,0,8,2020-04-07,,synthetic_background,0.020405159,0.020759656,291.6480633,293.0903272,293.2259481,-6.679529193,-6.844183275,0.6671299035315412,0.7080646427489641,0.7206682318675658,0.040934739217422855
747,36.99080431131361,5.888206654572205,0,8,2020-04-07,,synthetic_background,0.006094799,0.004383936,297.3972875,296.3503804,297.1197415,-6.052149769,,0.9246756529213032,0.7953607725296233,0.9486239595084808,-0.12931488039167982
748,36.33890124943516,3.178885911593845,0,8,2020-04-07,,synthetic_background,0.001313627,0.011115774,302.8510309,302.2206061,302.6795614,-7.815750314,-6.512162582,,0.7775884216610576,0.6774817886053636,
749,36.977868532871575,3.902282482446374,0,8,2020-04-07,,synthetic_background,0.000623524,0.055779903,300.7005969,304.3393561,303.6261272,-9.852756538,-8.560980997,0.6118843389193345,0.381191835734836,0.3181478021706688,-0.23069250318449847
750,38.87239607514911,3.167816087199502,0,8,2020-04-07,,synthetic_background,0.000153542,0.018198609,299.8696399,302.8686584,303.3578492,-4.887114376,-3.976475221,1.0277433181073494,0.9808115944681944,0.8914745333987937,-0.04693172363915499
751,38.415567445673865,1.2016683376075123,0,8,2020-04-07,,synthetic_background,0.004026234,0.019852787,300.6690431,303.8992465,304.6699965,-5.688809587,-5.590836037,0.7640246107196667,0.8500164447899653,0.7756283022540071,0.08599183407029865
752,38.47196663882158,3.466306289683676,0,8,2020-04-07,,synthetic_background,0.000181258,0.023256361,299.0919435,301.3256951,302.1137357,-4.768927526,-6.226503725,0.7745035871031447,1.0003946610300267,0.8165612244489324,0.225891073926882
753,38.83379244315013,0.320591878982656,0,8,2020-04-07,,synthetic_background,0.01330559,0.040412232,300.0793241,302.3607048,302.6723023,-4.851611643,-5.23497908,1.150505211438999,0.9861799239683466,0.8497672894750553,-0.16432528747065245
754,37.46474190295729,4.648664210120477,0,8,2020-04-07,,synthetic_background,0.00033173,0.010939061,298.4066408,302.316,303.1738105,-6.400804504,-5.461979234,1.0775223025251042,0.7480981682916833,0.9781862399266978,-0.3294241342334209
755,36.118834347571806,5.963307034348229,0,8,2020-04-07,,synthetic_background,0.005012333,0.011485948,300.5574112,301.6294657,302.0861098,-6.644603588,,0.5985632682626475,0.7119884866331884,0.7256602287157551,0.11342521837054087
756,37.95292935572183,1.6761814830469663,0,8,2020-04-07,,synthetic_background,0.005183399,0.023434847,300.3913196,303.6602274,303.8768216,-6.300353483,-5.932445927,0.8508898530993645,0.76067178038289,0.8580957743346792,-0.09021807271647453
757,38.68180329017039,0.5032717880548199,0,8,2020-04-07,,synthetic_background,0.008383513,0.037047311,300.1589357,302.9141554,303.1857029,-4.141981302,-5.82008536,0.9674952951479416,1.1226614764700182,0.9664259973183936,0.1551661813220766
758,36.782943517566686,4.31271284513141,0,8,2020-04-07,,synthetic_background,0.001502723,0.009450316,302.0761829,306.8550462,306.0471178,-7.041276801,-6.921804916,0.7596538014406615,0.6600949882425515,0.7212437422442017,-0.09955881319811
759,37.239289865671445,5.927838689088032,0,8,2020-04-07,,synthetic_background,0.020373911,0.050091013,294.041325,293.928896,294.323561,-6.663539878,,0.7535193198373521,0.7094402082016841,0.6295791355153658,-0.04407911163566802
760,36.63974147687634,5.708066673620579,0,8,2020-04-07,,synthetic_background,0.076963723,0.105052247,293.2696887,293.3451341,293.5763442,-6.694092195,,0.6483517107490308,0.7053438395266024,0.6906822132218802,0.05699212877757165
761,38.073050074339896,1.968002463456242,0,8,2020-04-07,,synthetic_background,0.00508067,0.019157722,300.2920303,303.3987854,304.1030206,-4.590619664,-6.627033638,0.9028405020164936,1.0494065763772045,0.7451543264761333,0.1465660743607109
762,36.34231702585736,2.252347871319344,0,8,2020-04-07,,synthetic_background,0.00068298,0.009197145,301.2927247,307.8903978,307.2096992,-5.578901745,-5.646068381,0.689124880376417,0.902844554634716,0.8535484703941354,0.21371967425829907
763,38.31227816824916,3.6205722535755767,0,8,2020-04-07,,synthetic_background,0.000413105,0.038889348,298.3399849,300.7911682,301.1921374,-6.0433897,-6.000702936,0.9825045584155558,0.7966468593193466,0.7615493785296042,-0.1858576990962092
764,36.88295788641712,3.425823009954672,0,8,2020-04-07,,synthetic_background,0.000317589,0.062301844,301.7574817,305.0631897,305.5496243,-9.215663596,-8.907966118,0.415057966454302,0.4361578505713867,0.3797986093788648,0.02109988411708469
765,38.63372170004669,2.068550304860093,0,8,2020-04-07,,synthetic_background,0.003009305,0.043838143,300.5278593,303.3290805,303.7541382,-7.821935161,-6.840748861,0.6330669582335077,0.5728571377074811,0.7063992179227369,-0.060209820526026525
766,38.95882514062259,1.7085357043073803,0,8,2020-04-07,,synthetic_background,0.003173381,0.042752921,300.8087024,303.9745883,304.4322144,-6.981889185,-7.430143138,0.6245857063434805,0.6676695332748639,0.7344756476727523,0.04308382693138335
767,38.454521756133936,0.5529784991801512,0,8,2020-04-07,,synthetic_background,0.009953931,0.042333543,299.3068469,301.2002773,301.5005412,-5.575876453,-5.191650435,0.8876594525246732,0.8675531100480358,0.8770242912798666,-0.02010634247663734
768,36.25827153590747,5.1198553958389645,0,8,2020-04-07,,synthetic_background,0.008491948,0.012816712,299.7190268,301.0812506,301.3798544,-4.845191476,-5.375721163,0.8842456053999883,0.9985666451167026,0.9961578281910496,0.11432103971671426
769,38.08256363332519,0.697230490806275,0,8,2020-04-07,,synthetic_background,0.009977013,0.023149594,298.8423504,301.1830519,301.3659763,-7.765923901,-6.382816819,0.7934663558138397,0.5733432442580961,0.6198036352308833,-0.2201231115557436
770,36.39611389174559,2.1841933817174013,0,8,2020-04-07,,synthetic_background,0.000928357,0.009322613,301.7629287,308.548487,307.693217,-7.414090953,-7.484815217,0.6264803183473711,0.6161539687834323,0.7665414318744929,-0.010326349563938741
771,38.45185146698999,0.1589943844759687,0,8,2020-04-07,,synthetic_background,0.021106482,0.06392832,299.5360353,300.7055942,300.6251235,-5.990370955,-5.040445577,0.8787287757191715,0.8106993973568581,1.0063315818481589,-0.06802937836231338
772,36.81346404527082,0.2372110958777591,0,8,2020-04-07,,synthetic_background,0.019399807,0.013616963,291.2116592,292.6030334,292.8786933,-5.602750417,-5.502606918,0.9411557730632149,0.8633564318737148,0.821532145004768,-0.07779934118950005
773,37.04616836520604,2.953457410673619,0,8,2020-04-07,,synthetic_background,0.001096845,0.03399752,301.5685982,305.5750278,306.7657051,-8.858375039,-8.549993961,0.412938926449473,0.4608838078264819,0.4855913461077619,0.04794488137700892
774,38.814623878547685,1.594089941499902,0,8,2020-04-07,,synthetic_background,0.003225565,0.036797746,301.0397191,304.0066792,304.5331693,-7.31383946,-6.807307162,0.7662164162137011,0.6262309762054192,0.7072778470593268,-0.13998544000828184
775,37.18219790495727,1.8981138056583349,0,8,2020-04-07,,synthetic_background,0.004870176,0.015004709,298.1937393,302.4516282,302.6649618,-6.105784262,-5.303280178,0.7244148128559355,0.7875206034453646,1.040919212193857,0.06310579058942911
776,36.54894981153114,3.609593636099529,0,8,2020-04-07,,synthetic_background,0.001085013,0.035894825,301.0483888,304.7179314,305.0491903,-9.06849833,-10.76204804,0.3547565558785693,0.4473262256938918,0.3503624382457009,0.0925696698153225
777,37.66403316216592,0.8229826333557813,0,8,2020-04-07,,synthetic_background,0.008644939,0.015719175,298.0656848,300.647288,300.8452841,-4.395614495,-5.796550679,0.8641582312099436,1.0696036374320734,1.2067321415750922,0.2054454062221298
778,36.79144293079795,3.426546544313574,0,8,2020-04-07,,synthetic_background,0.000496879,0.053891345,301.4134875,304.6938537,305.2703546,-6.490650281,-6.993168278,0.6225215354276983,0.7333118315927396,0.5807978720418386,0.11079029616504132
779,38.102140253905496,1.6969466875418082,0,8,2020-04-07,,synthetic_background,0.004785285,0.024321809,300.6486926,303.880936,304.1756063,-5.355365358,-5.470214711,0.8517473856021033,0.9169670527577598,0.7979837179320254,0.06521966715565652
780,36.89916304548891,1.6528781931806076,0,8,2020-04-07,,synthetic_background,0.006839931,0.037838801,295.706771,299.2591261,299.3618151,-5.921638156,-5.141055806,0.6135706383752959,0.8152425340499898,0.606463711333515,0.2016718956746939
781,36.15740126352487,1.733032982777736,0,8,2020-04-07,,synthetic_background,0.001050606,0.001043021,303.3965388,309.2202155,307.2448283,-8.879673653,-9.233085934,0.4555275666609381,0.4599131544746562,0.3853508417400563,0.004385587813718117
782,38.16134816108306,3.4162164474895267,0,8,2020-04-07,,synthetic_background,0.000135735,0.034121155,298.8560331,302.1867248,303.3226929,-7.357779817,-6.211765384,0.7263116895830098,0.6209016941913904,0.6872802570800768,-0.10540999539161944
783,37.63126895171568,3.025064873870585,0,8,2020-04-07,,synthetic_background,0.000472039,0.048956334,301.8645021,305.7131354,307.015743,-8.546302739,-8.426507611,0.6224470611427148,0.4929912869635309,0.3899096279049346,-0.12945577417918386
784,38.78695423675348,0.0171217517203376,0,8,2020-04-07,,synthetic_background,0.016653016,0.046523481,300.6363337,302.766765,303.1216729,-5.852816796,-4.693929994,0.830772523101263,0.8250122156837311,0.7004637483340144,-0.0057603074175319735
785,38.745875872734,3.780960140351105,0,8,2020-04-07,,synthetic_background,0.001775935,0.025842115,295.3417482,297.152301,298.0446059,-6.364492069,-6.077285149,0.6271399294375725,0.7505233574608423,0.9207617993944543,0.12338342802326985
786,36.34754279159501,1.2182372099027214,0,8,2020-04-07,,synthetic_background,0.005161136,0.006143525,299.6889487,303.5989318,302.2038019,-6.155080519,-6.717617826,0.9127245453904406,0.7821049738784556,0.668988841264582,-0.130619571511985
787,37.65046362233914,1.0240054012304547,0,8,2020-04-07,,synthetic_background,0.011136621,0.016517057,298.6302953,301.8768507,302.0692315,-6.081100426,-5.394267111,0.7854021294011677,0.7915313875482376,0.822967642738218,0.006129258147069883
788,37.92091171663319,4.59028415181649,0,8,2020-04-07,,synthetic_background,0.000912055,0.030818447,297.392779,299.9099833,300.5781508,-5.901322139,-3.69973023,0.92441894459082,0.8177223300814003,1.1316188974562738,-0.1066966145094197
789,38.43529804285042,2.4572167175384374,0,8,2020-04-07,,synthetic_background,0.002899364,0.026046424,299.8339574,302.7160976,303.4237075,-7.383427064,-6.943505151,0.6912940505653508,0.6178346477691594,0.7720113864964913,-0.07345940279619134
790,36.16340421995145,5.081833559134676,0,8,2020-04-07,,synthetic_background,0.004942641,0.005960523,301.5662056,304.1869147,303.716329,-5.304422127,-5.591129591,0.8514575512905115,0.9112963995599308,0.8002187918101495,0.05983884826941932
791,38.26773694838545,1.004340557937715,0,8,2020-04-07,,synthetic_background,0.005568445,0.021691828,300.3001032,302.9601026,303.3641805,-6.223488951,-4.753357977,0.8195438875091083,0.7771526111487937,0.9085861669999984,-0.04239127636031459
792,38.296586400569055,3.8622531972136818,0,8,2020-04-07,,synthetic_background,0.001432762,0.035752117,295.970101,298.0942226,298.8181627,-5.873289087,-4.819734695,0.7327038775741539,0.8219295756301626,0.9492237529402832,0.08922569805600866
793,38.52116259793657,2.857273247899081,0,8,2020-04-07,,synthetic_background,0.000708848,0.022224098,300.2357477,303.4928012,304.0199097,-6.772867335,-6.240591768,0.6861046219001807,0.6955352735712359,0.7670245988244533,0.009430651671055168
794,37.95859933715021,2.527934036321025,0,8,2020-04-07,,synthetic_background,0.00811936,0.036225154,298.3989368,301.9414177,302.9474542,-8.325377173,-8.497549738,0.5685935490865917,0.5140920867521946,0.4782210791927722,-0.05450146233439701
795,37.39925323408954,2.604635722890287,0,8,2020-04-07,,synthetic_background,0.001993716,0.024457916,301.4483345,304.9116923,305.7268053,-6.888559848,-6.293180383,0.7074967553010704,0.6797052883711417,0.7887767453811749,-0.02779146692992862
796,37.334684302758,5.133271517608252,0,8,2020-04-07,,synthetic_background,0.00403288,0.02015297,297.5498645,298.3914666,298.9842435,-6.12913082,-6.453943154,0.8863825147444355,0.8051111093908953,0.836997213456959,-0.08127140535354027
797,36.96485001525893,3.511202375936282,0,8,2020-04-07,,synthetic_background,0.000286847,0.0755167,301.7213977,304.8493821,304.4885838,-9.229621838,-8.638940656,0.4831200450784449,0.4530034615716074,0.4233893272602783,-0.03011658350683749
798,36.84513110150304,1.9677472689884872,0,8,2020-04-07,,synthetic_background,0.005900145,0.073808029,295.844271,300.0010857,298.7540894,-6.826148234,-5.676830693,0.7735916672144834,0.6878697568806518,0.7673815516385157,-0.08572191033383159
799,38.65161367386085,5.435218885520012,0,8,2020-04-07,,synthetic_background,0.002013624,0.004529222,296.0321507,298.4468431,298.8815851,-6.134346932,-3.231552592,0.90766691807496,0.7833692444934962,1.1486022678676422,-0.12429767358146382
800,37.75982082525187,1.1964187868913634,0,8,2020-04-07,,synthetic_background,0.011574552,0.021931886,298.9709203,302.206332,302.5420451,-5.175680038,-5.842174398,0.6967282905888712,0.9328319950063368,0.789035709910645,0.23610370441746564
801,36.578710088300944,4.5010503324437705,0,8,2020-04-07,,synthetic_background,0.002785772,0.006505772,301.602078,307.1227817,305.4141371,-8.242407255,-8.681163262,0.5075760006752834,0.5213924204005822,0.4878205432359528,0.01381641972529879
802,37.27099558550587,1.0261353019701174,0,8,2020-04-07,,synthetic_background,0.018680751,0.036037578,294.7871149,296.2897305,296.3825182,-5.283672869,-4.355926875,0.8592593771813712,0.9165852845868022,0.8573035840459603,0.057325907405430976
803,37.6974750825192,5.733440878525576,0,8,2020-04-07,,synthetic_background,0.002803296,0.004065766,296.4699871,297.8596469,298.1066556,-5.549241196,,0.8157609939427539,0.8717270457239119,0.808405043146359,0.05596605178115799
804,38.69718488780474,0.5088204099248881,0,8,2020-04-07,,synthetic_background,0.008383513,0.037047311,300.1589357,302.9141554,303.1857029,-6.015721109,-5.461292668,0.8697347124593431,0.8055143471499437,0.7687447024618345,-0.06422036530939934
805,37.624080512617375,1.583996732501114,0,8,2020-04-07,,synthetic_background,0.0049299,0.020307585,298.9145835,302.4868442,302.5533298,-6.037622465,-6.910229955,0.7990312733471814,0.7979673200373725,0.9040480976344136,-0.0010639533098089071
806,38.23000530054,4.806756169379607,0,8,2020-04-07,,synthetic_background,0.001329288,0.015952557,293.9816896,297.5224941,298.712439,-4.848028847,-4.11299281,1.0336718470612114,0.9867930392461184,0.8966338347660203,-0.046878807815093015
807,38.89538037426415,3.6548121888003138,0,8,2020-04-07,,synthetic_background,0.001356885,0.022438257,295.6543187,297.8544603,298.6086847,-6.238312608,-4.315805958,0.8714059834692929,0.7683985455872734,0.8225996724916445,-0.10300743788201949
808,36.35349798363352,4.1952955616081145,0,8,2020-04-07,,synthetic_background,0.00235422,0.018827914,302.3059517,306.0393941,305.3185154,-6.811544842,-5.926002443,0.6771980676169372,0.689769190804018,0.999147609533924,0.012571123187080757
809,37.43082075598856,1.012461195388607,0,8,2020-04-07,,synthetic_background,0.020311847,0.039037406,295.6379938,297.1045417,297.1862943,-5.404571715,-6.373237868,0.8716546670719788,0.9010384581175248,1.0234250858864036,0.029383791045546004
810,36.77747470947917,2.8095627419077225,0,8,2020-04-07,,synthetic_background,0.001438007,0.040721311,301.0924372,305.8292107,306.395691,-6.195834125,-5.026148915,0.859945059327067,0.7744963007163577,0.801424337022256,-0.08544875861070933
811,37.16678780396985,0.376419369391396,0,8,2020-04-07,,synthetic_background,0.019203916,0.018517479,292.3032933,293.934788,294.0963854,-6.495458824,-6.214916892,0.7174371681258225,0.7485011744781128,0.4928648368578284,0.03106400635229034
812,36.04331300021859,1.478965072061353,0,8,2020-04-07,,synthetic_background,0.003806427,0.004305764,300.028174,304.4763027,302.9771037,-5.429805781,-5.667922645,0.594524454933456,0.8906212419857427,0.7287551306009956,0.2960967870522867
813,36.93196350073812,2.253695915726407,0,8,2020-04-07,,synthetic_background,0.002736241,0.050615891,298.4514975,303.3055942,303.5193618,-4.99699336,-6.418228898,0.868000716088219,0.9661718633532632,0.9278193564273728,0.09817114726504417
814,37.49626881908696,3.3055434950967557,0,8,2020-04-07,,synthetic_background,0.000682846,0.096734702,300.9018447,304.5995503,303.5061185,-9.08151545,-8.553214216,0.4504267005168236,0.4398609571109809,0.519331378145755,-0.010565743405842709
815,38.6637568747308,3.793188377726733,0,8,2020-04-07,,synthetic_background,0.001775935,0.025842115,295.3417482,297.152301,298.0446059,-5.096076255,-4.941184939,0.8189204031179065,0.9449531036331792,0.6713852715027774,0.1260327005152727
816,36.15621402120753,2.4484069978190623,0,8,2020-04-07,,synthetic_background,0.001081541,0.008075117,304.0208606,309.4007385,308.4244887,-6.718199781,-7.50734501,0.6026544112291892,0.7021317954849511,0.590155464134791,0.09947738425576191
817,36.70123314854024,3.227798070097317,0,8,2020-04-07,,synthetic_background,0.000609771,0.038038804,301.5411188,305.3261562,306.8704902,-9.57483469,-8.557690224,0.4382802211496904,0.4022465497204031,0.5609113673166952,-0.03603367142928732
818,36.50574264847606,3.9659155276540377,0,8,2020-04-07,,synthetic_background,0.002062604,0.028438761,302.0994033,305.4448954,305.4571764,-8.199756006,-8.872363445,0.5585314422098852,0.529997439361364,0.5243698388123689,-0.028534002848521145
819,37.76323358797744,2.5728321541945585,0,8,2020-04-07,,synthetic_background,0.00621593,0.03647527,300.9859159,304.6271653,305.5171536,-11.02579124,-9.416278743,0.3416277454493081,0.3050927385444432,0.4093623787720248,-0.036535006904864886
820,38.18621048370781,4.677665448461735,0,8,2020-04-07,,synthetic_background,0.001140878,0.015082701,294.731988,297.8601081,299.0348999,-4.986958843,-6.71232239,0.9877680625633184,0.9632064532320188,0.9775091700755622,-0.024561609331299583
821,38.51029322788716,0.5546157855786618,0,8,2020-04-07,,synthetic_background,0.009953931,0.042333543,299.3068469,301.2002773,301.5005412,-4.924472157,-6.017580208,0.9021979364810414,0.9737671601603158,0.8660587403706244,0.07156922367927443
822,38.92015061815707,2.179960770562217,0,8,2020-04-07,,synthetic_background,0.002303779,0.037891343,300.5550077,303.5100972,303.9663344,-7.169162143,-6.915056858,0.8077093070464696,0.6442464006491745,0.650377614838506,-0.1634629063972951
823,36.56217171753471,1.2817007022442275,0,8,2020-04-07,,synthetic_background,0.009680912,0.031333565,291.5925728,293.7117682,293.4193726,-8.031739627,-6.439307015,0.657005402894314,0.5546558775914774,0.5873291806327525,-0.10234952530283659
824,37.59443538664766,4.614716620459142,0,8,2020-04-07,,synthetic_background,0.000260413,0.016353383,298.4182673,301.8032775,302.635844,-5.21164655,-4.369525949,0.7880721819412502,0.925975704335712,0.8832198306256626,0.1379035223944618
825,38.63462466638328,2.2708397718800946,0,8,2020-04-07,,synthetic_background,0.002939329,0.038434371,300.3502334,302.6333014,303.268982,-5.770665671,-5.907437591,0.9784849801027218,0.8455392139887048,0.8528916845061945,-0.13294576611401698
826,36.80584060474422,2.3939469262183684,0,8,2020-04-07,,synthetic_background,0.002167136,0.046443715,299.8154515,305.0563266,305.468472,-7.225454214,-6.86472769,0.5579550292529278,0.6445662255865607,0.6068401915239249,0.0866111963336329
827,37.68785425473979,4.828114084498407,0,8,2020-04-07,,synthetic_background,0.000558466,0.013901963,298.8851889,301.2008795,302.0595473,-5.043006071,-6.608475081,0.915737837481368,0.9538008171267008,0.7560070475113225,0.038062979645332784
828,37.15,0.233333333000076,1,9,2020-04-14,2020-04-15,fao_swarm,0.042194471,0.036509573,290.1953723,291.6977491,291.6474433,-6.692686213,-6.040500047,0.7921715137189336,0.708129784337384,0.7525177528836093,-0.08404172938154952
829,37.05,0.116666667000061,1,9,2020-04-14,2020-04-15,fao_swarm,0.042484671,0.028606533,290.8047907,291.7882602,291.7274889,-5.123643762,-6.049057373,0.8281163726270558,0.945003706713651,0.7920825018695938,0.11688733408659513
830,36.9230555560001,2.24,1,9,2020-04-14,2020-04-14,fao_swarm,0.003292203,0.060948997,295.9967612,299.9850104,299.4386814,-4.326388916,-6.05277898,0.9515004396196712,1.084032523380119,0.9341320295040654,0.13253208376044767
831,36.841388889,2.48722222200007,1,9,2020-04-14,2020-04-14,fao_swarm,0.001871854,0.043416961,300.6608996,305.7700093,306.1468954,-9.971256277,-9.407900429,0.5254711686483329,0.3713086211656168,0.607195619054377,-0.15416254748271607
832,37.022222222,0.870555556000056,1,9,2020-04-14,2020-04-14,fao_swarm,0.014033616,0.022756173,293.8446182,295.2964362,295.3101007,-5.044792247,-6.371532073,0.8932894931085851,0.9535021075843916,0.7921791041652494,0.0602126144758065
833,37.005,0.866666667000061,1,9,2020-04-14,2020-04-14,fao_swarm,0.014033616,0.022756173,293.8446182,295.2964362,295.3101007,-4.633599762,-5.612012498,0.93993353597883,1.023952625791166,0.8383521187909618,0.08401908981233597
834,37.5552777780001,0.774166667000031,1,9,2020-04-14,2020-04-14,fao_swarm,0.011616036,0.022113665,297.4752822,299.8121317,300.0496352,-4.558146361,-4.695261547,0.8622999998501011,1.0376162718608968,0.8515932153749636,0.1753162720107957
835,36.850833333,2.3025,1,9,2020-04-14,2020-04-14,fao_swarm,0.002736241,0.050615891,298.4514975,303.3055942,303.5193618,-6.340531746,-5.738855377,0.841628154002551,0.7541218565106729,0.7669429720338692,-0.0875062974918781
836,37.3172222220001,0.978888889000075,1,9,2020-04-14,2020-04-14,fao_swarm,0.018680751,0.036037578,294.7871149,296.2897305,296.3825182,-5.596115197,-6.245023387,0.6745611773715392,0.8673077308573922,0.8571873635215861,0.192746553485853
837,37.3183333330001,0.979166667000072,1,9,2020-04-14,2020-04-14,fao_swarm,0.018680751,0.036037578,294.7871149,296.2897305,296.3825182,-5.539746822,-5.186741563,0.9464584060630216,0.8781602264851496,1.1078911957765305,-0.06829817957787199
838,36.831944444,2.49166666700006,1,9,2020-04-14,2020-04-14,fao_swarm,0.001871854,0.043416961,300.6608996,305.7700093,306.1468954,-8.681414556,-10.42234365,0.4251212099098903,0.4780821287432137,0.4107209300739076,0.052960918833323434
839,37.278333333,0.359166667000068,1,9,2020-04-14,2020-04-14,fao_swarm,0.017406568,0.01524125,294.1672853,296.4608296,296.719454,-5.986489759,-4.550163139,0.8968514308963595,0.8138611736469114,0.6905989584461164,-0.0829902572494482
840,36.8602777780001,1.33555555600003,1,9,2020-04-14,2020-04-14,fao_swarm,0.005393833,0.009059935,296.2522354,298.7642205,298.5532647,-6.824942157,-5.493821481,0.6367854994044723,0.7543013952592701,0.5417118829634061,0.11751589585479782
841,37.400833333,1.00055555600005,1,9,2020-04-14,2020-04-15,fao_swarm,0.020311847,0.039037406,295.6379938,297.1045417,297.1862943,-7.212673387,-6.257538657,0.7377111541408841,0.6448354295415236,0.9379321869369962,-0.09287572459936044
842,36.9841666670001,0.85138888900002,1,9,2020-04-14,2020-04-15,fao_swarm,0.014033616,0.022756173,293.8446182,295.2964362,295.3101007,-5.386113564,-5.201214681,0.8919070149996801,0.8976057570486932,0.8897468629279781,0.005698742049013106
843,37.397777778,1.00361111100005,1,9,2020-04-14,2020-04-15,fao_swarm,0.020311847,0.039037406,295.6379938,297.1045417,297.1862943,-5.669445385,-5.332546483,0.7399128803660692,0.8533986733556583,0.6777980636070186,0.11348579298958916
844,36.895277778,2.31388888900005,1,9,2020-04-14,2020-04-15,fao_swarm,0.002736241,0.050615891,298.4514975,303.3055942,303.5193618,-4.81450709,-4.763063394,0.9021765128626068,0.9927927933706878,0.8895022652437139,0.09061628050808102
845,36.9255555560001,2.24138888900006,1,9,2020-04-14,2020-04-15,fao_swarm,0.003292203,0.060948997,295.9967612,299.9850104,299.4386814,-5.648927314,-5.193315781,1.087429746673388,0.856346663910296,1.016290439919883,-0.23108308276309197
846,36.826111111,2.495,1,9,2020-04-14,2020-04-15,fao_swarm,0.001871854,0.043416961,300.6608996,305.7700093,306.1468954,-7.175033221,-7.157459072,0.7089825413091939,0.6432950678457716,0.7769327916564133,-0.0656874734634223
847,37.4819444440001,0.496666667000056,1,9,2020-04-14,2020-04-15,fao_swarm,0.010873318,0.011885687,296.5482532,299.2201558,299.3119344,-4.538799027,-5.730152461,1.0273329520257852,1.0410951895228222,0.8521747078809654,0.013762237497036978
848,37.201666667,0.430277778000061,1,9,2020-04-14,2020-04-15,fao_swarm,0.019203916,0.018517479,292.3032933,293.934788,294.0963854,-7.127720711,-6.949840425,0.6584427913052378,0.6603679009044967,0.5740717736636802,0.0019251095992589562
849,36.839444444,0.556388889000061,1,9,2020-04-14,2020-04-15,fao_swarm,0.01628691,0.017420351,292.2283476,293.6917324,293.7191393,-5.443789655,-5.540143876,0.9736025106448212,0.8883940285684032,0.8774143214387994,-0.08520848207641796
850,36.832222222,2.48611111100007,1,9,2020-04-14,2020-04-15,fao_swarm,0.001871854,0.043416961,300.6608996,305.7700093,306.1468954,-9.330362003,-7.639562917,0.4593845779108187,0.4385163841792541,0.6314373316887172,-0.02086819373156462
851,37.005,0.866666667000061,1,9,2020-04-14,2020-04-15,fao_swarm,0.014033616,0.022756173,293.8446182,295.2964362,295.3101007,-4.633599762,-5.612012498,0.93993353597883,1.023952625791166,0.8383521187909618,0.08401908981233597
852,36.6666666670001,0.6,1,9,2020-04-14,2020-04-14,fao_swarm,0.021949217,0.024773597,291.9646486,293.2120503,293.1683852,-5.145528325,-5.539715349,0.8700394903518266,0.9572240339959328,0.8967873949434975,0.08718454364410622
853,36.6333333330001,1.26666666700004,1,9,2020-04-14,2020-04-14,fao_swarm,0.009680912,0.031333565,291.5925728,293.7117682,293.4193726,-5.522136865,-5.288341841,0.8639547961458759,0.8760272666324628,0.8231103098007784,0.012072470486586884
854,37.4833333330001,0.516666667000038,1,9,2020-04-14,2020-04-14,fao_swarm,0.010873318,0.011885687,296.5482532,299.2201558,299.3119344,-4.247722424,-5.603034098,1.0559867692968876,1.0943330630861854,0.8651091525600916,0.03834629378929777
855,37.583333333,0.933333333000064,1,9,2020-04-14,2020-04-14,fao_swarm,0.013099685,0.023041426,297.5595487,300.02123,300.2558201,-4.955251417,-5.72752149,0.9452902246948812,0.9688846476217406,0.9687305252298718,0.023594422926859426
856,37.587777778,0.360555556000065,1,9,2020-04-14,2020-04-15,fao_swarm,0.01422821,0.014771669,295.8925728,298.0655388,298.2316936,-5.609932495,-6.918668551,0.6220566254982045,0.8696568421171955,0.7274612553063174,0.247600216618991
857,37.266666667,5.65,1,9,2020-04-14,2020-04-15,fao_swarm,0.005243018,0.009049996,293.119922,293.6884121,294.2671211,-8.14338889,-5.934011556,0.6412200821391916,0.5387619942280684,0.652244944341612,-0.10245808791112321
858,37.0,5.33333333300004,1,9,2020-04-14,2020-04-15,fao_swarm,0.002385721,0.025400146,301.0600858,299.1665208,299.4991632,-5.513840456,-4.418269158,0.9898108005922018,0.8773030373767938,1.059665679772403,-0.11250776321540801
859,36.783333333,5.65,1,9,2020-04-14,2020-04-15,fao_swarm,0.010204196,0.020831718,298.7128419,298.721013,298.8006986,-6.35151685,-5.445179575,0.8213408906971482,0.7523483960051423,0.758430961316317,-0.06899249469200597
860,36.9166666670001,5.28333333300003,1,9,2020-04-14,2020-04-15,fao_swarm,0.001058653,0.010415822,299.6897842,301.6578186,301.6632094,-4.798305129,-4.698662712,0.9455495088948892,1.0007068586516066,1.0632688065667797,0.05515734975671738
861,36.9333333330001,5.41666666700007,1,9,2020-04-14,2020-04-15,fao_swarm,0.000936583,0.008687421,300.3896974,302.5288635,302.6068943,-6.695180499,-5.863331185,0.8696407301816458,0.7290092494287532,0.8335289667121092,-0.14063148075289256
862,37.1333333330001,5.85,1,9,2020-04-14,2020-04-15,fao_swarm,0.009822384,0.015916943,296.8724502,295.5566901,296.1344279,-6.926671929,,0.5717041485426365,0.6747683613359511,0.6018163034070066,0.10306421279331457
863,37.016666667,5.58333333300004,1,9,2020-04-14,2020-04-16,fao_swarm,0.001690239,0.003755002,300.3963543,298.7000657,299.2592598,-7.125551583,-4.532561101,0.9536121973631184,0.6498375584960256,0.8581058360467104,-0.30377463886709277
864,37.1333333330001,5.08333333300004,1,9,2020-04-14,2020-04-16,fao_swarm,0.009277016,0.060867145,297.6622777,297.076357,297.1705119,-6.079604272,-7.355754614,0.7006020132980384,0.792164109687184,0.7133352420586041,0.09156209638914559
865,36.9,5.61666666700006,1,9,2020-04-14,2020-04-16,fao_swarm,0.000752106,0.001128524,300.7130644,301.4233947,301.3350519,-5.225059868,-5.238785864,0.7152528497948181,0.9259125539756464,0.8776114224998438,0.21065970418082836
866,36.8666666670001,5.76666666700004,1,9,2020-04-14,2020-04-16,fao_swarm,0.00189969,0.001557022,296.1614368,298.248883,297.9010729,-8.169023294,,0.615939062956065,0.5291021254085314,0.5837536009091105,-0.08683693754753363
867,36.783333333,5.46666666700003,1,9,2020-04-14,2020-04-16,fao_swarm,0.006449625,0.016350641,300.4498916,300.5355258,300.7486532,-5.365600039,-5.35909691,0.8702900474703763,0.9182155443378056,0.8189259903893382,0.04792549686742931
868,36.766666667,5.43333333300006,1,9,2020-04-14,2020-04-16,fao_swarm,0.0058925,0.01030071,299.7732098,301.6878207,301.8233168,-5.028574657,-5.507331904,0.8455324907122026,0.9579814481225344,0.9714007006448276,0.11244895741033178
869,36.9166666670001,5.28333333300003,1,9,2020-04-14,2020-04-16,fao_swarm,0.001058653,0.010415822,299.6897842,301.6578186,301.6632094,-4.798305129,-4.698662712,0.9455495088948892,1.0007068586516066,1.0632688065667797,0.05515734975671738
870,37.016666667,5.31666666700005,1,9,2020-04-14,2020-04-16,fao_swarm,0.002385721,0.025400146,301.0600858,299.1665208,299.4991632,-6.238139957,-3.999957041,0.8290840291749358,0.7945871632546133,0.6665819423997353,-0.03449686592032253
871,37.266666667,5.13333333300005,1,9,2020-04-14,2020-04-16,fao_swarm,0.00403288,0.02015297,297.5498645,298.3914666,298.9842435,-6.08986195,-5.865092623,0.848563172031316,0.7981138747127272,0.7735473868714305,-0.050449297318588826
872,37.3,5.13333333300005,1,9,2020-04-14,2020-04-16,fao_swarm,0.00403288,0.02015297,297.5498645,298.3914666,298.9842435,-6.246219265,-7.742367893,0.6210374106334555,0.770934625701016,0.5520334361215812,0.14989721506756049
873,37.05,5.11666666700006,1,9,2020-04-14,2020-04-16,fao_swarm,0.005741373,0.028205647,301.29547,299.5003045,299.9188789,-5.521642832,-6.196546316,0.7786685593278102,0.8789469261233263,0.8314326479559961,0.10027836679551605
874,37.05,5.58333333300004,1,9,2020-04-14,2020-04-16,fao_swarm,0.001690239,0.003755002,300.3963543,298.7000657,299.2592598,-6.710177801,-4.978476534,1.0431210560380575,0.7234184151398553,0.8913430554608102,-0.3197026408982022
875,36.85,5.61666666700006,1,9,2020-04-14,2020-04-16,fao_swarm,0.000752106,0.001128524,300.7130644,301.4233947,301.3350519,-4.91103867,-3.470265161,0.9608130174080496,0.9791687112121594,0.8890022766388412,0.01835569380410984
876,36.75,5.46666666700003,1,9,2020-04-14,2020-04-16,fao_swarm,0.019875988,0.03064613,296.8487794,295.9992302,296.3549792,-3.877402362,-3.979788134,1.1158062237470174,1.162138070920122,0.9477696540970614,0.04633184717310446
877,37.4166666670001,5.83333333300004,1,9,2020-04-14,2020-04-17,fao_swarm,0.018436298,0.0346639,296.7905492,295.3272196,295.749212,-6.954636826,-4.729069513,0.8310181492755602,0.7027824814695212,0.818631454165883,-0.128235667806039
878,36.8833333330001,5.56666666700005,1,9,2020-04-14,2020-04-17,fao_swarm,0.000752106,0.001128524,300.7130644,301.4233947,301.3350519,-6.094240909,-3.911696355,0.7848671545329355,0.7892044357366603,0.8334864064266989,0.004337281203724785
879,36.8833333330001,5.25,1,9,2020-04-14,2020-04-17,fao_swarm,0.001058653,0.010415822,299.6897842,301.6578186,301.6632094,-5.43013765,-6.498061053,0.7810744753788226,0.8983753274188793,0.9392601254539132,0.11730085204005669
880,36.533333333,5.8,1,9,2020-04-14,2020-04-17,fao_swarm,0.098099873,0.108444332,294.7119684,294.4090013,294.7226875,-5.53444272,,0.7551502271316458,0.8740523246591112,0.5709396286963739,0.11890209752746539
881,37.016666667,5.75,1,9,2020-04-14,2020-04-17,fao_swarm,0.001391068,0.001729994,299.8609919,299.4115024,299.7652765,-6.093350674,-4.963415572,0.9193617733118484,0.8016778003615792,1.006097690674455,-0.11768397295026922
882,37.266666667,5.65,1,9,2020-04-14,2020-04-17,fao_swarm,0.005243018,0.009049996,293.119922,293.6884121,294.2671211,-8.14338889,-5.934011556,0.6412200821391916,0.5387619942280684,0.652244944341612,-0.10245808791112321
883,36.766666667,5.46666666700003,1,9,2020-04-14,2020-04-17,fao_swarm,0.006449625,0.016350641,300.4498916,300.5355258,300.7486532,-4.712878174,-3.779732219,0.9564123838208768,1.010265736630812,0.8969621771131189,0.053853352809935306
884,37.966666667,5.68333333300006,1,9,2020-04-14,2020-04-18,fao_swarm,0.04344523,0.044696688,294.3878256,295.0592454,295.5292576,-6.012390846,-4.235631798,0.7244090788626536,0.8059852481735237,0.8048192708997273,0.08157616931087008
885,36.9166666670001,5.66666666700007,1,9,2020-04-14,2020-04-18,fao_swarm,0.00079228,0.000912621,298.0351835,299.5202914,299.3397936,-5.751717572,-4.568787771,1.138911321564778,0.8432667214257901,0.7220108989159658,-0.29564460013898786
886,36.8833333330001,5.61666666700006,1,9,2020-04-14,2020-04-18,fao_swarm,0.000752106,0.001128524,300.7130644,301.4233947,301.3350519,-5.850929453,-5.983780661,0.9044275180723104,0.8280482597091483,0.8525548453362793,-0.07637925836316206
887,36.65,0.433333333000064,1,9,2020-04-14,2020-04-16,fao_swarm,0.031932354,0.02268882,291.362511,293.0804585,293.2805922,-4.713735801,-5.884192032,0.7600622641197825,1.0151074307576489,0.8768957287267736,0.25504516663786636
888,36.583333333,0.683333333000064,1,9,2020-04-14,2020-04-16,fao_swarm,0.025561899,0.030501469,291.7344619,293.1299974,293.0432984,-5.527174051,-5.445002949,0.7982656384354168,0.8884869553177952,0.7765081243281197,0.09022131688237844
889,36.6,0.716666667000027,1,9,2020-04-14,2020-04-16,fao_swarm,0.025561899,0.030501469,291.7344619,293.1299974,293.0432984,-5.981692435,-4.641839296,0.9696874366141311,0.8233371783122032,0.7916290458647124,-0.14635025830192794
890,36.966666667,0.633333333000053,1,9,2020-04-14,2020-04-17,fao_swarm,0.015512109,0.024881407,293.5664769,294.8783481,294.8672187,-7.867034048,-5.825787213,0.894235039873207,0.5618511455827656,0.7490269751114055,-0.33238389429044135
891,37.016666667,0.583333333000041,1,9,2020-04-14,2020-04-17,fao_swarm,0.015512109,0.024881407,293.5664769,294.8783481,294.8672187,-6.776931168,-5.289373983,0.7481132299239999,0.697895455511697,0.7811383732738546,-0.05021777441230291
892,37.016666667,0.45,1,9,2020-04-14,2020-04-17,fao_swarm,0.020640507,0.020685851,292.0499079,293.3870178,293.5968086,-5.896383101,-5.235866989,0.9453871521943557,0.8323008425224465,0.8751783606571937,-0.11308630967190914
893,37.316666667,0.416666667000072,1,9,2020-04-14,2020-04-17,fao_swarm,0.017406568,0.01524125,294.1672853,296.4608296,296.719454,-6.004855197,-6.629518861,0.7747333383366478,0.8031692243795971,0.8986252936717459,0.028435886042949332
894,37.283333333,0.45,1,9,2020-04-14,2020-04-17,fao_swarm,0.017406568,0.01524125,294.1672853,296.4608296,296.719454,-8.279920019,-7.108976555,0.6895509135092199,0.5258080527974641,0.7950526854391349,-0.1637428607117558
895,37.516666667,0.433333333000064,1,9,2020-04-14,2020-04-17,fao_swarm,0.014246613,0.012079998,295.8194229,298.3304368,298.509097,-6.507427715,-5.355963316,0.85065759589927,0.7334402308486263,1.0353480749027266,-0.11721736505064373
896,37.5,0.416666667000072,1,9,2020-04-14,2020-04-17,fao_swarm,0.014246613,0.012079998,295.8194229,298.3304368,298.509097,-5.531752374,-5.998909289,0.7597500188401018,0.8796383885524549,0.8107176647028315,0.11988836971235306
897,36.6333333330001,1.11666666700006,1,9,2020-04-14,2020-04-17,fao_swarm,0.022942752,0.052484407,290.7217341,292.3804857,292.0761272,-5.945928879,-6.311373657,0.6875433921765667,0.8119077975654463,0.7603587063595492,0.1243644053888796
898,36.566666667,0.883333333000053,1,9,2020-04-14,2020-04-17,fao_swarm,0.029509336,0.056461795,291.6382434,292.8466912,292.603064,-7.707075535,-5.963202809,0.7414630192955751,0.5798803693119141,0.6495635409694946,-0.161582649983661
899,36.716666667,2.75,1,9,2020-04-14,2020-04-17,fao_swarm,0.000969082,0.029031529,303.006695,305.440566,305.9915406,-6.863627988,-7.616491079,0.6329509926261436,0.6926696297988397,0.7126577365776579,0.0597186371726961
900,36.6166666670001,1.28333333300003,1,9,2020-04-14,2020-04-17,fao_swarm,0.009680912,0.031333565,291.5925728,293.7117682,293.4193726,-8.002449241,-6.802429525,0.6166881351380036,0.5558402327884199,0.6186533456671113,-0.060847902349583705
901,36.6833333330001,1.05,1,9,2020-04-14,2020-04-17,fao_swarm,0.022245735,0.041208162,292.0981989,292.9787875,292.7660848,-6.545374772,-5.362051316,0.9420149803428676,0.7274373292034103,0.7925183704781529,-0.21457765113945726
902,36.583333333,0.7,1,9,2020-04-14,2020-04-18,fao_swarm,0.025561899,0.030501469,291.7344619,293.1299974,293.0432984,-7.49258039,-5.032279499,0.7695161247055553,0.6189810986518595,0.6661949681391588,-0.15053502605369584
903,37.1666666670001,0.383333333000053,1,9,2020-04-14,2020-04-18,fao_swarm,0.019203916,0.018517479,292.3032933,293.934788,294.0963854,-5.590824555,-4.971049206,0.6712536315403971,0.873830172045483,0.7923146506123178,0.2025765405050859
904,37.35,0.35,1,9,2020-04-14,2020-04-18,fao_swarm,0.032672405,0.025003671,292.0854439,293.4308817,293.4932279,-6.76141065,-6.032030849,1.04589294471094,0.7002561901969883,0.8153821316999256,-0.3456367545139517
905,37.005,0.865277778000063,1,9,2020-04-14,2020-04-16,fao_swarm,0.014033616,0.022756173,293.8446182,295.2964362,295.3101007,-5.489725628,-4.450162729,0.9623135401615248,0.8811058314139412,0.7779343094900059,-0.08120770874758365
906,37.3144444440001,0.976111111000023,1,9,2020-04-14,2020-04-16,fao_swarm,0.018680751,0.036037578,294.7871149,296.2897305,296.3825182,-5.978338471,-5.857025358,0.8261216868334313,0.8073292025431975,0.8762314675749188,-0.018792484290233835
907,36.825555556,2.48916666700006,1,9,2020-04-14,2020-04-16,fao_swarm,0.001871854,0.043416961,300.6608996,305.7700093,306.1468954,-8.534599646,-8.677378102,0.4744203579606847,0.4959492471146486,0.4993628847964363,0.021528889153963893
908,36.908333333,2.24333333300007,1,9,2020-04-14,2020-04-16,fao_swarm,0.003292203,0.060948997,295.9967612,299.9850104,299.4386814,-5.129572357,-6.143814971,0.7654127999937274,0.9410666853257372,0.8484703300214831,0.17565388533200987
909,37.3113888890001,0.98055555600007,1,9,2020-04-14,2020-04-16,fao_swarm,0.018680751,0.036037578,294.7871149,296.2897305,296.3825182,-5.406078864,-5.587917291,1.0014208175408572,0.9064805382142842,1.0387157872793074,-0.09494027932657301
910,36.895277778,2.31388888900005,1,9,2020-04-14,2020-04-16,fao_swarm,0.002736241,0.050615891,298.4514975,303.3055942,303.5193618,-4.81450709,-4.763063394,0.9021765128626068,0.9927927933706878,0.8895022652437139,0.09061628050808102
911,36.653611111,1.05083333300007,1,9,2020-04-14,2020-04-16,fao_swarm,0.016915113,0.029526397,291.5389433,292.7240838,292.525373,-6.193082438,-6.205740525,0.8177665317190487,0.7790720881017351,0.8256205906695067,-0.038694443617313556
912,36.711111111,0.902777778000029,1,9,2020-04-14,2020-04-16,fao_swarm,0.021956235,0.03298062,292.0889053,293.0395243,292.8815905,-5.584134589,-6.21928966,0.8905274066872572,0.8664625410760982,0.6831467344698647,-0.024064865611158948
913,36.473611111,0.855833333000021,1,9,2020-04-14,2020-04-16,fao_swarm,0.029056206,0.049709081,292.0999404,293.7471361,293.470105,-5.274760941,-5.581517969,0.7319166849394171,0.91562024051221,0.7836700460657254,0.18370355557279294
914,36.841388889,2.48722222200007,1,9,2020-04-14,2020-04-16,fao_swarm,0.001871854,0.043416961,300.6608996,305.7700093,306.1468954,-9.971256277,-9.407900429,0.5254711686483329,0.3713086211656168,0.607195619054377,-0.15416254748271607
915,37.0027777780001,0.871944444000064,1,9,2020-04-14,2020-04-16,fao_swarm,0.014033616,0.022756173,293.8446182,295.2964362,295.3101007,-5.162817599,-4.885330589,0.8309331076246211,0.9339068896686676,0.8019627570476189,0.1029737820440465
916,36.718611111,0.837222222000037,1,9,2020-04-14,2020-04-16,fao_swarm,0.019931093,0.023021176,292.0309246,293.3621534,293.5032593,-7.690648565,-8.687466928,0.4938713214887089,0.5824907809353882,0.4731073253159165,0.08861945944667932
917,36.842777778,2.48944444400007,1,9,2020-04-14,2020-04-16,fao_swarm,0.001871854,0.043416961,300.6608996,305.7700093,306.1468954,-7.021144666,-7.175590401,0.7609314916717635,0.7633968060512435,0.3623997747551838,0.0024653143794799437
918,36.830555556,2.28361111100003,1,9,2020-04-14,2020-04-17,fao_swarm,0.002655536,0.054995715,296.8350424,302.8251959,302.8686402,-6.110819688,-5.233084107,1.077627491823422,0.803101907885788,0.92403341083362,-0.27452558393763415
919,36.825555556,2.48694444400007,1,9,2020-04-14,2020-04-18,fao_swarm,0.001871854,0.043416961,300.6608996,305.7700093,306.1468954,-8.111172487,-7.662177704,0.6085768936258712,0.537741746634616,0.4747348487117079,-0.07083514699125515
920,38.078888889,2.32722222200005,1,9,2020-04-14,2020-04-18,fao_swarm,0.007850468,0.025970458,297.9934951,299.4342834,299.8914375,-6.078140852,-5.206813066,0.9223672323190838,0.7915541479851251,0.8173448555768403,-0.13081308433395866
921,36.5711111110001,0.855277778000072,1,9,2020-04-14,2020-04-18,fao_swarm,0.029509336,0.056461795,291.6382434,292.8466912,292.603064,-5.06068817,-5.217830747,0.910465260292718,0.9603631270182058,0.864325656162214,0.049897866725487794
922,36.5583333330001,0.712777778000032,1,9,2020-04-14,2020-04-18,fao_swarm,0.025561899,0.030501469,291.7344619,293.1299974,293.0432984,-5.934293859,-6.373898072,0.9806030825557004,0.8127962062625218,0.8604439071382249,-0.1678068762931786
923,36.763611111,0.946666667000045,1,9,2020-04-14,2020-04-16,fao_swarm,0.014887616,0.016104474,291.8632597,292.9474127,292.9402765,-8.821679436,-8.330005262,0.878134449458464,0.4694246556600272,0.6066063338057415,-0.40870979379843675
924,36.645,5.66861111100008,1,9,2020-04-14,2020-04-18,fao_swarm,0.076963723,0.105052247,293.2696887,293.3451341,293.5763442,-7.913697706,,1.0054777219909226,0.5566822023932382,0.6732654474994118,-0.4487955195976844
925,36.7494444440001,5.49027777800006,1,9,2020-04-14,2020-04-18,fao_swarm,0.019875988,0.03064613,296.8487794,295.9992302,296.3549792,-4.8925943,-4.207328253,0.9291575875080266,0.9794774422133782,0.7726125581977216,0.05031985470535161
926,36.7458333330001,5.4975,1,9,2020-04-14,2020-04-18,fao_swarm,0.019875988,0.03064613,296.8487794,295.9992302,296.3549792,-5.538857066,-7.819955075,0.9093290648704696,0.9112795379288092,0.8038841149186916,0.001950473058339619
927,36.960555556,5.40722222200003,1,9,2020-04-14,2020-04-18,fao_swarm,0.002336592,0.017505377,300.52232,299.2614752,299.9451539,-5.920944309,-6.683791702,0.7384044258217233,0.8154601083295798,0.8130560553809347,0.07705568250785655
928,37.15,5.66666666700007,1,9,2020-04-14,2020-04-20,fao_swarm,0.004002869,0.005203515,296.3779244,296.2127122,296.7748468,-5.075307179,-6.30561868,0.7766052809876438,0.9484404012164244,0.9250181250965622,0.17183512022878056
929,36.65,1.28333333300003,1,9,2020-04-14,2020-04-19,fao_swarm,0.009680912,0.031333565,291.5925728,293.7117682,293.4193726,-5.633455418,-5.969336897,0.7514250303819553,0.8678016203031474,0.7638001735071414,0.11637658992119215
930,36.6166666670001,1.18333333300006,1,9,2020-04-14,2020-04-19,fao_swarm,0.01524891,0.037230357,290.1210016,292.2099453,291.9033787,-6.01633871,-6.158384925,0.819494250751593,0.8310021340468288,0.7012530976252811,0.011507883295235777
931,36.516666667,2.18333333300006,1,9,2020-04-14,2020-04-19,fao_swarm,0.001068652,0.013916089,303.7448081,308.6781202,307.9711955,-11.86256556,-12.32201432,0.2171815437181824,0.2449703306782547,0.1150540796300473,0.02778878696007228
932,36.566666667,1.86666666700006,1,9,2020-04-14,2020-04-19,fao_swarm,0.003914833,0.028643771,298.9147299,303.5710944,303.5712715,-8.222639763,-7.832585994,0.5277617788232114,0.5237128762681458,0.5271122704740874,-0.0040489025550656255
933,36.566666667,0.666666667000072,1,9,2020-04-14,2020-04-20,fao_swarm,0.025561899,0.030501469,291.7344619,293.1299974,293.0432984,-6.441224114,-6.002853154,0.9293541785110498,0.7416724345172443,0.7199606828098588,-0.18768174399380555
934,36.966666667,0.833333333000041,1,9,2020-04-14,2020-04-20,fao_swarm,0.013521835,0.023402869,294.1963651,295.9902784,295.9727255,-6.00254826,-8.722719503,0.8249153593713742,0.8026635074048143,0.5827491102097434,-0.022251851966559877
935,37.4,3.55,1,9,2020-04-14,2020-04-20,fao_swarm,0.000397101,0.105650529,301.3847766,304.8335076,303.1914266,-7.34352472,-7.744239622,0.6373443097764075,0.623539161013583,0.5511969167918673,-0.01380514876282457
936,37.1666666670001,0.2,1,9,2020-04-14,2020-04-20,fao_swarm,0.042194471,0.036509573,290.1953723,291.6977491,291.6474433,-4.216790401,-5.638167607,1.0035065770877163,1.1025615693876645,0.8895811858551085,0.09905499229994819
937,36.9333333330001,1.78333333300003,1,9,2020-04-14,2020-04-20,fao_swarm,0.009006232,0.067033707,295.0825251,297.3822977,296.9980401,-7.04808026,-7.342609042,0.7319246921823388,0.6611107656830137,0.586912741779404,-0.07081392649932505
938,36.55,0.733333333000076,1,9,2020-04-14,2020-04-20,fao_swarm,0.025561899,0.030501469,291.7344619,293.1299974,293.0432984,-7.461535793,-8.321413336,0.5536232069329464,0.6087746588848832,0.5729954332251758,0.055151451951936825
939,36.55,0.716666667000027,1,9,2020-04-14,2020-04-20,fao_swarm,0.025561899,0.030501469,291.7344619,293.1299974,293.0432984,-6.27887116,-5.954476594,0.8897202137597159,0.7686296325952386,0.7855870531697635,-0.12109058116447724
940,36.9827777780001,0.621666667000056,1,9,2020-04-14,2020-04-19,fao_swarm,0.015512109,0.024881407,293.5664769,294.8783481,294.8672187,-7.23492456,-5.556277037,0.7756567569129427,0.6358847500380641,0.5936914372066889,-0.13977200687487856
941,37.2333333330001,1.38333333300005,1,9,2020-04-14,2020-04-19,fao_swarm,0.010842651,0.019400685,295.7232749,297.733768,297.9147882,-6.433942404,-5.696924779,0.7063155626021125,0.7419236191942429,0.8322856561720532,0.0356080565921304
942,36.8080555560001,5.34444444400003,1,9,2020-04-14,2020-04-14,fao_swarm,0.007370696,0.012209385,298.0816787,300.7733405,300.9244996,-4.911122614,-5.092230748,0.9083024637259977,0.9810056193414808,0.8726981402169485,0.07270315561548313
943,37.006666667,5.3575,1,9,2020-04-14,2020-04-14,fao_swarm,0.002336592,0.017505377,300.52232,299.2614752,299.9451539,-5.627656105,-5.684850652,0.8524589363700799,0.8615591592700345,0.8133092985925545,0.009100222899954602
944,36.826944444,5.36833333300007,1,9,2020-04-14,2020-04-14,fao_swarm,0.0058925,0.01030071,299.7732098,301.6878207,301.8233168,-6.556910596,-4.838803729,0.6714855729872661,0.7309495892452125,0.8373030663175987,0.059464016257946395
945,36.7522222220001,5.48166666700007,1,9,2020-04-14,2020-04-15,fao_swarm,0.006449625,0.016350641,300.4498916,300.5355258,300.7486532,-5.1902872,-5.320170374,0.8399404473341692,0.930877766347554,1.0230613840979774,0.09093731901338487
946,36.8602777780001,1.33555555600003,1,9,2020-04-14,2020-04-15,fao_adult,0.005393833,0.009059935,296.2522354,298.7642205,298.5532647,-6.824942157,-5.493821481,0.6367854994044723,0.7543013952592701,0.5417118829634061,0.11751589585479782
947,37.0575,5.345,1,9,2020-04-14,2020-04-16,fao_adult,0.003801048,0.032595678,300.7084474,299.5341044,300.0336358,-7.62346558,-6.723462966,0.9374620327885312,0.5895627945589796,0.7816082695031862,-0.3478992382295516
948,38.52985147103227,2.028700559473911,0,9,2020-04-14,,synthetic_background,0.003525779,0.042994394,300.5355253,303.2723693,303.6299466,-8.237863749,-9.91999442,0.5143093113186972,0.522070467112639,0.4815685451376671,0.007761155793941876
949,37.0475512466179,4.251913939698865,0,9,2020-04-14,,synthetic_background,0.002375066,0.034882396,299.3146594,302.1630649,301.7405911,-4.816721562,-5.486861151,0.8060675591784717,0.9921614778646418,0.8287229405503761,0.1860939186861701
950,36.87934409093224,0.5422152609886004,0,9,2020-04-14,,synthetic_background,0.017831937,0.019559561,292.8456219,294.0917053,294.1929132,-5.23568991,-5.572290683,0.8205112993065551,0.9219488737349518,0.9582367232454596,0.10143757442839674
951,38.53582383022142,2.1624102000475416,0,9,2020-04-14,,synthetic_background,0.003331989,0.041174337,300.2064454,302.3693963,302.9280369,-7.62708308,-9.882059482,0.8597968695782772,0.5895396863787821,0.4880131771884956,-0.2702571831994951
952,36.79669545396969,0.1990085636587408,0,9,2020-04-14,,synthetic_background,0.019399807,0.013616963,291.2116592,292.6030334,292.8786933,-6.366268144,-5.726833343,0.73366944070515,0.7502740476782299,0.9032129664374332,0.01660460697307986
953,38.95989237479343,4.513112485803669,0,9,2020-04-14,,synthetic_background,0.00093773,0.005527943,297.5227757,301.063347,302.0634644,-4.891662048,-2.788486543,0.9327123801753096,0.9793436557205883,0.7700602275135338,0.046631275545278794
954,36.280707756091374,3.8416187848351786,0,9,2020-04-14,,synthetic_background,0.000923395,0.009176328,303.4162111,306.9721632,306.0092923,-3.860033134,-4.148593683,0.9417504266331658,1.1668399363705584,0.8361747242459865,0.2250895097373926
955,36.93458044217948,4.798024502841885,0,9,2020-04-14,,synthetic_background,0.003546089,0.018742576,302.6472169,304.6289774,304.7761163,-6.062002862,-3.199619591,0.2149681324763405,1.694297643339174,1.0098223129213824,1.4793295108628337
956,38.33199806624252,0.4029411068602926,0,9,2020-04-14,,synthetic_background,0.014962539,0.027687966,298.6738445,300.2147359,300.295615,-6.063877798,-5.35207208,1.1831802875457031,0.7937827221554545,0.7074840267815901,-0.3893975653902486
957,38.32260454355348,1.678313896926358,0,9,2020-04-14,,synthetic_background,0.003822789,0.02610594,300.9694446,303.9765794,304.44976,-5.849394245,-5.337670611,1.1077153761435543,0.8255284045082094,0.9456103516287664,-0.2821869716353449
958,36.31338511823151,4.718332015406013,0,9,2020-04-14,,synthetic_background,0.00214614,0.008613884,301.6174046,303.7185607,303.5830499,-4.919573932,-5.229643442,0.8151914284248207,0.9803590591386572,1.002774137469555,0.16516763071383644
959,36.616948542295134,5.151543353428624,0,9,2020-04-14,,synthetic_background,0.041685,0.05488637,295.752078,296.2942877,296.4193238,-5.835805125,-7.740038261,0.6657074794322426,0.8303013508282109,0.6910890783804096,0.16459387139596826
960,37.96525476110366,2.457684024060025,0,9,2020-04-14,,synthetic_background,0.00811936,0.036225154,298.3989368,301.9414177,302.9474542,-8.906493138,-8.998607645,0.4962486766708829,0.4664163589535576,0.4524164888453417,-0.029832317717325307
961,38.78216442337631,0.5795196761136019,0,9,2020-04-14,,synthetic_background,0.005001366,0.025097653,300.6117948,303.9363288,304.2330662,-4.993409304,-5.781525482,0.7088709106926607,0.9687650778602496,0.8899192999012969,0.25989416716758884
962,36.85454125339037,3.175381092800237,0,9,2020-04-14,,synthetic_background,0.000347719,0.047693907,302.3035158,305.804113,307.2651246,-6.840160742,-6.140030936,0.5648640882958764,0.7105880109739708,0.7631744158367062,0.14572392267809442
963,37.26154567319418,0.7410959013991176,0,9,2020-04-14,,synthetic_background,0.016406268,0.030927389,297.0436633,299.2991814,299.3379327,-7.113544096,-7.444500471,0.6151341609109291,0.6675819935275855,0.5358754005173313,0.05244783261665642
964,38.30968067394587,0.0357330873671821,0,9,2020-04-14,,synthetic_background,0.01606594,0.032582908,299.6622343,301.3920525,301.3159167,-5.493538906,-4.593953344,0.9155235607274548,0.8813430487581776,0.8400600780866885,-0.03418051196927718
965,37.73916549069427,3.4280124394057823,0,9,2020-04-14,,synthetic_background,0.001029536,0.082147016,296.782856,300.2945156,299.6286228,-5.880176784,-5.716028804,0.8692000165003894,0.820894373896169,0.865524643400333,-0.04830564260422032
966,38.596356802253545,0.3096454740251206,0,9,2020-04-14,,synthetic_background,0.016876876,0.057985663,299.345101,300.9285597,301.0708157,-5.672513392,-5.96593177,0.8296058119539195,0.8525309108453275,1.0264678258003443,0.022925098891408036
967,38.74835338743923,4.93077800322717,0,9,2020-04-14,,synthetic_background,0.002377913,0.010983064,295.295177,297.2662496,298.7707995,-5.851703063,-4.085622379,0.8338276673844249,0.8251801626568869,1.0676709081955074,-0.008647504727538058
968,38.40870962295998,3.892371006673265,0,9,2020-04-14,,synthetic_background,0.001511365,0.026584386,295.0138565,297.3685336,298.4833863,-6.838878856,-5.102454712,0.7928674758992238,0.6861838922071057,0.5791444747025607,-0.10668358369211806
969,36.996616112347006,5.843624775015406,0,9,2020-04-14,,synthetic_background,0.002650902,0.001955538,297.7511232,298.7194776,298.7701701,-4.972437439,,0.8202881602571054,0.9656536850295224,0.9563144870109744,0.14536552477241704
970,38.55757841472774,2.777754334785681,0,9,2020-04-14,,synthetic_background,0.001109555,0.020969539,300.2103463,303.309419,303.8857409,-6.702980864,-6.866584585,0.7571706962783149,0.7209257066281612,0.5311377383405735,-0.03624498965015366
971,38.63396816662477,1.1743449287189618,0,9,2020-04-14,,synthetic_background,0.003095165,0.026273742,300.793978,303.4452752,304.1063626,-7.559055311,-5.811723845,0.7334646393770561,0.608217702018199,0.6824400563394835,-0.12524693735885706
972,38.67910755974363,4.036871143034565,0,9,2020-04-14,,synthetic_background,0.00167501,0.017047673,295.5163575,297.3665805,298.7665243,-6.125886447,-5.183350541,0.7894982304462159,0.7847472389827177,0.6894879620181598,-0.004750991463498222
973,36.53389523955581,3.251975137968857,0,9,2020-04-14,,synthetic_background,0.001105338,0.028937309,301.4341798,305.3559956,306.2582723,-6.389749166,-7.679670239,0.7432991121776268,0.7530234431800414,0.6831137780419345,0.009724331002414655
974,38.24868369568748,2.0136307577919395,0,9,2020-04-14,,synthetic_background,0.00437209,0.020479678,300.3395346,303.459495,304.1560914,-5.370112575,-7.980458775,1.0591171905124686,0.9001733481144529,0.6961140860188861,-0.15894384239801562
975,38.032921506144994,1.273401517053914,0,9,2020-04-14,,synthetic_background,0.010886923,0.030776381,299.3665963,302.2347229,302.7625312,-5.857805554,-5.997697496,0.8849705419022154,0.8270631808608455,0.9054113983084444,-0.05790736104136984
976,37.63503273656798,2.6126914565374824,0,9,2020-04-14,,synthetic_background,0.004981086,0.032214581,301.4849665,304.9069071,305.7127645,-6.335543557,-8.03584088,0.5608066795177578,0.7564302537567261,0.6590492775758396,0.19562357423896837
977,37.02126806758128,2.8266146324973875,0,9,2020-04-14,,synthetic_background,0.001566112,0.031331017,299.1899687,304.2592617,304.5247545,-5.918315915,-5.770921398,0.8138252163646085,0.8206323987967139,0.8421923568229694,0.00680718243210543
978,37.56757506542689,0.9276909631082207,0,9,2020-04-14,,synthetic_background,0.013099685,0.023041426,297.5595487,300.02123,300.2558201,-5.58463794,-6.368538598,1.0802020647946895,0.8663954220107131,1.1486006148028445,-0.21380664278397643
979,37.281338404417504,5.356052590342192,0,9,2020-04-14,,synthetic_background,0.003236756,0.019486605,295.1971898,296.1910868,296.7629761,-6.860052826,-5.7990693,0.7901333625777491,0.68603572470893,0.9567955919740194,-0.10409763786881909
980,36.51249085415612,3.325738898530497,0,9,2020-04-14,,synthetic_background,0.001105338,0.028937309,301.4341798,305.3559956,306.2582723,-8.273781066,-8.77613183,0.4678169842124093,0.518154383961285,0.4585736547272828,0.05033739974887569
981,38.38567666030174,2.8981758145080168,0,9,2020-04-14,,synthetic_background,0.000560403,0.023949101,300.493072,304.0953565,304.8444486,-9.629082655,-10.91124854,0.4010478102690949,0.4039699531648228,0.3195982100052194,0.002922142895727897
982,38.105041860479936,4.2866589409912494,0,9,2020-04-14,,synthetic_background,0.001768351,0.026078149,294.8455785,298.1124898,299.2398316,-6.006666507,-6.292690712,0.8925352961243982,0.8020552791075491,0.980230254208336,-0.09048001701684905
983,37.64663844586664,2.5615428893619243,0,9,2020-04-14,,synthetic_background,0.004981086,0.032214581,301.4849665,304.9069071,305.7127645,-5.42911199,-5.727987767,0.893862247397709,0.894521682088172,0.8035777950207537,0.0006594346904629234
984,38.31716197228224,0.8093694293564189,0,9,2020-04-14,,synthetic_background,0.005828992,0.02061282,300.3031143,303.2586866,303.7468954,-5.257555538,-5.514535333,0.9142378973305152,0.9191045307717496,0.9179319970844824,0.0048666334412343915
985,36.86348965189737,0.048080592129486,0,9,2020-04-14,,synthetic_background,0.046519399,0.019002556,290.2357749,290.9553663,291.2072361,-5.9690849,-6.199749143,0.6715743235378726,0.8076185543752429,0.8989250548490471,0.13604423083737027
986,37.93167731877072,0.5673986086230485,0,9,2020-04-14,,synthetic_background,0.020574108,0.038654342,297.401861,298.8895894,298.9657539,-6.781861244,-7.38507424,0.6651779623597482,0.6951245890675624,0.7342700248026617,0.029946626707814117
987,36.6984318284777,4.349913329436075,0,9,2020-04-14,,synthetic_background,0.002208069,0.006910428,302.3056316,307.3441901,305.8634698,-6.141748227,-5.440092705,0.9403024788911458,0.7822962290566564,0.8212710002160405,-0.1580062498344894
988,36.1821834758658,0.9434852068530626,0,9,2020-04-14,,synthetic_background,0.015207246,0.009730249,297.0504233,299.0258307,299.0486858,-5.226529919,-7.346065164,0.683843963989464,0.9234460751114892,0.4883505061139221,0.23960211112202523
989,37.54971660498688,3.257441430025851,0,9,2020-04-14,,synthetic_background,0.000933796,0.084716468,298.913124,302.6194776,301.8741252,-9.665382704,-8.112913116,0.480527847083367,0.389922466412039,0.6242120148892547,-0.090605380671328
990,38.90988603788157,4.329162664244768,0,9,2020-04-14,,synthetic_background,0.000853822,0.007380649,296.1238066,299.512365,300.6351115,-4.438138603,-4.573066079,1.0448956814865524,1.0592892359611508,0.9360590668333132,0.014393554474598336
991,37.22644314104181,2.0827081785070707,0,9,2020-04-14,,synthetic_background,0.002515614,0.007674634,299.6949925,304.800771,304.9464939,-4.666061981,-6.310927929,0.9025868671258278,1.0182685456528258,0.8143131265631214,0.11568167852699796
992,37.51552003038177,2.0922528749197857,0,9,2020-04-14,,synthetic_background,0.003292889,0.026839568,300.5067004,304.05248,304.8296699,-8.060650703,-8.026432725,0.6713735688025431,0.5541135182992176,0.557365454020393,-0.11726005050332544
993,36.71821112042149,1.9995686697815196,0,9,2020-04-14,,synthetic_background,0.004353076,0.049578353,297.578863,302.5865892,301.8875638,-9.444491011,-9.161374322,0.5961370837854292,0.414007112220053,0.3671657051585271,-0.1821299715653762
994,38.23051413354669,1.44646425903946,0,9,2020-04-14,,synthetic_background,0.00573273,0.018893733,300.9633248,304.1804911,304.7905857,-5.700028414,-5.480732509,0.9400521177923004,0.8482885546223028,0.8838057190082068,-0.09176356316999756
995,37.5304590296673,3.788228626325939,0,9,2020-04-14,,synthetic_background,0.000307948,0.055566936,300.7937339,304.7682081,304.612043,-9.507188277,-9.138503252,0.5143724697480833,0.4050009884681859,0.4050783570733279,-0.10937148127989738
996,37.69805464292928,2.6471814329794023,0,9,2020-04-14,,synthetic_background,0.00623183,0.033268302,301.4237035,305.0377014,305.8686999,-10.82075014,-10.2343061,0.3699950955678242,0.3098129347950897,0.4162701218131533,-0.06018216077273447
997,37.60575022216253,5.35926355870593,0,9,2020-04-14,,synthetic_background,0.001880631,0.005754679,299.3549101,298.6901102,299.1704197,-4.663186358,-4.827059827,0.707459647666158,1.0219188131365504,0.9041966173788412,0.31445916547039243
998,37.73815278923358,5.05094248461996,0,9,2020-04-14,,synthetic_background,0.000582397,0.006877556,298.7869847,301.6449713,302.1947252,-6.456834741,-6.095143902,0.8408052595080461,0.7382519622670747,0.9234165299760292,-0.1025532972409714
999,37.583578430980914,0.4097592904796401,0,9,2020-04-14,,synthetic_background,0.01422821,0.014771669,295.8925728,298.0655388,298.2316936,-4.808735277,-4.688973149,0.8160205119193971,0.9986373224609028,1.0826343567151386,0.1826168105415057
1000,36.912494127620015,5.559936116797562,0,9,2020-04-14,,synthetic_background,0.000752106,0.001128524,300.7130644,301.4233947,301.3350519,-5.174355273,-5.886475026,0.9444556983184896,0.9320082255793134,0.9722321138645807,-0.012447472739176235
1001,38.75665978577034,4.507038641483265,0,9,2020-04-14,,synthetic_background,0.001017034,0.005469426,296.7863391,299.7659457,301.0692749,-6.147071039,-7.395471349,0.9315795238275768,0.781525233105966,0.91206721256735,-0.1500542907216108
1002,37.00187433706611,3.48567429451887,0,9,2020-04-14,,synthetic_background,0.000286847,0.0755167,301.7213977,304.8493821,304.4885838,-7.618649612,-6.509706444,0.5905790295082941,0.590052772156356,0.6208624034310193,-0.0005262573519381197
1003,36.48660911142545,1.3787371409296338,0,9,2020-04-14,,synthetic_background,0.006384045,0.025145008,297.1002009,300.1882059,299.8133939,-5.411043014,-5.465459689,0.8985380114551946,0.9010010109172976,0.9549917895654468,0.0024629994621029327
1004,36.65700727902046,0.3544135105181998,0,9,2020-04-14,,synthetic_background,0.026979551,0.020225763,291.5481284,293.0532721,293.2631714,-7.617208068,-5.389651543,0.7541858613768636,0.5931946407402322,0.9153756937034112,-0.1609912206366314
1005,36.47920844118471,4.05215207227266,0,9,2020-04-14,,synthetic_background,0.002619073,0.027616917,302.2723526,305.6535651,305.5253676,-6.733073517,-7.438932727,0.6904602884713484,0.7001443528826502,1.0298443802607469,0.009684064411301763
1006,38.175606190986585,3.649961095023885,0,9,2020-04-14,,synthetic_background,0.000535518,0.046551361,298.2048884,300.5268181,300.7084622,-4.374785067,-5.174022432,0.7402391239873578,1.0700096298623774,0.8913977761764047,0.32977050587501955
1007,37.64076754011917,0.7510982231577172,0,9,2020-04-14,,synthetic_background,0.011616036,0.022113665,297.4752822,299.8121317,300.0496352,-4.892630252,-4.711295622,1.1545455580042416,0.9837517839262362,0.9450761230694196,-0.17079377407800544
1008,37.62805047835243,3.651346637487678,0,9,2020-04-14,,synthetic_background,0.000504747,0.069915666,300.1821453,303.8953023,303.2985393,-7.285652144,-7.626026746,0.6394542899012269,0.6296635160940256,0.4747589395301962,-0.00979077380720128
1009,37.8829566041124,4.760771258118628,0,9,2020-04-14,,synthetic_background,0.001718909,0.033937319,296.1824274,298.0833014,298.551393,-5.41854879,-6.089065511,0.984157368884973,0.892417037146119,0.7515467885866649,-0.09174033173885399
1010,38.560054402189,3.516248768424206,0,9,2020-04-14,,synthetic_background,0.000288978,0.020613312,298.9971138,301.0836432,301.7836467,-6.079677669,-4.949320795,0.8499428809601627,0.791329497804673,1.0635093437858192,-0.058613383155489696
1011,37.26540636909583,3.4466204339129733,0,9,2020-04-14,,synthetic_background,0.000359878,0.099632516,301.6906523,305.1536031,303.8021797,-7.15824456,-7.923766892,0.884780383145034,0.6629039216742868,0.5389962283781866,-0.22187646147074724
1012,38.66055705004277,5.218587379152971,0,9,2020-04-14,,synthetic_background,0.000638828,0.003556608,298.1009279,300.4022847,300.8761543,-5.63467981,-5.32361753,0.9896513312650578,0.8583894412273085,0.9532095235093792,-0.13126189003774924
1013,37.96513051008296,1.0456236125013956,0,9,2020-04-14,,synthetic_background,0.008563086,0.030052542,299.2397625,301.5861389,301.7507582,-5.624753164,-6.022002685,0.9456019177131496,0.8605424710765983,0.8644643202983726,-0.0850594466365513
1014,36.010861305976924,2.1161844960391534,0,9,2020-04-14,,synthetic_background,0.002149195,0.002349197,303.1512317,308.7934522,306.5717109,-7.255445136,-8.057208623,0.539113252009497,0.6347761631446536,0.5823529085521779,0.09566291113515657
1015,38.16446498343566,1.335701190086293,0,9,2020-04-14,,synthetic_background,0.005864844,0.01634483,300.8775175,304.0732808,304.7479696,-6.659809157,-5.108494666,0.8685252843552853,0.7265846689305789,0.8265054166195757,-0.14194061542470637
1016,38.65781214288682,0.496744809856372,0,9,2020-04-14,,synthetic_background,0.008383513,0.037047311,300.1589357,302.9141554,303.1857029,-5.069382715,-4.812091821,0.7509017383674481,0.9544952294735758,0.9092728698573308,0.20359349110612768
1017,38.28618205556467,2.7428664854337343,0,9,2020-04-14,,synthetic_background,0.001317799,0.022607058,300.0541831,303.3545851,304.3320571,-9.086614766,-7.259521815,0.5281677553387047,0.4413291507451596,0.3678722469446513,-0.08683860459354514
1018,38.22832165702918,3.2452875779996635,0,9,2020-04-14,,synthetic_background,0.000139982,0.026470005,299.6869033,303.2817606,304.4985501,-9.052619637,-8.583928607,0.6579869333150072,0.4428704299618329,0.3092877320423614,-0.21511650335317434
1019,37.45973320240088,0.8091032406592418,0,9,2020-04-14,,synthetic_background,0.015188903,0.029098078,296.3560819,298.2063971,298.3182658,-5.707871242,-5.528056987,0.8412070404836864,0.8500738936169736,0.937233438540974,0.008866853133287167
1020,37.68233248341857,4.051332113917999,0,9,2020-04-14,,synthetic_background,0.000776097,0.056205317,299.033328,302.1676493,301.7797459,-6.052757112,-4.101789573,0.8989233210081373,0.7962189407249376,0.9636360563585078,-0.10270438028319973
1021,38.683948837814846,1.4614711700651728,0,9,2020-04-14,,synthetic_background,0.003705099,0.037371977,301.1460559,303.820248,304.2546048,-4.791514109,-9.570861632,0.8433059183148516,0.9967325123091946,0.2962640956062202,0.153426593994343
1022,38.77145090979237,3.270829935409389,0,9,2020-04-14,,synthetic_background,0.000214845,0.014184638,299.4298721,302.7409349,303.3056085,-6.187263361,-6.425705131,0.943119051023134,0.7757220509575771,0.8179219561498892,-0.1673970000655569
1023,37.57389656447462,1.643706017437358,0,9,2020-04-14,,synthetic_background,0.0049299,0.020307585,298.9145835,302.4868442,302.5533298,-6.35416083,-5.927643213,0.9310155825940096,0.7585928786273022,0.9090379941511074,-0.17242270396670745
1024,36.62585952179751,3.462302046001948,0,9,2020-04-14,,synthetic_background,0.001192317,0.045029312,300.5382977,304.0968268,304.5336304,-6.731763722,-6.409319428,0.6298185832407961,0.7315080083491368,0.7024869298329465,0.10168942510834067
1025,38.18026585954493,1.0907519222194784,0,9,2020-04-14,,synthetic_background,0.006290257,0.019545703,300.443544,303.7504184,304.2486695,-5.57618601,-4.579254306,0.8249480798708049,0.8690758623003574,1.0491326044520015,0.04412778242955251
1026,36.688212723169634,3.81376441584826,0,9,2020-04-14,,synthetic_background,0.000779897,0.045072987,300.8323949,304.2687669,304.0225519,-8.79224543,-9.058833579,0.5159215953418355,0.4714773799596491,0.5065514410174878,-0.04444421538218635
1027,37.4403803271236,4.528422216235391,0,9,2020-04-14,,synthetic_background,0.000698179,0.01631093,299.0827964,302.6385532,303.2879327,-5.371589783,-3.887866338,0.9668053920955136,0.9011207933306488,0.8307403356637472,-0.06568459876486488
1028,38.090103508141446,1.9585637250876768,0,9,2020-04-14,,synthetic_background,0.00508067,0.019157722,300.2920303,303.3987854,304.1030206,-6.315990836,-7.08108899,0.7712476516020673,0.7574214732703392,0.6069599147714666,-0.013826178331728167
1029,36.82097300790063,2.923192854409432,0,9,2020-04-14,,synthetic_background,0.00140366,0.04093933,301.7377334,305.9933275,306.6240655,-9.029157199,-6.983257019,0.6105346036963345,0.4460620994866804,0.5923588307842613,-0.1644725042096541
1030,38.81492635844067,4.217698623743594,0,9,2020-04-14,,synthetic_background,0.001153484,0.01001346,295.3700685,298.2510749,299.6125367,-5.415906787,-4.271006081,1.0233178446193645,0.8979557181396978,0.8194866832454926,-0.1253621264796667
1031,36.92014453362096,3.393350633748815,0,9,2020-04-14,,synthetic_background,0.000317589,0.062301844,301.7574817,305.0631897,305.5496243,-10.76037108,-8.956211847,0.3331573514364179,0.3136622817692618,0.3510059708632671,-0.019495069667156084
1032,37.28332659341631,3.351835464228131,0,9,2020-04-14,,synthetic_background,0.000359878,0.099632516,301.6906523,305.1536031,303.8021797,-6.594610779,-6.906037987,0.7523881236767862,0.7283333143299184,0.795236395364458,-0.024054809346867767
1033,37.42545300731098,4.341570385776431,0,9,2020-04-14,,synthetic_background,0.000446618,0.026711106,299.4899198,303.3444831,303.4706747,-6.291830963,-5.877219662,0.8747946578632089,0.76131087167214,0.8658459664742381,-0.11348378619106891
1034,37.50214076237444,1.0845854491905698,0,9,2020-04-14,,synthetic_background,0.017054215,0.030976995,298.0710233,299.3926927,299.6298706,-5.480789885,-5.133447602,0.8812920940329313,0.8855929404302729,0.9099366406659216,0.004300846397341629
1035,37.99269761851822,4.472657367013707,0,9,2020-04-14,,synthetic_background,0.001405761,0.032404646,296.5642851,299.2522956,300.0126886,-5.255120057,-4.780144517,0.7297228196126057,0.9187786467785338,1.1090419034444632,0.18905582716592817
1036,37.60211098477554,1.82539612943636,0,9,2020-04-14,,synthetic_background,0.00347054,0.024196401,299.7964682,302.8253913,302.8618097,-7.604822038,-7.605960511,0.8713638712635173,0.599164185707673,0.7298598505295629,-0.2721996855558443
1037,38.18366038169485,0.718579172336014,0,9,2020-04-14,,synthetic_background,0.007554069,0.022979259,299.3830134,301.7502285,301.9752211,-6.606119407,-5.44345066,0.8937737386352222,0.7173224872648352,1.0621443678108569,-0.17645125137038709
1038,37.53836973255962,3.2621185354855013,0,9,2020-04-14,,synthetic_background,0.000682846,0.096734702,300.9018447,304.5995503,303.5061185,-9.64712113,-9.191716597,0.4384826652733581,0.3914047242298534,0.3334517201810674,-0.04707794104350471
1039,38.7743954741847,3.2441488158654987,0,9,2020-04-14,,synthetic_background,0.000130996,0.012843012,299.9530871,303.2163201,303.7189006,-6.316737166,-5.057696743,0.9574878877467616,0.7572506635116558,0.8373337779308555,-0.20023722423510582
1040,37.093292747768494,1.1528347704340036,0,9,2020-04-14,,synthetic_background,0.012363032,0.02233073,296.5692872,298.4057786,298.5996352,-5.685362402,-4.90968893,0.8085362610553563,0.850547885666673,1.029674704303816,0.0420116246113168
1041,36.768490340939735,5.007545353245739,0,9,2020-04-14,,synthetic_background,0.003398672,0.010483994,301.4082467,303.6995232,303.5451701,-8.04176818,-7.666132304,0.3567558491731857,0.5572963990522062,0.3610287288201909,0.20054054987902048
1042,36.57591529431886,1.5312404707837268,0,9,2020-04-14,,synthetic_background,0.004257247,0.023300558,296.596159,300.3345818,300.1877266,-5.457836505,-5.359288621,0.979058537223488,0.8867823997154146,0.6796165553982988,-0.0922761375080734
1043,36.319522635228296,1.6702414441872273,0,9,2020-04-14,,synthetic_background,0.000589877,0.001992836,304.0771431,309.7396762,308.05448,-8.064180428,-7.594057803,0.5636056805412938,0.5413610875981594,0.5958477777561222,-0.02224459294313441
1044,37.244070356463865,5.435113121107852,0,9,2020-04-14,,synthetic_background,0.003815577,0.022829293,296.5753094,296.5274312,296.9665948,-5.948063061,-5.936498307,0.5852906217793654,0.8123465158294568,0.7044297029354398,0.2270558940500914
1045,38.74297004888112,3.1492513571066167,0,9,2020-04-14,,synthetic_background,0.000384018,0.014992818,299.9861763,303.0205898,303.587949,-4.849640793,-4.487548276,0.8273365352287804,0.9869000294182324,0.9144042022558604,0.15956349418945204
1046,37.07833494315412,0.6541895320527402,0,9,2020-04-14,,synthetic_background,0.01510708,0.029620945,295.4061525,297.0670254,297.1234796,-4.415387526,-4.612294237,1.0496778037957537,1.0632151364742948,1.190924260678167,0.01353733267854107
1047,37.261806896790056,5.287512615161674,0,9,2020-04-14,,synthetic_background,0.00249964,0.021653771,296.0680828,297.0728576,297.5677179,-7.582451587,-6.433114478,0.7483407963319639,0.5968404859387946,0.767293843720438,-0.15150031039316936
1048,38.614551511137854,0.3635216993253898,0,9,2020-04-14,,synthetic_background,0.012581304,0.050816967,299.3510092,301.069738,301.230679,-5.566407912,-4.916679261,0.7505482550503574,0.869035240955611,1.046267469459091,0.11848698590525364
1049,38.64712198130373,1.7264603958965996,0,9,2020-04-14,,synthetic_background,0.003972575,0.043801426,300.8486329,303.1968214,303.4064169,-5.584235926,-3.943132246,1.039915660220197,0.9159725837768652,1.0514945009586514,-0.12394307644333191
1050,36.14977858523333,2.6741752328058226,0,9,2020-04-14,,synthetic_background,0.002756477,0.00279434,303.4548395,308.0101298,307.3870864,-9.577622696,-7.757593315,0.7529855826982043,0.764408148459647,0.6007395169202974,0.011422565761442738
1051,37.17704862299152,1.827529304859025,0,9,2020-04-14,,synthetic_background,0.005992085,0.015975072,295.9311253,299.5871805,299.7499173,-5.795148422,-4.908217733,0.6658311013809748,0.8337416629107977,1.0064216129130628,0.16791056152982287
1052,37.71206637857154,0.4514928778401736,0,9,2020-04-14,,synthetic_background,0.012409806,0.019253775,297.169374,299.182862,299.3406291,-5.759132197,-4.785240064,0.8487513899956418,0.8417280545730008,0.925341060609621,-0.007023335422640997
1053,38.95606209312599,1.3305354915272558,0,9,2020-04-14,,synthetic_background,0.003988803,0.035294741,301.3357098,303.4279412,304.0604859,-7.079859548,-8.317715135,0.4531143989661125,0.6566415248544484,0.3498575132662602,0.20352712588833588
1054,37.00183001954079,3.671083750694769,0,9,2020-04-14,,synthetic_background,0.000369728,0.066633611,301.1143881,304.9607862,304.5460979,-8.826237202,-9.152788632,0.6254583454120186,0.4642175393197674,0.3103377412931437,-0.16124080609225122
1055,36.45419250235475,3.509941064508317,0,9,2020-04-14,,synthetic_background,0.001131892,0.036622822,301.1537273,304.8255052,305.2654555,-7.884379306,-8.453659505,0.5285827791069739,0.5681806468819819,0.5692166565564369,0.039597867775007956
1056,38.449074300043314,2.6389618980145224,0,9,2020-04-14,,synthetic_background,0.002105758,0.023789122,299.9828018,303.1976569,303.9535197,-6.55775707,-5.458951778,0.7672773794573424,0.7240227373292363,0.7939234321679397,-0.04325464212810615
1057,38.69502194563569,0.8691681041653241,0,9,2020-04-14,,synthetic_background,0.004043892,0.027197241,300.8639595,303.2526319,303.6642891,-4.722471027,-6.370808314,0.7079980917309046,1.0087022647561237,0.8734662195102394,0.3007041730252191
1058,37.67886990689768,4.562229273909618,0,9,2020-04-14,,synthetic_background,0.000292286,0.020801558,297.9238066,300.9517964,301.7038724,-3.888013768,-5.098797608,1.0461437205125812,1.160111842024866,0.960713841312658,0.11396812151228475
1059,36.805768421715285,3.399385483487245,0,9,2020-04-14,,synthetic_background,0.000496879,0.053891345,301.4134875,304.6938537,305.2703546,-5.558370094,-7.108066074,0.759989040750366,0.8705024370758498,0.9230427573149445,0.11051339632548385
1060,36.34985480877635,2.388531029466061,0,9,2020-04-14,,synthetic_background,0.000554368,0.010819241,301.7544326,307.8976298,307.3731378,-7.111321385,-7.524230146,0.6067021649022272,0.6512702046104155,0.6713783667952233,0.044568039708188345
1061,37.279221005218055,2.28387317730166,0,9,2020-04-14,,synthetic_background,0.002638862,0.017746567,300.624425,305.144266,305.9376669,-6.196281041,-5.592903922,0.888333102142388,0.7744245339530691,0.9470514047737102,-0.11390856818931894
1062,37.76488007478798,4.910833447213679,0,9,2020-04-14,,synthetic_background,0.00144513,0.020896211,297.5059951,298.1656636,299.0258342,-5.089461384,-6.218438801,0.7767574817116347,0.9462869052469406,0.8112846185893103,0.16952942353530587
1063,38.53021243323913,1.8231433269672044,0,9,2020-04-14,,synthetic_background,0.004043937,0.043438225,300.4921334,302.7472337,302.9271743,-4.687431735,-8.011761417,0.7688547122573777,1.015960972309601,0.8090712915854237,0.24710626005222336
1064,38.86876051980804,3.106014028054964,0,9,2020-04-14,,synthetic_background,0.000228346,0.018933638,299.8792862,303.0416836,303.5385349,-4.703973614,-5.116450453,0.942388035409006,1.023824327893603,0.8126643853059207,0.08143629248459705
1065,36.23685811180533,2.248130316767179,0,9,2020-04-14,,synthetic_background,0.001185849,0.003740787,303.6144478,309.7730909,308.2722589,-8.088706283,-9.03285412,0.6075412910652442,0.5386198174612671,0.6061273789902133,-0.06892147360397716
1066,36.58186492136503,4.25666435597866,0,9,2020-04-14,,synthetic_background,0.003076211,0.014164656,301.9864964,305.996306,305.2633396,-6.472412589,-6.749475544,0.6271628056101902,0.7354899614767867,0.8755883763454236,0.10832715586659647
1067,38.20505455629903,1.844479513807024,0,9,2020-04-14,,synthetic_background,0.003348753,0.02178651,300.833328,304.0503858,304.469454,-5.565936834,-4.874064328,1.1075155143871411,0.8691090275090755,0.8718188666338533,-0.23840648687806565
1068,37.0544444440001,0.672222222000073,1,10,2020-04-21,2020-04-26,fao_swarm,0.01510708,0.029620945,295.4061525,297.0670254,297.1234796,-3.986045496,-4.65361224,0.9720300672561886,1.1423458400316446,1.010787391358053,0.17031577277545606
1069,37.145277778,1.03694444400003,1,10,2020-04-21,2020-04-26,fao_swarm,0.014905453,0.026927247,295.5072918,297.4155877,297.4947307,-5.927615876,-5.31151707,0.8167892631599345,0.817200191509823,0.8530039940016448,0.00041092834988853966
1070,37.144722222,1.03833333300003,1,10,2020-04-21,2020-04-26,fao_swarm,0.014905453,0.026927247,295.5072918,297.4155877,297.4947307,-6.290611657,-5.464079304,0.9488570101252553,0.7611196224242225,0.8492976793703506,-0.18773738770103277
1071,37.282777778,1.89416666700004,1,10,2020-04-21,2020-04-26,fao_swarm,0.004794538,0.017905279,299.1209094,302.8472337,303.341291,-5.745674,-5.929664816,0.9044956543458426,0.8412848427294826,0.8086642763535705,-0.06321081161636
1072,37.0641666670001,0.66805555600007,1,10,2020-04-21,2020-04-26,fao_swarm,0.01510708,0.029620945,295.4061525,297.0670254,297.1234796,-5.364438677,-5.321623945,1.0142918915579109,0.9023214586895856,0.9514124475461044,-0.11197043286832531
1073,37.144722222,1.03861111100002,1,10,2020-04-21,2020-04-26,fao_swarm,0.014905453,0.026927247,295.5072918,297.4155877,297.4947307,-5.170735727,-6.082152897,0.8892355090172887,0.9329450244233772,0.9156675406468764,0.043709515406088584
1074,37.138888889,1.04833333300007,1,10,2020-04-21,2020-04-26,fao_swarm,0.014905453,0.026927247,295.5072918,297.4155877,297.4947307,-7.510028189,-4.623388099,0.7087464700030357,0.6097630033562937,0.6152608558748022,-0.09898346664674196
1075,37.137777778,1.04805555600007,1,10,2020-04-21,2020-04-26,fao_swarm,0.014905453,0.026927247,295.5072918,297.4155877,297.4947307,-6.684729461,-5.916872068,0.7970143317035573,0.7145817950362984,0.8604674128563424,-0.08243253666725892
1076,37.075,2.62944444400006,1,10,2020-04-21,2020-04-26,fao_swarm,0.001637206,0.01390697,301.5423992,306.2896219,306.8802233,-6.884298803,-8.48596019,0.7492445969834987,0.6835539444015882,0.5512667560068127,-0.06569065258191042
1077,37.2394444440001,0.604444444000023,1,10,2020-04-21,2020-04-26,fao_swarm,0.015990347,0.024806856,295.7380481,296.9421393,297.0416274,-7.195295927,-7.286435067,0.7669847624024044,0.6408026180578237,0.4364485019963223,-0.12618214434458075
1078,37.095,2.56083333300006,1,10,2020-04-21,2020-04-26,fao_swarm,0.001637206,0.01390697,301.5423992,306.2896219,306.8802233,-6.912336453,-5.683943891,0.9018775932647796,0.6834143068174334,0.8380459168888241,-0.21846328644734614
1079,37.1333333330001,0.583333333000041,1,10,2020-04-21,2020-04-24,fao_swarm,0.016196326,0.026974841,294.1932673,295.4924269,295.5768704,-5.74459993,-4.855864242,0.9960064831908816,0.8474453443873653,0.8842816907989113,-0.1485611388035163
1080,36.833333333,2.48333333300008,1,10,2020-04-21,2020-04-24,fao_swarm,0.001871854,0.043416961,300.6608996,305.7700093,306.1468954,-7.974516686,-8.029695825,0.4772867024289277,0.5544258092555954,0.5342326196758918,0.07713910682666769
1081,37.0,2.46666666700003,1,10,2020-04-21,2020-04-24,fao_swarm,0.001665011,0.022792503,301.0792862,305.5172207,305.592094,-7.795497098,-6.284913419,0.607400109768083,0.5814275827144562,0.5779841525835998,-0.025972527053626848
1082,37.516666667,0.833333333000041,1,10,2020-04-21,2020-04-24,fao_swarm,0.015188903,0.029098078,296.3560819,298.2063971,298.3182658,-6.000291827,-4.6744272,0.5294049723345648,0.8877748910902852,0.7124171220535788,0.35836991875572033
1083,37.086944444,1.0725,1,10,2020-04-21,2020-04-24,fao_swarm,0.013740614,0.024700239,296.5674209,298.405643,298.5722806,-7.69964691,-6.899120839,0.6742876650226433,0.5807236481569266,0.5844315646253869,-0.09356401686571669
1084,37.6308333330001,0.703055556000038,1,10,2020-04-21,2020-04-24,fao_swarm,0.010352656,0.018528148,297.9556316,300.9732374,301.2631389,-5.629715036,-5.157630884,0.9445016279618236,0.8591745120230548,0.9060140696227466,-0.08532711593876874
1085,37.6233333330001,0.692222222000055,1,10,2020-04-21,2020-04-24,fao_swarm,0.010352656,0.018528148,297.9556316,300.9732374,301.2631389,-5.927619147,-4.169198849,0.9585270981173384,0.8176487952925604,0.949190340074942,-0.14087830282477798
1086,37.632777778,0.699166667000043,1,10,2020-04-21,2020-04-24,fao_swarm,0.010352656,0.018528148,297.9556316,300.9732374,301.2631389,-4.81057757,-5.655909541,0.9639394104290464,0.9933546862982644,1.2559638589083952,0.029415275869217994
1087,37.6636111110001,0.640277778000041,1,10,2020-04-21,2020-04-24,fao_swarm,0.010383472,0.019657,297.6378636,299.8465881,299.9948229,-6.182404938,-7.798608447,0.6625492847728522,0.7970359169359695,0.6164734622046267,0.1344866321631173
1088,37.0977777780001,0.700277778000043,1,10,2020-04-21,2020-04-24,fao_swarm,0.01510708,0.029620945,295.4061525,297.0670254,297.1234796,-5.309349661,-5.240240513,0.9083003804779132,0.9111808402701436,0.7722861900824353,0.0028804597922303943
1089,36.8108333330001,1.16722222200002,1,10,2020-04-21,2020-04-24,fao_swarm,0.007663205,0.012084081,293.8413738,296.0087029,295.825921,-5.967969627,-5.885014157,0.9470874587741792,0.8091082049751024,0.8857262451857061,-0.13797925379907683
1090,37.6238888890001,0.690555556000049,1,10,2020-04-21,2020-04-24,fao_swarm,0.010352656,0.018528148,297.9556316,300.9732374,301.2631389,-5.735114316,-5.223399561,0.8181673475106459,0.8467333657037883,0.982969058065839,0.028566018193142417
1091,37.030833333,0.871666667000056,1,10,2020-04-21,2020-04-24,fao_swarm,0.014033616,0.022756173,293.8446182,295.2964362,295.3101007,-4.93622628,-5.168227756,0.9983420431686352,0.9717746448331102,0.924611042744748,-0.026567398335525017
1092,37.076388889,0.845555556000022,1,10,2020-04-21,2020-04-24,fao_swarm,0.014992058,0.029560923,295.330458,297.4832146,297.4869236,-5.503008374,-4.883799242,0.7714085011121079,0.8881708088519823,0.958940568824802,0.1167623077398744
1093,37.641944444,0.67027777800007,1,10,2020-04-21,2020-04-24,fao_swarm,0.010352656,0.018528148,297.9556316,300.9732374,301.2631389,-6.987631426,-6.847991155,0.8127982555976088,0.6750568193302404,0.9464314786859068,-0.13774143626736834
1094,37.584166667,0.350555556000074,1,10,2020-04-21,2020-04-24,fao_swarm,0.01422821,0.014771669,295.8925728,298.0655388,298.2316936,-4.03032381,-6.705743349,1.268332029814751,1.2111415241714858,1.4850345755396928,-0.05719050564326511
1095,37.6258333330001,0.692222222000055,1,10,2020-04-21,2020-04-24,fao_swarm,0.010352656,0.018528148,297.9556316,300.9732374,301.2631389,-5.202718279,-4.718222897,1.1196072473083358,0.9273606422463754,0.9527601500834388,-0.19224660506196045
1096,37.625,0.69722222200005,1,10,2020-04-21,2020-04-24,fao_swarm,0.010352656,0.018528148,297.9556316,300.9732374,301.2631389,-5.171302522,-5.666989408,0.8572424606951335,0.9386497580105184,0.9773663612313824,0.08140729731538487
1097,37.6311111110001,0.686944444000062,1,10,2020-04-21,2020-04-24,fao_swarm,0.010352656,0.018528148,297.9556316,300.9732374,301.2631389,-5.267992414,-4.959836744,0.9685618618222164,0.91985817214965,0.8263153130357959,-0.04870368967256633
1098,36.9919444440001,0.627222222000057,1,10,2020-04-21,2020-04-24,fao_swarm,0.015512109,0.024881407,293.5664769,294.8783481,294.8672187,-5.078094571,-5.366765648,0.918182782657067,0.9479445975533324,0.9574566855386132,0.029761814896265393
1099,37.63,0.703055556000038,1,10,2020-04-21,2020-04-24,fao_swarm,0.010352656,0.018528148,297.9556316,300.9732374,301.2631389,-4.645069934,-5.849698739,0.6545691518234269,1.028969297280916,1.0432985113536803,0.374400145457489
1100,36.718055556,1.46666666700003,1,10,2020-04-21,2020-04-24,fao_swarm,0.003775954,0.017320737,295.538379,299.7035054,299.6594876,-5.976937823,-6.59783344,0.8008987480802046,0.8076127220031805,0.7011400220610653,0.006713973922975902
1101,37.6319444440001,0.699444444000051,1,10,2020-04-21,2020-04-24,fao_swarm,0.010352656,0.018528148,297.9556316,300.9732374,301.2631389,-5.209572646,-4.66624238,1.0593404393691928,0.9359689785887156,0.928047996844441,-0.12337146078047712
1102,37.637222222,0.775277778000032,1,10,2020-04-21,2020-04-25,fao_swarm,0.011616036,0.022113665,297.4752822,299.8121317,300.0496352,-5.544273286,-4.778698645,0.9799198202220188,0.8731705038073454,0.794007099507978,-0.10674931641467345
1103,37.004166667,0.863333333000071,1,10,2020-04-21,2020-04-25,fao_swarm,0.014033616,0.022756173,293.8446182,295.2964362,295.3101007,-5.874739562,-5.155101686,0.945491474498072,0.8217114928638195,0.8003856426132213,-0.12377998163425252
1104,36.8619444440001,2.39527777800004,1,10,2020-04-21,2020-04-25,fao_swarm,0.002260104,0.042067169,300.5326824,304.8396219,305.3637248,-9.122449598,-8.779490505,0.5323253609074405,0.4370969678324939,0.3994744898736913,-0.09522839307494663
1105,36.773888889,2.57388888900005,1,10,2020-04-21,2020-04-25,fao_swarm,0.001601562,0.041220322,300.3143936,305.703641,306.1797459,-9.135971042,-9.965411169,0.2933438252025591,0.4438567451179408,0.3732109537175315,0.15051291991538174
1106,37.0611111110001,0.632222222000053,1,10,2020-04-21,2020-04-25,fao_swarm,0.016196326,0.026974841,294.1932673,295.4924269,295.5768704,-6.82695566,-4.247500331,1.1176733176322011,0.7077747040899431,0.9920974245186648,-0.409898613542258
1107,37.1961111110001,1.04083333300002,1,10,2020-04-21,2020-04-25,fao_swarm,0.016652569,0.031667098,295.1337838,297.1494581,297.3008559,-5.560812352,-5.117316897,0.8224633764386671,0.8813455160075281,1.0929782926551097,0.058882139568861014
1108,37.1791666670001,1.03527777800002,1,10,2020-04-21,2020-04-25,fao_swarm,0.016652569,0.031667098,295.1337838,297.1494581,297.3008559,-5.18711696,-5.612502726,0.8360765982858958,0.9540594375560578,0.8759758361292319,0.11798283927016207
1109,37.458888889,0.966944444000035,1,10,2020-04-21,2020-04-25,fao_swarm,0.017495006,0.032496377,297.2391549,298.5770243,298.7325779,-6.615020462,-5.007928429,0.9238126554517369,0.7194124119059129,0.933546789000884,-0.20440024354582398
1110,37.459166667,0.966666667000027,1,10,2020-04-21,2020-04-25,fao_swarm,0.017495006,0.032496377,297.2391549,298.5770243,298.7325779,-6.615020462,-5.007928429,0.9238126554517369,0.7194124119059129,0.933546789000884,-0.20440024354582398
1111,36.9847222220001,0.846111111000027,1,10,2020-04-21,2020-04-25,fao_swarm,0.013521835,0.023402869,294.1963651,295.9902784,295.9727255,-9.092431613,-7.284112615,0.4372105348942354,0.4388778919176115,0.5245657126656146,0.0016673570233761148
1112,36.965833333,0.845555556000022,1,10,2020-04-21,2020-04-25,fao_swarm,0.013521835,0.023402869,294.1963651,295.9902784,295.9727255,-6.237661641,-6.196369989,0.8211596742220364,0.7684916003788971,0.7575680708912887,-0.05266807384313932
1113,36.9716666670001,0.628611111000055,1,10,2020-04-21,2020-04-25,fao_swarm,0.015512109,0.024881407,293.5664769,294.8783481,294.8672187,-6.114983187,-4.564303812,0.9133502454620788,0.7861818020429289,0.9186336061367664,-0.1271684434191499
1114,37.5461111110001,0.381666667000047,1,10,2020-04-21,2020-04-25,fao_swarm,0.014246613,0.012079998,295.8194229,298.3304368,298.509097,-5.720813276,-5.776344693,0.8775002061300858,0.8457590067764373,1.0922445031862564,-0.0317411993536485
1115,37.132777778,0.721111111000027,1,10,2020-04-21,2020-04-25,fao_swarm,0.01510708,0.029620945,295.4061525,297.0670254,297.1234796,-5.173710322,-4.413220733,0.9387391121606758,0.9497818846311988,1.0542515431699535,0.011042772470522988
1116,37.1375,0.726111111000023,1,10,2020-04-21,2020-04-25,fao_swarm,0.01510708,0.029620945,295.4061525,297.0670254,297.1234796,-5.522853191,-4.949711677,0.8714545896544974,0.8758765119128127,0.7685162765813786,0.004421922258315281
1117,37.6238888890001,0.695,1,10,2020-04-21,2020-04-25,fao_swarm,0.010352656,0.018528148,297.9556316,300.9732374,301.2631389,-6.833332109,-6.479487542,0.821817971054263,0.6903041717196903,0.8844746782396533,-0.13151379933457275
1118,37.625,0.69722222200005,1,10,2020-04-21,2020-04-25,fao_swarm,0.010352656,0.018528148,297.9556316,300.9732374,301.2631389,-5.171302522,-5.666989408,0.8572424606951335,0.9386497580105184,0.9773663612313824,0.08140729731538487
1119,36.8588888890001,1.35361111100002,1,10,2020-04-21,2020-04-25,fao_swarm,0.004746109,0.009284123,296.6665529,301.374317,301.0870701,-4.247235984,-6.464873127,0.9947148136995432,1.0935311341795018,0.8236616908800585,0.09881632047995859
1120,36.9863888890001,0.633333333000053,1,10,2020-04-21,2020-04-26,fao_swarm,0.015512109,0.024881407,293.5664769,294.8783481,294.8672187,-5.139035483,-4.934312676,0.8036060272074189,0.9378326912567158,0.9772506983813462,0.13422666404929684
1121,36.9891666670001,0.636666667000043,1,10,2020-04-21,2020-04-26,fao_swarm,0.015512109,0.024881407,293.5664769,294.8783481,294.8672187,-4.857766647,-5.198267563,0.8688666864359637,0.9851272316313564,0.6896143138808823,0.11626054519539275
1122,36.9905555560001,0.625277778000054,1,10,2020-04-21,2020-04-26,fao_swarm,0.015512109,0.024881407,293.5664769,294.8783481,294.8672187,-5.604112794,-5.252363546,0.9259934981913984,0.8631440734085474,0.955999815665545,-0.06284942478285105
1123,36.9869444440001,0.624166667000054,1,10,2020-04-21,2020-04-26,fao_swarm,0.015512109,0.024881407,293.5664769,294.8783481,294.8672187,-3.974146529,-5.891183267,0.8237968636750849,1.143844889704681,0.8709205385239417,0.32004802602959603
1124,36.9872222220001,0.623611111000059,1,10,2020-04-21,2020-04-26,fao_swarm,0.015512109,0.024881407,293.5664769,294.8783481,294.8672187,-3.974146529,-5.891183267,0.8237968636750849,1.143844889704681,0.8709205385239417,0.32004802602959603
1125,37.003055556,0.871666667000056,1,10,2020-04-21,2020-04-27,fao_swarm,0.014033616,0.022756173,293.8446182,295.2964362,295.3101007,-5.162817599,-4.885330589,0.8309331076246211,0.9339068896686676,0.8019627570476189,0.1029737820440465
1126,37.019722222,0.683888889000059,1,10,2020-04-21,2020-04-27,fao_swarm,0.013475925,0.023660421,294.3115778,295.8702806,295.8779772,-4.547227542,-4.19895505,0.9991633379978558,1.0453769168448934,0.9623282092287528,0.046213578847037584
1127,37.333333333,3.68333333300006,1,10,2020-04-21,2020-04-27,fao_swarm,0.000259876,0.065929576,301.609055,305.5059034,304.7079685,-7.711652531,-9.008600105,0.5400762532525445,0.5839565648336943,0.3382404549102665,0.0438803115811498
1128,36.9866666670001,0.636111111000048,1,10,2020-04-21,2020-04-27,fao_swarm,0.015512109,0.024881407,293.5664769,294.8783481,294.8672187,-5.382326173,-5.190293028,0.9063899236661052,0.8982130284554327,0.913296352905637,-0.008176895210672441
1129,37.0275,0.8775,1,10,2020-04-21,2020-04-27,fao_swarm,0.014033616,0.022756173,293.8446182,295.2964362,295.3101007,-3.242246423,-4.908212813,0.9698480051684492,1.2862897978056609,0.8708657549076201,0.3164417926372117
1130,37.033888889,0.913055556000074,1,10,2020-04-21,2020-04-27,fao_swarm,0.014033616,0.022756173,293.8446182,295.2964362,295.3101007,-5.916885474,-5.47512619,0.8341120565190493,0.8153934771329876,0.899715883423724,-0.018718579386061696
1131,37.0455555560001,0.908888889000025,1,10,2020-04-21,2020-04-27,fao_swarm,0.014033616,0.022756173,293.8446182,295.2964362,295.3101007,-7.067961634,-5.26411687,0.7833866200944393,0.6567153796231006,0.7591580652885171,-0.1266712404713387
1132,37.073611111,0.663333333000026,1,10,2020-04-21,2020-04-27,fao_swarm,0.01510708,0.029620945,295.4061525,297.0670254,297.1234796,-5.947232929,-5.185369872,0.8415371623071884,0.812722137786352,0.8340810892975532,-0.028815024520836396
1133,37.0669444440001,0.666944444000023,1,10,2020-04-21,2020-04-27,fao_swarm,0.01510708,0.029620945,295.4061525,297.0670254,297.1234796,-4.498750794,-4.942329333,0.697956662827555,1.0478355564519872,0.9022155165507656,0.34987889362443225
1134,37.0663888890001,0.66805555600007,1,10,2020-04-21,2020-04-27,fao_swarm,0.01510708,0.029620945,295.4061525,297.0670254,297.1234796,-5.936937252,-5.433177889,1.0319268865118474,0.8158356306175014,1.0351306358000358,-0.21609125589434597
1135,36.9775,0.774444444000039,1,10,2020-04-21,2020-04-27,fao_swarm,0.013521835,0.023402869,294.1963651,295.9902784,295.9727255,-6.02549188,-5.609420989,0.7741535439586025,0.7992793367224142,0.7850436902167482,0.025125792763811772
1136,36.9805555560001,0.773611111000037,1,10,2020-04-21,2020-04-27,fao_swarm,0.013521835,0.023402869,294.1963651,295.9902784,295.9727255,-5.994495936,-5.814246668,0.7470322615469817,0.8038537617419579,0.7193315205820744,0.05682150019497623
1137,37.079444444,0.66,1,10,2020-04-21,2020-04-27,fao_swarm,0.01510708,0.029620945,295.4061525,297.0670254,297.1234796,-4.216748076,-4.762814657,0.9484103787001632,1.107288697195751,1.010061854188639,0.15887831849558776
1138,37.078333333,0.662222222000025,1,10,2020-04-21,2020-04-27,fao_swarm,0.01510708,0.029620945,295.4061525,297.0670254,297.1234796,-5.072691285,-4.166318578,0.9038181324265042,0.9615776238793384,0.8663367472553365,0.05775949145283421
1139,37.016666667,5.75,1,10,2020-04-21,2020-04-21,fao_swarm,0.001391068,0.001729994,299.8609919,299.4115024,299.7652765,-6.093350674,-4.963415572,0.9193617733118484,0.8016778003615792,1.006097690674455,-0.11768397295026922
1140,37.3833333330001,5.71666666700003,1,10,2020-04-21,2020-04-21,fao_swarm,0.008852214,0.015340626,295.7651314,295.321485,296.0864353,-6.726264618,-8.068294969,0.7280558543705256,0.7010531003595261,0.8051269067871819,-0.027002754010999497
1141,37.3833333330001,5.73333333300008,1,10,2020-04-21,2020-04-21,fao_swarm,0.008852214,0.015340626,295.7651314,295.321485,296.0864353,-6.66866624,-5.494754618,0.946628932706668,0.7235379878766739,0.7324295026837654,-0.22309094482999414
1142,37.1333333330001,5.85,1,10,2020-04-21,2020-04-21,fao_swarm,0.009822384,0.015916943,296.8724502,295.5566901,296.1344279,-6.926671929,,0.5717041485426365,0.6747683613359511,0.6018163034070066,0.10306421279331457
1143,37.75,5.7,1,10,2020-04-21,2020-04-21,fao_swarm,0.017633736,0.019134446,292.2432835,293.5004672,294.1305651,-5.868965008,,0.943432593701922,0.8225799669985514,0.8963443001033715,-0.1208526267033706
1144,36.95,5.38333333300005,1,10,2020-04-21,2020-04-21,fao_swarm,0.000936583,0.008687421,300.3896974,302.5288635,302.6068943,-5.41219011,-8.039010497,0.7976083616509078,0.89344810075883,0.8247456696867264,0.0958397391079222
1145,37.3,5.68333333300006,1,10,2020-04-21,2020-04-21,fao_swarm,0.006542087,0.010454833,294.7501575,295.2008633,295.8231595,-6.82175138,-6.967149528,0.7876680923945746,0.6899565148449756,0.7492356790636496,-0.09771157754959903
1146,37.3666666670001,5.66666666700007,1,10,2020-04-21,2020-04-21,fao_swarm,0.008852214,0.015340626,295.7651314,295.321485,296.0864353,-5.116428943,-6.447527721,0.6377990651003966,0.9417654994807104,0.8749501067204225,0.3039664343803138
1147,37.3666666670001,5.65,1,10,2020-04-21,2020-04-21,fao_swarm,0.006336749,0.012403204,295.1506078,295.8522956,296.5675877,-6.542532305,-5.171467212,0.537175976573829,0.7304255750294605,0.5474447577991721,0.1932495984556315
1148,37.083333333,5.33333333300004,1,10,2020-04-21,2020-04-21,fao_swarm,0.003801048,0.032595678,300.7084474,299.5341044,300.0336358,-5.214465668,-3.301233989,1.1131856395786657,0.9315198602365716,0.9377303030143244,-0.18166577934209405
1149,37.35,5.73333333300008,1,10,2020-04-21,2020-04-21,fao_swarm,0.006542087,0.010454833,294.7501575,295.2008633,295.8231595,-6.477473278,-6.137506327,0.6569344477967299,0.7352603024528597,0.8580356438831804,0.07832585465612973
1150,37.216666667,5.7,1,10,2020-04-21,2020-04-21,fao_swarm,0.004002869,0.005203515,296.3779244,296.2127122,296.7748468,-6.661323116,-6.546540121,0.8391682940930664,0.7112264420751953,0.952984815702805,-0.12794185201787112
1151,36.95,5.76666666700004,1,10,2020-04-21,2020-04-23,fao_swarm,0.00189969,0.001557022,296.1614368,298.248883,297.9010729,-6.838442426,,0.6583031624259618,0.6862410207703945,0.7368508297701067,0.027937858344432742
1152,37.35,5.73333333300008,1,10,2020-04-21,2020-04-23,fao_swarm,0.006542087,0.010454833,294.7501575,295.2008633,295.8231595,-6.477473278,-6.137506327,0.6569344477967299,0.7352603024528597,0.8580356438831804,0.07832585465612973
1153,37.35,5.75,1,10,2020-04-21,2020-04-23,fao_swarm,0.006542087,0.010454833,294.7501575,295.2008633,295.8231595,-7.722171248,-7.680015151,0.5122720946740384,0.5880778136116269,0.6127910062609067,0.07580571893758847
1154,37.016666667,5.75,1,10,2020-04-21,2020-04-23,fao_swarm,0.001391068,0.001729994,299.8609919,299.4115024,299.7652765,-6.093350674,-4.963415572,0.9193617733118484,0.8016778003615792,1.006097690674455,-0.11768397295026922
1155,37.016666667,5.78333333300003,1,10,2020-04-21,2020-04-23,fao_swarm,0.002650902,0.001955538,297.7511232,298.7194776,298.7701701,-5.242027233,,0.7734216919436797,0.9209140333792206,0.746070440939634,0.1474923414355409
1156,37.066666667,5.16666666700007,1,10,2020-04-21,2020-04-23,fao_swarm,0.004972309,0.039477795,299.6931425,298.2217943,298.4673055,-6.388208034,-6.890323094,0.794357445327841,0.7484145162522808,0.954458517210828,-0.04594292907556019
1157,37.0580555560001,5.3425,1,10,2020-04-21,2020-04-23,fao_swarm,0.003801048,0.032595678,300.7084474,299.5341044,300.0336358,-5.206075567,-3.555321048,0.995479270277266,0.9278828107892498,0.9098380792628068,-0.06759645948801618
1158,36.8158333330001,5.5525,1,10,2020-04-21,2020-04-23,fao_swarm,0.010204196,0.020831718,298.7128419,298.721013,298.8006986,-6.946482082,-6.190843138,0.7810284790367893,0.6746848828367391,0.8480003582119396,-0.10634359620005018
1159,36.9333333330001,5.75,1,10,2020-04-21,2020-04-25,fao_swarm,0.00079228,0.000912621,298.0351835,299.5202914,299.3397936,-4.17747425,-8.911677133,0.7550710865650392,1.1589745672106326,0.7594054095822916,0.40390348064559345
1160,37.4,5.88333333300005,1,10,2020-04-21,2020-04-24,fao_swarm,0.044153318,0.084975361,293.9714682,293.6236226,293.8926745,-5.555471112,,0.901652928476765,0.8707494770306579,0.8383040726933884,-0.030903451446107177
1161,36.9166666670001,5.3,1,10,2020-04-21,2020-04-25,fao_swarm,0.001058653,0.010415822,299.6897842,301.6578186,301.6632094,-6.267986592,-6.104818902,0.8193398107867749,0.7652974606130247,0.9335079311059868,-0.05404235017375014
1162,37.066666667,5.58333333300004,1,10,2020-04-21,2020-04-25,fao_swarm,0.002879262,0.008978515,297.5701227,296.0433763,296.5669312,-5.581793455,-5.679165922,0.8613598710227512,0.8727366850925387,1.0263990959475906,0.011376814069787411
1163,36.9166666670001,5.68333333300006,1,10,2020-04-21,2020-04-25,fao_swarm,0.00079228,0.000912621,298.0351835,299.5202914,299.3397936,-4.528268533,-5.046472416,0.8521311523379986,1.0427049037163107,0.8345443726265878,0.19057375137831212
1164,37.1333333330001,5.66666666700007,1,10,2020-04-21,2020-04-25,fao_swarm,0.002161384,0.004051655,299.6926596,298.0603359,298.6386434,-6.134591713,-5.420068041,0.8997516080144942,0.7937428895848513,0.8470580923672211,-0.10600871842964288
1165,37.033333333,5.81666666700005,1,10,2020-04-21,2020-04-25,fao_swarm,0.002650902,0.001955538,297.7511232,298.7194776,298.7701701,-5.104818047,,0.8284562500321088,0.9435011468929542,1.1320653586252911,0.1150448968608454
1166,36.9166666670001,5.26666666700004,1,10,2020-04-21,2020-04-25,fao_swarm,0.001058653,0.010415822,299.6897842,301.6578186,301.6632094,-4.433585896,-3.972695458,0.8188692973055585,1.059483125501402,0.9527499716664372,0.24061382819584343
1167,37.1666666670001,5.63333333300005,1,10,2020-04-21,2020-04-25,fao_swarm,0.004051879,0.008923291,293.6504125,294.5959859,295.1278253,-6.230223926,-5.262766521,0.6753925077739145,0.775870543346405,0.7178110761455576,0.10047803557249058
1168,36.833333333,5.58333333300004,1,10,2020-04-21,2020-04-25,fao_swarm,0.010204196,0.020831718,298.7128419,298.721013,298.8006986,-5.442711046,-4.28210482,1.06530855474944,0.8985468253333857,1.0714942418257043,-0.16676172941605438
1169,36.8833333330001,5.63333333300005,1,10,2020-04-21,2020-04-25,fao_swarm,0.000752106,0.001128524,300.7130644,301.4233947,301.3350519,-5.4466469,-3.441525935,1.0104778701669348,0.8953642898506933,0.8995506968297052,-0.11511358031624153
1170,37.1166666670001,5.21666666700003,1,10,2020-04-21,2020-04-26,fao_swarm,0.004972309,0.039477795,299.6931425,298.2217943,298.4673055,-5.139344526,-4.768000152,0.7722527362248708,0.9465175070612764,0.9451513324076636,0.17426477083640557
1171,37.266666667,5.1,1,10,2020-04-21,2020-04-26,fao_swarm,0.00403288,0.02015297,297.5498645,298.3914666,298.9842435,-5.314700916,-6.602537208,0.8413191654913644,0.9209363941021798,0.6792318057441035,0.07961722861081533
1172,36.816666667,5.36666666700006,1,10,2020-04-21,2020-04-26,fao_swarm,0.0058925,0.01030071,299.7732098,301.6878207,301.8233168,-4.753041509,-3.717124198,0.6732623320650393,1.0055699449945292,1.0282691855578463,0.33230761292948996
1173,37.033333333,5.81666666700005,1,10,2020-04-21,2020-04-27,fao_swarm,0.002650902,0.001955538,297.7511232,298.7194776,298.7701701,-5.104818047,,0.8284562500321088,0.9435011468929542,1.1320653586252911,0.1150448968608454
1174,37.266666667,5.1,1,10,2020-04-21,2020-04-27,fao_swarm,0.00403288,0.02015297,297.5498645,298.3914666,298.9842435,-5.314700916,-6.602537208,0.8413191654913644,0.9209363941021798,0.6792318057441035,0.07961722861081533
1175,36.9166666670001,5.3,1,10,2020-04-21,2020-04-27,fao_swarm,0.001058653,0.010415822,299.6897842,301.6578186,301.6632094,-6.267986592,-6.104818902,0.8193398107867749,0.7652974606130247,0.9335079311059868,-0.05404235017375014
1176,36.833333333,5.35,1,10,2020-04-21,2020-04-27,fao_swarm,0.007370696,0.012209385,298.0816787,300.7733405,300.9244996,-6.412828207,-6.591310537,0.8320391934306788,0.758518582762195,0.8914599208617837,-0.07352061066848381
1177,36.75,5.46666666700003,1,10,2020-04-21,2020-04-27,fao_swarm,0.019875988,0.03064613,296.8487794,295.9992302,296.3549792,-3.877402362,-3.979788134,1.1158062237470174,1.162138070920122,0.9477696540970614,0.04633184717310446
1178,37.316666667,5.68333333300006,1,10,2020-04-21,2020-04-27,fao_swarm,0.006542087,0.010454833,294.7501575,295.2008633,295.8231595,-6.540972923,-4.587171372,0.726802990819714,0.7261355909767744,0.6364628009392178,-0.00066739984293962
1179,36.95,5.76666666700004,1,10,2020-04-21,2020-04-27,fao_swarm,0.00189969,0.001557022,296.1614368,298.248883,297.9010729,-6.838442426,,0.6583031624259618,0.6862410207703945,0.7368508297701067,0.027937858344432742
1180,37.0580555560001,5.3425,1,10,2020-04-21,2020-04-24,fao_swarm,0.003801048,0.032595678,300.7084474,299.5341044,300.0336358,-5.206075567,-3.555321048,0.995479270277266,0.9278828107892498,0.9098380792628068,-0.06759645948801618
1181,36.9272222220001,5.30388888900006,1,10,2020-04-21,2020-04-24,fao_swarm,0.001058653,0.010415822,299.6897842,301.6578186,301.6632094,-4.807295114,-5.860139461,0.9522574267070965,0.996202237471502,0.9538818558952056,0.043944810764405595
1182,37.1211111110001,5.22444444400003,1,10,2020-04-21,2020-04-26,fao_swarm,0.004972309,0.039477795,299.6931425,298.2217943,298.4673055,-5.613910902,-6.639060469,0.8157944948572105,0.8742413245741436,0.9448127644573692,0.05844682971693316
1183,37.071666667,0.661388889000023,1,10,2020-04-21,2020-04-21,fao_swarm,0.01510708,0.029620945,295.4061525,297.0670254,297.1234796,-6.018817653,-5.800125725,0.9179337907002308,0.8014627218907919,0.7927004430983865,-0.11647106880943892
1184,36.641944444,1.07,1,10,2020-04-21,2020-04-21,fao_swarm,0.022942752,0.052484407,290.7217341,292.3804857,292.0761272,-6.136244916,-6.215223846,0.6613304115496467,0.783162720917833,0.817774203443042,0.12183230936818634
1185,36.350833333,1.155,1,10,2020-04-21,2020-04-22,fao_swarm,0.009571865,0.017976641,297.6457467,298.82748,298.7064386,-5.068295606,-6.442225406,0.8437927820747565,0.9496093346668056,0.837733352426222,0.10581655259204914
1186,37.4813888890001,0.580277778000038,1,10,2020-04-21,2020-04-21,fao_swarm,0.012129545,0.01757349,297.1772842,299.8509392,300.0301799,-6.618853827,-5.242540088,0.873642214896752,0.7172599860682489,0.7263590305420521,-0.15638222882850306
1187,36.826666667,2.535,1,10,2020-04-21,2020-04-22,fao_swarm,0.001871854,0.043416961,300.6608996,305.7700093,306.1468954,-9.892875079,-9.662657427,0.3199232126254479,0.3725160038121724,0.4938227170575234,0.05259279118672455
1188,37.1713888890001,0.603611111000021,1,10,2020-04-21,2020-04-22,fao_swarm,0.015990347,0.024806856,295.7380481,296.9421393,297.0416274,-5.589919644,-5.155706841,0.8670119425183076,0.8678104969046122,0.8155526401599681,0.0007985543863046063
1189,36.9377777780001,2.35222222200002,1,10,2020-04-21,2020-04-23,fao_swarm,0.002260104,0.042067169,300.5326824,304.8396219,305.3637248,-6.258805877,-6.612543931,0.671672797910378,0.7903217531353169,0.63500690425142,0.1186489552249389
1190,36.9375,2.35222222200002,1,10,2020-04-21,2020-04-23,fao_swarm,0.002260104,0.042067169,300.5326824,304.8396219,305.3637248,-6.258805877,-6.612543931,0.671672797910378,0.7903217531353169,0.63500690425142,0.1186489552249389
1191,36.899722222,2.31944444400006,1,10,2020-04-21,2020-04-23,fao_swarm,0.002736241,0.050615891,298.4514975,303.3055942,303.5193618,-6.186672957,-5.543266181,0.7686511727200231,0.7840047429529386,0.8518600044521196,0.015353570232915503
1192,36.956111111,0.686111111000059,1,10,2020-04-21,2020-04-23,fao_swarm,0.013475925,0.023660421,294.3115778,295.8702806,295.8779772,-5.381661906,-5.555973325,1.0292404712727918,0.8983195672660477,0.7947902536015341,-0.13092090400674417
1193,37.582777778,0.348333333000028,1,10,2020-04-21,2020-04-23,fao_swarm,0.023441851,0.016412347,294.8086481,296.4980855,296.7022936,-7.965010359,-6.14448297,0.728385752049679,0.5510928174327853,0.7050478300338691,-0.17729293461689377
1194,36.55,0.733333333000076,1,10,2020-04-21,2020-04-21,fao_swarm,0.025561899,0.030501469,291.7344619,293.1299974,293.0432984,-7.461535793,-8.321413336,0.5536232069329464,0.6087746588848832,0.5729954332251758,0.055151451951936825
1195,36.6833333330001,1.63333333300005,1,10,2020-04-21,2020-04-22,fao_swarm,0.003540769,0.014742836,296.7221952,301.5639275,301.4462552,-8.093754332,-7.129882479,0.6527464402275955,0.5372416153903865,0.6153081509259812,-0.11550482483720903
1196,36.3669444440001,1.16666666700007,1,10,2020-04-21,2020-04-22,fao_swarm,0.009571865,0.017976641,297.6457467,298.82748,298.7064386,-6.350087178,-6.82575278,0.7100851839724732,0.7552069333542746,0.7919873077602249,0.04512174938180136
1197,37.4833333330001,0.416666667000072,1,10,2020-04-21,2020-04-22,fao_swarm,0.014246613,0.012079998,295.8194229,298.3304368,298.509097,-5.508819905,-5.220443308,0.836573453888041,0.8835777441896211,0.9132844398797104,0.04700429030158004
1198,37.066666667,0.666666667000072,1,10,2020-04-21,2020-04-22,fao_swarm,0.01510708,0.029620945,295.4061525,297.0670254,297.1234796,-4.498750794,-4.942329333,0.697956662827555,1.0478355564519872,0.9022155165507656,0.34987889362443225
1199,37.1666666670001,0.6,1,10,2020-04-21,2020-04-22,fao_swarm,0.015990347,0.024806856,295.7380481,296.9421393,297.0416274,-6.547629102,-5.30887685,0.8324565183755089,0.7255910797648615,0.8972347496516389,-0.10686543861064746
1200,37.2,0.28333333300003,1,10,2020-04-21,2020-04-23,fao_swarm,0.030536071,0.025830641,290.7227052,292.1888895,292.2540134,-6.232388427,-6.443274883,0.7830275656518637,0.7707766551830567,0.7944340130900235,-0.012250910468806997
1201,36.592222222,1.49611111100006,1,10,2020-04-21,2020-04-22,fao_swarm,0.004257247,0.023300558,296.596159,300.3345818,300.1877266,-6.403457818,-6.504560614,0.7375757919877941,0.8288849146756377,0.6807729110853291,0.09130912268784364
1202,36.8275,2.53444444400003,1,10,2020-04-21,2020-04-22,fao_swarm,0.001871854,0.043416961,300.6608996,305.7700093,306.1468954,-10.45518751,-10.42481909,0.3120563078063684,0.3391986832349326,0.4043193310793909,0.02714237542856418
1203,36.95,0.666666667000072,1,10,2020-04-21,2020-04-23,fao_swarm,0.011702791,0.016581088,293.058583,294.6893398,294.7101766,-6.146647997,-5.425560606,0.8008939709109356,0.7815864886747291,0.8838594655088355,-0.019307482236206486
1204,36.716666667,0.683333333000064,1,10,2020-04-21,2020-04-23,fao_swarm,0.019480839,0.023168429,292.0112469,293.3085076,293.234276,-7.694942293,-8.839428183,0.4262081329310753,0.5869319173339218,0.652644940654401,0.16072378440284651
1205,36.7,1.08333333300004,1,10,2020-04-21,2020-04-23,fao_swarm,0.016915113,0.029526397,291.5389433,292.7240838,292.525373,-4.993026674,-5.143441192,0.6834559116569793,0.998702959122208,0.7050367879630032,0.3152470474652287
1206,37.2933333330001,0.5325,1,10,2020-04-21,2020-04-21,fao_swarm,0.013803005,0.016490071,295.7839248,297.8484653,297.8812975,-4.621597834,-5.085223616,1.0920712557727197,1.0327260407352372,0.8356100781179674,-0.05934521503748247
1207,37.3455555560001,0.557222222000064,1,10,2020-04-21,2020-04-21,fao_swarm,0.015217975,0.023640692,296.819743,298.9888298,299.0130412,-5.128166803,-5.580628983,0.967928048739596,0.945934738399639,0.9004198641898167,-0.021993310339956995
1208,37.280555556,1.88444444400005,1,10,2020-04-21,2020-04-26,fao_adult,0.004794538,0.017905279,299.1209094,302.8472337,303.341291,-5.683882406,-5.464630914,0.9404833301281263,0.8507761260724901,0.778956356353673,-0.08970720405563626
1209,36.718055556,1.46666666700003,1,10,2020-04-21,2020-04-25,fao_adult,0.003775954,0.017320737,295.538379,299.7035054,299.6594876,-5.976937823,-6.59783344,0.8008987480802046,0.8076127220031805,0.7011400220610653,0.006713973922975902
1210,37.089722222,1.50416666700005,1,10,2020-04-21,2020-04-27,fao_adult,0.007551819,0.012122824,298.4509767,301.6493333,301.464072,-6.651515375,-6.263187235,0.7552715306768567,0.7110575292927629,0.7498283571408496,-0.044214001384093815
1211,37.085277778,1.4925,1,10,2020-04-21,2020-04-27,fao_adult,0.007551819,0.012122824,298.4509767,301.6493333,301.464072,-5.780109335,-5.434002022,0.7413869349988677,0.8360293324619105,0.6992635627901168,0.09464239746304282
1212,37.0330555560001,0.91277777800002,1,10,2020-04-21,2020-04-27,fao_adult,0.014033616,0.022756173,293.8446182,295.2964362,295.3101007,-5.916885474,-5.47512619,0.8341120565190493,0.8153934771329876,0.899715883423724,-0.018718579386061696
1213,36.3577777780001,0.03944444400003,1,10,2020-04-21,2020-04-22,fao_adult,0.073572844,0.040636136,288.8508736,290.3336269,290.5567587,-8.099838852,-7.941470443,0.7157602966236734,0.5364589059448801,0.5953945586673723,-0.17930139067879325
1214,36.8069444440001,1.15861111100003,1,10,2020-04-21,2020-04-22,fao_adult,0.007663205,0.012084081,293.8413738,296.0087029,295.825921,-6.260791757,-6.521630587,0.8398509664644473,0.7699088926016984,0.7670540783657964,-0.06994207386274898
1215,36.29977263065932,1.817088599430176,0,10,2020-04-21,,synthetic_background,0.000557393,0.0025153,303.6480524,309.5657613,307.802158,-8.686289335,-8.780378785,0.4685781832388857,0.4798935167838299,0.4955502633501734,0.011315333544944184
1216,38.34917942711397,3.026285561329664,0,10,2020-04-21,,synthetic_background,0.000232905,0.024785369,300.4822267,303.6608188,304.5362671,-6.145809203,-7.193024051,0.7496893870113623,0.7834319563893548,0.5844998482746548,0.03374256937799247
1217,38.59461173018717,5.172536397088191,0,10,2020-04-21,,synthetic_background,0.000530273,0.003399148,297.4582629,301.058692,301.4762682,-6.250201294,-5.163624952,0.9269157486674277,0.7667005845759401,0.8922883972202144,-0.1602151640914875
1218,36.15717221343464,5.171764170692768,0,10,2020-04-21,,synthetic_background,0.005485982,0.006920933,301.3003311,302.8567932,302.8107897,-4.569745051,-5.523124389,1.0631038230203873,1.0411109190090913,0.9890180980787704,-0.021992904011296055
1219,37.68291408773408,5.26155852145305,0,10,2020-04-21,,synthetic_background,0.002217814,0.006500392,299.1549318,298.0424431,298.5770332,-5.804413939,,0.7550393518320603,0.8323345368493249,1.222877351212716,0.07729518501726462
1220,38.67341837493847,0.8343129225809947,0,10,2020-04-21,,synthetic_background,0.004720181,0.024620026,300.5154624,303.7055074,304.1678535,-5.466871693,-6.280506184,0.693002454634934,0.8856063889880711,0.8447513443189134,0.19260393435313705
1221,38.39406628367056,0.2610647660492016,0,10,2020-04-21,,synthetic_background,0.015396893,0.040664374,298.9200522,300.3550245,300.3673272,-4.892232622,-5.503942523,0.8783691765059841,0.9800240584216416,1.1869235597730772,0.10165488191565752
1222,36.83867703611136,0.7679445740874677,0,10,2020-04-21,,synthetic_background,0.01367119,0.01567012,291.955675,293.2770297,293.2644247,-5.132427009,-5.260802858,0.6570598999638847,0.9389256067352432,0.7312936880083596,0.28186570677135847
1223,37.18650002189937,3.1209816370621013,0,10,2020-04-21,,synthetic_background,0.000621408,0.052689939,301.3292482,305.7437561,306.8482463,-8.865371955,-10.0066118,0.3656824970629385,0.4597290508012487,0.3834416688866656,0.09404655373831022
1224,38.68937479121689,1.1429616251902754,0,10,2020-04-21,,synthetic_background,0.0033115,0.028685301,301.0071941,303.6906256,304.2027656,-7.73490019,-10.59848539,0.8831276915272597,0.588214686105799,0.2677643760466999,-0.2949130054214607
1225,38.24780250187911,0.5700466639854449,0,10,2020-04-21,,synthetic_background,0.012270585,0.029190718,298.5916071,300.643219,300.7022339,-5.628855581,-5.428407644,0.7791311996470935,0.8608649095933919,0.932110150099383,0.08173370994629836
1226,37.62019331817234,2.589193313530253,0,10,2020-04-21,,synthetic_background,0.004981086,0.032214581,301.4849665,304.9069071,305.7127645,-6.619058664,-6.798647497,0.719251334184739,0.7243519662801868,0.7506237189141644,0.005100632095447866
1227,36.17037172557662,4.929901127087897,0,10,2020-04-21,,synthetic_background,0.003422678,0.003937914,301.9792482,305.7861226,304.4955282,-6.302388801,-4.877077568,0.7747475151069811,0.7611804333264884,0.8855672909936957,-0.013567081780492707
1228,36.863980335381456,4.275599545743687,0,10,2020-04-21,,synthetic_background,0.001574159,0.01642625,301.2104927,305.5530063,305.1860447,-7.128673679,-6.712894645,0.5172061623397104,0.6490780771772641,0.7432919161161504,0.13187191483755367
1229,37.46199439693506,2.15576632478212,0,10,2020-04-21,,synthetic_background,0.005267024,0.03251861,300.623085,304.1503099,304.4777059,-6.360200311,-5.675822437,0.8937487714722774,0.7641315503850724,0.7354142957229934,-0.12961722108720497
1230,36.42072907732016,4.249961065437637,0,10,2020-04-21,,synthetic_background,0.002868801,0.014066025,302.3009387,306.6344299,305.4590916,-6.176944787,-6.062156038,0.7444062711890161,0.777208772731615,0.7392754403850786,0.032802501542598894
1231,37.07917099298834,2.75164235730972,0,10,2020-04-21,,synthetic_background,0.001462072,0.020721673,301.1864422,305.7468865,306.3643813,-5.403071184,-6.649386666,0.7760228821086812,0.895122999408394,0.8052986630258294,0.11910011729971282
1232,37.2343751597176,5.168620036249368,0,10,2020-04-21,,synthetic_background,0.004089505,0.034363537,297.7200522,297.5132385,297.8013008,-6.923615805,-7.029142093,0.8850014218326208,0.6752545974690216,0.8167502247463571,-0.20974682436359915
1233,36.1115561587676,3.17968183885208,0,10,2020-04-21,,synthetic_background,0.002881333,0.007102325,302.9141332,307.8372673,307.0065145,-7.002516439,-6.531268078,0.4142385347001162,0.6792550476788055,0.6599897527107004,0.26501651297868933
1234,37.05905665719114,2.8650780828913067,0,10,2020-04-21,,synthetic_background,0.001242071,0.024259373,300.8784289,305.2354661,306.40786,-8.580099765,-7.485322616,0.4936660226188521,0.4871442569447234,0.630835271393172,-0.00652176567412871
1235,37.425991171651525,5.3847389625704585,0,10,2020-04-21,,synthetic_background,0.002794206,0.009941935,296.9493654,299.4311801,299.8670723,-6.644957604,-6.804695387,0.7249336669271844,0.715308998801728,0.6835895893085872,-0.00962466812545637
1236,38.89672400799029,0.0294997605295872,0,10,2020-04-21,,synthetic_background,0.014149234,0.042638286,300.9177519,303.2740566,303.526686,-5.803832193,-6.310442261,0.7812282778985811,0.8324228334114104,1.100750715869988,0.051194555512829365
1237,36.69615056440525,3.321399578466639,0,10,2020-04-21,,synthetic_background,0.000734568,0.043349534,301.2054363,304.881039,306.0569486,-7.9464968,-8.114394417,0.6308782376758606,0.5944950027566253,0.6158534299653251,-0.03638323491923534
1238,37.7359601210988,0.7819830282405567,0,10,2020-04-21,,synthetic_background,0.008644939,0.015719175,298.0656848,300.647288,300.8452841,-6.534812978,-4.661183574,0.8411085780995617,0.726909020255631,0.9501417206851224,-0.11419955784393077
1239,38.101637032949874,0.6948576103606994,0,10,2020-04-21,,synthetic_background,0.009977013,0.023149594,298.8423504,301.1830519,301.3659763,-6.414517456,-5.562654613,1.098821278981649,0.7442596049378066,0.7745168081924969,-0.3545616740438423
1240,37.7559022533489,1.286232429822903,0,10,2020-04-21,,synthetic_background,0.011262,0.021880164,299.2632217,302.1932624,302.5615655,-5.840345744,-6.121003048,1.1361657821840452,0.8269803661785067,0.8586010296062473,-0.3091854160055385
1241,38.45339529569885,0.5912738582298849,0,10,2020-04-21,,synthetic_background,0.009953931,0.042333543,299.3068469,301.2002773,301.5005412,-5.401779797,-4.741003958,0.8643098223063804,0.895096929194118,0.9646825801386938,0.03078710688773756
1242,37.03587502112848,5.168056572522218,0,10,2020-04-21,,synthetic_background,0.003215641,0.025864034,301.2419706,299.507607,299.7972426,-4.605397709,-5.65959602,0.7661774286811458,1.0317388976008628,0.8076265698041889,0.265561468919717
1243,37.23338731590909,2.103868000131466,0,10,2020-04-21,,synthetic_background,0.002515614,0.007674634,299.6949925,304.800771,304.9464939,-7.061193358,-6.000167281,0.7873804877752296,0.6575712569497809,0.6730280207760378,-0.1298092308254487
1244,38.80024518844938,0.2574651292316035,0,10,2020-04-21,,synthetic_background,0.01330559,0.040412232,300.0793241,302.3607048,302.6723023,-6.227624324,-4.843048225,0.8909690568629564,0.7699275086065552,1.0837012375450656,-0.12104154825640112
1245,37.5262734417554,1.7257991450326908,0,10,2020-04-21,,synthetic_background,0.005588487,0.022353917,299.223123,302.6660217,302.8678427,-5.023996092,-4.698105269,0.8121029332199674,0.9592660927059844,0.9635585886527648,0.147163159486017
1246,36.10799963373699,1.0678649466422931,0,10,2020-04-21,,synthetic_background,0.006239936,0.008764743,299.7929852,302.0143887,301.5582072,-5.953550624,-5.640059036,1.0195715671856718,0.8099265269558051,0.7933760437583562,-0.20964504022986663
1247,36.31045186009841,5.301343954073404,0,10,2020-04-21,,synthetic_background,0.010056481,0.012060492,299.8396594,300.5582417,300.9355727,-5.303016695,-5.97285374,0.8443204666780604,0.9126441027854754,0.9849974842067928,0.06832363610741499
1248,36.9598986337292,4.686265869257415,0,10,2020-04-21,,synthetic_background,0.007969231,0.047145902,299.65746,301.0683058,300.8419583,-2.741078162,0.417679444,1.9174191486532408,1.9003896365482336,1.4195997152038495,-0.01702951210500725
1249,38.451975250916966,1.0839228759522936,0,10,2020-04-21,,synthetic_background,0.003790259,0.025326296,300.2669272,303.5360304,304.2383776,-6.018493662,-6.104277003,0.69580382761358,0.8003104337611608,0.8202757722323183,0.1045066061475809
1250,37.54306440801166,0.822071788621985,0,10,2020-04-21,,synthetic_background,0.015188903,0.029098078,296.3560819,298.2063971,298.3182658,-5.523961711,-7.755583677,0.830294576548322,0.8763578331860447,0.95044464504563,0.046063256637722705
1251,36.92164328876739,4.221697514442193,0,10,2020-04-21,,synthetic_background,0.001344577,0.018444895,300.9410049,304.6058275,304.3628947,-7.238453956,-6.674056055,0.8271183991283152,0.6354502548307903,0.7603637325430495,-0.19166814429752488
1252,37.1428506226768,3.3912091573721708,0,10,2020-04-21,,synthetic_background,0.000218973,0.076215415,302.0973471,305.5673509,305.7189928,-6.33048988,-6.645134872,0.9866767923329008,0.7557460443227396,0.7510392228227533,-0.23093074801016122
1253,37.8784761753145,1.0464610620350856,0,10,2020-04-21,,synthetic_background,0.009346187,0.027499496,298.7309138,300.9219624,301.0209243,-6.063745645,-4.727962373,0.9830079889044826,0.7982378314804923,1.0249072263996943,-0.18477015742399028
1254,36.08704676193363,1.0257837014930122,0,10,2020-04-21,,synthetic_background,0.006664842,0.005870476,299.8125924,302.8002176,302.3475139,-5.929972939,-5.492026808,0.8801853750304925,0.8134389283412007,1.177745165076174,-0.06674644668929186
1255,36.2934222279621,1.0786172913788892,0,10,2020-04-21,,synthetic_background,0.008338705,0.009087234,298.2635472,300.9027404,300.5454956,-5.999799569,-5.543250012,0.8381525445715736,0.8030697092266654,0.8414617983553444,-0.03508283534490819
1256,37.8340622051894,0.5296990189920721,0,10,2020-04-21,,synthetic_background,0.021591902,0.039895459,296.824897,298.0559251,298.1794149,-5.47794476,-5.451946338,0.8657354023465434,0.885389848918329,1.0631156294389863,0.0196544465717855
1257,37.40994806095944,3.993222447748059,0,10,2020-04-21,,synthetic_background,0.000372291,0.044584214,300.2164606,304.0002176,303.7536391,-8.931951826,-9.443024762,0.5268758063968163,0.4535254519528643,0.5054209119257431,-0.07335035444395199
1258,37.19571024564573,2.8525721889977254,0,10,2020-04-21,,synthetic_background,0.001103997,0.024226963,301.5289552,305.7061042,307.29485,-8.535043,-7.581347834,0.501640008181433,0.4947320898594569,0.4245934684508747,-0.00690791832197607
1259,37.18250288717064,1.8246364189398492,0,10,2020-04-21,,synthetic_background,0.005992085,0.015975072,295.9311253,299.5871805,299.7499173,-4.548203813,-4.607896253,0.9872620378178374,1.0390043893460827,1.1078159244174712,0.051742351528245356
1260,37.94662863088264,4.7470872856501165,0,10,2020-04-21,,synthetic_background,0.001160443,0.031879409,297.1332901,299.3445861,299.8686565,-5.584041792,-4.511281666,0.9829784973403086,0.866276440676091,1.2914220894664932,-0.11670205666421762
1261,37.686322755109416,1.948568185383856,0,10,2020-04-21,,synthetic_background,0.002907336,0.02792102,300.3785429,303.4183654,303.3671319,-7.753913208,-7.403017322,0.5257961229862547,0.5770077336266849,0.6941624649595465,0.05121161064043023
1262,37.01444877951156,4.539241410813622,0,10,2020-04-21,,synthetic_background,0.00508064,0.045664369,297.9540095,300.2131842,299.8330119,-5.024396444,-4.987134723,0.7153423278779666,0.9583976518038564,0.9125249725063336,0.2430553239258898
1263,37.88094703391527,2.7602243788407885,0,10,2020-04-21,,synthetic_background,0.001903594,0.03194794,300.5044652,304.5251634,306.4362563,-9.626436709,-9.398145195,0.4298445126716999,0.3931771421669916,0.3444043211067277,-0.03666737050470825
1264,36.20196651270353,4.696344652340787,0,10,2020-04-21,,synthetic_background,0.00225012,0.006507187,301.9767145,304.7756842,304.2010132,-4.659141439,-7.433341175,0.8661688282444991,1.0204408534292786,0.9363080670999891,0.15427202518477945
1265,36.97239293509442,0.3469509924901162,0,10,2020-04-21,,synthetic_background,0.025605202,0.027920767,291.0277237,292.3493496,292.4265558,-5.745585826,-6.079584549,1.0644700021944926,0.8419649263482565,0.849121855175067,-0.22250507584623613
1266,36.23548404836579,4.352699650699004,0,10,2020-04-21,,synthetic_background,0.002329081,0.00698398,302.5498428,304.7497348,304.0214288,-8.442808065,-6.272081472,0.4964074964839423,0.500823846605367,0.6680840294564027,0.0044163501214247725
1267,37.04795803005518,3.022021930847205,0,10,2020-04-21,,synthetic_background,0.001096845,0.03399752,301.5685982,305.5750278,306.7657051,-10.39008212,-10.44050907,0.3727753348885563,0.3499302753022067,0.3726824218336607,-0.02284505958634958
1268,36.86184269692284,4.849006768270385,0,10,2020-04-21,,synthetic_background,0.003546089,0.018742576,302.6472169,304.6289774,304.7761163,-5.309554389,-6.511743801,0.806506728528865,0.929886829106727,0.8281840917884146,0.12338010057786208
1269,37.85969561548447,4.574805027758435,0,10,2020-04-21,,synthetic_background,0.000912055,0.030818447,297.392779,299.9099833,300.5781508,-5.923937247,-5.676672487,0.8130009292132481,0.8143398955617804,0.8643529005925279,0.0013389663485323666
1270,36.18084161125936,1.032359838844443,0,10,2020-04-21,,synthetic_background,0.008670107,0.008198812,297.9849773,300.9910651,300.651572,-6.14329341,-6.6145628,0.7378865756956166,0.78207235388721,0.7179628140202171,0.04418577819159342
1271,38.11599697508012,3.3203249301809,0,10,2020-04-21,,synthetic_background,0.000271872,0.029411926,299.3126358,302.4113884,303.3716187,-9.90212519,-10.09637315,0.4088983069496212,0.3711554527065115,0.4587743561406271,-0.03774285424310969
1272,37.76792745522387,2.926456230793235,0,10,2020-04-21,,synthetic_background,0.000911221,0.033145531,301.3013999,305.3053392,307.2724813,-8.341924901,-8.503353038,0.5995418274928763,0.5113674219757789,0.4340998909283293,-0.08817440551709743
1273,36.322127158416826,5.982717112826361,0,10,2020-04-21,,synthetic_background,0.033111721,0.041037991,297.9535863,297.9882331,298.3583754,-4.590817311,,1.1552457618930618,1.0314754817426046,1.0718341620692815,-0.12377028015045721
1274,38.90840315099772,1.357454973662065,0,10,2020-04-21,,synthetic_background,0.003441766,0.033089086,301.2669381,303.9939405,304.612732,-7.740065031,-8.919666203,0.7070921413521616,0.5902866516843368,0.461644338279739,-0.11680548966782478
1275,36.59168817113986,3.243989241875644,0,10,2020-04-21,,synthetic_background,0.000842169,0.030609249,301.212473,305.328245,306.8802667,-8.309920453,-7.331177048,0.6561817843865484,0.515775346006123,0.6775867324552528,-0.14040643838042544
1276,36.566136963720766,3.25452237158445,0,10,2020-04-21,,synthetic_background,0.000997916,0.035905822,300.9548504,304.78947,306.0688084,-8.606810812,-9.720121212,0.4190794440603019,0.4881430419729196,0.4881385692504808,0.06906359791261768
1277,37.528644724611134,4.190564176257868,0,10,2020-04-21,,synthetic_background,0.000455633,0.038442179,299.5896811,303.0398281,303.0004815,-5.454255635,-5.70929115,0.7828813680674391,0.8867417413738957,0.920798182410454,0.10386037330645659
1278,38.28871336871333,1.2887854972898571,0,10,2020-04-21,,synthetic_background,0.004321978,0.01691538,300.983404,304.1020623,304.853574,-4.910470042,-5.175711794,1.2439829293990423,0.9761443607135776,0.8755084689270449,-0.26783856868546474
1279,37.57892451848805,3.642122326599535,0,10,2020-04-21,,synthetic_background,0.000755072,0.08258827,299.5199708,303.1233622,302.0399835,-9.43924152,-8.16181467,0.5680378158967203,0.4087718151832984,0.3666393212418605,-0.1592660007134219
1280,36.37034094736947,1.7708863887822983,0,10,2020-04-21,,synthetic_background,0.001631692,0.009232818,303.6023005,307.7713385,306.6301473,-7.49048416,-10.88064502,0.3112446287643036,0.6065768112863906,0.38214068140306,0.29533218252208704
1281,36.64187578218266,1.6679711764838157,0,10,2020-04-21,,synthetic_background,0.003718689,0.01993291,298.938276,303.2107428,303.2085273,-5.89917495,-6.552366503,0.7120571148033251,0.8221118033775696,0.893384940375985,0.1100546885742445
1282,38.66423594422851,1.115030403795947,0,10,2020-04-21,,synthetic_background,0.0033115,0.028685301,301.0071941,303.6906256,304.2027656,-6.486402027,-5.700808435,0.8027616253370861,0.7354162262699326,0.6931666771656263,-0.06734539906715342
1283,36.11236591291743,4.923580675912886,0,10,2020-04-21,,synthetic_background,0.003307492,0.003019302,303.1975153,307.1751254,305.436712,-5.63096289,-4.806041887,0.7492268906031709,0.8701956446003426,0.8577518178445216,0.12096875399717166
1284,37.88851177668423,0.4002439612644113,0,10,2020-04-21,,synthetic_background,0.03823024,0.062375783,293.4162979,294.411676,294.2095527,-5.782622507,-4.923089763,0.7911617063225005,0.836432193900835,0.9731619429696978,0.04527048757833452
1285,38.485678175112575,2.4587227505544447,0,10,2020-04-21,,synthetic_background,0.002674297,0.029220252,300.2697918,303.2271491,303.9794041,-6.497820886,-4.812936203,0.6154559163475062,0.7339465465225918,0.7015396445215247,0.11849063017508565
1286,36.97701260628695,1.7116942791816423,0,10,2020-04-21,,synthetic_background,0.006371319,0.014805078,295.799284,298.9459208,299.1010132,-6.025581108,-6.033861389,0.8971834276565407,0.801807717624145,0.7815316338709635,-0.09537571003239564
1287,38.14563160092579,4.276244664437671,0,10,2020-04-21,,synthetic_background,0.001768351,0.026078149,294.8455785,298.1124898,299.2398316,-5.774794084,-6.009622855,0.8715321906298219,0.8368389651512821,1.0831712932610733,-0.03469322547853981
1288,37.16131154758227,0.5109402993298608,0,10,2020-04-21,,synthetic_background,0.015941873,0.019736975,293.9827312,295.2908155,295.3010458,-5.284239728,-4.566175031,0.8866195402145276,0.9283918739170692,0.9994916715049312,0.04177233370254163
1289,36.78003839118505,4.213175343235682,0,10,2020-04-21,,synthetic_background,0.00146465,0.012454077,301.2339248,305.3752502,305.0121081,-6.205238807,-6.239199657,0.8230335076247749,0.7731372712889055,0.822916722943784,-0.04989623633586937
1290,37.49942999328242,3.313992090438697,0,10,2020-04-21,,synthetic_background,0.000682846,0.096734702,300.9018447,304.5995503,303.5061185,-9.709708636,-9.175211035,0.4149509056803357,0.3863454242610347,0.4034386669530166,-0.028605481419301027
1291,36.29854612927538,4.359592320164508,0,10,2020-04-21,,synthetic_background,0.002822116,0.008439332,303.0041234,306.485401,305.1053047,-8.555776406,-6.17634465,0.6320573083520123,0.4895382239765213,0.6604528481378074,-0.14251908437549105
1292,37.66619919002014,3.0165497105990067,0,10,2020-04-21,,synthetic_background,0.000533506,0.041081338,301.6564888,305.3404412,307.0362671,-9.390188425,-9.77938922,0.5215213721870977,0.4160944222093673,0.4999071186896556,-0.10542694997773039
1293,37.52041852034511,3.607207046155668,0,10,2020-04-21,,synthetic_background,0.000535339,0.086636811,300.7959582,304.2706766,302.7765937,-8.971270391,-8.458672064,0.4301688827758775,0.4505265016377399,0.4568596827593647,0.02035761886186238
1294,37.66213085969228,2.4860843625171567,0,10,2020-04-21,,synthetic_background,0.013683513,0.045478909,301.0351238,304.3113667,304.6263008,-8.647232499,-8.646535237,0.6196813250155495,0.4858429168670518,0.5787003082534706,-0.13383840814849773
1295,38.07630142607833,3.7901297093893422,0,10,2020-04-21,,synthetic_background,0.000682339,0.043258219,298.431695,301.037186,301.4277385,-5.966779172,-6.088197857,0.6468444894590979,0.807960812395476,0.8463361228253629,0.16111632293637812
1296,38.8400040647015,2.2732297685084584,0,10,2020-04-21,,synthetic_background,0.00236404,0.035630851,300.4978517,303.60012,304.1958754,-6.676345614,-6.05392028,0.7361572764231388,0.7120597687933075,0.7459230264969896,-0.024097507629831316
1297,38.10618099774468,1.06391072201319,0,10,2020-04-21,,synthetic_background,0.008090928,0.023301362,300.0356501,303.0787767,303.5560588,-5.9772458,-4.927501648,0.8367479018580027,0.8069884147627677,0.9135749596965967,-0.029759487095235015
1298,38.647476522016746,0.3711998773901828,0,10,2020-04-21,,synthetic_background,0.012581304,0.050816967,299.3510092,301.069738,301.230679,-4.969960144,-5.546155897,0.8499356980269556,0.9660715961572844,0.9072711925874944,0.11613589813032887
1299,36.22513364358028,3.892104843531664,0,10,2020-04-21,,synthetic_background,0.000806555,0.007079854,302.5137968,303.8142747,303.84147,-8.748755216,-8.026970167,0.5845154439915626,0.4838122070612594,0.4427772301373242,-0.10070323693030325
1300,36.34922046426993,2.5030525828987047,0,10,2020-04-21,,synthetic_background,0.000518665,0.008624419,302.7190702,308.3574496,307.8223945,-9.114636524,-9.096853212,0.4557728948799847,0.4374913623336068,0.4278370617782726,-0.018281532546377877
1301,38.50788355862643,2.9983387105363213,0,10,2020-04-21,,synthetic_background,0.000500068,0.02097021,300.2273873,303.2817443,303.8192641,-6.470749321,-6.694249785,0.6276992835373083,0.744066036321472,0.8298597060042969,0.11636675278416364
1302,36.57787262797976,4.084621818545783,0,10,2020-04-21,,synthetic_background,0.00279659,0.029829904,301.7014704,305.3058112,305.3872708,-7.953405138,-8.067695981,0.5644266162961985,0.5523152493202897,0.6872680769461357,-0.012111366975908755
1303,37.37148337897114,2.299044199539029,0,10,2020-04-21,,synthetic_background,0.003759042,0.028377279,300.8715388,304.634457,305.5132637,-4.704158797,-5.955320256,0.8432084628185645,1.0136795006983903,0.8934743192487786,0.17047103787982576
1304,36.468776023452286,3.844567564284918,0,10,2020-04-21,,synthetic_background,0.000921995,0.034545853,301.2349068,304.8144917,304.7986912,-9.302759874,-9.406737323,0.3992047402266407,0.4210028743628628,0.4117926466385856,0.021798134136222114
1305,37.86742707393572,0.4774543399883011,0,10,2020-04-21,,synthetic_background,0.030609369,0.055529415,295.6196453,296.7599453,296.6219713,-6.012400842,-5.557457887,0.8611691125070814,0.8033902928622279,0.7907984251726473,-0.05777881964485354
1306,38.01251601289661,5.153766320144845,0,10,2020-04-21,,synthetic_background,0.005733311,0.02181895,294.1025175,295.3310282,295.9596667,-5.18269987,-5.770826145,0.780143315832271,0.9306336315347696,0.5935323238090084,0.1504903157024986
1307,37.357229473450055,2.3720754642177644,0,10,2020-04-21,,synthetic_background,0.004006282,0.031258135,301.1132217,304.7109707,305.2581259,-5.693157904,-5.301786511,1.0672213465269151,0.849346425216831,0.8120063686259842,-0.21787492131008412
1308,36.22450345176056,0.5283508745239607,0,10,2020-04-21,,synthetic_background,0.062886551,0.051927134,294.0439563,295.3361063,295.3923923,-6.049807603,-5.504298852,0.6935152051628584,0.7957044786391216,0.9389754758513268,0.10218927347626328
1309,36.4440832712184,4.469281082882334,0,10,2020-04-21,,synthetic_background,0.002603605,0.007358848,302.632677,307.1435228,305.4373251,-4.385573054,-6.107204592,0.8201582398890257,1.0680638261612023,0.8347530167121421,0.24790558627217663
1310,38.4509844707294,0.3422458970407829,0,10,2020-04-21,,synthetic_background,0.017547682,0.057639792,299.2797256,300.5890197,300.5509047,-5.282867599,-5.322835766,1.069133369109265,0.9142646301744776,0.9628241276266312,-0.15486873893478748
1311,38.9763056325225,5.063382414242601,0,10,2020-04-21,,synthetic_background,0.000623807,0.002107128,299.1738825,301.5981614,302.3854588,-5.765915108,-5.296845432,0.8518174117940605,0.83819271966378,1.0543231965584308,-0.013624692130280502
1312,38.01116974499325,1.6921551404544626,0,10,2020-04-21,,synthetic_background,0.005183399,0.023434847,300.3913196,303.6602274,303.8768216,-7.162656554,-9.050763826,0.8633553745412701,0.6487783234691511,0.6093401484818631,-0.214577051072119
1313,36.895316629053056,0.2078728496507282,0,10,2020-04-21,,synthetic_background,0.020560235,0.019281148,291.5638131,292.4501742,292.5640069,-5.660493731,-5.950005776,0.7977358159395881,0.8543889898066152,0.7439746639829856,0.05665317386702706
1314,37.66409061757165,1.817910752066188,0,10,2020-04-21,,synthetic_background,0.002738491,0.025390282,300.2883519,303.1416999,303.0202732,-5.745217224,-6.731525333,0.9981910836330844,0.851955187110093,0.6996990342539069,-0.1462358965229914
1315,37.21107670736514,4.3635003141076165,0,10,2020-04-21,,synthetic_background,0.003995836,0.052157222,299.0322647,300.8233025,300.0941556,-4.690249193,-4.692503653,0.8324106576846797,1.0140469366963192,0.9177291455937988,0.18163627901163948
1316,36.65045858276613,5.006927146633824,0,10,2020-04-21,,synthetic_background,0.010755226,0.021994411,298.5275338,300.8898118,301.2806031,-5.40839062,-6.052785659,0.8319533147324694,0.9014934815624004,0.7921089463751539,0.06954016682993103
1317,38.171448315287904,0.8858832821624727,0,10,2020-04-21,,synthetic_background,0.006403133,0.022353723,299.9343751,302.8368604,303.1167413,-4.943492188,-4.071245354,0.8056357347886167,0.9725383199479736,0.8547432488998198,0.16690258515935685
1318,36.20688247799755,3.950525358209753,0,10,2020-04-21,,synthetic_background,0.000913173,0.00737372,302.6356392,305.9577046,305.4465373,-4.956382732,-6.327141209,0.9001240927822254,0.9943495401184514,0.9356336518971096,0.09422544733622606
1319,38.4218342564991,1.682898476854568,0,10,2020-04-21,,synthetic_background,0.003961504,0.033780738,300.801975,303.5293084,303.9106269,-5.136309571,-4.693538575,0.9927684795803652,0.9420976260879186,1.0527912256654388,-0.0506708534924466
1320,38.31299483415114,5.3083156715985815,0,10,2020-04-21,,synthetic_background,0.000840798,0.002568125,295.0194771,297.1279086,297.3638659,-3.511501909,-5.446709524,1.017289888390691,1.2327955469020515,0.9735952174876664,0.2155056585113606
1321,37.65626078453544,2.771377913984152,0,10,2020-04-21,,synthetic_background,0.000896573,0.030905797,301.4573243,304.5214959,306.1082669,-6.722175829,-4.585254554,0.7032891535080752,0.7131411449199487,0.8984510271017332,0.00985199141187354
1322,38.46020100428761,3.4925711802620856,0,10,2020-04-21,,synthetic_background,0.000181258,0.023256361,299.0919435,301.3256951,302.1137357,-5.413252984,-5.628821831,0.7469144377442545,0.8932627539757839,1.0077020709430884,0.14634831623152944
1323,38.44803531530123,0.5924059683697704,0,10,2020-04-21,,synthetic_background,0.009759411,0.035144105,299.2377388,300.9484544,301.1590319,-5.432552405,-5.752675761,0.8619556042226758,0.8901834727006128,0.9963168687019928,0.028227868477937013
1324,37.19085121535886,2.0934762062529453,0,10,2020-04-21,,synthetic_background,0.002515614,0.007674634,299.6949925,304.800771,304.9464939,-5.906571967,-6.255291283,0.6183846398891532,0.8169362089254705,0.9216231396405826,0.19855156903631732
1325,36.16935054010239,2.9432252435041137,0,10,2020-04-21,,synthetic_background,0.002322257,0.004097521,303.2349014,307.4625061,306.8799086,-8.302333822,-5.507006315,0.456132749778919,0.5312658808229218,0.5294796809597438,0.07513313104400282
1326,38.20066122290949,0.3722297722532903,0,10,2020-04-21,,synthetic_background,0.02066651,0.031521036,298.3666288,299.7170145,299.7691393,-5.189645361,-4.817753823,0.95891230941146,0.9303900947446956,0.9867895321816624,-0.02852221466676441
1327,37.90017243048872,3.0772449685747736,0,10,2020-04-21,,synthetic_background,0.000599906,0.028018176,300.8148764,304.5144917,306.0059883,-9.629212218,-10.63389241,0.4497159061371243,0.3928632339172234,0.3779870096269004,-0.056852672219900924
1328,37.85646245318093,2.1203329722266684,0,10,2020-04-21,,synthetic_background,0.006615028,0.022989004,299.0254125,300.7179423,301.0127862,-4.959894754,-5.446556661,0.9528387416645204,0.972253631029278,1.0143472672020566,0.019414889364757548
1329,36.45411788609304,0.8905769177689367,0,10,2020-04-21,,synthetic_background,0.029056206,0.049709081,292.0999404,293.7471361,293.470105,-6.953518774,-7.656866561,0.5501554816200172,0.6743030542087389,0.6412162767651228,0.12414757258872178
1330,38.20195837010777,4.261435768682575,0,10,2020-04-21,,synthetic_background,0.001740918,0.01709175,295.3289878,298.1882548,299.6291057,-5.934209443,-5.320524203,1.0792916213794397,0.8128069753258952,1.267050637655769,-0.2664846460535445
1331,36.73681738001627,3.6547352227832697,0,10,2020-04-21,,synthetic_background,0.000850737,0.046105563,300.5890735,304.0156799,303.9217381,-8.606269509,-9.766158965,0.8047574766863941,0.493160268810219,0.4839708126699054,-0.31159720787617506
1332,36.02886439588136,2.019691745733476,0,10,2020-04-21,,synthetic_background,0.002085492,0.002301513,303.2505372,308.2083285,306.0905586,-6.308106497,-7.92146172,0.6953977296950995,0.7584713981513245,0.4845308430927359,0.06307366845622497
1333,37.90286249863112,5.118052335120149,0,10,2020-04-21,,synthetic_background,0.003160343,0.02355203,294.9182673,296.4861117,297.3274075,-6.579551969,-5.459971216,0.6724766902562324,0.7228326762277619,0.7140929049724292,0.05035598597152957
1334,38.16877178545586,2.201580696613916,0,10,2020-04-21,,synthetic_background,0.00542827,0.02146466,300.1885689,301.8699334,302.6581801,-5.300307453,-5.575253041,0.8246650837589216,0.9114354836764064,0.8889967267665007,0.08677039991748481
1335,38.844375111660646,5.210618889886722,0,10,2020-04-21,,synthetic_background,0.00077495,0.003649562,297.6133411,298.4420308,299.0732843,-5.745334517,-7.57208436,0.9365286765302352,0.8413367749279443,0.8070334101638553,-0.09519190160229085
1336,38.35605897951684,1.3389288241311483,0,10,2020-04-21,,synthetic_background,0.003788978,0.021599754,300.8989585,303.8890089,304.6480781,-5.090746487,-4.969704267,0.9273824508735128,0.9458391014032308,1.004280068747075,0.01845665052971801
1337,36.95958855336044,2.000829114445477,0,10,2020-04-21,,synthetic_background,0.004993543,0.041553154,298.9894261,302.5760098,302.5104533,-4.451310336,-5.366226002,0.811716781266301,1.0584145105820266,0.9202054406892204,0.24669772931572564
1338,37.86762119549614,4.575326164026504,0,10,2020-04-21,,synthetic_background,0.000912055,0.030818447,297.392779,299.9099833,300.5781508,-4.452130558,-5.086595421,0.8829646166342086,1.0561088683524005,0.8441792100126386,0.17314425171819192
1339,36.21369189615757,4.394992093799254,0,10,2020-04-21,,synthetic_background,0.002329081,0.00698398,302.5498428,304.7497348,304.0214288,-9.556597976,-9.104230437,0.4642096032156068,0.398826699031939,0.5279206994361895,-0.06538290418366777
1340,36.63960970185831,4.191939456589379,0,10,2020-04-21,,synthetic_background,0.002958804,0.02252984,301.9703832,305.7799051,305.4771308,-7.340554957,-7.838928744,0.6790569291020084,0.6229848837118129,0.7878650752575522,-0.0560720453901955
1341,37.91111482166529,0.6921689600424874,0,10,2020-04-21,,synthetic_background,0.012085408,0.022141799,298.3886991,300.3865566,300.5868965,-9.85247315,-9.120136863,0.4972759838868635,0.3769612775618784,0.4873271368520264,-0.12031470632498509
1342,37.22174237669724,0.2017238396199812,0,10,2020-04-21,,synthetic_background,0.042194471,0.036509573,290.1953723,291.6977491,291.6474433,-7.326522996,-6.429597598,0.6763550301170729,0.6293519022673255,0.5006161335672364,-0.04700312784974736
1343,37.26175656176282,2.570674353897325,0,10,2020-04-21,,synthetic_background,0.001698718,0.016610786,301.3585885,305.2803609,306.1717001,-4.587275089,-5.993631692,0.7404439253523943,1.0320999591810034,1.0105465835448708,0.29165603382860905
1344,37.05868283829432,2.8504770769291365,0,10,2020-04-21,,synthetic_background,0.001242071,0.024259373,300.8784289,305.2354661,306.40786,-5.440260562,-5.676334122,0.8212230364958547,0.9017149482834436,0.793984969930457,0.08049191178758885
1345,37.96335566932248,3.73398269068272,0,10,2020-04-21,,synthetic_background,0.0003701,0.037992149,298.065853,301.6847446,302.2455173,-4.36876937,-4.775780735,0.8737166951572385,1.0753097195033994,0.9419092523279272,0.2015930243461609
1346,36.627516266327206,5.180518559903826,0,10,2020-04-21,,synthetic_background,0.041685,0.05488637,295.752078,296.2942877,296.4193238,-4.783273131,-5.375875724,0.7455471350497276,0.9996293663002938,0.9429449558768576,0.25408223125056617
1347,36.18541991264549,5.251359451576933,0,10,2020-04-21,,synthetic_background,0.005139485,0.004728093,301.5273981,303.0069288,302.9554295,-5.549291496,-5.038394582,0.9745317730420182,0.8756394545193902,0.8057878334918133,-0.09889231852262803
1348,38.39785818039872,1.63662312467487,0,10,2020-04-21,,synthetic_background,0.004530802,0.034038901,300.9671008,303.7314785,304.1332452,-7.125587631,-6.911023931,0.8309310008181641,0.6494645543306926,0.5752210806279446,-0.18146644648747146
1349,36.97991506527024,4.217535297703935,0,10,2020-04-21,,synthetic_background,0.001675323,0.035382225,300.4612686,303.6871914,303.1777656,-4.702609916,-5.760303436,1.063069740294181,1.011893977703265,0.8521734276683456,-0.05117576259091616
1350,37.59775851554495,5.674843136701945,0,10,2020-04-21,,synthetic_background,0.003143177,0.004969194,298.1451987,298.8889492,299.1699531,-6.542814069,,0.7261958006679167,0.725809347976561,0.9068710782868789,-0.000386452691355621
1351,37.1342674184458,2.2791296333807654,0,10,2020-04-21,,synthetic_background,0.001621708,0.009986355,300.4429635,305.343794,305.7417413,-5.695544634,-5.3299105,0.9549329569916865,0.8489788248401249,0.849669264551114,-0.10595413215156158
1352,38.13844885972299,1.5896761007400555,0,10,2020-04-21,,synthetic_background,0.00575006,0.026266127,300.6726889,303.8931593,304.2218303,-6.827782833,-5.830073282,0.8689320168949737,0.6891086817730332,0.7188828108848213,-0.1798233351219405
1353,37.08611051286867,1.868558598802601,0,10,2020-04-21,,synthetic_background,0.00546968,0.018698587,297.4607966,301.8317552,302.0817478,-5.751501184,-4.954212918,0.9127198537732376,0.8403937987825876,1.046696133370697,-0.07232605499065003
1354,36.974762518592726,4.84745268074451,0,10,2020-04-21,,synthetic_background,0.009760663,0.05422008,299.5403647,299.8238288,299.7277385,-6.666653941,-8.724090056,0.5149606010906438,0.7094746245649324,0.5302998898425277,0.1945140234742886
1355,36.66247236354624,4.412525821524169,0,10,2020-04-21,,synthetic_background,0.002208069,0.006910428,302.3056316,307.3441901,305.8634698,-5.079696016,-5.291449784,0.8750312511852075,0.9476779110424424,0.9060585553430208,0.07264665985723484
1356,38.97981420194978,1.6329448136297924,0,10,2020-04-21,,synthetic_background,0.003727526,0.040595218,300.9530166,303.8606235,304.4302721,-6.824646167,-5.814290554,0.8091746096640695,0.7039096236890278,0.86373454452378,-0.10526498597504175
1357,36.25108157212726,0.8333759068808078,0,10,2020-04-21,,synthetic_background,0.029236823,0.02033846,295.0267742,296.5515523,296.8701593,-4.684422301,-4.143329892,0.7511504058299419,1.015062898203701,0.8068142612000042,0.26391249237375924
1358,37.70845221350032,3.516782077485143,0,10,2020-04-21,,synthetic_background,0.001007348,0.090397611,296.9369142,300.6223314,299.5931519,-8.464279827,-9.314894636,0.4218875238260655,0.4986617788350203,0.4435797655801777,0.0767742550089548
1359,36.74179933591246,3.5416956573179403,0,10,2020-04-21,,synthetic_background,0.000877947,0.050852745,300.8378365,304.2924431,304.5962823,-6.867799034,-5.994441962,1.1263018679939092,0.6835947165718557,0.9717242206051346,-0.4427071514220535
1360,36.896708349039535,1.9145816198900525,0,10,2020-04-21,,synthetic_background,0.00819467,0.073464706,296.1230253,299.6499572,298.8768813,-4.423670595,-5.100788313,0.991921614402473,1.0684212003062996,0.8417949846375035,0.07649958590382666
1361,36.35395926627662,4.044871316765721,0,10,2020-04-21,,synthetic_background,0.001513437,0.018204271,302.6796605,306.0080464,305.511202,-10.66180139,-9.604314903,0.4061678056247292,0.316428284488217,0.483975425516045,-0.08973952113651218
