row_id,X,Y,Presence,Week,WeekStart,ObsDate,Source
0,38.14277778,4.888333333,1,1,18-02-2020,22-02-2020,fao_hopper
1,38.05916667,4.888333333,1,1,18-02-2020,22-02-2020,fao_hopper
2,37.66361111,5.114722222,1,1,18-02-2020,21-02-2020,fao_hopper
3,38.92833333,4.137777778,1,1,18-02-2020,24-02-2020,fao_hopper
4,37.31666667,0.866666667,1,1,18-02-2020,18-02-2020,fao_band
5,37.8,1.583333333,1,1,18-02-2020,21-02-2020,fao_band
6,37.55,0.4,1,1,18-02-2020,21-02-2020,fao_band
7,36.95,3.216666667,1,1,18-02-2020,21-02-2020,fao_band
8,37.8,1.583333333,1,1,18-02-2020,23-02-2020,fao_band
9,37.61666667,0.9,1,1,18-02-2020,23-02-2020,fao_band
10,36.95,3.216666667,1,1,18-02-2020,20-02-2020,fao_band
11,37.33333333,0.866666667,1,1,18-02-2020,20-02-2020,fao_band
12,37.95,1.383333333,1,1,18-02-2020,24-02-2020,fao_band
13,37.35722222,4.976388889,1,1,18-02-2020,22-02-2020,fao_adult
14,37.45,5.013888889,1,1,18-02-2020,22-02-2020,fao_adult
15,37.23333333,0.8,1,1,18-02-2020,18-02-2020,fao_swarm
16,36.7,2.75,1,1,18-02-2020,21-02-2020,fao_swarm
17,36.95,0,1,1,18-02-2020,21-02-2020,fao_swarm
18,36.25,0.283333333,1,1,18-02-2020,21-02-2020,fao_swarm
19,36.26666667,0.316666667,1,1,18-02-2020,21-02-2020,fao_swarm
20,36.8,0.6,1,1,18-02-2020,21-02-2020,fao_swarm
21,37.05,0.433333333,1,1,18-02-2020,22-02-2020,fao_swarm
22,36.98333333,0.033333333,1,1,18-02-2020,22-02-2020,fao_swarm
23,37.05,0,1,1,18-02-2020,22-02-2020,fao_swarm
24,37.02194444,5.311666667,1,1,18-02-2020,18-02-2020,fao_swarm
25,37.02611111,5.311666667,1,1,18-02-2020,18-02-2020,fao_swarm
26,37.06555556,5.420555556,1,1,18-02-2020,18-02-2020,fao_swarm
27,37.12444444,5.388888889,1,1,18-02-2020,18-02-2020,fao_swarm
28,37.34194444,4.991944444,1,1,18-02-2020,19-02-2020,fao_swarm
29,37.89666667,4.464722222,1,1,18-02-2020,20-02-2020,fao_swarm
30,37.42611111,5.030833333,1,1,18-02-2020,21-02-2020,fao_swarm
31,36.99555556,5.361944444,1,1,18-02-2020,21-02-2020,fao_swarm
32,37.33333333,0.866666667,1,1,18-02-2020,19-02-2020,fao_swarm
33,36.86666667,0.483333333,1,1,18-02-2020,19-02-2020,fao_swarm
34,36.76666667,1.116666667,1,1,18-02-2020,20-02-2020,fao_swarm
35,36.86666667,2.25,1,1,18-02-2020,20-02-2020,fao_swarm
36,37.86666667,0.233333333,1,1,18-02-2020,20-02-2020,fao_swarm
37,36.63333333,0.183333333,1,1,18-02-2020,20-02-2020,fao_swarm
38,37.75,0.25,1,1,18-02-2020,20-02-2020,fao_swarm
39,36.68333333,2.683333333,1,1,18-02-2020,24-02-2020,fao_swarm
40,37.19972222,5.5425,1,1,18-02-2020,22-02-2020,fao_swarm
41,37.35861111,4.964444444,1,1,18-02-2020,22-02-2020,fao_swarm
42,37.42722222,5.028888889,1,1,18-02-2020,22-02-2020,fao_swarm
43,37.01184,3.561464901,0,1,18-02-2020,,synthetic_background
44,38.02329515,3.183200298,0,1,18-02-2020,,synthetic_background
45,38.15296615,2.707121306,0,1,18-02-2020,,synthetic_background
46,38.25532125,4.295583331,0,1,18-02-2020,,synthetic_background
47,37.12704847,4.258636303,0,1,18-02-2020,,synthetic_background
48,37.99618892,1.310599437,0,1,18-02-2020,,synthetic_background
49,38.35897265,0.00028666,0,1,18-02-2020,,synthetic_background
50,37.61300768,2.356518806,0,1,18-02-2020,,synthetic_background
51,38.11724405,4.889346227,0,1,18-02-2020,,synthetic_background
52,36.72638739,4.924965944,0,1,18-02-2020,,synthetic_background
53,36.25619212,1.941670523,0,1,18-02-2020,,synthetic_background
54,36.12837555,2.688579698,0,1,18-02-2020,,synthetic_background
55,37.37084556,3.144739945,0,1,18-02-2020,,synthetic_background
56,38.70832881,4.168208113,0,1,18-02-2020,,synthetic_background
57,38.41798331,3.124160152,0,1,18-02-2020,,synthetic_background
58,37.59936174,1.987578954,0,1,18-02-2020,,synthetic_background
59,38.78418293,3.663889449,0,1,18-02-2020,,synthetic_background
60,38.63595927,4.673427398,0,1,18-02-2020,,synthetic_background
61,36.46194387,2.97986195,0,1,18-02-2020,,synthetic_background
62,37.53461099,4.536015946,0,1,18-02-2020,,synthetic_background
63,38.83789714,3.182977817,0,1,18-02-2020,,synthetic_background
64,37.55620178,3.434941724,0,1,18-02-2020,,synthetic_background
65,36.879864,3.247982956,0,1,18-02-2020,,synthetic_background
66,37.82611407,1.203262984,0,1,18-02-2020,,synthetic_background
67,37.83494619,1.205303471,0,1,18-02-2020,,synthetic_background
68,37.33507522,0.428729078,0,1,18-02-2020,,synthetic_background
69,37.45168925,2.078032557,0,1,18-02-2020,,synthetic_background
70,36.89077166,5.656280754,0,1,18-02-2020,,synthetic_background
71,36.39322971,1.705584192,0,1,18-02-2020,,synthetic_background
72,38.37617847,5.219156439,0,1,18-02-2020,,synthetic_background
73,36.36361951,5.469051799,0,1,18-02-2020,,synthetic_background
74,37.74583494,1.566696502,0,1,18-02-2020,,synthetic_background
75,36.74557105,2.851157747,0,1,18-02-2020,,synthetic_background
76,36.8702767,1.589784107,0,1,18-02-2020,,synthetic_background
77,37.05939126,3.213684319,0,1,18-02-2020,,synthetic_background
78,38.77191265,1.875473967,0,1,18-02-2020,,synthetic_background
79,36.27707358,5.038762817,0,1,18-02-2020,,synthetic_background
80,36.91482543,2.983728635,0,1,18-02-2020,,synthetic_background
81,38.10715665,3.001273189,0,1,18-02-2020,,synthetic_background
82,36.61565985,2.022113444,0,1,18-02-2020,,synthetic_background
83,37.51973452,5.451387073,0,1,18-02-2020,,synthetic_background
84,38.63533868,4.870971859,0,1,18-02-2020,,synthetic_background
85,36.42765757,4.178560028,0,1,18-02-2020,,synthetic_background
86,38.09222222,4.892777778,1,2,25-02-2020,25-02-2020,fao_hopper
87,36.82805556,5.466666667,1,2,25-02-2020,29-02-2020,fao_hopper
88,36.83194444,5.493333333,1,2,25-02-2020,29-02-2020,fao_hopper
89,36.82944444,5.516666667,1,2,25-02-2020,29-02-2020,fao_hopper
90,36.94277778,5.311944444,1,2,25-02-2020,29-02-2020,fao_hopper
91,36.92972222,5.314444444,1,2,25-02-2020,02-03-2020,fao_hopper
92,38.01527778,4.989166667,1,2,25-02-2020,02-03-2020,fao_hopper
93,38.02305556,4.962222222,1,2,25-02-2020,02-03-2020,fao_hopper
94,36.58277778,5.763888889,1,2,25-02-2020,02-03-2020,fao_hopper
95,36.93027778,5.3125,1,2,25-02-2020,02-03-2020,fao_hopper
96,37.25,0.6,1,2,25-02-2020,29-02-2020,fao_band
97,37.23333333,0.583333333,1,2,25-02-2020,29-02-2020,fao_band
98,37.21666667,0.566666667,1,2,25-02-2020,29-02-2020,fao_band
99,36.95,3.216666667,1,2,25-02-2020,29-02-2020,fao_band
100,37.85,1.55,1,2,25-02-2020,25-02-2020,fao_band
101,37.55,0.4,1,2,25-02-2020,25-02-2020,fao_band
102,37.21666667,1.883333333,1,2,25-02-2020,25-02-2020,fao_band
103,37.38888889,0.405555556,1,2,25-02-2020,28-02-2020,fao_band
104,37.33972222,3.0475,1,2,25-02-2020,28-02-2020,fao_band
105,37.23333333,0.8,1,2,25-02-2020,01-03-2020,fao_band
106,37.48333333,0.566666667,1,2,25-02-2020,02-03-2020,fao_band
107,38.16833333,4.219722222,1,2,25-02-2020,28-02-2020,fao_adult
108,38.16888889,4.219444444,1,2,25-02-2020,28-02-2020,fao_adult
109,38.01027778,4.999722222,1,2,25-02-2020,02-03-2020,fao_adult
110,38.02138889,4.973333333,1,2,25-02-2020,02-03-2020,fao_adult
111,38.02305556,4.960833333,1,2,25-02-2020,02-03-2020,fao_adult
112,38.0225,4.9675,1,2,25-02-2020,02-03-2020,fao_adult
113,37.8,1.583333333,1,2,25-02-2020,29-02-2020,fao_swarm
114,38.23666667,4.182777778,1,2,25-02-2020,25-02-2020,fao_swarm
115,37.20777778,4.858333333,1,2,25-02-2020,26-02-2020,fao_swarm
116,37.66555556,0.635277778,1,2,25-02-2020,28-02-2020,fao_swarm
117,37.66138889,0.755555556,1,2,25-02-2020,28-02-2020,fao_swarm
118,37.05,1.816666667,1,2,25-02-2020,28-02-2020,fao_swarm
119,38.81972222,4.317777778,1,2,25-02-2020,01-03-2020,fao_swarm
120,38.78916667,5.474166667,1,2,25-02-2020,01-03-2020,fao_swarm
121,38.72361111,5.475555556,1,2,25-02-2020,01-03-2020,fao_swarm
122,38.81972222,4.017777778,1,2,25-02-2020,02-03-2020,fao_swarm
123,38.10472222,4.301388889,1,2,25-02-2020,02-03-2020,fao_swarm
124,37.98722222,5.006388889,1,2,25-02-2020,02-03-2020,fao_swarm
125,37.90884364,4.950254047,0,2,25-02-2020,,synthetic_background
126,37.40747066,3.256743801,0,2,25-02-2020,,synthetic_background
127,37.6369997,0.789607495,0,2,25-02-2020,,synthetic_background
128,36.45963286,1.539881471,0,2,25-02-2020,,synthetic_background
129,37.31439297,0.235576006,0,2,25-02-2020,,synthetic_background
130,38.29099407,4.974515543,0,2,25-02-2020,,synthetic_background
131,36.74191653,0.389149136,0,2,25-02-2020,,synthetic_background
132,36.87637851,3.083456229,0,2,25-02-2020,,synthetic_background
133,37.490314,2.496954552,0,2,25-02-2020,,synthetic_background
134,36.93155256,3.287947589,0,2,25-02-2020,,synthetic_background
135,36.79536546,3.939613038,0,2,25-02-2020,,synthetic_background
136,36.61027683,1.946696401,0,2,25-02-2020,,synthetic_background
137,36.69546954,4.529598943,0,2,25-02-2020,,synthetic_background
138,38.72515488,1.610789989,0,2,25-02-2020,,synthetic_background
139,36.95559578,5.320957454,0,2,25-02-2020,,synthetic_background
140,36.26033828,0.911593168,0,2,25-02-2020,,synthetic_background
141,37.24636142,2.874362747,0,2,25-02-2020,,synthetic_background
142,36.9497282,1.025866119,0,2,25-02-2020,,synthetic_background
143,38.47202948,1.097595041,0,2,25-02-2020,,synthetic_background
144,38.36293635,3.271235528,0,2,25-02-2020,,synthetic_background
145,37.40286137,0.007562022,0,2,25-02-2020,,synthetic_background
146,38.33624752,1.578755469,0,2,25-02-2020,,synthetic_background
147,37.67552998,2.636758922,0,2,25-02-2020,,synthetic_background
148,36.02981141,2.550070266,0,2,25-02-2020,,synthetic_background
149,38.15579797,1.933794859,0,2,25-02-2020,,synthetic_background
150,36.56643741,1.488521339,0,2,25-02-2020,,synthetic_background
151,37.31774211,2.131809129,0,2,25-02-2020,,synthetic_background
152,36.97567556,2.598653113,0,2,25-02-2020,,synthetic_background
153,37.55898195,3.464519877,0,2,25-02-2020,,synthetic_background
154,37.71790254,0.34278017,0,2,25-02-2020,,synthetic_background
155,37.88492512,4.972759715,0,2,25-02-2020,,synthetic_background
156,38.19967831,0.759368818,0,2,25-02-2020,,synthetic_background
157,38.67417715,0.557962823,0,2,25-02-2020,,synthetic_background
158,38.59826977,3.021291405,0,2,25-02-2020,,synthetic_background
159,37.5634442,4.236819275,0,2,25-02-2020,,synthetic_background
160,37.81757406,1.990681749,0,2,25-02-2020,,synthetic_background
161,37.57765525,2.305277451,0,2,25-02-2020,,synthetic_background
162,36.94837857,4.68990476,0,2,25-02-2020,,synthetic_background
163,37.93891995,3.94156981,0,2,25-02-2020,,synthetic_background
164,36.86444444,5.649722222,1,3,03-03-2020,03-03-2020,fao_hopper
165,36.84111111,5.471111111,1,3,03-03-2020,03-03-2020,fao_hopper
166,37.04277778,5.165,1,3,03-03-2020,04-03-2020,fao_hopper
167,38.13972222,4.73,1,3,03-03-2020,06-03-2020,fao_hopper
168,36.81111111,5.469444444,1,3,03-03-2020,09-03-2020,fao_hopper
169,36.83166667,5.476111111,1,3,03-03-2020,09-03-2020,fao_hopper
170,37.95361111,5.068888889,1,3,03-03-2020,05-03-2020,fao_band
171,36.75,2.4,1,3,03-03-2020,03-03-2020,fao_band
172,37.3,0.683333333,1,3,03-03-2020,06-03-2020,fao_band
173,37.06666667,3.316666667,1,3,03-03-2020,07-03-2020,fao_band
174,37.13333333,0.583333333,1,3,03-03-2020,09-03-2020,fao_band
175,37.11666667,0.7,1,3,03-03-2020,09-03-2020,fao_band
176,38.18333333,4.977777778,1,3,03-03-2020,04-03-2020,fao_adult
177,38.17027778,5.019444444,1,3,03-03-2020,04-03-2020,fao_adult
178,38.19361111,4.7475,1,3,03-03-2020,05-03-2020,fao_adult
179,38.19055556,4.435,1,3,03-03-2020,05-03-2020,fao_adult
180,38.16444444,4.675833333,1,3,03-03-2020,06-03-2020,fao_adult
181,38.13583333,4.667777778,1,3,03-03-2020,07-03-2020,fao_adult
182,38.13027778,4.701666667,1,3,03-03-2020,06-03-2020,fao_adult
183,38.1375,4.6925,1,3,03-03-2020,07-03-2020,fao_adult
184,38.10222222,4.649722222,1,3,03-03-2020,07-03-2020,fao_adult
185,38.13027778,4.659166667,1,3,03-03-2020,07-03-2020,fao_adult
186,37.86694444,5.016944444,1,3,03-03-2020,09-03-2020,fao_adult
187,38.10138889,4.684444444,1,3,03-03-2020,09-03-2020,fao_adult
188,38.08472222,4.673888889,1,3,03-03-2020,09-03-2020,fao_adult
189,38.19,5.086111111,1,3,03-03-2020,03-03-2020,fao_swarm
190,38.22638889,4.333888889,1,3,03-03-2020,03-03-2020,fao_swarm
191,38.21222222,4.883611111,1,3,03-03-2020,03-03-2020,fao_swarm
192,37.985,5.1225,1,3,03-03-2020,05-03-2020,fao_swarm
193,38.37,4.856388889,1,3,03-03-2020,05-03-2020,fao_swarm
194,37.41666667,0.583333333,1,3,03-03-2020,04-03-2020,fao_swarm
195,36.26666667,0,1,3,03-03-2020,04-03-2020,fao_swarm
196,37.31666667,0.966666667,1,3,03-03-2020,04-03-2020,fao_swarm
197,36.75,2.4,1,3,03-03-2020,05-03-2020,fao_swarm
198,38.22638889,4.333888889,1,3,03-03-2020,04-03-2020,fao_swarm
199,37.90333333,5.078611111,1,3,03-03-2020,09-03-2020,fao_swarm
200,37.98611111,4.657777778,1,3,03-03-2020,09-03-2020,fao_swarm
201,36.81666667,2.283333333,1,3,03-03-2020,06-03-2020,fao_swarm
202,37.54416667,0.507222222,1,3,03-03-2020,07-03-2020,fao_swarm
203,36.66666667,0.266666667,1,3,03-03-2020,08-03-2020,fao_swarm
204,36.83333333,2.25,1,3,03-03-2020,06-03-2020,fao_swarm
205,38.25044527,1.686210428,0,3,03-03-2020,,synthetic_background
206,37.65238285,4.865351157,0,3,03-03-2020,,synthetic_background
207,37.86351942,2.611698199,0,3,03-03-2020,,synthetic_background
208,36.56109835,2.161802557,0,3,03-03-2020,,synthetic_background
209,36.86523784,3.526269722,0,3,03-03-2020,,synthetic_background
210,37.96614842,0.872644817,0,3,03-03-2020,,synthetic_background
211,36.29470336,3.320394499,0,3,03-03-2020,,synthetic_background
212,38.00659913,1.328663344,0,3,03-03-2020,,synthetic_background
213,38.23048241,3.229935,0,3,03-03-2020,,synthetic_background
214,36.24849765,4.551516451,0,3,03-03-2020,,synthetic_background
215,38.99668753,0.063556454,0,3,03-03-2020,,synthetic_background
216,38.85566139,0.389010893,0,3,03-03-2020,,synthetic_background
217,37.22070205,3.074244625,0,3,03-03-2020,,synthetic_background
218,36.92840959,4.007490199,0,3,03-03-2020,,synthetic_background
219,37.51828047,1.28615816,0,3,03-03-2020,,synthetic_background
220,36.22293084,2.524866195,0,3,03-03-2020,,synthetic_background
221,37.07723942,1.241034969,0,3,03-03-2020,,synthetic_background
222,36.91401125,4.252225594,0,3,03-03-2020,,synthetic_background
223,38.79470949,4.929405488,0,3,03-03-2020,,synthetic_background
224,38.69962155,0.853526683,0,3,03-03-2020,,synthetic_background
225,38.13578909,0.51466275,0,3,03-03-2020,,synthetic_background
226,38.10868167,1.207091215,0,3,03-03-2020,,synthetic_background
227,38.43254811,1.362576118,0,3,03-03-2020,,synthetic_background
228,37.94460696,1.771528417,0,3,03-03-2020,,synthetic_background
229,36.55264016,4.872561971,0,3,03-03-2020,,synthetic_background
230,38.42694718,3.036174301,0,3,03-03-2020,,synthetic_background
231,36.45120668,0.415580646,0,3,03-03-2020,,synthetic_background
232,37.94401572,2.772477923,0,3,03-03-2020,,synthetic_background
233,36.16167558,5.071535911,0,3,03-03-2020,,synthetic_background
234,38.1557373,4.332912379,0,3,03-03-2020,,synthetic_background
235,38.1961963,4.104683692,0,3,03-03-2020,,synthetic_background
236,36.8671663,0.844179942,0,3,03-03-2020,,synthetic_background
237,38.30863362,5.276244576,0,3,03-03-2020,,synthetic_background
238,38.57114567,2.927347585,0,3,03-03-2020,,synthetic_background
239,36.06427723,3.033987536,0,3,03-03-2020,,synthetic_background
240,36.91369233,0.367786465,0,3,03-03-2020,,synthetic_background
241,36.89294099,4.565935235,0,3,03-03-2020,,synthetic_background
242,37.49169379,4.164883314,0,3,03-03-2020,,synthetic_background
243,37.68064754,2.997655812,0,3,03-03-2020,,synthetic_background
244,37.34249451,0.458000963,0,3,03-03-2020,,synthetic_background
245,38.52840057,5.161011152,0,3,03-03-2020,,synthetic_background
246,36.95166667,5.339444444,1,4,10-03-2020,15-03-2020,fao_hopper
247,36.83416667,5.544166667,1,4,10-03-2020,10-03-2020,fao_hopper
248,36.835,5.544166667,1,4,10-03-2020,10-03-2020,fao_hopper
249,36.83972222,5.449444444,1,4,10-03-2020,10-03-2020,fao_hopper
250,36.83972222,5.443888889,1,4,10-03-2020,11-03-2020,fao_hopper
251,36.83416667,5.544166667,1,4,10-03-2020,11-03-2020,fao_hopper
252,36.83972222,5.449166667,1,4,10-03-2020,12-03-2020,fao_hopper
253,36.83583333,5.545,1,4,10-03-2020,12-03-2020,fao_hopper
254,36.9675,5.401111111,1,4,10-03-2020,15-03-2020,fao_band
255,36.85027778,5.471944444,1,4,10-03-2020,15-03-2020,fao_band
256,37.08222222,5.118055556,1,4,10-03-2020,10-03-2020,fao_band
257,36.85833333,4.983611111,1,4,10-03-2020,12-03-2020,fao_band
258,37.07444444,5.28,1,4,10-03-2020,12-03-2020,fao_band
259,37.12444444,5.207777778,1,4,10-03-2020,14-03-2020,fao_band
260,37.07444444,5.28,1,4,10-03-2020,15-03-2020,fao_band
261,37.12444444,5.207777778,1,4,10-03-2020,15-03-2020,fao_band
262,37.2,0.65,1,4,10-03-2020,10-03-2020,fao_band
263,37.78333333,1.583333333,1,4,10-03-2020,10-03-2020,fao_band
264,37.16666667,0.616666667,1,4,10-03-2020,14-03-2020,fao_band
265,36.86666667,0.4,1,4,10-03-2020,14-03-2020,fao_band
266,37.16666667,0.616666667,1,4,10-03-2020,15-03-2020,fao_band
267,37.71861111,0.128611111,1,4,10-03-2020,10-03-2020,fao_adult
268,38.215,5.015833333,1,4,10-03-2020,12-03-2020,fao_adult
269,38.17916667,4.793333333,1,4,10-03-2020,12-03-2020,fao_adult
270,38.24861111,4.998611111,1,4,10-03-2020,13-03-2020,fao_adult
271,38.29138889,4.985833333,1,4,10-03-2020,13-03-2020,fao_adult
272,38.21444444,5.011944444,1,4,10-03-2020,13-03-2020,fao_adult
273,38.17416667,4.863333333,1,4,10-03-2020,13-03-2020,fao_adult
274,38.19472222,4.725555556,1,4,10-03-2020,14-03-2020,fao_adult
275,38.2175,4.696111111,1,4,10-03-2020,14-03-2020,fao_adult
276,38.21055556,4.700277778,1,4,10-03-2020,14-03-2020,fao_adult
277,37.74888889,5.018333333,1,4,10-03-2020,16-03-2020,fao_adult
278,37.98305556,4.648888889,1,4,10-03-2020,10-03-2020,fao_adult
279,38.23416667,5.058611111,1,4,10-03-2020,12-03-2020,fao_adult
280,38.35444444,5.071944444,1,4,10-03-2020,12-03-2020,fao_adult
281,38.21388889,4.655833333,1,4,10-03-2020,14-03-2020,fao_adult
282,38.27333333,4.453611111,1,4,10-03-2020,15-03-2020,fao_adult
283,38.29444444,5.143888889,1,4,10-03-2020,10-03-2020,fao_adult
284,38.31583333,5.1475,1,4,10-03-2020,10-03-2020,fao_adult
285,38.38944444,5.089444444,1,4,10-03-2020,12-03-2020,fao_adult
286,38.42027778,5.0675,1,4,10-03-2020,12-03-2020,fao_adult
287,38.21111111,4.702222222,1,4,10-03-2020,14-03-2020,fao_swarm
288,38.21194444,4.661666667,1,4,10-03-2020,14-03-2020,fao_swarm
289,38.25972222,4.435277778,1,4,10-03-2020,15-03-2020,fao_swarm
290,38.18361111,4.445555556,1,4,10-03-2020,15-03-2020,fao_swarm
291,38.14305556,4.448333333,1,4,10-03-2020,15-03-2020,fao_swarm
292,38.05833333,4.465555556,1,4,10-03-2020,15-03-2020,fao_swarm
293,38.47416667,5.138611111,1,4,10-03-2020,10-03-2020,fao_swarm
294,38.31583333,5.149166667,1,4,10-03-2020,10-03-2020,fao_swarm
295,37.36666667,0.15,1,4,10-03-2020,11-03-2020,fao_swarm
296,36.03333333,1.95,1,4,10-03-2020,12-03-2020,fao_swarm
297,37.31666667,0.066666667,1,4,10-03-2020,12-03-2020,fao_swarm
298,37.33333333,0.066666667,1,4,10-03-2020,13-03-2020,fao_swarm
299,36.37432,5.01113,0,4,10-03-2020,11-03-2020,fao_no_locust
300,36.24217,5.07912,0,4,10-03-2020,11-03-2020,fao_no_locust
301,36.11185,5.14618,0,4,10-03-2020,11-03-2020,fao_no_locust
302,38.32585,4.36763,0,4,10-03-2020,11-03-2020,fao_no_locust
303,38.43882,4.38918,0,4,10-03-2020,11-03-2020,fao_no_locust
304,36.07715,5.21902,0,4,10-03-2020,11-03-2020,fao_no_locust
305,38.5549,4.45977,0,4,10-03-2020,11-03-2020,fao_no_locust
306,38.57085,4.42087,0,4,10-03-2020,11-03-2020,fao_no_locust
307,37.47752,5.08828,0,4,10-03-2020,11-03-2020,fao_no_locust
308,37.50683,5.10387,0,4,10-03-2020,11-03-2020,fao_no_locust
309,37.53242,5.12305,0,4,10-03-2020,11-03-2020,fao_no_locust
310,37.57262,5.12223,0,4,10-03-2020,11-03-2020,fao_no_locust
311,37.59825,5.1277,0,4,10-03-2020,11-03-2020,fao_no_locust
312,38.2149,5.02552,0,4,10-03-2020,12-03-2020,fao_no_locust
313,38.39335,5.06467,0,4,10-03-2020,12-03-2020,fao_no_locust
314,38.22598,4.9962,0,4,10-03-2020,13-03-2020,fao_no_locust
315,38.26125,5.09153,0,4,10-03-2020,13-03-2020,fao_no_locust
316,36.9855,0.62321,0,4,10-03-2020,13-03-2020,fao_no_locust
317,38.1942,4.72778,0,4,10-03-2020,14-03-2020,fao_no_locust
318,38.19603,4.79315,0,4,10-03-2020,14-03-2020,fao_no_locust
319,38.18628,4.84388,0,4,10-03-2020,14-03-2020,fao_no_locust
320,37.86487,4.97968,0,4,10-03-2020,16-03-2020,fao_no_locust
321,37.82533,4.98842,0,4,10-03-2020,16-03-2020,fao_no_locust
322,37.77723,5.00702,0,4,10-03-2020,16-03-2020,fao_no_locust
323,37.7514,4.98428,0,4,10-03-2020,16-03-2020,fao_no_locust
324,37.72092,4.95218,0,4,10-03-2020,16-03-2020,fao_no_locust
325,37.68385,4.93888,0,4,10-03-2020,16-03-2020,fao_no_locust
326,37.69027,5.08568,0,4,10-03-2020,16-03-2020,fao_no_locust
327,38.81783895,2.455930249,0,4,10-03-2020,,synthetic_background
328,37.04123401,2.455539278,0,4,10-03-2020,,synthetic_background
329,37.80750131,5.341846508,0,4,10-03-2020,,synthetic_background
330,38.62852417,1.091517516,0,4,10-03-2020,,synthetic_background
331,36.56634701,0.302782311,0,4,10-03-2020,,synthetic_background
332,37.45145206,4.395065535,0,4,10-03-2020,,synthetic_background
333,36.7209396,4.186361517,0,4,10-03-2020,,synthetic_background
334,37.73121164,2.381523509,0,4,10-03-2020,,synthetic_background
335,38.3786608,4.653073557,0,4,10-03-2020,,synthetic_background
336,37.78943074,0.69891665,0,4,10-03-2020,,synthetic_background
337,37.16747811,2.518517673,0,4,10-03-2020,,synthetic_background
338,36.5889382,2.327090808,0,4,10-03-2020,,synthetic_background
339,36.69448119,2.181218309,0,4,10-03-2020,,synthetic_background
340,36.95861628,1.510694969,0,4,10-03-2020,,synthetic_background
341,38.12512872,3.719159484,0,4,10-03-2020,,synthetic_background
342,36.37471593,0.262124596,0,4,10-03-2020,,synthetic_background
343,38.21321515,0.294830453,0,4,10-03-2020,,synthetic_background
344,36.38926784,4.744876547,0,4,10-03-2020,,synthetic_background
345,37.68321533,1.14255931,0,4,10-03-2020,,synthetic_background
346,38.19178397,4.986562395,0,4,10-03-2020,,synthetic_background
347,37.11423237,2.476948017,0,4,10-03-2020,,synthetic_background
348,36.93383522,4.160713601,0,4,10-03-2020,,synthetic_background
349,37.29718496,3.018753073,0,4,10-03-2020,,synthetic_background
350,37.73406342,2.192780058,0,4,10-03-2020,,synthetic_background
351,37.76339629,2.934722187,0,4,10-03-2020,,synthetic_background
352,37.19361111,0.943888889,1,5,17-03-2020,22-03-2020,fao_hopper
353,36.76027778,5.471388889,1,5,17-03-2020,18-03-2020,fao_hopper
354,36.83138889,5.452777778,1,5,17-03-2020,17-03-2020,fao_hopper
355,36.77194444,5.364444444,1,5,17-03-2020,17-03-2020,fao_hopper
356,36.77194444,5.359444444,1,5,17-03-2020,17-03-2020,fao_hopper
357,36.80611111,5.399166667,1,5,17-03-2020,18-03-2020,fao_hopper
358,37.15,1.25,1,5,17-03-2020,20-03-2020,fao_band
359,37.13333333,0.916666667,1,5,17-03-2020,22-03-2020,fao_band
360,37.16666667,0.916666667,1,5,17-03-2020,22-03-2020,fao_band
361,37.13333333,0.9,1,5,17-03-2020,22-03-2020,fao_band
362,37.31666667,0.966666667,1,5,17-03-2020,22-03-2020,fao_band
363,37,0.833333333,1,5,17-03-2020,22-03-2020,fao_band
364,37.21666667,0.933333333,1,5,17-03-2020,22-03-2020,fao_band
365,37.25,1.016666667,1,5,17-03-2020,22-03-2020,fao_band
366,37.18333333,0.933333333,1,5,17-03-2020,22-03-2020,fao_band
367,37.15027778,0.923611111,1,5,17-03-2020,20-03-2020,fao_band
368,37.265,0.947222222,1,5,17-03-2020,20-03-2020,fao_band
369,37.32722222,0.982222222,1,5,17-03-2020,21-03-2020,fao_band
370,37.25055556,1.021388889,1,5,17-03-2020,22-03-2020,fao_band
371,37.215,0.937777778,1,5,17-03-2020,20-03-2020,fao_band
372,37.00166667,5.355,1,5,17-03-2020,23-03-2020,fao_band
373,36.83027778,5.474444444,1,5,17-03-2020,23-03-2020,fao_band
374,38.21277778,4.875277778,1,5,17-03-2020,23-03-2020,fao_band
375,36.79611111,5.473055556,1,5,17-03-2020,23-03-2020,fao_band
376,36.98722222,5.318888889,1,5,17-03-2020,23-03-2020,fao_band
377,37.02138889,5.354166667,1,5,17-03-2020,23-03-2020,fao_band
378,36.74388889,5.505833333,1,5,17-03-2020,23-03-2020,fao_band
379,37.78972222,0.149166667,1,5,17-03-2020,23-03-2020,fao_band
380,37.23333333,0.583333333,1,5,17-03-2020,18-03-2020,fao_band
381,37.16666667,0.633333333,1,5,17-03-2020,18-03-2020,fao_band
382,37.36666667,0.7,1,5,17-03-2020,18-03-2020,fao_band
383,37.55,0.4,1,5,17-03-2020,18-03-2020,fao_band
384,37.26666667,1.766666667,1,5,17-03-2020,18-03-2020,fao_band
385,36.75,2.4,1,5,17-03-2020,18-03-2020,fao_band
386,36.00722222,3.05,1,5,17-03-2020,19-03-2020,fao_band
387,36.00277778,3.002777778,1,5,17-03-2020,19-03-2020,fao_band
388,36.00694444,3.003333333,1,5,17-03-2020,19-03-2020,fao_band
389,36.00833333,3.116666667,1,5,17-03-2020,19-03-2020,fao_band
390,37.23333333,0.583333333,1,5,17-03-2020,17-03-2020,fao_band
391,37.07444444,5.28,1,5,17-03-2020,17-03-2020,fao_band
392,37.12444444,5.207777778,1,5,17-03-2020,17-03-2020,fao_band
393,36.16138889,4.724444444,1,5,17-03-2020,17-03-2020,fao_band
394,36.125,4.737777778,1,5,17-03-2020,17-03-2020,fao_band
395,37.01944444,5.320833333,1,5,17-03-2020,17-03-2020,fao_band
396,36.18777778,4.661388889,1,5,17-03-2020,17-03-2020,fao_band
397,36.83138889,5.719444444,1,5,17-03-2020,19-03-2020,fao_band
398,36.125,4.737777778,1,5,17-03-2020,19-03-2020,fao_band
399,36.08555556,4.723888889,1,5,17-03-2020,19-03-2020,fao_band
400,36.18777778,4.661388889,1,5,17-03-2020,19-03-2020,fao_band
401,36.77777778,4.470555556,1,5,17-03-2020,20-03-2020,fao_band
402,36.76416667,5.470555556,1,5,17-03-2020,21-03-2020,fao_band
403,36.835,5.4425,1,5,17-03-2020,21-03-2020,fao_band
404,36.91833333,5.327777778,1,5,17-03-2020,21-03-2020,fao_band
405,37.02611111,5.306666667,1,5,17-03-2020,21-03-2020,fao_band
406,36.18527778,4.668888889,1,5,17-03-2020,21-03-2020,fao_band
407,36.92472222,4.959166667,1,5,17-03-2020,21-03-2020,fao_band
408,36.95888889,5.08,1,5,17-03-2020,22-03-2020,fao_band
409,36.835,5.361111111,1,5,17-03-2020,21-03-2020,fao_band
410,38.27388889,4.483611111,1,5,17-03-2020,17-03-2020,fao_adult
411,38.12555556,4.441666667,1,5,17-03-2020,18-03-2020,fao_adult
412,38.19694444,4.7625,1,5,17-03-2020,18-03-2020,fao_adult
413,38.19833333,4.793611111,1,5,17-03-2020,18-03-2020,fao_adult
414,37.18333333,1.816666667,1,5,17-03-2020,20-03-2020,fao_swarm
415,37.01666667,0.866666667,1,5,17-03-2020,20-03-2020,fao_swarm
416,37.33333333,0.066666667,1,5,17-03-2020,20-03-2020,fao_swarm
417,37.18333333,1.833333333,1,5,17-03-2020,20-03-2020,fao_swarm
418,37,0.833333333,1,5,17-03-2020,20-03-2020,fao_swarm
419,36.98333333,0.8,1,5,17-03-2020,20-03-2020,fao_swarm
420,37.2,1.883333333,1,5,17-03-2020,20-03-2020,fao_swarm
421,37.1,0.9,1,5,17-03-2020,20-03-2020,fao_swarm
422,37.18333333,0.916666667,1,5,17-03-2020,21-03-2020,fao_swarm
423,37.15,0.933333333,1,5,17-03-2020,21-03-2020,fao_swarm
424,37.13333333,0.916666667,1,5,17-03-2020,21-03-2020,fao_swarm
425,37.11666667,0.9,1,5,17-03-2020,21-03-2020,fao_swarm
426,37.16666667,0.916666667,1,5,17-03-2020,21-03-2020,fao_swarm
427,37.00416667,0.861388889,1,5,17-03-2020,22-03-2020,fao_swarm
428,37.38222222,0.11,1,5,17-03-2020,22-03-2020,fao_swarm
429,36.83166667,5.458055556,1,5,17-03-2020,23-03-2020,fao_swarm
430,37.925,4.961111111,1,5,17-03-2020,23-03-2020,fao_swarm
431,36.26666667,0.016666667,1,5,17-03-2020,23-03-2020,fao_swarm
432,37.83333333,0.016666667,1,5,17-03-2020,23-03-2020,fao_swarm
433,36.22555556,0.001944444,1,5,17-03-2020,23-03-2020,fao_swarm
434,37.78333333,0.133333333,1,5,17-03-2020,23-03-2020,fao_swarm
435,38.18027778,4.459444444,1,5,17-03-2020,17-03-2020,fao_swarm
436,38.19611111,4.429166667,1,5,17-03-2020,17-03-2020,fao_swarm
437,37.62277778,0.385277778,1,5,17-03-2020,17-03-2020,fao_swarm
438,37.035,0.1175,1,5,17-03-2020,18-03-2020,fao_swarm
439,37.59138889,0.525555556,1,5,17-03-2020,18-03-2020,fao_swarm
440,37.26666667,0.6,1,5,17-03-2020,19-03-2020,fao_swarm
441,37.23333333,0.583333333,1,5,17-03-2020,19-03-2020,fao_swarm
442,37.32694444,0.077222222,1,5,17-03-2020,19-03-2020,fao_swarm
443,36.98833333,5.373055556,1,5,17-03-2020,17-03-2020,fao_swarm
444,38.05833333,4.465277778,1,5,17-03-2020,17-03-2020,fao_swarm
445,38.16694444,4.458333333,1,5,17-03-2020,17-03-2020,fao_swarm
446,37.99638889,4.391111111,1,5,17-03-2020,19-03-2020,fao_swarm
447,38.06722222,4.513611111,1,5,17-03-2020,20-03-2020,fao_swarm
448,38.08944444,4.885555556,1,5,17-03-2020,20-03-2020,fao_swarm
449,38.21027778,4.459722222,1,5,17-03-2020,19-03-2020,fao_swarm
450,38.19295,4.744566,0,5,17-03-2020,19-03-2020,fao_no_locust
451,38.282482,4.33015,0,5,17-03-2020,20-03-2020,fao_no_locust
452,38.153282,4.37935,0,5,17-03-2020,20-03-2020,fao_no_locust
453,38.169968,4.868683,0,5,17-03-2020,20-03-2020,fao_no_locust
454,38.295166,5.243733,0,5,17-03-2020,20-03-2020,fao_no_locust
455,38.29418,5.218517,0,5,17-03-2020,20-03-2020,fao_no_locust
456,38.33082,5.303367,0,5,17-03-2020,21-03-2020,fao_no_locust
457,38.351166,5.31635,0,5,17-03-2020,21-03-2020,fao_no_locust
458,38.32665,5.362933,0,5,17-03-2020,21-03-2020,fao_no_locust
459,38.259815,5.523133,0,5,17-03-2020,21-03-2020,fao_no_locust
460,38.2925,5.272083,0,5,17-03-2020,21-03-2020,fao_no_locust
461,38.061817,4.911767,0,5,17-03-2020,21-03-2020,fao_no_locust
462,38.033615,4.930666,0,5,17-03-2020,21-03-2020,fao_no_locust
463,38.011982,4.945483,0,5,17-03-2020,21-03-2020,fao_no_locust
464,37.9505,4.96375,0,5,17-03-2020,21-03-2020,fao_no_locust
465,37.89892,4.960883,0,5,17-03-2020,23-03-2020,fao_no_locust
466,37.837715,4.985283,0,5,17-03-2020,23-03-2020,fao_no_locust
467,37.760117,5.012434,0,5,17-03-2020,23-03-2020,fao_no_locust
468,38.1978,4.7738,0,5,17-03-2020,23-03-2020,fao_no_locust
469,38.192616,4.735317,0,5,17-03-2020,23-03-2020,fao_no_locust
470,38.205868,4.706433,0,5,17-03-2020,23-03-2020,fao_no_locust
471,38.212917,4.69975,0,5,17-03-2020,23-03-2020,fao_no_locust
472,36.70945,1.09685,0,5,17-03-2020,23-03-2020,fao_no_locust
473,36.46549946,5.095781875,0,5,17-03-2020,,synthetic_background
474,37.55875651,2.526029798,0,5,17-03-2020,,synthetic_background
475,37.44269499,3.626937351,0,5,17-03-2020,,synthetic_background
476,38.94310243,2.666153394,0,5,17-03-2020,,synthetic_background
477,38.52468689,2.199922603,0,5,17-03-2020,,synthetic_background
478,37.80685331,3.544802083,0,5,17-03-2020,,synthetic_background
479,37.77397228,0.496007282,0,5,17-03-2020,,synthetic_background
480,38.87498139,0.198516494,0,5,17-03-2020,,synthetic_background
481,37.55936874,4.003692503,0,5,17-03-2020,,synthetic_background
482,36.42711295,4.725124663,0,5,17-03-2020,,synthetic_background
483,38.08811433,3.616669239,0,5,17-03-2020,,synthetic_background
484,37.90954973,3.062693599,0,5,17-03-2020,,synthetic_background
485,36.72266815,2.505518118,0,5,17-03-2020,,synthetic_background
486,37.45595714,4.321589036,0,5,17-03-2020,,synthetic_background
487,37.16267492,2.907222347,0,5,17-03-2020,,synthetic_background
488,38.80136119,4.742731344,0,5,17-03-2020,,synthetic_background
489,37.96566031,3.540848176,0,5,17-03-2020,,synthetic_background
490,37.94389509,0.687738363,0,5,17-03-2020,,synthetic_background
491,36.29072591,5.268976525,0,5,17-03-2020,,synthetic_background
492,38.75793037,1.269845937,0,5,17-03-2020,,synthetic_background
493,38.67749065,3.089938659,0,5,17-03-2020,,synthetic_background
494,38.00501967,1.184397093,0,5,17-03-2020,,synthetic_background
495,37.73452712,2.602281753,0,5,17-03-2020,,synthetic_background
496,38.29328474,3.010146112,0,5,17-03-2020,,synthetic_background
497,37.17227801,3.115724757,0,5,17-03-2020,,synthetic_background
498,37.55279615,3.084810805,0,5,17-03-2020,,synthetic_background
499,36.42528148,4.16403991,0,5,17-03-2020,,synthetic_background
500,36.58845328,2.92427309,0,5,17-03-2020,,synthetic_background
501,37.14598472,3.917800479,0,5,17-03-2020,,synthetic_background
502,36.43668316,3.611862663,0,5,17-03-2020,,synthetic_background
503,37.84335784,2.928289059,0,5,17-03-2020,,synthetic_background
504,36.32789307,3.791396188,0,5,17-03-2020,,synthetic_background
505,37.73580222,3.763277065,0,5,17-03-2020,,synthetic_background
506,37.36233481,0.904350352,0,5,17-03-2020,,synthetic_background
507,38.23414428,0.755398002,0,5,17-03-2020,,synthetic_background
508,37.75231133,3.284160996,0,5,17-03-2020,,synthetic_background
509,36.90456617,1.660596971,0,5,17-03-2020,,synthetic_background
510,37.78729369,3.708686787,0,5,17-03-2020,,synthetic_background
511,36.28818548,1.113963476,0,5,17-03-2020,,synthetic_background
512,38.57355794,1.892099971,0,5,17-03-2020,,synthetic_background
513,37.44771301,2.263430295,0,5,17-03-2020,,synthetic_background
514,38.74149879,3.257081949,0,5,17-03-2020,,synthetic_background
515,37.67737306,2.592619667,0,5,17-03-2020,,synthetic_background
516,37.61249802,2.104191326,0,5,17-03-2020,,synthetic_background
517,38.99002865,2.445998502,0,5,17-03-2020,,synthetic_background
518,36.99521103,2.066766917,0,5,17-03-2020,,synthetic_background
519,36.21885374,1.040292969,0,5,17-03-2020,,synthetic_background
520,36.81231555,4.700891281,0,5,17-03-2020,,synthetic_background
521,37.54448286,0.973613659,0,5,17-03-2020,,synthetic_background
522,38.50571975,1.415170067,0,5,17-03-2020,,synthetic_background
523,36.8749606,0.804960112,0,5,17-03-2020,,synthetic_background
524,37.09987342,3.158486636,0,5,17-03-2020,,synthetic_background
525,36.51647456,0.343074042,0,5,17-03-2020,,synthetic_background
526,38.10301247,1.107282388,0,5,17-03-2020,,synthetic_background
527,38.96188967,3.371794101,0,5,17-03-2020,,synthetic_background
528,36.79287714,0.627398817,0,5,17-03-2020,,synthetic_background
529,36.05478218,3.210283738,0,5,17-03-2020,,synthetic_background
530,37.62441909,4.830617245,0,5,17-03-2020,,synthetic_background
531,38.5183074,4.938723406,0,5,17-03-2020,,synthetic_background
532,37.26068631,3.654860901,0,5,17-03-2020,,synthetic_background
533,36.81106375,0.777592472,0,5,17-03-2020,,synthetic_background
534,37.18756266,2.208532221,0,5,17-03-2020,,synthetic_background
535,37.28086137,5.12384176,0,5,17-03-2020,,synthetic_background
536,37.88858961,2.897714729,0,5,17-03-2020,,synthetic_background
537,38.57682576,5.015054201,0,5,17-03-2020,,synthetic_background
538,36.14714707,0.775744242,0,5,17-03-2020,,synthetic_background
539,37.32920548,4.877448347,0,5,17-03-2020,,synthetic_background
540,36.13700646,0.950074547,0,5,17-03-2020,,synthetic_background
541,37.4943961,1.400224584,0,5,17-03-2020,,synthetic_background
542,38.14411181,0.330154349,0,5,17-03-2020,,synthetic_background
543,37.67691814,1.463182559,0,5,17-03-2020,,synthetic_background
544,38.24407244,0.244995633,0,5,17-03-2020,,synthetic_background
545,38.39598301,0.378412973,0,5,17-03-2020,,synthetic_background
546,36.71340869,5.674014404,0,5,17-03-2020,,synthetic_background
547,38.0199756,5.226635274,0,5,17-03-2020,,synthetic_background
548,36.87055556,2.352222222,1,6,24-03-2020,30-03-2020,fao_hopper
549,36.85194444,4.997222222,1,6,24-03-2020,25-03-2020,fao_hopper
550,36.85416667,5.459166667,1,6,24-03-2020,29-03-2020,fao_hopper
551,36.95,5.75,1,6,24-03-2020,27-03-2020,fao_band
552,37.08333333,5.183333333,1,6,24-03-2020,27-03-2020,fao_band
553,36.81666667,5.516666667,1,6,24-03-2020,27-03-2020,fao_band
554,36.96666667,5.916666667,1,6,24-03-2020,27-03-2020,fao_band
555,37.01666667,5.3,1,6,24-03-2020,27-03-2020,fao_band
556,36.88333333,5.1,1,6,24-03-2020,27-03-2020,fao_band
557,36.93333333,5.616666667,1,6,24-03-2020,27-03-2020,fao_band
558,36.88333333,5.633333333,1,6,24-03-2020,27-03-2020,fao_band
559,36.91666667,4.95,1,6,24-03-2020,27-03-2020,fao_band
560,36.91666667,5.283333333,1,6,24-03-2020,27-03-2020,fao_band
561,36.71666667,5.366666667,1,6,24-03-2020,27-03-2020,fao_band
562,36.75,5.316666667,1,6,24-03-2020,27-03-2020,fao_band
563,36.81666667,5.45,1,6,24-03-2020,27-03-2020,fao_band
564,38.43333333,5.216666667,1,6,24-03-2020,27-03-2020,fao_band
565,36.75,5.35,1,6,24-03-2020,28-03-2020,fao_band
566,36.93333333,5.4,1,6,24-03-2020,28-03-2020,fao_band
567,36.75,5.366666667,1,6,24-03-2020,28-03-2020,fao_band
568,36.96666667,5.3,1,6,24-03-2020,28-03-2020,fao_band
569,37.01666667,5.3,1,6,24-03-2020,28-03-2020,fao_band
570,36,5.6,1,6,24-03-2020,28-03-2020,fao_band
571,36.7,5.283333333,1,6,24-03-2020,28-03-2020,fao_band
572,36.06666667,4.8,1,6,24-03-2020,28-03-2020,fao_band
573,36.05,4.716666667,1,6,24-03-2020,28-03-2020,fao_band
574,36.18333333,4.7,1,6,24-03-2020,28-03-2020,fao_band
575,36.85,5.466666667,1,6,24-03-2020,28-03-2020,fao_band
576,36.75,5.316666667,1,6,24-03-2020,28-03-2020,fao_band
577,36.76666667,5.316666667,1,6,24-03-2020,28-03-2020,fao_band
578,36.03333333,4.7,1,6,24-03-2020,28-03-2020,fao_band
579,36.93333333,5.716666667,1,6,24-03-2020,27-03-2020,fao_band
580,37.05,5.25,1,6,24-03-2020,27-03-2020,fao_band
581,37,5.216666667,1,6,24-03-2020,28-03-2020,fao_band
582,38.43333333,5.216666667,1,6,24-03-2020,28-03-2020,fao_band
583,36.98333333,5.316666667,1,6,24-03-2020,29-03-2020,fao_band
584,36.8,5.466666667,1,6,24-03-2020,29-03-2020,fao_band
585,37.06666667,5.316666667,1,6,24-03-2020,29-03-2020,fao_band
586,37.1,5.316666667,1,6,24-03-2020,29-03-2020,fao_band
587,36.71666667,5.466666667,1,6,24-03-2020,29-03-2020,fao_band
588,36.83333333,5.516666667,1,6,24-03-2020,29-03-2020,fao_band
589,36.8,5.35,1,6,24-03-2020,29-03-2020,fao_band
590,36.81666667,5.366666667,1,6,24-03-2020,29-03-2020,fao_band
591,36.9,5.2,1,6,24-03-2020,29-03-2020,fao_band
592,36.88333333,5.1,1,6,24-03-2020,29-03-2020,fao_band
593,36.75,5.466666667,1,6,24-03-2020,29-03-2020,fao_band
594,36.83333333,5.033333333,1,6,24-03-2020,29-03-2020,fao_band
595,36.85,5.166666667,1,6,24-03-2020,29-03-2020,fao_band
596,36.86666667,5.133333333,1,6,24-03-2020,29-03-2020,fao_band
597,36.03333333,4.783333333,1,6,24-03-2020,29-03-2020,fao_band
598,36.18333333,4.666666667,1,6,24-03-2020,29-03-2020,fao_band
599,37.01666667,5.283333333,1,6,24-03-2020,27-03-2020,fao_band
600,37.63333333,0.666666667,1,6,24-03-2020,28-03-2020,fao_band
601,36.88666667,2.268611111,1,6,24-03-2020,27-03-2020,fao_band
602,36.88861111,2.292222222,1,6,24-03-2020,27-03-2020,fao_band
603,36.89583333,2.302222222,1,6,24-03-2020,27-03-2020,fao_band
604,36.8825,2.288611111,1,6,24-03-2020,27-03-2020,fao_band
605,36.88722222,2.267777778,1,6,24-03-2020,27-03-2020,fao_band
606,36.89388889,2.266111111,1,6,24-03-2020,27-03-2020,fao_band
607,36.91972222,2.241111111,1,6,24-03-2020,28-03-2020,fao_band
608,36.83666667,2.265555556,1,6,24-03-2020,28-03-2020,fao_band
609,37.58027778,0.444722222,1,6,24-03-2020,28-03-2020,fao_band
610,37.04583333,5.321666667,1,6,24-03-2020,24-03-2020,fao_band
611,36.84583333,5.4425,1,6,24-03-2020,24-03-2020,fao_band
612,36.87527778,5.456666667,1,6,24-03-2020,24-03-2020,fao_band
613,36.78027778,5.355,1,6,24-03-2020,24-03-2020,fao_band
614,36.80555556,5.361111111,1,6,24-03-2020,24-03-2020,fao_band
615,36.71194444,5.298611111,1,6,24-03-2020,24-03-2020,fao_band
616,36.72,5.375,1,6,24-03-2020,24-03-2020,fao_band
617,36.80611111,5.399166667,1,6,24-03-2020,24-03-2020,fao_band
618,36.95861111,5.342222222,1,6,24-03-2020,24-03-2020,fao_band
619,37.02611111,5.306666667,1,6,24-03-2020,24-03-2020,fao_band
620,36.99138889,5.253611111,1,6,24-03-2020,24-03-2020,fao_band
621,36.9,5.21,1,6,24-03-2020,24-03-2020,fao_band
622,36.89277778,5.11,1,6,24-03-2020,24-03-2020,fao_band
623,36.76027778,5.471388889,1,6,24-03-2020,24-03-2020,fao_band
624,36.79027778,5.431666667,1,6,24-03-2020,25-03-2020,fao_band
625,36.84138889,5.541388889,1,6,24-03-2020,25-03-2020,fao_band
626,36.75861111,5.359722222,1,6,24-03-2020,25-03-2020,fao_band
627,36.72666667,5.471666667,1,6,24-03-2020,25-03-2020,fao_band
628,36.76527778,5.379444444,1,6,24-03-2020,25-03-2020,fao_band
629,36.81972222,5.38,1,6,24-03-2020,25-03-2020,fao_band
630,36.91305556,5.271666667,1,6,24-03-2020,25-03-2020,fao_band
631,36.99138889,5.253611111,1,6,24-03-2020,25-03-2020,fao_band
632,36.93333333,5.21,1,6,24-03-2020,25-03-2020,fao_band
633,36.10083333,5.300833333,1,6,24-03-2020,25-03-2020,fao_band
634,36.89277778,5.11,1,6,24-03-2020,25-03-2020,fao_band
635,36.90388889,5.856666667,1,6,24-03-2020,25-03-2020,fao_band
636,36.02805556,5.283333333,1,6,24-03-2020,25-03-2020,fao_band
637,36.06555556,5.256944444,1,6,24-03-2020,25-03-2020,fao_band
638,37.02333333,5.285833333,1,6,24-03-2020,25-03-2020,fao_band
639,37.02805556,5.283333333,1,6,24-03-2020,25-03-2020,fao_band
640,36.77333333,5.395833333,1,6,24-03-2020,26-03-2020,fao_band
641,37.77944444,5.416111111,1,6,24-03-2020,26-03-2020,fao_band
642,37.06666667,3.316666667,1,6,24-03-2020,29-03-2020,fao_band
643,37.8,1.583333333,1,6,24-03-2020,29-03-2020,fao_band
644,36.84944444,5.000277778,1,6,24-03-2020,24-03-2020,fao_band
645,36.85027778,5.460555556,1,6,24-03-2020,29-03-2020,fao_band
646,36.80972222,5.468888889,1,6,24-03-2020,30-03-2020,fao_band
647,37.06666667,5.15,1,6,24-03-2020,30-03-2020,fao_band
648,36.78333333,5.466666667,1,6,24-03-2020,30-03-2020,fao_band
649,37,5.3,1,6,24-03-2020,30-03-2020,fao_band
650,37.48666667,0.354722222,1,6,24-03-2020,25-03-2020,fao_band
651,36.88722222,2.2675,1,6,24-03-2020,26-03-2020,fao_band
652,36.83333333,2.486388889,1,6,24-03-2020,28-03-2020,fao_adult
653,37.27444444,0.086944444,1,6,24-03-2020,24-03-2020,fao_adult
654,37.79138889,0.147777778,1,6,24-03-2020,24-03-2020,fao_adult
655,37.11444444,0.833055556,1,6,24-03-2020,26-03-2020,fao_adult
656,37.96666667,0.133333333,1,6,24-03-2020,30-03-2020,fao_swarm
657,36.63333333,1.266666667,1,6,24-03-2020,30-03-2020,fao_swarm
658,37.51666667,0.55,1,6,24-03-2020,30-03-2020,fao_swarm
659,36.53333333,0.25,1,6,24-03-2020,30-03-2020,fao_swarm
660,36.55,0.183333333,1,6,24-03-2020,30-03-2020,fao_swarm
661,36.36666667,0.166666667,1,6,24-03-2020,27-03-2020,fao_swarm
662,36.53333333,0.25,1,6,24-03-2020,27-03-2020,fao_swarm
663,37.01666667,0.033333333,1,6,24-03-2020,27-03-2020,fao_swarm
664,36.41666667,0.083333333,1,6,24-03-2020,27-03-2020,fao_swarm
665,36.56666667,0.35,1,6,24-03-2020,27-03-2020,fao_swarm
666,36.51666667,0.433333333,1,6,24-03-2020,27-03-2020,fao_swarm
667,37.51666667,0.55,1,6,24-03-2020,28-03-2020,fao_swarm
668,37.03333333,0.533333333,1,6,24-03-2020,29-03-2020,fao_swarm
669,37,0.466666667,1,6,24-03-2020,29-03-2020,fao_swarm
670,37.83194444,0.344722222,1,6,24-03-2020,24-03-2020,fao_swarm
671,37.76666667,0.183333333,1,6,24-03-2020,24-03-2020,fao_swarm
672,37.78333333,0.133333333,1,6,24-03-2020,24-03-2020,fao_swarm
673,37.03333333,0.6,1,6,24-03-2020,25-03-2020,fao_swarm
674,36.3,0.266666667,1,6,24-03-2020,25-03-2020,fao_swarm
675,36.31666667,0.266666667,1,6,24-03-2020,26-03-2020,fao_swarm
676,37.1,0.816666667,1,6,24-03-2020,26-03-2020,fao_swarm
677,36.53333333,0.25,1,6,24-03-2020,26-03-2020,fao_swarm
678,36.73333333,0.283333333,1,6,24-03-2020,26-03-2020,fao_swarm
679,36.97224485,2.938215283,0,6,24-03-2020,,synthetic_background
680,38.6318324,4.815214858,0,6,24-03-2020,,synthetic_background
681,38.99159452,2.068532316,0,6,24-03-2020,,synthetic_background
682,38.86842421,4.224399207,0,6,24-03-2020,,synthetic_background
683,38.81890611,1.813866402,0,6,24-03-2020,,synthetic_background
684,37.82009056,3.13831804,0,6,24-03-2020,,synthetic_background
685,38.64725894,0.43263375,0,6,24-03-2020,,synthetic_background
686,36.90543657,0.717113083,0,6,24-03-2020,,synthetic_background
687,36.74050248,0.121336495,0,6,24-03-2020,,synthetic_background
688,37.60404147,4.023992466,0,6,24-03-2020,,synthetic_background
689,36.40007659,5.342501445,0,6,24-03-2020,,synthetic_background
690,37.95712751,2.975467574,0,6,24-03-2020,,synthetic_background
691,37.9408792,2.899625312,0,6,24-03-2020,,synthetic_background
692,38.34038349,0.239453067,0,6,24-03-2020,,synthetic_background
693,36.21775877,2.754459417,0,6,24-03-2020,,synthetic_background
694,37.61864724,0.598706369,0,6,24-03-2020,,synthetic_background
695,37.57064659,4.880828865,0,6,24-03-2020,,synthetic_background
696,38.25314123,4.933858029,0,6,24-03-2020,,synthetic_background
697,37.77921293,5.058911452,0,6,24-03-2020,,synthetic_background
698,37.08673686,1.353326405,0,6,24-03-2020,,synthetic_background
699,36.58159673,1.493723986,0,6,24-03-2020,,synthetic_background
700,38.60591634,0.790699423,0,6,24-03-2020,,synthetic_background
701,36.92828597,3.854341931,0,6,24-03-2020,,synthetic_background
702,38.43942223,2.676908741,0,6,24-03-2020,,synthetic_background
703,38.11741263,0.840412275,0,6,24-03-2020,,synthetic_background
704,37.09080012,4.145015427,0,6,24-03-2020,,synthetic_background
705,38.62554549,0.478629774,0,6,24-03-2020,,synthetic_background
706,36.35176292,3.956425425,0,6,24-03-2020,,synthetic_background
707,36.75247167,2.786668751,0,6,24-03-2020,,synthetic_background
708,36.10205765,1.70516075,0,6,24-03-2020,,synthetic_background
709,38.71646106,2.650240014,0,6,24-03-2020,,synthetic_background
710,36.80359431,5.225841654,0,6,24-03-2020,,synthetic_background
711,36.828196,4.136380899,0,6,24-03-2020,,synthetic_background
712,38.52000057,0.517285962,0,6,24-03-2020,,synthetic_background
713,37.09157399,3.048388208,0,6,24-03-2020,,synthetic_background
714,37.56766673,4.24242571,0,6,24-03-2020,,synthetic_background
715,36.06028821,0.155603184,0,6,24-03-2020,,synthetic_background
716,37.25040121,1.112655169,0,6,24-03-2020,,synthetic_background
717,36.66486666,3.314505662,0,6,24-03-2020,,synthetic_background
718,38.97136561,3.884871147,0,6,24-03-2020,,synthetic_background
719,38.41108331,2.42922,0,6,24-03-2020,,synthetic_background
720,38.49592561,4.78789256,0,6,24-03-2020,,synthetic_background
721,36.22357068,5.045253084,0,6,24-03-2020,,synthetic_background
722,36.75748517,0.67610744,0,6,24-03-2020,,synthetic_background
723,37.67436969,2.400997014,0,6,24-03-2020,,synthetic_background
724,37.18818157,2.152869507,0,6,24-03-2020,,synthetic_background
725,38.353137,3.180415135,0,6,24-03-2020,,synthetic_background
726,37.60242084,2.088484852,0,6,24-03-2020,,synthetic_background
727,36.79338604,0.235852429,0,6,24-03-2020,,synthetic_background
728,38.20250654,3.022696596,0,6,24-03-2020,,synthetic_background
729,36.75139179,0.206442132,0,6,24-03-2020,,synthetic_background
730,38.00731807,3.992939328,0,6,24-03-2020,,synthetic_background
731,38.29006139,0.058361482,0,6,24-03-2020,,synthetic_background
732,38.76408551,2.053370151,0,6,24-03-2020,,synthetic_background
733,37.76308147,3.863939771,0,6,24-03-2020,,synthetic_background
734,36.53916796,4.537247302,0,6,24-03-2020,,synthetic_background
735,38.4847593,5.036447628,0,6,24-03-2020,,synthetic_background
736,36.08745023,1.122668088,0,6,24-03-2020,,synthetic_background
737,36.77121089,4.770048465,0,6,24-03-2020,,synthetic_background
738,38.17905735,1.525430601,0,6,24-03-2020,,synthetic_background
739,38.12194745,5.728199694,0,6,24-03-2020,,synthetic_background
740,36.35737632,2.040878848,0,6,24-03-2020,,synthetic_background
741,37.01715382,1.912322541,0,6,24-03-2020,,synthetic_background
742,37.73618616,1.714500435,0,6,24-03-2020,,synthetic_background
743,36.79284251,3.942885295,0,6,24-03-2020,,synthetic_background
744,36.44213265,4.201067165,0,6,24-03-2020,,synthetic_background
745,37.3074786,0.955348149,0,6,24-03-2020,,synthetic_background
746,36.57611328,2.379261488,0,6,24-03-2020,,synthetic_background
747,37.7996425,2.302756642,0,6,24-03-2020,,synthetic_background
748,37.49627129,1.993307027,0,6,24-03-2020,,synthetic_background
749,37.52681993,3.566645806,0,6,24-03-2020,,synthetic_background
750,38.44278986,1.924839766,0,6,24-03-2020,,synthetic_background
751,37.12006286,0.520227565,0,6,24-03-2020,,synthetic_background
752,36.05581083,1.898635903,0,6,24-03-2020,,synthetic_background
753,36.99321213,3.344484563,0,6,24-03-2020,,synthetic_background
754,38.45375095,4.086618637,0,6,24-03-2020,,synthetic_background
755,37.13276902,2.819528403,0,6,24-03-2020,,synthetic_background
756,36.70900239,2.158589131,0,6,24-03-2020,,synthetic_background
757,38.50467602,2.971865523,0,6,24-03-2020,,synthetic_background
758,38.41971967,4.817769852,0,6,24-03-2020,,synthetic_background
759,38.92172931,0.05587495,0,6,24-03-2020,,synthetic_background
760,38.53025836,1.883713257,0,6,24-03-2020,,synthetic_background
761,36.92218628,4.589840446,0,6,24-03-2020,,synthetic_background
762,38.89491844,0.513239783,0,6,24-03-2020,,synthetic_background
763,37.81984143,0.859646977,0,6,24-03-2020,,synthetic_background
764,36.30214362,2.211719909,0,6,24-03-2020,,synthetic_background
765,38.67138823,5.468171148,0,6,24-03-2020,,synthetic_background
766,38.24633703,2.001035037,0,6,24-03-2020,,synthetic_background
767,36.54763423,4.24821069,0,6,24-03-2020,,synthetic_background
768,37.9194808,2.74485386,0,6,24-03-2020,,synthetic_background
769,38.81573258,1.853703696,0,6,24-03-2020,,synthetic_background
770,38.50372226,1.865240884,0,6,24-03-2020,,synthetic_background
771,37.73261137,0.616519592,0,6,24-03-2020,,synthetic_background
772,37.10864295,2.599777103,0,6,24-03-2020,,synthetic_background
773,36.27166453,2.864980221,0,6,24-03-2020,,synthetic_background
774,37.57114624,2.047418088,0,6,24-03-2020,,synthetic_background
775,37.47481717,3.143667892,0,6,24-03-2020,,synthetic_background
776,37.93350143,1.694785175,0,6,24-03-2020,,synthetic_background
777,36.67223512,4.663987102,0,6,24-03-2020,,synthetic_background
778,38.12591084,1.475441765,0,6,24-03-2020,,synthetic_background
779,36.75430438,2.891462845,0,6,24-03-2020,,synthetic_background
780,38.31040753,1.493984914,0,6,24-03-2020,,synthetic_background
781,37.90461088,1.04438088,0,6,24-03-2020,,synthetic_background
782,38.04611107,1.588330629,0,6,24-03-2020,,synthetic_background
783,37.4336935,4.383976188,0,6,24-03-2020,,synthetic_background
784,37.93970782,1.700512775,0,6,24-03-2020,,synthetic_background
785,36.45043491,3.401327647,0,6,24-03-2020,,synthetic_background
786,36.8511326,5.08963192,0,6,24-03-2020,,synthetic_background
787,38.73544573,5.208807504,0,6,24-03-2020,,synthetic_background
788,38.90716219,3.154831769,0,6,24-03-2020,,synthetic_background
789,38.03670907,0.057652767,0,6,24-03-2020,,synthetic_background
790,36.63773415,4.834812353,0,6,24-03-2020,,synthetic_background
791,38.76424545,5.120220674,0,6,24-03-2020,,synthetic_background
792,37.06828359,5.32271868,0,6,24-03-2020,,synthetic_background
793,36.25842022,2.268343742,0,6,24-03-2020,,synthetic_background
794,36.9718268,0.431884591,0,6,24-03-2020,,synthetic_background
795,38.34144824,2.159478648,0,6,24-03-2020,,synthetic_background
796,36.25249052,4.560898357,0,6,24-03-2020,,synthetic_background
797,38.15784109,2.425040552,0,6,24-03-2020,,synthetic_background
798,37.83751301,1.231065926,0,6,24-03-2020,,synthetic_background
799,37.54654078,2.433992311,0,6,24-03-2020,,synthetic_background
800,36.0685001,2.276101423,0,6,24-03-2020,,synthetic_background
801,36.37674957,3.360277208,0,6,24-03-2020,,synthetic_background
802,38.52703703,4.263350029,0,6,24-03-2020,,synthetic_background
803,37.44204138,1.068668479,0,6,24-03-2020,,synthetic_background
804,36.30426048,3.381134157,0,6,24-03-2020,,synthetic_background
805,36.34461747,0.919688405,0,6,24-03-2020,,synthetic_background
806,37.31853647,2.100556546,0,6,24-03-2020,,synthetic_background
807,37.60504606,1.399643005,0,6,24-03-2020,,synthetic_background
808,36.38199031,2.677683364,0,6,24-03-2020,,synthetic_background
809,37.31316295,0.840502386,0,6,24-03-2020,,synthetic_background
810,36.86,2.419166667,1,7,31-03-2020,31-03-2020,fao_hopper
811,36.84138889,2.486944444,1,7,31-03-2020,31-03-2020,fao_hopper
812,36.86916667,2.353055556,1,7,31-03-2020,31-03-2020,fao_hopper
813,37.07333333,5.161388889,1,7,31-03-2020,03-04-2020,fao_hopper
814,37.06305556,5.133333333,1,7,31-03-2020,03-04-2020,fao_hopper
815,37.06666667,5.141944444,1,7,31-03-2020,03-04-2020,fao_hopper
816,37.07138889,5.153611111,1,7,31-03-2020,03-04-2020,fao_hopper
817,36.76555556,5.313611111,1,7,31-03-2020,03-04-2020,fao_hopper
818,36.86583333,2.376666667,1,7,31-03-2020,05-04-2020,fao_hopper
819,36.86,2.410277778,1,7,31-03-2020,05-04-2020,fao_hopper
820,37.58361111,0.357222222,1,7,31-03-2020,01-04-2020,fao_hopper
821,36.85638889,2.433333333,1,7,31-03-2020,01-04-2020,fao_hopper
822,36.85,5.416666667,1,7,31-03-2020,31-03-2020,fao_band
823,36.91666667,5.2,1,7,31-03-2020,31-03-2020,fao_band
824,36.9,5.2,1,7,31-03-2020,31-03-2020,fao_band
825,36.88333333,5.1,1,7,31-03-2020,31-03-2020,fao_band
826,37,5.3,1,7,31-03-2020,31-03-2020,fao_band
827,36.95,5.216666667,1,7,31-03-2020,31-03-2020,fao_band
828,36.9,5.85,1,7,31-03-2020,31-03-2020,fao_band
829,36.71666667,5.466666667,1,7,31-03-2020,31-03-2020,fao_band
830,36.8,5.35,1,7,31-03-2020,31-03-2020,fao_band
831,36.81666667,5.516666667,1,7,31-03-2020,31-03-2020,fao_band
832,36.81666667,5.366666667,1,7,31-03-2020,31-03-2020,fao_band
833,36.73333333,5.383333333,1,7,31-03-2020,31-03-2020,fao_band
834,36.7,5.283333333,1,7,31-03-2020,31-03-2020,fao_band
835,36.83333333,5.45,1,7,31-03-2020,31-03-2020,fao_band
836,37.01666667,5.3,1,7,31-03-2020,31-03-2020,fao_band
837,36.96666667,5.3,1,7,31-03-2020,31-03-2020,fao_band
838,36.85,5.466666667,1,7,31-03-2020,31-03-2020,fao_band
839,36.75,5.366666667,1,7,31-03-2020,31-03-2020,fao_band
840,36.75,5.35,1,7,31-03-2020,31-03-2020,fao_band
841,36.83333333,5.533333333,1,7,31-03-2020,31-03-2020,fao_band
842,37.06666667,5.316666667,1,7,31-03-2020,31-03-2020,fao_band
843,37.05,5.133333333,1,7,31-03-2020,31-03-2020,fao_band
844,37.11666667,5.316666667,1,7,31-03-2020,31-03-2020,fao_band
845,36.81666667,5.466666667,1,7,31-03-2020,31-03-2020,fao_band
846,36.83333333,5.6,1,7,31-03-2020,31-03-2020,fao_band
847,37.06666667,5.316666667,1,7,31-03-2020,02-04-2020,fao_band
848,37.05,5.25,1,7,31-03-2020,02-04-2020,fao_band
849,36.81666667,5.433333333,1,7,31-03-2020,02-04-2020,fao_band
850,36.78333333,5.366666667,1,7,31-03-2020,02-04-2020,fao_band
851,36.71666667,2.75,1,7,31-03-2020,05-04-2020,fao_band
852,37.06666667,5.316666667,1,7,31-03-2020,01-04-2020,fao_band
853,37.11666667,5.316666667,1,7,31-03-2020,01-04-2020,fao_band
854,36.88333333,5.183333333,1,7,31-03-2020,03-04-2020,fao_band
855,36.88333333,5.15,1,7,31-03-2020,03-04-2020,fao_band
856,37.91666667,5.25,1,7,31-03-2020,03-04-2020,fao_band
857,36.75,5.466666667,1,7,31-03-2020,03-04-2020,fao_band
858,36.71666667,5.466666667,1,7,31-03-2020,03-04-2020,fao_band
859,36.78333333,5.366666667,1,7,31-03-2020,03-04-2020,fao_band
860,36.81666667,5.366666667,1,7,31-03-2020,03-04-2020,fao_band
861,36.13333333,4.666666667,1,7,31-03-2020,03-04-2020,fao_band
862,36.95,5.6,1,7,31-03-2020,03-04-2020,fao_band
863,37.06666667,5.316666667,1,7,31-03-2020,04-04-2020,fao_band
864,37.1,5.2,1,7,31-03-2020,04-04-2020,fao_band
865,36.83333333,5.533333333,1,7,31-03-2020,04-04-2020,fao_band
866,37.01666667,5.3,1,7,31-03-2020,04-04-2020,fao_band
867,36.96666667,5.3,1,7,31-03-2020,04-04-2020,fao_band
868,36.91666667,5.433333333,1,7,31-03-2020,04-04-2020,fao_band
869,36.8,5.483333333,1,7,31-03-2020,02-04-2020,fao_band
870,36.83333333,5.533333333,1,7,31-03-2020,03-04-2020,fao_band
871,36.88333333,5.183333333,1,7,31-03-2020,04-04-2020,fao_band
872,36.78333333,5.3,1,7,31-03-2020,04-04-2020,fao_band
873,36.88333333,5.1,1,7,31-03-2020,04-04-2020,fao_band
874,37.75,5.466666667,1,7,31-03-2020,04-04-2020,fao_band
875,36.71666667,5.466666667,1,7,31-03-2020,04-04-2020,fao_band
876,36.71666667,5.316666667,1,7,31-03-2020,04-04-2020,fao_band
877,36.78333333,5.316666667,1,7,31-03-2020,04-04-2020,fao_band
878,36.7,5.35,1,7,31-03-2020,04-04-2020,fao_band
879,36.73333333,5.383333333,1,7,31-03-2020,04-04-2020,fao_band
880,37.83166667,0.001111111,1,7,31-03-2020,03-04-2020,fao_band
881,37.56666667,5.266666667,1,7,31-03-2020,04-04-2020,fao_band
882,37.66666667,5.233333333,1,7,31-03-2020,04-04-2020,fao_band
883,37.23333333,5.15,1,7,31-03-2020,04-04-2020,fao_band
884,37.35,5.3,1,7,31-03-2020,04-04-2020,fao_band
885,36.83333333,5.483333333,1,7,31-03-2020,04-04-2020,fao_band
886,37.2,5.183333333,1,7,31-03-2020,04-04-2020,fao_band
887,37.06666667,5.166666667,1,7,31-03-2020,04-04-2020,fao_band
888,36.81666667,5.483333333,1,7,31-03-2020,05-04-2020,fao_band
889,36.82888889,2.489444444,1,7,31-03-2020,01-04-2020,fao_band
890,37.58138889,0.443333333,1,7,31-03-2020,02-04-2020,fao_band
891,37.06666667,5.316666667,1,7,31-03-2020,06-04-2020,fao_band
892,37.03333333,5.25,1,7,31-03-2020,06-04-2020,fao_band
893,37.1,5.2,1,7,31-03-2020,06-04-2020,fao_band
894,37,5.466666667,1,7,31-03-2020,06-04-2020,fao_band
895,37,5.283333333,1,7,31-03-2020,06-04-2020,fao_band
896,36.77944444,5.301388889,1,7,31-03-2020,03-04-2020,fao_band
897,36.75944444,5.313333333,1,7,31-03-2020,03-04-2020,fao_band
898,37,1.883333333,1,7,31-03-2020,04-04-2020,fao_band
899,37.1,1.883333333,1,7,31-03-2020,04-04-2020,fao_band
900,36.92,2.096388889,1,7,31-03-2020,04-04-2020,fao_band
901,37.55,0.4,1,7,31-03-2020,03-04-2020,fao_band
902,36.35,0.316666667,1,7,31-03-2020,03-04-2020,fao_band
903,36.82111111,5.462777778,1,7,31-03-2020,05-04-2020,fao_adult
904,36.89805556,5.448611111,1,7,31-03-2020,05-04-2020,fao_adult
905,37.59277778,0.394166667,1,7,31-03-2020,03-04-2020,fao_adult
906,36.82722222,5.520833333,1,7,31-03-2020,05-04-2020,fao_adult
907,36.83388889,5.535555556,1,7,31-03-2020,05-04-2020,fao_adult
908,37.06666667,0.716666667,1,7,31-03-2020,31-03-2020,fao_swarm
909,36.53333333,0.25,1,7,31-03-2020,31-03-2020,fao_swarm
910,36.88333333,2.3,1,7,31-03-2020,31-03-2020,fao_swarm
911,36.86666667,2.333333333,1,7,31-03-2020,31-03-2020,fao_swarm
912,36.86666667,2.316666667,1,7,31-03-2020,31-03-2020,fao_swarm
913,37.51666667,0.55,1,7,31-03-2020,31-03-2020,fao_swarm
914,36.51666667,0.233333333,1,7,31-03-2020,31-03-2020,fao_swarm
915,36.78333333,0,1,7,31-03-2020,31-03-2020,fao_swarm
916,36.69972222,2.610833333,1,7,31-03-2020,05-04-2020,fao_swarm
917,36.99444444,0.638888889,1,7,31-03-2020,05-04-2020,fao_swarm
918,36.84638889,2.440277778,1,7,31-03-2020,05-04-2020,fao_swarm
919,37.79583333,1.583055556,1,7,31-03-2020,05-04-2020,fao_swarm
920,36.7,2.609722222,1,7,31-03-2020,05-04-2020,fao_swarm
921,36.70055556,2.686944444,1,7,31-03-2020,05-04-2020,fao_swarm
922,36.7025,2.689166667,1,7,31-03-2020,05-04-2020,fao_swarm
923,37.32194444,0.985277778,1,7,31-03-2020,05-04-2020,fao_swarm
924,37.02222222,0.694444444,1,7,31-03-2020,06-04-2020,fao_swarm
925,36.84666667,2.440277778,1,7,31-03-2020,06-04-2020,fao_swarm
926,38.98361111,1.116388889,1,7,31-03-2020,06-04-2020,fao_swarm
927,36.98333333,0.633333333,1,7,31-03-2020,05-04-2020,fao_swarm
928,36.88333333,1.116666667,1,7,31-03-2020,05-04-2020,fao_swarm
929,36.9,1.083333333,1,7,31-03-2020,05-04-2020,fao_swarm
930,37.76666667,1.583333333,1,7,31-03-2020,05-04-2020,fao_swarm
931,38.9,1.133333333,1,7,31-03-2020,06-04-2020,fao_swarm
932,37.85,5.5,1,7,31-03-2020,04-04-2020,fao_swarm
933,36.78333333,5.316666667,1,7,31-03-2020,05-04-2020,fao_swarm
934,36.98333333,5.3,1,7,31-03-2020,05-04-2020,fao_swarm
935,36.69305556,2.650555556,1,7,31-03-2020,01-04-2020,fao_swarm
936,36.72111111,2.576944444,1,7,31-03-2020,01-04-2020,fao_swarm
937,37.46333333,0.214444444,1,7,31-03-2020,01-04-2020,fao_swarm
938,37.14638889,0.871388889,1,7,31-03-2020,01-04-2020,fao_swarm
939,36.78333333,0,1,7,31-03-2020,01-04-2020,fao_swarm
940,36.51666667,0.266666667,1,7,31-03-2020,01-04-2020,fao_swarm
941,36.36666667,0.4,1,7,31-03-2020,01-04-2020,fao_swarm
942,36.78333333,2.483333333,1,7,31-03-2020,01-04-2020,fao_swarm
943,37.11666667,0.633333333,1,7,31-03-2020,04-04-2020,fao_swarm
944,37.11666667,0.833333333,1,7,31-03-2020,04-04-2020,fao_swarm
945,37.01666667,0.65,1,7,31-03-2020,04-04-2020,fao_swarm
946,37.11666667,0.816666667,1,7,31-03-2020,04-04-2020,fao_swarm
947,36.98055556,0.816388889,1,7,31-03-2020,03-04-2020,fao_swarm
948,37.00305556,0.851944444,1,7,31-03-2020,03-04-2020,fao_swarm
949,36.82416667,2.486944444,1,7,31-03-2020,04-04-2020,fao_swarm
950,37.08333333,0.783333333,1,7,31-03-2020,03-04-2020,fao_swarm
951,36.96189298,2.511710519,0,7,31-03-2020,,synthetic_background
952,37.21107516,5.293744657,0,7,31-03-2020,,synthetic_background
953,38.37682221,0.138346651,0,7,31-03-2020,,synthetic_background
954,37.4647983,2.556886102,0,7,31-03-2020,,synthetic_background
955,38.71823391,3.927138732,0,7,31-03-2020,,synthetic_background
956,38.24625842,2.124452761,0,7,31-03-2020,,synthetic_background
957,36.21651251,5.786136788,0,7,31-03-2020,,synthetic_background
958,37.75876483,1.874541419,0,7,31-03-2020,,synthetic_background
959,38.78730226,3.206282536,0,7,31-03-2020,,synthetic_background
960,37.91522666,5.125052053,0,7,31-03-2020,,synthetic_background
961,37.13598057,3.38260656,0,7,31-03-2020,,synthetic_background
962,37.47169395,2.452172732,0,7,31-03-2020,,synthetic_background
963,36.30319895,4.193339748,0,7,31-03-2020,,synthetic_background
964,37.34866782,4.187318459,0,7,31-03-2020,,synthetic_background
965,38.9486695,2.568903046,0,7,31-03-2020,,synthetic_background
966,38.01714776,4.320715034,0,7,31-03-2020,,synthetic_background
967,37.5736216,4.057310336,0,7,31-03-2020,,synthetic_background
968,38.26148326,4.378655907,0,7,31-03-2020,,synthetic_background
969,37.03781154,3.727326923,0,7,31-03-2020,,synthetic_background
970,36.98886796,1.835181751,0,7,31-03-2020,,synthetic_background
971,36.50438653,2.476970407,0,7,31-03-2020,,synthetic_background
972,37.62779971,4.276955499,0,7,31-03-2020,,synthetic_background
973,36.0143658,3.12897658,0,7,31-03-2020,,synthetic_background
974,37.51626006,1.443078108,0,7,31-03-2020,,synthetic_background
975,37.82640208,5.127651444,0,7,31-03-2020,,synthetic_background
976,37.96265903,4.025369602,0,7,31-03-2020,,synthetic_background
977,36.10301972,2.873343735,0,7,31-03-2020,,synthetic_background
978,37.57380406,5.07712795,0,7,31-03-2020,,synthetic_background
979,36.71457033,5.14004348,0,7,31-03-2020,,synthetic_background
980,38.86076512,2.413467495,0,7,31-03-2020,,synthetic_background
981,38.8494728,3.034904279,0,7,31-03-2020,,synthetic_background
982,37.37255375,4.753925226,0,7,31-03-2020,,synthetic_background
983,37.66451538,4.143144701,0,7,31-03-2020,,synthetic_background
984,37.12172441,3.407286478,0,7,31-03-2020,,synthetic_background
985,38.04791306,3.066070624,0,7,31-03-2020,,synthetic_background
986,38.19810879,0.157672022,0,7,31-03-2020,,synthetic_background
987,38.82488413,0.751905748,0,7,31-03-2020,,synthetic_background
988,37.79687556,0.339137064,0,7,31-03-2020,,synthetic_background
989,36.63185167,2.925291591,0,7,31-03-2020,,synthetic_background
990,37.29922922,5.340402879,0,7,31-03-2020,,synthetic_background
991,38.60631038,1.089752597,0,7,31-03-2020,,synthetic_background
992,38.66022021,5.360182806,0,7,31-03-2020,,synthetic_background
993,37.9611144,4.692457297,0,7,31-03-2020,,synthetic_background
994,38.16719317,4.977183337,0,7,31-03-2020,,synthetic_background
995,37.70961651,1.763177854,0,7,31-03-2020,,synthetic_background
996,37.14118696,3.046742238,0,7,31-03-2020,,synthetic_background
997,37.43461281,1.075770592,0,7,31-03-2020,,synthetic_background
998,36.8400934,2.917562857,0,7,31-03-2020,,synthetic_background
999,36.58109758,5.806627671,0,7,31-03-2020,,synthetic_background
1000,37.75370455,2.959946381,0,7,31-03-2020,,synthetic_background
1001,38.3489784,3.114571877,0,7,31-03-2020,,synthetic_background
1002,37.70941615,0.827711231,0,7,31-03-2020,,synthetic_background
1003,36.2429048,4.831942163,0,7,31-03-2020,,synthetic_background
1004,37.5228122,1.353676413,0,7,31-03-2020,,synthetic_background
1005,37.13828253,4.832180991,0,7,31-03-2020,,synthetic_background
1006,36.78464039,4.411438852,0,7,31-03-2020,,synthetic_background
1007,36.44831273,1.592606268,0,7,31-03-2020,,synthetic_background
1008,38.58925524,4.901172411,0,7,31-03-2020,,synthetic_background
1009,36.59296736,0.76788383,0,7,31-03-2020,,synthetic_background
1010,38.39808484,3.46028014,0,7,31-03-2020,,synthetic_background
1011,37.20092911,4.588088958,0,7,31-03-2020,,synthetic_background
1012,38.38467468,2.732264685,0,7,31-03-2020,,synthetic_background
1013,38.08420467,2.750258446,0,7,31-03-2020,,synthetic_background
1014,38.64252923,4.763720196,0,7,31-03-2020,,synthetic_background
1015,38.10908929,5.565955937,0,7,31-03-2020,,synthetic_background
1016,38.19603578,3.266870132,0,7,31-03-2020,,synthetic_background
1017,38.19660612,1.689904264,0,7,31-03-2020,,synthetic_background
1018,38.69691594,1.354954705,0,7,31-03-2020,,synthetic_background
1019,37.23395837,4.198592639,0,7,31-03-2020,,synthetic_background
1020,37.71299088,0.914110774,0,7,31-03-2020,,synthetic_background
1021,36.66479613,5.209246772,0,7,31-03-2020,,synthetic_background
1022,36.97243712,4.991562403,0,7,31-03-2020,,synthetic_background
1023,36.18011036,4.765093601,0,7,31-03-2020,,synthetic_background
1024,37.34470342,0.426336163,0,7,31-03-2020,,synthetic_background
1025,36.70584774,1.387139931,0,7,31-03-2020,,synthetic_background
1026,38.97514912,2.679676353,0,7,31-03-2020,,synthetic_background
1027,37.73844474,1.399478768,0,7,31-03-2020,,synthetic_background
1028,38.73359154,2.637065548,0,7,31-03-2020,,synthetic_background
1029,38.70274991,1.153082287,0,7,31-03-2020,,synthetic_background
1030,36.17726372,2.499457831,0,7,31-03-2020,,synthetic_background
1031,37.29347097,3.378900218,0,7,31-03-2020,,synthetic_background
1032,38.45706891,2.256085245,0,7,31-03-2020,,synthetic_background
1033,38.7992674,3.757797497,0,7,31-03-2020,,synthetic_background
1034,36.23496732,4.517840537,0,7,31-03-2020,,synthetic_background
1035,37.74872122,0.971302485,0,7,31-03-2020,,synthetic_background
1036,36.31073644,4.013760649,0,7,31-03-2020,,synthetic_background
1037,37.48528819,4.403834946,0,7,31-03-2020,,synthetic_background
1038,36.31014633,3.861917549,0,7,31-03-2020,,synthetic_background
1039,38.21496613,2.801605652,0,7,31-03-2020,,synthetic_background
1040,38.98766922,2.566000538,0,7,31-03-2020,,synthetic_background
1041,37.45539883,3.356267096,0,7,31-03-2020,,synthetic_background
1042,36.03776034,2.422736974,0,7,31-03-2020,,synthetic_background
1043,37.19258864,3.717427428,0,7,31-03-2020,,synthetic_background
1044,37.40639709,3.308368426,0,7,31-03-2020,,synthetic_background
1045,36.33977445,1.578837916,0,7,31-03-2020,,synthetic_background
1046,38.97583696,1.461471563,0,7,31-03-2020,,synthetic_background
1047,37.48181631,1.524227172,0,7,31-03-2020,,synthetic_background
1048,38.49889432,0.764974058,0,7,31-03-2020,,synthetic_background
1049,38.0884565,2.01247905,0,7,31-03-2020,,synthetic_background
1050,37.33453956,0.505503737,0,7,31-03-2020,,synthetic_background
1051,37.08345436,2.195657245,0,7,31-03-2020,,synthetic_background
1052,37.14365481,5.406732127,0,7,31-03-2020,,synthetic_background
1053,37.43933345,0.678799145,0,7,31-03-2020,,synthetic_background
1054,38.09887034,2.787305824,0,7,31-03-2020,,synthetic_background
1055,36.93701638,3.992786675,0,7,31-03-2020,,synthetic_background
1056,36.91154354,1.162067266,0,7,31-03-2020,,synthetic_background
1057,37.93613508,1.564233371,0,7,31-03-2020,,synthetic_background
1058,37.52957861,1.370493563,0,7,31-03-2020,,synthetic_background
1059,37.15169101,2.283351937,0,7,31-03-2020,,synthetic_background
1060,38.10271481,1.692501848,0,7,31-03-2020,,synthetic_background
1061,38.50293629,4.58595164,0,7,31-03-2020,,synthetic_background
1062,38.14042206,2.578218295,0,7,31-03-2020,,synthetic_background
1063,36.76212525,5.721274972,0,7,31-03-2020,,synthetic_background
1064,36.76070201,5.011207956,0,7,31-03-2020,,synthetic_background
1065,38.06960406,1.317350731,0,7,31-03-2020,,synthetic_background
1066,38.65331568,1.583278419,0,7,31-03-2020,,synthetic_background
1067,36.02834575,2.944981286,0,7,31-03-2020,,synthetic_background
1068,37.76805311,1.904592986,0,7,31-03-2020,,synthetic_background
1069,38.91692751,0.610091435,0,7,31-03-2020,,synthetic_background
1070,38.54010098,4.00534361,0,7,31-03-2020,,synthetic_background
1071,37.62675758,0.505499496,0,7,31-03-2020,,synthetic_background
1072,37.93429506,3.627536524,0,7,31-03-2020,,synthetic_background
1073,36.78061871,4.470168017,0,7,31-03-2020,,synthetic_background
1074,36.6522477,3.669296803,0,7,31-03-2020,,synthetic_background
1075,36.51702462,1.452606123,0,7,31-03-2020,,synthetic_background
1076,36.6457804,3.627826086,0,7,31-03-2020,,synthetic_background
1077,37.71274437,3.429228279,0,7,31-03-2020,,synthetic_background
1078,38.22586257,1.543209126,0,7,31-03-2020,,synthetic_background
1079,38.21061838,4.283827702,0,7,31-03-2020,,synthetic_background
1080,36.72497395,1.608273726,0,7,31-03-2020,,synthetic_background
1081,38.04313549,1.214792913,0,7,31-03-2020,,synthetic_background
1082,38.95321086,3.701796338,0,7,31-03-2020,,synthetic_background
1083,38.02452853,4.240426078,0,7,31-03-2020,,synthetic_background
1084,38.32739247,0.643708595,0,7,31-03-2020,,synthetic_background
1085,38.23316341,2.179674741,0,7,31-03-2020,,synthetic_background
1086,36.23753337,2.583138371,0,7,31-03-2020,,synthetic_background
1087,36.36359383,2.018791935,0,7,31-03-2020,,synthetic_background
1088,38.4320994,2.261254298,0,7,31-03-2020,,synthetic_background
1089,37.61530045,3.944221126,0,7,31-03-2020,,synthetic_background
1090,36.78934356,2.444594694,0,7,31-03-2020,,synthetic_background
1091,37.47293181,5.419225417,0,7,31-03-2020,,synthetic_background
1092,37.05694444,5.118055556,1,8,07-04-2020,09-04-2020,fao_hopper
1093,37.08972222,5.160833333,1,8,07-04-2020,09-04-2020,fao_hopper
1094,37.09194444,5.158333333,1,8,07-04-2020,09-04-2020,fao_hopper
1095,37.03583333,0.806388889,1,8,07-04-2020,13-04-2020,fao_hopper
1096,37.43777778,1.3475,1,8,07-04-2020,09-04-2020,fao_hopper
1097,37.06944444,0.021388889,1,8,07-04-2020,11-04-2020,fao_hopper
1098,36.96416667,0.768055556,1,8,07-04-2020,11-04-2020,fao_hopper
1099,36.91666667,5.25,1,8,07-04-2020,13-04-2020,fao_band
1100,36.78333333,5.316666667,1,8,07-04-2020,13-04-2020,fao_band
1101,36.91666667,5.433333333,1,8,07-04-2020,13-04-2020,fao_band
1102,36.93333333,5.75,1,8,07-04-2020,10-04-2020,fao_band
1103,36.11666667,4.733333333,1,8,07-04-2020,10-04-2020,fao_band
1104,36.03333333,4.733333333,1,8,07-04-2020,10-04-2020,fao_band
1105,36.03333333,4.7,1,8,07-04-2020,10-04-2020,fao_band
1106,36.04805556,4.701111111,1,8,07-04-2020,10-04-2020,fao_band
1107,36.05,4.733333333,1,8,07-04-2020,10-04-2020,fao_band
1108,36.78333333,5.3,1,8,07-04-2020,11-04-2020,fao_band
1109,36.73333333,5.383333333,1,8,07-04-2020,11-04-2020,fao_band
1110,36.71666667,5.383333333,1,8,07-04-2020,11-04-2020,fao_band
1111,36.21666667,5.616666667,1,8,07-04-2020,13-04-2020,fao_band
1112,36.86666667,5.583333333,1,8,07-04-2020,13-04-2020,fao_band
1113,36.93333333,5.683333333,1,8,07-04-2020,13-04-2020,fao_band
1114,36.88333333,5.733333333,1,8,07-04-2020,13-04-2020,fao_band
1115,36.81666667,5.6,1,8,07-04-2020,13-04-2020,fao_band
1116,36.83333333,5.533333333,1,8,07-04-2020,13-04-2020,fao_band
1117,36.84805556,3.435,1,8,07-04-2020,07-04-2020,fao_band
1118,37.06805556,3.321388889,1,8,07-04-2020,07-04-2020,fao_band
1119,37.74166667,1.494166667,1,8,07-04-2020,10-04-2020,fao_band
1120,37.73,1.463611111,1,8,07-04-2020,10-04-2020,fao_band
1121,36.83333333,5.45,1,8,07-04-2020,11-04-2020,fao_band
1122,36.71666667,5.466666667,1,8,07-04-2020,11-04-2020,fao_band
1123,36.76666667,5.35,1,8,07-04-2020,11-04-2020,fao_band
1124,36.78333333,5.366666667,1,8,07-04-2020,11-04-2020,fao_band
1125,36.81666667,5.366666667,1,8,07-04-2020,11-04-2020,fao_band
1126,36.7,5.35,1,8,07-04-2020,11-04-2020,fao_band
1127,36.81666667,5.466666667,1,8,07-04-2020,12-04-2020,fao_band
1128,36.73333333,5.383333333,1,8,07-04-2020,12-04-2020,fao_band
1129,36.71666667,5.866666667,1,8,07-04-2020,12-04-2020,fao_band
1130,36.81666667,5.15,1,8,07-04-2020,12-04-2020,fao_band
1131,36.81666667,5.516666667,1,8,07-04-2020,12-04-2020,fao_band
1132,36.7,5.35,1,8,07-04-2020,12-04-2020,fao_band
1133,36.81666667,5.45,1,8,07-04-2020,07-04-2020,fao_band
1134,37,5.316666667,1,8,07-04-2020,07-04-2020,fao_band
1135,36.76666667,5.266666667,1,8,07-04-2020,07-04-2020,fao_band
1136,36.75,5.466666667,1,8,07-04-2020,07-04-2020,fao_band
1137,36.76666667,5.283333333,1,8,07-04-2020,07-04-2020,fao_band
1138,36.71666667,5.366666667,1,8,07-04-2020,07-04-2020,fao_band
1139,36.71666667,5.316666667,1,8,07-04-2020,07-04-2020,fao_band
1140,37.01666667,5.283333333,1,8,07-04-2020,07-04-2020,fao_band
1141,36.71666667,5.466666667,1,8,07-04-2020,07-04-2020,fao_band
1142,36.76666667,5.316666667,1,8,07-04-2020,07-04-2020,fao_band
1143,36.76666667,5.366666667,1,8,07-04-2020,07-04-2020,fao_band
1144,36.81666667,5.366666667,1,8,07-04-2020,07-04-2020,fao_band
1145,36.91666667,5.766666667,1,8,07-04-2020,07-04-2020,fao_band
1146,36.96666667,5.716666667,1,8,07-04-2020,07-04-2020,fao_band
1147,36.81666667,5.65,1,8,07-04-2020,08-04-2020,fao_band
1148,36.91666667,5.766666667,1,8,07-04-2020,08-04-2020,fao_band
1149,36.86666667,5.566666667,1,8,07-04-2020,08-04-2020,fao_band
1150,37.06666667,5.316666667,1,8,07-04-2020,08-04-2020,fao_band
1151,37.06666667,5.15,1,8,07-04-2020,08-04-2020,fao_band
1152,37.1,5.2,1,8,07-04-2020,08-04-2020,fao_band
1153,36.86666667,5.566666667,1,8,07-04-2020,09-04-2020,fao_band
1154,36.86666667,5.716666667,1,8,07-04-2020,09-04-2020,fao_band
1155,36,5.666666667,1,8,07-04-2020,09-04-2020,fao_band
1156,36.81666667,5.583333333,1,8,07-04-2020,09-04-2020,fao_band
1157,36.76666667,5.316666667,1,8,07-04-2020,09-04-2020,fao_band
1158,36.01666667,5.283333333,1,8,07-04-2020,09-04-2020,fao_band
1159,36.96666667,5.466666667,1,8,07-04-2020,09-04-2020,fao_band
1160,36.75,5.466666667,1,8,07-04-2020,09-04-2020,fao_band
1161,36.76666667,5.466666667,1,8,07-04-2020,09-04-2020,fao_band
1162,36.81666667,5.516666667,1,8,07-04-2020,09-04-2020,fao_band
1163,38.27333333,5.108611111,1,8,07-04-2020,10-04-2020,fao_adult
1164,36.99166667,0.630555556,1,8,07-04-2020,09-04-2020,fao_adult
1165,36.97083333,0.771666667,1,8,07-04-2020,10-04-2020,fao_adult
1166,37.62944444,0.688055556,1,8,07-04-2020,11-04-2020,fao_adult
1167,38.17027778,4.868055556,1,8,07-04-2020,12-04-2020,fao_adult
1168,36.11611111,2.011944444,1,8,07-04-2020,12-04-2020,fao_adult
1169,37.38333333,5.65,1,8,07-04-2020,13-04-2020,fao_swarm
1170,37.1,5.85,1,8,07-04-2020,13-04-2020,fao_swarm
1171,37.1,5.9,1,8,07-04-2020,13-04-2020,fao_swarm
1172,37.06666667,5.033333333,1,8,07-04-2020,13-04-2020,fao_swarm
1173,36.73333333,5.483333333,1,8,07-04-2020,13-04-2020,fao_swarm
1174,36.98333333,5.333333333,1,8,07-04-2020,13-04-2020,fao_swarm
1175,37.3,5.766666667,1,8,07-04-2020,13-04-2020,fao_swarm
1176,36.98333333,5.833333333,1,8,07-04-2020,13-04-2020,fao_swarm
1177,36.76388889,5.300277778,1,8,07-04-2020,10-04-2020,fao_swarm
1178,36.78666667,5.471944444,1,8,07-04-2020,10-04-2020,fao_swarm
1179,36.76555556,5.343055556,1,8,07-04-2020,10-04-2020,fao_swarm
1180,36.73194444,5.520555556,1,8,07-04-2020,10-04-2020,fao_swarm
1181,36.74916667,5.315555556,1,8,07-04-2020,11-04-2020,fao_swarm
1182,36.93333333,5.716666667,1,8,07-04-2020,10-04-2020,fao_swarm
1183,37.11666667,5.366666667,1,8,07-04-2020,10-04-2020,fao_swarm
1184,36.75,5.283333333,1,8,07-04-2020,10-04-2020,fao_swarm
1185,37.13333333,5.266666667,1,8,07-04-2020,10-04-2020,fao_swarm
1186,37.01666667,5.766666667,1,8,07-04-2020,10-04-2020,fao_swarm
1187,36.9,5.633333333,1,8,07-04-2020,11-04-2020,fao_swarm
1188,37.05,5.15,1,8,07-04-2020,11-04-2020,fao_swarm
1189,36.73333333,5.466666667,1,8,07-04-2020,11-04-2020,fao_swarm
1190,36.91666667,5.3,1,8,07-04-2020,11-04-2020,fao_swarm
1191,37,5.633333333,1,8,07-04-2020,11-04-2020,fao_swarm
1192,36.98333333,5.733333333,1,8,07-04-2020,11-04-2020,fao_swarm
1193,37.01666667,5.7,1,8,07-04-2020,11-04-2020,fao_swarm
1194,37.01666667,5.633333333,1,8,07-04-2020,11-04-2020,fao_swarm
1195,36.9,5.65,1,8,07-04-2020,11-04-2020,fao_swarm
1196,36.93333333,5.316666667,1,8,07-04-2020,11-04-2020,fao_swarm
1197,36.75,5.283333333,1,8,07-04-2020,11-04-2020,fao_swarm
1198,36.88333333,5.433333333,1,8,07-04-2020,11-04-2020,fao_swarm
1199,36.73333333,5.483333333,1,8,07-04-2020,11-04-2020,fao_swarm
1200,36.75361111,5.475,1,8,07-04-2020,12-04-2020,fao_swarm
1201,36.93333333,5.716666667,1,8,07-04-2020,13-04-2020,fao_swarm
1202,36.93333333,5.7,1,8,07-04-2020,13-04-2020,fao_swarm
1203,36.86666667,5.666666667,1,8,07-04-2020,13-04-2020,fao_swarm
1204,37.01666667,5.583333333,1,8,07-04-2020,13-04-2020,fao_swarm
1205,37.13333333,5.816666667,1,8,07-04-2020,13-04-2020,fao_swarm
1206,36.81666667,5.5,1,8,07-04-2020,13-04-2020,fao_swarm
1207,36.76666667,5.466666667,1,8,07-04-2020,13-04-2020,fao_swarm
1208,36.75,5.466666667,1,8,07-04-2020,13-04-2020,fao_swarm
1209,37.01666667,5.316666667,1,8,07-04-2020,13-04-2020,fao_swarm
1210,36.91666667,5.3,1,8,07-04-2020,13-04-2020,fao_swarm
1211,36.78333333,5.383333333,1,8,07-04-2020,13-04-2020,fao_swarm
1212,36.6,5.3,1,8,07-04-2020,13-04-2020,fao_swarm
1213,37.13333333,5.85,1,8,07-04-2020,13-04-2020,fao_swarm
1214,37.39777778,1.003611111,1,8,07-04-2020,13-04-2020,fao_swarm
1215,37.95,1.366666667,1,8,07-04-2020,12-04-2020,fao_swarm
1216,36.68333333,0.616666667,1,8,07-04-2020,13-04-2020,fao_swarm
1217,36.73333333,2.433333333,1,8,07-04-2020,13-04-2020,fao_swarm
1218,36.84166667,2.485833333,1,8,07-04-2020,12-04-2020,fao_swarm
1219,37.26944444,0.946111111,1,8,07-04-2020,13-04-2020,fao_swarm
1220,36.83333333,2.486388889,1,8,07-04-2020,13-04-2020,fao_swarm
1221,36.86027778,1.335555556,1,8,07-04-2020,13-04-2020,fao_swarm
1222,36.7025,1.095,1,8,07-04-2020,13-04-2020,fao_swarm
1223,36.81138889,1.167777778,1,8,07-04-2020,13-04-2020,fao_swarm
1224,36.70111111,1.098611111,1,8,07-04-2020,13-04-2020,fao_swarm
1225,36.89083333,0.768333333,1,8,07-04-2020,13-04-2020,fao_swarm
1226,36.71166667,2.7575,1,8,07-04-2020,07-04-2020,fao_swarm
1227,36.98472222,0.623055556,1,8,07-04-2020,07-04-2020,fao_swarm
1228,36.98472222,0.623333333,1,8,07-04-2020,07-04-2020,fao_swarm
1229,37.31888889,0.980277778,1,8,07-04-2020,08-04-2020,fao_swarm
1230,37.23138889,0.940277778,1,8,07-04-2020,08-04-2020,fao_swarm
1231,37.00416667,0.866388889,1,8,07-04-2020,08-04-2020,fao_swarm
1232,37.16666667,1.930555556,1,8,07-04-2020,08-04-2020,fao_swarm
1233,37.43777778,1.3475,1,8,07-04-2020,08-04-2020,fao_swarm
1234,36.25138889,3.308333333,1,8,07-04-2020,08-04-2020,fao_swarm
1235,36.98666667,0.630833333,1,8,07-04-2020,08-04-2020,fao_swarm
1236,36.63111111,1.354722222,1,8,07-04-2020,08-04-2020,fao_swarm
1237,36.62944444,1.344722222,1,8,07-04-2020,08-04-2020,fao_swarm
1238,37.56583333,0.910277778,1,8,07-04-2020,08-04-2020,fao_swarm
1239,37.32638889,0.979444444,1,8,07-04-2020,08-04-2020,fao_swarm
1240,37.01666667,1.9,1,8,07-04-2020,07-04-2020,fao_swarm
1241,36.81666667,1.233333333,1,8,07-04-2020,07-04-2020,fao_swarm
1242,36.98333333,0.6,1,8,07-04-2020,07-04-2020,fao_swarm
1243,37.53333333,2.433333333,1,8,07-04-2020,07-04-2020,fao_swarm
1244,37,0.866666667,1,8,07-04-2020,07-04-2020,fao_swarm
1245,36.98555556,0.623888889,1,8,07-04-2020,08-04-2020,fao_swarm
1246,36.7,1.35,1,8,07-04-2020,08-04-2020,fao_swarm
1247,36.68333333,1.35,1,8,07-04-2020,08-04-2020,fao_swarm
1248,36.68333333,1.366666667,1,8,07-04-2020,08-04-2020,fao_swarm
1249,36.66666667,1.35,1,8,07-04-2020,08-04-2020,fao_swarm
1250,37.03333333,0.816666667,1,8,07-04-2020,08-04-2020,fao_swarm
1251,37.26666667,0.383333333,1,8,07-04-2020,10-04-2020,fao_swarm
1252,36.78333333,2.483333333,1,8,07-04-2020,10-04-2020,fao_swarm
1253,36.9,0.516666667,1,8,07-04-2020,10-04-2020,fao_swarm
1254,36.96666667,0.6,1,8,07-04-2020,10-04-2020,fao_swarm
1255,36.91666667,0.983333333,1,8,07-04-2020,11-04-2020,fao_swarm
1256,37.26666667,0.3,1,8,07-04-2020,11-04-2020,fao_swarm
1257,36.97055556,2.046666667,1,8,07-04-2020,09-04-2020,fao_swarm
1258,36.86027778,2.399722222,1,8,07-04-2020,09-04-2020,fao_swarm
1259,36.87166667,2.347777778,1,8,07-04-2020,09-04-2020,fao_swarm
1260,37.35111111,0.6325,1,8,07-04-2020,09-04-2020,fao_swarm
1261,36.84138889,2.486944444,1,8,07-04-2020,09-04-2020,fao_swarm
1262,37.31916667,0.980277778,1,8,07-04-2020,09-04-2020,fao_swarm
1263,37.31833333,0.978611111,1,8,07-04-2020,09-04-2020,fao_swarm
1264,36.86027778,1.335555556,1,8,07-04-2020,09-04-2020,fao_swarm
1265,36.86916667,2.353611111,1,8,07-04-2020,09-04-2020,fao_swarm
1266,36.83194444,2.490277778,1,8,07-04-2020,09-04-2020,fao_swarm
1267,36.84166667,2.487222222,1,8,07-04-2020,09-04-2020,fao_swarm
1268,36.69944444,2.620555556,1,8,07-04-2020,09-04-2020,fao_swarm
1269,36.99166667,0.630555556,1,8,07-04-2020,09-04-2020,fao_swarm
1270,37.15972222,1.937777778,1,8,07-04-2020,09-04-2020,fao_swarm
1271,36.10361111,0.528611111,1,8,07-04-2020,09-04-2020,fao_swarm
1272,37.00444444,0.866388889,1,8,07-04-2020,09-04-2020,fao_swarm
1273,36.96611111,0.600277778,1,8,07-04-2020,09-04-2020,fao_swarm
1274,36.12111111,0.535833333,1,8,07-04-2020,09-04-2020,fao_swarm
1275,36.71666667,2.756944444,1,8,07-04-2020,09-04-2020,fao_swarm
1276,37.02277778,1.9825,1,8,07-04-2020,09-04-2020,fao_swarm
1277,37.31888889,0.980833333,1,8,07-04-2020,10-04-2020,fao_swarm
1278,36.90861111,2.178333333,1,8,07-04-2020,10-04-2020,fao_swarm
1279,36.84138889,2.486944444,1,8,07-04-2020,10-04-2020,fao_swarm
1280,36.86861111,2.353333333,1,8,07-04-2020,10-04-2020,fao_swarm
1281,36.97083333,0.771666667,1,8,07-04-2020,10-04-2020,fao_swarm
1282,36.94416667,0.002777778,1,8,07-04-2020,11-04-2020,fao_swarm
1283,36.82861111,2.490277778,1,8,07-04-2020,11-04-2020,fao_swarm
1284,36.82694444,2.493888889,1,8,07-04-2020,11-04-2020,fao_swarm
1285,37.28055556,0.3075,1,8,07-04-2020,11-04-2020,fao_swarm
1286,36.87194444,2.348055556,1,8,07-04-2020,09-04-2020,fao_swarm
1287,37.35166667,0.633333333,1,8,07-04-2020,09-04-2020,fao_swarm
1288,37.02916667,0.871666667,1,8,07-04-2020,11-04-2020,fao_swarm
1289,36.85583333,0.827222222,1,8,07-04-2020,11-04-2020,fao_swarm
1290,36.8975,2.313333333,1,8,07-04-2020,11-04-2020,fao_swarm
1291,37.01666667,5.7,1,8,07-04-2020,12-04-2020,fao_swarm
1292,37,5.733333333,1,8,07-04-2020,12-04-2020,fao_swarm
1293,36.73333333,5.3,1,8,07-04-2020,12-04-2020,fao_swarm
1294,36.73333333,5.466666667,1,8,07-04-2020,12-04-2020,fao_swarm
1295,36.91666667,5.3,1,8,07-04-2020,12-04-2020,fao_swarm
1296,37.01666667,5.316666667,1,8,07-04-2020,12-04-2020,fao_swarm
1297,36.93333333,5.716666667,1,8,07-04-2020,12-04-2020,fao_swarm
1298,36.93333333,5.616666667,1,8,07-04-2020,12-04-2020,fao_swarm
1299,37.08333333,5.916666667,1,8,07-04-2020,12-04-2020,fao_swarm
1300,36.9,5.633333333,1,8,07-04-2020,10-04-2020,fao_swarm
1301,36.78333333,5.466666667,1,8,07-04-2020,10-04-2020,fao_swarm
1302,36.75,5.466666667,1,8,07-04-2020,10-04-2020,fao_swarm
1303,36.9,5.666666667,1,8,07-04-2020,10-04-2020,fao_swarm
1304,37.01666667,5.316666667,1,8,07-04-2020,10-04-2020,fao_swarm
1305,38.26666667,5.1,1,8,07-04-2020,10-04-2020,fao_swarm
1306,36.96666667,5.5,1,8,07-04-2020,07-04-2020,fao_swarm
1307,36.81666667,5.5,1,8,07-04-2020,07-04-2020,fao_swarm
1308,36.81666667,5.516666667,1,8,07-04-2020,07-04-2020,fao_swarm
1309,36.91666667,5.716666667,1,8,07-04-2020,09-04-2020,fao_swarm
1310,36.95,5.766666667,1,8,07-04-2020,09-04-2020,fao_swarm
1311,37.11666667,5.833333333,1,8,07-04-2020,09-04-2020,fao_swarm
1312,37.3,0.333333333,1,8,07-04-2020,09-04-2020,fao_swarm
1313,37.3,0.333611111,1,8,07-04-2020,09-04-2020,fao_swarm
1314,37.25,1.85,1,8,07-04-2020,09-04-2020,fao_swarm
1315,36.7,1.316666667,1,8,07-04-2020,09-04-2020,fao_swarm
1316,38.35338873,4.133176637,0,8,07-04-2020,,synthetic_background
1317,37.66114661,1.392886011,0,8,07-04-2020,,synthetic_background
1318,37.95144363,3.020813113,0,8,07-04-2020,,synthetic_background
1319,37.00796594,2.971834166,0,8,07-04-2020,,synthetic_background
1320,37.01608869,2.757837988,0,8,07-04-2020,,synthetic_background
1321,37.9744957,2.620012817,0,8,07-04-2020,,synthetic_background
1322,36.88896374,2.209214604,0,8,07-04-2020,,synthetic_background
1323,38.02844956,0.082124754,0,8,07-04-2020,,synthetic_background
1324,37.78357532,3.543871746,0,8,07-04-2020,,synthetic_background
1325,36.35294271,4.763918907,0,8,07-04-2020,,synthetic_background
1326,36.67196379,1.841197434,0,8,07-04-2020,,synthetic_background
1327,37.02829231,0.527331018,0,8,07-04-2020,,synthetic_background
1328,36.16788969,0.171417583,0,8,07-04-2020,,synthetic_background
1329,36.97422897,2.046259801,0,8,07-04-2020,,synthetic_background
1330,36.55948792,4.422579186,0,8,07-04-2020,,synthetic_background
1331,36.21796236,2.887972028,0,8,07-04-2020,,synthetic_background
1332,37.33458037,3.451100108,0,8,07-04-2020,,synthetic_background
1333,37.78785318,0.378591411,0,8,07-04-2020,,synthetic_background
1334,37.6275701,5.431842966,0,8,07-04-2020,,synthetic_background
1335,38.39259161,0.798783311,0,8,07-04-2020,,synthetic_background
1336,37.33727058,4.169138349,0,8,07-04-2020,,synthetic_background
1337,38.24145276,1.923328895,0,8,07-04-2020,,synthetic_background
1338,36.16942314,2.776136643,0,8,07-04-2020,,synthetic_background
1339,37.88644971,5.588953586,0,8,07-04-2020,,synthetic_background
1340,36.38577161,4.768054017,0,8,07-04-2020,,synthetic_background
1341,38.09154246,0.49146587,0,8,07-04-2020,,synthetic_background
1342,37.56970773,0.764123489,0,8,07-04-2020,,synthetic_background
1343,36.42566224,1.910639267,0,8,07-04-2020,,synthetic_background
1344,38.81051752,4.383253872,0,8,07-04-2020,,synthetic_background
1345,38.25446916,2.059320205,0,8,07-04-2020,,synthetic_background
1346,36.78183154,1.675530669,0,8,07-04-2020,,synthetic_background
1347,37.88161635,0.532754949,0,8,07-04-2020,,synthetic_background
1348,38.51907519,3.146529323,0,8,07-04-2020,,synthetic_background
1349,38.13732291,3.767564249,0,8,07-04-2020,,synthetic_background
1350,37.91230325,1.102140961,0,8,07-04-2020,,synthetic_background
1351,36.33751857,4.832854074,0,8,07-04-2020,,synthetic_background
1352,36.12871862,1.152292384,0,8,07-04-2020,,synthetic_background
1353,37.98031317,3.376467705,0,8,07-04-2020,,synthetic_background
1354,36.6740533,1.581646026,0,8,07-04-2020,,synthetic_background
1355,38.64321509,2.818973428,0,8,07-04-2020,,synthetic_background
1356,36.80563831,2.845980948,0,8,07-04-2020,,synthetic_background
1357,37.47924586,1.198710955,0,8,07-04-2020,,synthetic_background
1358,36.74891634,3.736518762,0,8,07-04-2020,,synthetic_background
1359,38.25344246,0.565758381,0,8,07-04-2020,,synthetic_background
1360,37.17802308,4.731486275,0,8,07-04-2020,,synthetic_background
1361,36.61659849,0.404268291,0,8,07-04-2020,,synthetic_background
1362,37.1576967,0.742778777,0,8,07-04-2020,,synthetic_background
1363,36.00232254,3.268704569,0,8,07-04-2020,,synthetic_background
1364,36.21281409,2.233347689,0,8,07-04-2020,,synthetic_background
1365,38.81926501,1.409854143,0,8,07-04-2020,,synthetic_background
1366,36.01212441,5.102453395,0,8,07-04-2020,,synthetic_background
1367,36.58537277,4.435271724,0,8,07-04-2020,,synthetic_background
1368,36.72588169,2.181083383,0,8,07-04-2020,,synthetic_background
1369,37.3035863,3.879440182,0,8,07-04-2020,,synthetic_background
1370,36.51551997,4.421780484,0,8,07-04-2020,,synthetic_background
1371,38.05180129,3.297611602,0,8,07-04-2020,,synthetic_background
1372,36.42197184,2.238929141,0,8,07-04-2020,,synthetic_background
1373,37.25550662,2.375237043,0,8,07-04-2020,,synthetic_background
1374,38.96701034,3.116248672,0,8,07-04-2020,,synthetic_background
1375,36.33528421,2.663556932,0,8,07-04-2020,,synthetic_background
1376,37.59538761,2.188221467,0,8,07-04-2020,,synthetic_background
1377,36.82341981,3.804086749,0,8,07-04-2020,,synthetic_background
1378,36.42664236,2.222414281,0,8,07-04-2020,,synthetic_background
1379,36.22427028,4.24480473,0,8,07-04-2020,,synthetic_background
1380,36.58254995,1.215454397,0,8,07-04-2020,,synthetic_background
1381,38.74468516,2.767600015,0,8,07-04-2020,,synthetic_background
1382,36.68139827,5.040313057,0,8,07-04-2020,,synthetic_background
1383,37.94780597,5.848414322,0,8,07-04-2020,,synthetic_background
1384,36.52428854,2.525027365,0,8,07-04-2020,,synthetic_background
1385,38.86035731,3.445036805,0,8,07-04-2020,,synthetic_background
1386,38.5403389,5.06843624,0,8,07-04-2020,,synthetic_background
1387,38.7225682,3.742802098,0,8,07-04-2020,,synthetic_background
1388,38.17659126,1.165548332,0,8,07-04-2020,,synthetic_background
1389,38.84543669,0.457960912,0,8,07-04-2020,,synthetic_background
1390,36.40645242,2.096174002,0,8,07-04-2020,,synthetic_background
1391,38.09205692,1.708100301,0,8,07-04-2020,,synthetic_background
1392,36.26319774,1.463550347,0,8,07-04-2020,,synthetic_background
1393,38.62921571,2.389333948,0,8,07-04-2020,,synthetic_background
1394,38.75974146,2.227940437,0,8,07-04-2020,,synthetic_background
1395,37.60101615,3.846580953,0,8,07-04-2020,,synthetic_background
1396,37.60537021,1.366507869,0,8,07-04-2020,,synthetic_background
1397,37.23252002,5.340807013,0,8,07-04-2020,,synthetic_background
1398,36.14213785,5.125506745,0,8,07-04-2020,,synthetic_background
1399,38.67725862,3.07649068,0,8,07-04-2020,,synthetic_background
1400,37.33774292,5.218071211,0,8,07-04-2020,,synthetic_background
1401,38.24608419,0.907356155,0,8,07-04-2020,,synthetic_background
1402,38.62440287,0.032620179,0,8,07-04-2020,,synthetic_background
1403,37.83353489,0.830853917,0,8,07-04-2020,,synthetic_background
1404,38.54912929,2.37113716,0,8,07-04-2020,,synthetic_background
1405,37.55935048,4.799738957,0,8,07-04-2020,,synthetic_background
1406,37.21357294,3.253254127,0,8,07-04-2020,,synthetic_background
1407,37.84000026,1.87063994,0,8,07-04-2020,,synthetic_background
1408,36.75050599,5.000167409,0,8,07-04-2020,,synthetic_background
1409,38.43694602,1.814962839,0,8,07-04-2020,,synthetic_background
1410,36.77721987,3.664398141,0,8,07-04-2020,,synthetic_background
1411,38.18881115,0.153226606,0,8,07-04-2020,,synthetic_background
1412,37.32684272,0.728043496,0,8,07-04-2020,,synthetic_background
1413,36.80091699,4.636807593,0,8,07-04-2020,,synthetic_background
1414,38.34127856,0.118592031,0,8,07-04-2020,,synthetic_background
1415,37.90989866,3.59968389,0,8,07-04-2020,,synthetic_background
1416,38.22944083,1.691859869,0,8,07-04-2020,,synthetic_background
1417,37.28536449,3.145048382,0,8,07-04-2020,,synthetic_background
1418,37.12952881,0.697744317,0,8,07-04-2020,,synthetic_background
1419,38.01605807,3.33958024,0,8,07-04-2020,,synthetic_background
1420,38.16090466,2.900666226,0,8,07-04-2020,,synthetic_background
1421,38.47698948,0.288971339,0,8,07-04-2020,,synthetic_background
1422,38.58906039,2.530623547,0,8,07-04-2020,,synthetic_background
1423,37.34780225,2.568070304,0,8,07-04-2020,,synthetic_background
1424,38.03487345,2.007913359,0,8,07-04-2020,,synthetic_background
1425,36.95419699,3.989605679,0,8,07-04-2020,,synthetic_background
1426,38.57333752,2.387698237,0,8,07-04-2020,,synthetic_background
1427,37.84516325,1.48562461,0,8,07-04-2020,,synthetic_background
1428,38.34479242,5.045054884,0,8,07-04-2020,,synthetic_background
1429,37.11973318,2.869042887,0,8,07-04-2020,,synthetic_background
1430,38.9744133,1.739134396,0,8,07-04-2020,,synthetic_background
1431,38.21823204,0.226413045,0,8,07-04-2020,,synthetic_background
1432,38.43323233,3.193122525,0,8,07-04-2020,,synthetic_background
1433,36.1182565,3.142199834,0,8,07-04-2020,,synthetic_background
1434,36.13678468,0.86841643,0,8,07-04-2020,,synthetic_background
1435,37.53809523,4.752046754,0,8,07-04-2020,,synthetic_background
1436,37.49766302,4.280085546,0,8,07-04-2020,,synthetic_background
1437,37.30486004,5.225220183,0,8,07-04-2020,,synthetic_background
1438,37.74461034,4.144410754,0,8,07-04-2020,,synthetic_background
1439,38.26288174,2.425355209,0,8,07-04-2020,,synthetic_background
1440,38.77971717,2.30782291,0,8,07-04-2020,,synthetic_background
1441,37.07553483,5.231244738,0,8,07-04-2020,,synthetic_background
1442,37.88089781,0.569427775,0,8,07-04-2020,,synthetic_background
1443,36.61918241,4.101271671,0,8,07-04-2020,,synthetic_background
1444,37.16474881,2.436436609,0,8,07-04-2020,,synthetic_background
1445,38.76729705,4.87628352,0,8,07-04-2020,,synthetic_background
1446,36.61569178,0.670328417,0,8,07-04-2020,,synthetic_background
1447,36.19710399,2.800416601,0,8,07-04-2020,,synthetic_background
1448,38.96412244,3.509571403,0,8,07-04-2020,,synthetic_background
1449,38.76069517,4.310225293,0,8,07-04-2020,,synthetic_background
1450,37.01927324,3.75703847,0,8,07-04-2020,,synthetic_background
1451,36.99896477,1.283291564,0,8,07-04-2020,,synthetic_background
1452,38.00286935,2.799259361,0,8,07-04-2020,,synthetic_background
1453,37.82926183,0.677711105,0,8,07-04-2020,,synthetic_background
1454,38.02851473,2.77656123,0,8,07-04-2020,,synthetic_background
1455,37.85197669,0.656656767,0,8,07-04-2020,,synthetic_background
1456,37.54922775,4.126235256,0,8,07-04-2020,,synthetic_background
1457,38.18345674,3.470768541,0,8,07-04-2020,,synthetic_background
1458,38.39644389,4.323449002,0,8,07-04-2020,,synthetic_background
1459,37.43922595,2.670440015,0,8,07-04-2020,,synthetic_background
1460,36.80539174,0.593745541,0,8,07-04-2020,,synthetic_background
1461,37.13182744,2.149882756,0,8,07-04-2020,,synthetic_background
1462,38.31342605,3.246914633,0,8,07-04-2020,,synthetic_background
1463,38.38235135,1.251150638,0,8,07-04-2020,,synthetic_background
1464,37.18296408,3.238850965,0,8,07-04-2020,,synthetic_background
1465,36.62189641,3.276490486,0,8,07-04-2020,,synthetic_background
1466,36.75284332,5.084096505,0,8,07-04-2020,,synthetic_background
1467,38.88559142,2.779186682,0,8,07-04-2020,,synthetic_background
1468,36.07344554,2.719312841,0,8,07-04-2020,,synthetic_background
1469,38.3849314,0.369049694,0,8,07-04-2020,,synthetic_background
1470,36.12414869,0.369846416,0,8,07-04-2020,,synthetic_background
1471,37.96928548,2.742476562,0,8,07-04-2020,,synthetic_background
1472,37.32526125,3.077136894,0,8,07-04-2020,,synthetic_background
1473,38.86964633,3.135107979,0,8,07-04-2020,,synthetic_background
1474,37.35851536,3.548102274,0,8,07-04-2020,,synthetic_background
1475,36.98756553,2.903425762,0,8,07-04-2020,,synthetic_background
1476,38.73038626,3.192386843,0,8,07-04-2020,,synthetic_background
1477,38.26179915,0.462698709,0,8,07-04-2020,,synthetic_background
1478,37.76126646,1.472741313,0,8,07-04-2020,,synthetic_background
1479,37.42928,3.236772273,0,8,07-04-2020,,synthetic_background
1480,36.6383699,3.813040307,0,8,07-04-2020,,synthetic_background
1481,36.35650052,5.05483598,0,8,07-04-2020,,synthetic_background
1482,36.78779862,2.053360232,0,8,07-04-2020,,synthetic_background
1483,37.52053227,1.630264303,0,8,07-04-2020,,synthetic_background
1484,38.49757039,4.032621873,0,8,07-04-2020,,synthetic_background
1485,37.15307234,3.614593135,0,8,07-04-2020,,synthetic_background
1486,38.00915353,3.008070627,0,8,07-04-2020,,synthetic_background
1487,38.21080309,3.494613992,0,8,07-04-2020,,synthetic_background
1488,36.82095711,1.948715534,0,8,07-04-2020,,synthetic_background
1489,37.43162046,1.451825363,0,8,07-04-2020,,synthetic_background
1490,37.00181182,0.511225703,0,8,07-04-2020,,synthetic_background
1491,36.54497192,0.127644336,0,8,07-04-2020,,synthetic_background
1492,37.24948984,1.952647845,0,8,07-04-2020,,synthetic_background
1493,37.65940786,3.409233293,0,8,07-04-2020,,synthetic_background
1494,38.55638153,1.908030955,0,8,07-04-2020,,synthetic_background
1495,38.223572,2.645979712,0,8,07-04-2020,,synthetic_background
1496,38.75070646,1.249378116,0,8,07-04-2020,,synthetic_background
1497,37.60305282,4.185659306,0,8,07-04-2020,,synthetic_background
1498,36.73968651,3.3414519,0,8,07-04-2020,,synthetic_background
1499,38.91308119,4.433029105,0,8,07-04-2020,,synthetic_background
1500,37.08377429,5.351242135,0,8,07-04-2020,,synthetic_background
1501,36.33721277,2.329074705,0,8,07-04-2020,,synthetic_background
1502,37.47583542,4.751293655,0,8,07-04-2020,,synthetic_background
1503,36.51160773,3.30198876,0,8,07-04-2020,,synthetic_background
1504,36.83830623,4.919567982,0,8,07-04-2020,,synthetic_background
1505,37.80854108,1.378821425,0,8,07-04-2020,,synthetic_background
1506,38.23834253,5.105299489,0,8,07-04-2020,,synthetic_background
1507,38.27522408,3.943438907,0,8,07-04-2020,,synthetic_background
1508,36.47497961,1.75082645,0,8,07-04-2020,,synthetic_background
1509,38.28533815,1.283657081,0,8,07-04-2020,,synthetic_background
1510,37.58839142,4.080871399,0,8,07-04-2020,,synthetic_background
1511,37.10498325,3.06213478,0,8,07-04-2020,,synthetic_background
1512,37.50802617,3.915889247,0,8,07-04-2020,,synthetic_background
1513,37.49772377,3.997861694,0,8,07-04-2020,,synthetic_background
1514,38.11091929,2.748754994,0,8,07-04-2020,,synthetic_background
1515,37.47886742,2.608211015,0,8,07-04-2020,,synthetic_background
1516,38.66283117,5.111688465,0,8,07-04-2020,,synthetic_background
1517,38.14263178,4.876478391,0,8,07-04-2020,,synthetic_background
1518,36.09370834,2.211947505,0,8,07-04-2020,,synthetic_background
1519,37.0884672,2.176632479,0,8,07-04-2020,,synthetic_background
1520,36.9778905,2.255419938,0,8,07-04-2020,,synthetic_background
1521,37.52845352,3.519283297,0,8,07-04-2020,,synthetic_background
1522,36.70484163,3.719067228,0,8,07-04-2020,,synthetic_background
1523,37.36226465,0.836458097,0,8,07-04-2020,,synthetic_background
1524,37.17661894,1.921230039,0,8,07-04-2020,,synthetic_background
1525,36.2398331,3.863681602,0,8,07-04-2020,,synthetic_background
1526,38.32510073,1.061722023,0,8,07-04-2020,,synthetic_background
1527,36.33146243,4.520429541,0,8,07-04-2020,,synthetic_background
1528,36.65112843,3.874774183,0,8,07-04-2020,,synthetic_background
1529,37.70058496,5.404032676,0,8,07-04-2020,,synthetic_background
1530,37.20598083,3.730704589,0,8,07-04-2020,,synthetic_background
1531,38.10051367,3.475308899,0,8,07-04-2020,,synthetic_background
1532,38.1913196,4.200880508,0,8,07-04-2020,,synthetic_background
1533,38.68219117,4.658108624,0,8,07-04-2020,,synthetic_background
1534,37.62972091,2.966448326,0,8,07-04-2020,,synthetic_background
1535,36.28448919,2.334818992,0,8,07-04-2020,,synthetic_background
1536,36.12442887,1.057198293,0,8,07-04-2020,,synthetic_background
1537,37.75473197,1.807698543,0,8,07-04-2020,,synthetic_background
1538,36.95859925,2.840047379,0,8,07-04-2020,,synthetic_background
1539,37.35535205,1.669471878,0,8,07-04-2020,,synthetic_background
1540,36.32972222,1.107777778,1,9,14-04-2020,16-04-2020,fao_hopper
1541,37.23333333,1.6,1,9,14-04-2020,20-04-2020,fao_hopper
1542,37.1,1.25,1,9,14-04-2020,20-04-2020,fao_hopper
1543,37.25,1.583333333,1,9,14-04-2020,20-04-2020,fao_hopper
1544,37.01666667,5.3,1,9,14-04-2020,14-04-2020,fao_band
1545,37.1,5.316666667,1,9,14-04-2020,14-04-2020,fao_band
1546,36.91666667,5.616666667,1,9,14-04-2020,15-04-2020,fao_band
1547,37.1,5.15,1,9,14-04-2020,17-04-2020,fao_band
1548,36.86027778,1.335555556,1,9,14-04-2020,15-04-2020,fao_adult
1549,37.0575,5.345,1,9,14-04-2020,16-04-2020,fao_adult
1550,37.15,0.233333333,1,9,14-04-2020,15-04-2020,fao_swarm
1551,37.05,0.116666667,1,9,14-04-2020,15-04-2020,fao_swarm
1552,36.92305556,2.24,1,9,14-04-2020,14-04-2020,fao_swarm
1553,36.84138889,2.487222222,1,9,14-04-2020,14-04-2020,fao_swarm
1554,37.02222222,0.870555556,1,9,14-04-2020,14-04-2020,fao_swarm
1555,37.005,0.866666667,1,9,14-04-2020,14-04-2020,fao_swarm
1556,37.55527778,0.774166667,1,9,14-04-2020,14-04-2020,fao_swarm
1557,36.85083333,2.3025,1,9,14-04-2020,14-04-2020,fao_swarm
1558,37.31722222,0.978888889,1,9,14-04-2020,14-04-2020,fao_swarm
1559,37.31833333,0.979166667,1,9,14-04-2020,14-04-2020,fao_swarm
1560,36.83194444,2.491666667,1,9,14-04-2020,14-04-2020,fao_swarm
1561,37.27833333,0.359166667,1,9,14-04-2020,14-04-2020,fao_swarm
1562,36.86027778,1.335555556,1,9,14-04-2020,14-04-2020,fao_swarm
1563,37.40083333,1.000555556,1,9,14-04-2020,15-04-2020,fao_swarm
1564,36.98416667,0.851388889,1,9,14-04-2020,15-04-2020,fao_swarm
1565,37.39777778,1.003611111,1,9,14-04-2020,15-04-2020,fao_swarm
1566,36.89527778,2.313888889,1,9,14-04-2020,15-04-2020,fao_swarm
1567,36.92555556,2.241388889,1,9,14-04-2020,15-04-2020,fao_swarm
1568,36.82611111,2.495,1,9,14-04-2020,15-04-2020,fao_swarm
1569,37.48194444,0.496666667,1,9,14-04-2020,15-04-2020,fao_swarm
1570,37.20166667,0.430277778,1,9,14-04-2020,15-04-2020,fao_swarm
1571,36.83944444,0.556388889,1,9,14-04-2020,15-04-2020,fao_swarm
1572,36.83222222,2.486111111,1,9,14-04-2020,15-04-2020,fao_swarm
1573,37.005,0.866666667,1,9,14-04-2020,15-04-2020,fao_swarm
1574,36.66666667,0.6,1,9,14-04-2020,14-04-2020,fao_swarm
1575,36.63333333,1.266666667,1,9,14-04-2020,14-04-2020,fao_swarm
1576,37.48333333,0.516666667,1,9,14-04-2020,14-04-2020,fao_swarm
1577,37.58333333,0.933333333,1,9,14-04-2020,14-04-2020,fao_swarm
1578,37.58777778,0.360555556,1,9,14-04-2020,15-04-2020,fao_swarm
1579,37.26666667,5.65,1,9,14-04-2020,15-04-2020,fao_swarm
1580,37,5.333333333,1,9,14-04-2020,15-04-2020,fao_swarm
1581,36.78333333,5.65,1,9,14-04-2020,15-04-2020,fao_swarm
1582,36.91666667,5.283333333,1,9,14-04-2020,15-04-2020,fao_swarm
1583,36.93333333,5.416666667,1,9,14-04-2020,15-04-2020,fao_swarm
1584,37.13333333,5.85,1,9,14-04-2020,15-04-2020,fao_swarm
1585,37.01666667,5.583333333,1,9,14-04-2020,16-04-2020,fao_swarm
1586,37.13333333,5.083333333,1,9,14-04-2020,16-04-2020,fao_swarm
1587,36.9,5.616666667,1,9,14-04-2020,16-04-2020,fao_swarm
1588,36.86666667,5.766666667,1,9,14-04-2020,16-04-2020,fao_swarm
1589,36.78333333,5.466666667,1,9,14-04-2020,16-04-2020,fao_swarm
1590,36.76666667,5.433333333,1,9,14-04-2020,16-04-2020,fao_swarm
1591,36.91666667,5.283333333,1,9,14-04-2020,16-04-2020,fao_swarm
1592,37.01666667,5.316666667,1,9,14-04-2020,16-04-2020,fao_swarm
1593,37.26666667,5.133333333,1,9,14-04-2020,16-04-2020,fao_swarm
1594,37.3,5.133333333,1,9,14-04-2020,16-04-2020,fao_swarm
1595,37.05,5.116666667,1,9,14-04-2020,16-04-2020,fao_swarm
1596,37.05,5.583333333,1,9,14-04-2020,16-04-2020,fao_swarm
1597,36.85,5.616666667,1,9,14-04-2020,16-04-2020,fao_swarm
1598,36.75,5.466666667,1,9,14-04-2020,16-04-2020,fao_swarm
1599,37.41666667,5.833333333,1,9,14-04-2020,17-04-2020,fao_swarm
1600,36.88333333,5.566666667,1,9,14-04-2020,17-04-2020,fao_swarm
1601,36.88333333,5.25,1,9,14-04-2020,17-04-2020,fao_swarm
1602,36.53333333,5.8,1,9,14-04-2020,17-04-2020,fao_swarm
1603,37.01666667,5.75,1,9,14-04-2020,17-04-2020,fao_swarm
1604,37.26666667,5.65,1,9,14-04-2020,17-04-2020,fao_swarm
1605,36.76666667,5.466666667,1,9,14-04-2020,17-04-2020,fao_swarm
1606,37.96666667,5.683333333,1,9,14-04-2020,18-04-2020,fao_swarm
1607,36.91666667,5.666666667,1,9,14-04-2020,18-04-2020,fao_swarm
1608,36.88333333,5.616666667,1,9,14-04-2020,18-04-2020,fao_swarm
1609,36.65,0.433333333,1,9,14-04-2020,16-04-2020,fao_swarm
1610,36.58333333,0.683333333,1,9,14-04-2020,16-04-2020,fao_swarm
1611,36.6,0.716666667,1,9,14-04-2020,16-04-2020,fao_swarm
1612,36.96666667,0.633333333,1,9,14-04-2020,17-04-2020,fao_swarm
1613,37.01666667,0.583333333,1,9,14-04-2020,17-04-2020,fao_swarm
1614,37.01666667,0.45,1,9,14-04-2020,17-04-2020,fao_swarm
1615,37.31666667,0.416666667,1,9,14-04-2020,17-04-2020,fao_swarm
1616,37.28333333,0.45,1,9,14-04-2020,17-04-2020,fao_swarm
1617,37.51666667,0.433333333,1,9,14-04-2020,17-04-2020,fao_swarm
1618,37.5,0.416666667,1,9,14-04-2020,17-04-2020,fao_swarm
1619,36.63333333,1.116666667,1,9,14-04-2020,17-04-2020,fao_swarm
1620,36.56666667,0.883333333,1,9,14-04-2020,17-04-2020,fao_swarm
1621,36.71666667,2.75,1,9,14-04-2020,17-04-2020,fao_swarm
1622,36.61666667,1.283333333,1,9,14-04-2020,17-04-2020,fao_swarm
1623,36.68333333,1.05,1,9,14-04-2020,17-04-2020,fao_swarm
1624,36.58333333,0.7,1,9,14-04-2020,18-04-2020,fao_swarm
1625,37.16666667,0.383333333,1,9,14-04-2020,18-04-2020,fao_swarm
1626,37.35,0.35,1,9,14-04-2020,18-04-2020,fao_swarm
1627,37.005,0.865277778,1,9,14-04-2020,16-04-2020,fao_swarm
1628,37.31444444,0.976111111,1,9,14-04-2020,16-04-2020,fao_swarm
1629,36.82555556,2.489166667,1,9,14-04-2020,16-04-2020,fao_swarm
1630,36.90833333,2.243333333,1,9,14-04-2020,16-04-2020,fao_swarm
1631,37.31138889,0.980555556,1,9,14-04-2020,16-04-2020,fao_swarm
1632,36.89527778,2.313888889,1,9,14-04-2020,16-04-2020,fao_swarm
1633,36.65361111,1.050833333,1,9,14-04-2020,16-04-2020,fao_swarm
1634,36.71111111,0.902777778,1,9,14-04-2020,16-04-2020,fao_swarm
1635,36.47361111,0.855833333,1,9,14-04-2020,16-04-2020,fao_swarm
1636,36.84138889,2.487222222,1,9,14-04-2020,16-04-2020,fao_swarm
1637,37.00277778,0.871944444,1,9,14-04-2020,16-04-2020,fao_swarm
1638,36.71861111,0.837222222,1,9,14-04-2020,16-04-2020,fao_swarm
1639,36.84277778,2.489444444,1,9,14-04-2020,16-04-2020,fao_swarm
1640,36.83055556,2.283611111,1,9,14-04-2020,17-04-2020,fao_swarm
1641,36.82555556,2.486944444,1,9,14-04-2020,18-04-2020,fao_swarm
1642,38.07888889,2.327222222,1,9,14-04-2020,18-04-2020,fao_swarm
1643,36.57111111,0.855277778,1,9,14-04-2020,18-04-2020,fao_swarm
1644,36.55833333,0.712777778,1,9,14-04-2020,18-04-2020,fao_swarm
1645,36.76361111,0.946666667,1,9,14-04-2020,16-04-2020,fao_swarm
1646,36.645,5.668611111,1,9,14-04-2020,18-04-2020,fao_swarm
1647,36.74944444,5.490277778,1,9,14-04-2020,18-04-2020,fao_swarm
1648,36.74583333,5.4975,1,9,14-04-2020,18-04-2020,fao_swarm
1649,36.96055556,5.407222222,1,9,14-04-2020,18-04-2020,fao_swarm
1650,37.15,5.666666667,1,9,14-04-2020,20-04-2020,fao_swarm
1651,36.65,1.283333333,1,9,14-04-2020,19-04-2020,fao_swarm
1652,36.61666667,1.183333333,1,9,14-04-2020,19-04-2020,fao_swarm
1653,36.51666667,2.183333333,1,9,14-04-2020,19-04-2020,fao_swarm
1654,36.56666667,1.866666667,1,9,14-04-2020,19-04-2020,fao_swarm
1655,36.56666667,0.666666667,1,9,14-04-2020,20-04-2020,fao_swarm
1656,36.96666667,0.833333333,1,9,14-04-2020,20-04-2020,fao_swarm
1657,37.4,3.55,1,9,14-04-2020,20-04-2020,fao_swarm
1658,37.16666667,0.2,1,9,14-04-2020,20-04-2020,fao_swarm
1659,36.93333333,1.783333333,1,9,14-04-2020,20-04-2020,fao_swarm
1660,36.55,0.733333333,1,9,14-04-2020,20-04-2020,fao_swarm
1661,36.55,0.716666667,1,9,14-04-2020,20-04-2020,fao_swarm
1662,36.98277778,0.621666667,1,9,14-04-2020,19-04-2020,fao_swarm
1663,37.23333333,1.383333333,1,9,14-04-2020,19-04-2020,fao_swarm
1664,36.80805556,5.344444444,1,9,14-04-2020,14-04-2020,fao_swarm
1665,37.00666667,5.3575,1,9,14-04-2020,14-04-2020,fao_swarm
1666,36.82694444,5.368333333,1,9,14-04-2020,14-04-2020,fao_swarm
1667,36.75222222,5.481666667,1,9,14-04-2020,15-04-2020,fao_swarm
1668,38.36385578,4.869038898,0,9,14-04-2020,,synthetic_background
1669,38.42208009,2.928721847,0,9,14-04-2020,,synthetic_background
1670,36.9082528,3.990282839,0,9,14-04-2020,,synthetic_background
1671,36.74254104,0.171313214,0,9,14-04-2020,,synthetic_background
1672,38.22555648,4.075832149,0,9,14-04-2020,,synthetic_background
1673,36.60013421,2.312065748,0,9,14-04-2020,,synthetic_background
1674,36.10421611,2.910976209,0,9,14-04-2020,,synthetic_background
1675,38.08829257,3.515925253,0,9,14-04-2020,,synthetic_background
1676,38.02914638,1.051156109,0,9,14-04-2020,,synthetic_background
1677,38.03586514,1.426447226,0,9,14-04-2020,,synthetic_background
1678,36.81531401,0.426857366,0,9,14-04-2020,,synthetic_background
1679,37.60196767,4.438442172,0,9,14-04-2020,,synthetic_background
1680,38.6667594,1.534276703,0,9,14-04-2020,,synthetic_background
1681,38.31039446,1.643170607,0,9,14-04-2020,,synthetic_background
1682,38.96922492,0.781470311,0,9,14-04-2020,,synthetic_background
1683,36.51251964,1.789427391,0,9,14-04-2020,,synthetic_background
1684,38.56122152,1.258592366,0,9,14-04-2020,,synthetic_background
1685,37.6735547,4.306965293,0,9,14-04-2020,,synthetic_background
1686,38.81830713,1.944559159,0,9,14-04-2020,,synthetic_background
1687,37.92800012,5.078196494,0,9,14-04-2020,,synthetic_background
1688,38.95029776,1.912169335,0,9,14-04-2020,,synthetic_background
1689,37.91115106,1.480898704,0,9,14-04-2020,,synthetic_background
1690,38.72156769,1.779603678,0,9,14-04-2020,,synthetic_background
1691,37.24206876,2.118510376,0,9,14-04-2020,,synthetic_background
1692,37.60484837,2.562043277,0,9,14-04-2020,,synthetic_background
1693,38.63172449,0.365448956,0,9,14-04-2020,,synthetic_background
1694,36.86245385,5.451933464,0,9,14-04-2020,,synthetic_background
1695,36.88382248,1.828512306,0,9,14-04-2020,,synthetic_background
1696,36.94229482,3.29535661,0,9,14-04-2020,,synthetic_background
1697,36.77495064,5.324518185,0,9,14-04-2020,,synthetic_background
1698,38.37278502,2.891853831,0,9,14-04-2020,,synthetic_background
1699,38.89711238,2.344916722,0,9,14-04-2020,,synthetic_background
1700,37.34718079,3.13752328,0,9,14-04-2020,,synthetic_background
1701,36.79842203,4.200856604,0,9,14-04-2020,,synthetic_background
1702,38.53275685,4.363345892,0,9,14-04-2020,,synthetic_background
1703,37.39959972,1.718692228,0,9,14-04-2020,,synthetic_background
1704,37.5341017,0.904212026,0,9,14-04-2020,,synthetic_background
1705,38.19229077,4.952196963,0,9,14-04-2020,,synthetic_background
1706,36.74299777,3.568746648,0,9,14-04-2020,,synthetic_background
1707,38.91859097,0.072967393,0,9,14-04-2020,,synthetic_background
1708,38.31795171,2.959012743,0,9,14-04-2020,,synthetic_background
1709,37.18701199,3.889533269,0,9,14-04-2020,,synthetic_background
1710,38.5018508,2.294570328,0,9,14-04-2020,,synthetic_background
1711,36.30091673,3.549031949,0,9,14-04-2020,,synthetic_background
1712,37.70067676,5.399901275,0,9,14-04-2020,,synthetic_background
1713,36.4248057,2.651960353,0,9,14-04-2020,,synthetic_background
1714,38.21593672,1.091355214,0,9,14-04-2020,,synthetic_background
1715,38.16953089,5.122309891,0,9,14-04-2020,,synthetic_background
1716,37.5856965,1.651676579,0,9,14-04-2020,,synthetic_background
1717,36.91937197,4.151288274,0,9,14-04-2020,,synthetic_background
1718,37.4920372,0.820367063,0,9,14-04-2020,,synthetic_background
1719,38.73012226,0.452429412,0,9,14-04-2020,,synthetic_background
1720,37.26788958,1.951810565,0,9,14-04-2020,,synthetic_background
1721,38.19842376,1.830005389,0,9,14-04-2020,,synthetic_background
1722,38.95488394,3.981311707,0,9,14-04-2020,,synthetic_background
1723,37.71001174,3.661888407,0,9,14-04-2020,,synthetic_background
1724,37.34319834,4.193005715,0,9,14-04-2020,,synthetic_background
1725,38.78250012,0.171253262,0,9,14-04-2020,,synthetic_background
1726,37.15910816,2.487830827,0,9,14-04-2020,,synthetic_background
1727,37.0712702,3.170547068,0,9,14-04-2020,,synthetic_background
1728,37.4026115,5.766737242,0,9,14-04-2020,,synthetic_background
1729,37.33631116,2.940489397,0,9,14-04-2020,,synthetic_background
1730,36.15064885,0.875693088,0,9,14-04-2020,,synthetic_background
1731,38.88806197,4.602296271,0,9,14-04-2020,,synthetic_background
1732,38.02938698,0.729113866,0,9,14-04-2020,,synthetic_background
1733,37.63020464,2.502914377,0,9,14-04-2020,,synthetic_background
1734,38.17021996,0.912964215,0,9,14-04-2020,,synthetic_background
1735,37.33766735,3.556620237,0,9,14-04-2020,,synthetic_background
1736,37.57254459,4.212023166,0,9,14-04-2020,,synthetic_background
1737,37.99605265,5.104079807,0,9,14-04-2020,,synthetic_background
1738,36.60633937,0.266480917,0,9,14-04-2020,,synthetic_background
1739,36.20236653,2.023316751,0,9,14-04-2020,,synthetic_background
1740,38.55277226,4.734101907,0,9,14-04-2020,,synthetic_background
1741,36.29551119,3.621547259,0,9,14-04-2020,,synthetic_background
1742,37.5631721,1.589717931,0,9,14-04-2020,,synthetic_background
1743,38.9762329,1.992145609,0,9,14-04-2020,,synthetic_background
1744,37.42454853,2.595717748,0,9,14-04-2020,,synthetic_background
1745,38.61895339,3.009579389,0,9,14-04-2020,,synthetic_background
1746,37.23755676,3.495316628,0,9,14-04-2020,,synthetic_background
1747,37.375919,4.379923299,0,9,14-04-2020,,synthetic_background
1748,36.17281463,5.356036532,0,9,14-04-2020,,synthetic_background
1749,38.00549879,3.361595923,0,9,14-04-2020,,synthetic_background
1750,36.93164447,4.321684481,0,9,14-04-2020,,synthetic_background
1751,38.71130584,3.292901724,0,9,14-04-2020,,synthetic_background
1752,38.50071435,2.235820109,0,9,14-04-2020,,synthetic_background
1753,36.87058313,2.966915529,0,9,14-04-2020,,synthetic_background
1754,36.99409435,4.239812021,0,9,14-04-2020,,synthetic_background
1755,38.71931082,3.128491098,0,9,14-04-2020,,synthetic_background
1756,36.24478402,4.757855057,0,9,14-04-2020,,synthetic_background
1757,37.85570169,0.92757423,0,9,14-04-2020,,synthetic_background
1758,37.94828462,3.726402382,0,9,14-04-2020,,synthetic_background
1759,36.50399163,4.876557592,0,9,14-04-2020,,synthetic_background
1760,36.61419055,1.402811118,0,9,14-04-2020,,synthetic_background
1761,38.0205572,0.829418587,0,9,14-04-2020,,synthetic_background
1762,38.91768992,0.577914468,0,9,14-04-2020,,synthetic_background
1763,36.09539354,0.210735669,0,9,14-04-2020,,synthetic_background
1764,36.35953166,1.650561527,0,9,14-04-2020,,synthetic_background
1765,38.36784187,1.801559547,0,9,14-04-2020,,synthetic_background
1766,37.29591404,4.617441742,0,9,14-04-2020,,synthetic_background
1767,36.03432915,4.783254168,0,9,14-04-2020,,synthetic_background
1768,37.93212003,1.163428483,0,9,14-04-2020,,synthetic_background
1769,37.58946936,1.824279995,0,9,14-04-2020,,synthetic_background
1770,37.52381409,0.692451077,0,9,14-04-2020,,synthetic_background
1771,38.55302096,1.850270068,0,9,14-04-2020,,synthetic_background
1772,38.99139679,1.260117954,0,9,14-04-2020,,synthetic_background
1773,37.74732197,4.328579582,0,9,14-04-2020,,synthetic_background
1774,38.95560245,1.096439025,0,9,14-04-2020,,synthetic_background
1775,38.49541145,1.178056213,0,9,14-04-2020,,synthetic_background
1776,37.6830524,1.653215021,0,9,14-04-2020,,synthetic_background
1777,36.35238131,1.892751389,0,9,14-04-2020,,synthetic_background
1778,38.73192939,2.242642484,0,9,14-04-2020,,synthetic_background
1779,38.80208967,0.312373833,0,9,14-04-2020,,synthetic_background
1780,37.27540901,2.228909158,0,9,14-04-2020,,synthetic_background
1781,36.63212309,3.614725725,0,9,14-04-2020,,synthetic_background
1782,37.21364678,3.208479586,0,9,14-04-2020,,synthetic_background
1783,38.22940782,1.375084973,0,9,14-04-2020,,synthetic_background
1784,38.95509115,1.753918509,0,9,14-04-2020,,synthetic_background
1785,37.8147229,2.51826484,0,9,14-04-2020,,synthetic_background
1786,37.02539102,0.673032639,0,9,14-04-2020,,synthetic_background
1787,37.5426428,4.169654652,0,9,14-04-2020,,synthetic_background
1788,37.69613806,2.917652757,0,9,14-04-2020,,synthetic_background
1789,36.29321043,5.940997802,0,9,14-04-2020,,synthetic_background
1790,38.33867727,3.13447937,0,9,14-04-2020,,synthetic_background
1791,37.3717733,2.90002096,0,9,14-04-2020,,synthetic_background
1792,38.3473882,3.690665285,0,9,14-04-2020,,synthetic_background
1793,38.15539205,3.451848382,0,9,14-04-2020,,synthetic_background
1794,37.31198069,0.951269971,0,9,14-04-2020,,synthetic_background
1795,38.09105216,3.918109407,0,9,14-04-2020,,synthetic_background
1796,38.72444444,4.556388889,1,10,21-04-2020,25-04-2020,fao_hopper
1797,38.72444444,4.556111111,1,10,21-04-2020,25-04-2020,fao_hopper
1798,38.13888889,4.884444444,1,10,21-04-2020,26-04-2020,fao_hopper
1799,38.72666667,4.559444444,1,10,21-04-2020,26-04-2020,fao_hopper
1800,37.58277778,0.348333333,1,10,21-04-2020,23-04-2020,fao_hopper
1801,37.23083333,1.958611111,1,10,21-04-2020,27-04-2020,fao_band
1802,37.54916667,0.452777778,1,10,21-04-2020,27-04-2020,fao_band
1803,37.1,5.15,1,10,21-04-2020,22-04-2020,fao_band
1804,38.65805556,4.496388889,1,10,21-04-2020,25-04-2020,fao_band
1805,37.53333333,0.4,1,10,21-04-2020,22-04-2020,fao_band
1806,37.28055556,1.884444444,1,10,21-04-2020,26-04-2020,fao_adult
1807,36.71805556,1.466666667,1,10,21-04-2020,25-04-2020,fao_adult
1808,37.08972222,1.504166667,1,10,21-04-2020,27-04-2020,fao_adult
1809,37.08527778,1.4925,1,10,21-04-2020,27-04-2020,fao_adult
1810,37.03305556,0.912777778,1,10,21-04-2020,27-04-2020,fao_adult
1811,36.35777778,0.039444444,1,10,21-04-2020,22-04-2020,fao_adult
1812,36.80694444,1.158611111,1,10,21-04-2020,22-04-2020,fao_adult
1813,37.05444444,0.672222222,1,10,21-04-2020,26-04-2020,fao_swarm
1814,37.14527778,1.036944444,1,10,21-04-2020,26-04-2020,fao_swarm
1815,37.14472222,1.038333333,1,10,21-04-2020,26-04-2020,fao_swarm
1816,37.28277778,1.894166667,1,10,21-04-2020,26-04-2020,fao_swarm
1817,37.06416667,0.668055556,1,10,21-04-2020,26-04-2020,fao_swarm
1818,37.14472222,1.038611111,1,10,21-04-2020,26-04-2020,fao_swarm
1819,37.13888889,1.048333333,1,10,21-04-2020,26-04-2020,fao_swarm
1820,37.13777778,1.048055556,1,10,21-04-2020,26-04-2020,fao_swarm
1821,37.075,2.629444444,1,10,21-04-2020,26-04-2020,fao_swarm
1822,37.23944444,0.604444444,1,10,21-04-2020,26-04-2020,fao_swarm
1823,37.095,2.560833333,1,10,21-04-2020,26-04-2020,fao_swarm
1824,37.13333333,0.583333333,1,10,21-04-2020,24-04-2020,fao_swarm
1825,36.83333333,2.483333333,1,10,21-04-2020,24-04-2020,fao_swarm
1826,37,2.466666667,1,10,21-04-2020,24-04-2020,fao_swarm
1827,37.51666667,0.833333333,1,10,21-04-2020,24-04-2020,fao_swarm
1828,37.08694444,1.0725,1,10,21-04-2020,24-04-2020,fao_swarm
1829,37.63083333,0.703055556,1,10,21-04-2020,24-04-2020,fao_swarm
1830,37.62333333,0.692222222,1,10,21-04-2020,24-04-2020,fao_swarm
1831,37.63277778,0.699166667,1,10,21-04-2020,24-04-2020,fao_swarm
1832,37.66361111,0.640277778,1,10,21-04-2020,24-04-2020,fao_swarm
1833,37.09777778,0.700277778,1,10,21-04-2020,24-04-2020,fao_swarm
1834,36.81083333,1.167222222,1,10,21-04-2020,24-04-2020,fao_swarm
1835,37.62388889,0.690555556,1,10,21-04-2020,24-04-2020,fao_swarm
1836,37.03083333,0.871666667,1,10,21-04-2020,24-04-2020,fao_swarm
1837,37.07638889,0.845555556,1,10,21-04-2020,24-04-2020,fao_swarm
1838,37.64194444,0.670277778,1,10,21-04-2020,24-04-2020,fao_swarm
1839,37.58416667,0.350555556,1,10,21-04-2020,24-04-2020,fao_swarm
1840,37.62583333,0.692222222,1,10,21-04-2020,24-04-2020,fao_swarm
1841,37.625,0.697222222,1,10,21-04-2020,24-04-2020,fao_swarm
1842,37.63111111,0.686944444,1,10,21-04-2020,24-04-2020,fao_swarm
1843,36.99194444,0.627222222,1,10,21-04-2020,24-04-2020,fao_swarm
1844,37.63,0.703055556,1,10,21-04-2020,24-04-2020,fao_swarm
1845,36.71805556,1.466666667,1,10,21-04-2020,24-04-2020,fao_swarm
1846,37.63194444,0.699444444,1,10,21-04-2020,24-04-2020,fao_swarm
1847,37.63722222,0.775277778,1,10,21-04-2020,25-04-2020,fao_swarm
1848,37.00416667,0.863333333,1,10,21-04-2020,25-04-2020,fao_swarm
1849,36.86194444,2.395277778,1,10,21-04-2020,25-04-2020,fao_swarm
1850,36.77388889,2.573888889,1,10,21-04-2020,25-04-2020,fao_swarm
1851,37.06111111,0.632222222,1,10,21-04-2020,25-04-2020,fao_swarm
1852,37.19611111,1.040833333,1,10,21-04-2020,25-04-2020,fao_swarm
1853,37.17916667,1.035277778,1,10,21-04-2020,25-04-2020,fao_swarm
1854,37.45888889,0.966944444,1,10,21-04-2020,25-04-2020,fao_swarm
1855,37.45916667,0.966666667,1,10,21-04-2020,25-04-2020,fao_swarm
1856,36.98472222,0.846111111,1,10,21-04-2020,25-04-2020,fao_swarm
1857,36.96583333,0.845555556,1,10,21-04-2020,25-04-2020,fao_swarm
1858,36.97166667,0.628611111,1,10,21-04-2020,25-04-2020,fao_swarm
1859,37.54611111,0.381666667,1,10,21-04-2020,25-04-2020,fao_swarm
1860,37.13277778,0.721111111,1,10,21-04-2020,25-04-2020,fao_swarm
1861,37.1375,0.726111111,1,10,21-04-2020,25-04-2020,fao_swarm
1862,37.62388889,0.695,1,10,21-04-2020,25-04-2020,fao_swarm
1863,37.625,0.697222222,1,10,21-04-2020,25-04-2020,fao_swarm
1864,36.85888889,1.353611111,1,10,21-04-2020,25-04-2020,fao_swarm
1865,36.98638889,0.633333333,1,10,21-04-2020,26-04-2020,fao_swarm
1866,36.98916667,0.636666667,1,10,21-04-2020,26-04-2020,fao_swarm
1867,36.99055556,0.625277778,1,10,21-04-2020,26-04-2020,fao_swarm
1868,36.98694444,0.624166667,1,10,21-04-2020,26-04-2020,fao_swarm
1869,36.98722222,0.623611111,1,10,21-04-2020,26-04-2020,fao_swarm
1870,37.00305556,0.871666667,1,10,21-04-2020,27-04-2020,fao_swarm
1871,37.01972222,0.683888889,1,10,21-04-2020,27-04-2020,fao_swarm
1872,37.33333333,3.683333333,1,10,21-04-2020,27-04-2020,fao_swarm
1873,36.98666667,0.636111111,1,10,21-04-2020,27-04-2020,fao_swarm
1874,37.0275,0.8775,1,10,21-04-2020,27-04-2020,fao_swarm
1875,37.03388889,0.913055556,1,10,21-04-2020,27-04-2020,fao_swarm
1876,37.04555556,0.908888889,1,10,21-04-2020,27-04-2020,fao_swarm
1877,37.07361111,0.663333333,1,10,21-04-2020,27-04-2020,fao_swarm
1878,37.06694444,0.666944444,1,10,21-04-2020,27-04-2020,fao_swarm
1879,37.06638889,0.668055556,1,10,21-04-2020,27-04-2020,fao_swarm
1880,36.9775,0.774444444,1,10,21-04-2020,27-04-2020,fao_swarm
1881,36.98055556,0.773611111,1,10,21-04-2020,27-04-2020,fao_swarm
1882,37.07944444,0.66,1,10,21-04-2020,27-04-2020,fao_swarm
1883,37.07833333,0.662222222,1,10,21-04-2020,27-04-2020,fao_swarm
1884,37.01666667,5.75,1,10,21-04-2020,21-04-2020,fao_swarm
1885,37.38333333,5.716666667,1,10,21-04-2020,21-04-2020,fao_swarm
1886,37.38333333,5.733333333,1,10,21-04-2020,21-04-2020,fao_swarm
1887,37.13333333,5.85,1,10,21-04-2020,21-04-2020,fao_swarm
1888,37.75,5.7,1,10,21-04-2020,21-04-2020,fao_swarm
1889,36.95,5.383333333,1,10,21-04-2020,21-04-2020,fao_swarm
1890,37.3,5.683333333,1,10,21-04-2020,21-04-2020,fao_swarm
1891,37.36666667,5.666666667,1,10,21-04-2020,21-04-2020,fao_swarm
1892,37.36666667,5.65,1,10,21-04-2020,21-04-2020,fao_swarm
1893,37.08333333,5.333333333,1,10,21-04-2020,21-04-2020,fao_swarm
1894,37.35,5.733333333,1,10,21-04-2020,21-04-2020,fao_swarm
1895,37.21666667,5.7,1,10,21-04-2020,21-04-2020,fao_swarm
1896,36.95,5.766666667,1,10,21-04-2020,23-04-2020,fao_swarm
1897,37.35,5.733333333,1,10,21-04-2020,23-04-2020,fao_swarm
1898,37.35,5.75,1,10,21-04-2020,23-04-2020,fao_swarm
1899,37.01666667,5.75,1,10,21-04-2020,23-04-2020,fao_swarm
1900,37.01666667,5.783333333,1,10,21-04-2020,23-04-2020,fao_swarm
1901,37.06666667,5.166666667,1,10,21-04-2020,23-04-2020,fao_swarm
1902,37.05805556,5.3425,1,10,21-04-2020,23-04-2020,fao_swarm
1903,36.81583333,5.5525,1,10,21-04-2020,23-04-2020,fao_swarm
1904,36.93333333,5.75,1,10,21-04-2020,25-04-2020,fao_swarm
1905,37.4,5.883333333,1,10,21-04-2020,24-04-2020,fao_swarm
1906,36.91666667,5.3,1,10,21-04-2020,25-04-2020,fao_swarm
1907,37.06666667,5.583333333,1,10,21-04-2020,25-04-2020,fao_swarm
1908,36.91666667,5.683333333,1,10,21-04-2020,25-04-2020,fao_swarm
1909,37.13333333,5.666666667,1,10,21-04-2020,25-04-2020,fao_swarm
1910,37.03333333,5.816666667,1,10,21-04-2020,25-04-2020,fao_swarm
1911,36.91666667,5.266666667,1,10,21-04-2020,25-04-2020,fao_swarm
1912,37.16666667,5.633333333,1,10,21-04-2020,25-04-2020,fao_swarm
1913,36.83333333,5.583333333,1,10,21-04-2020,25-04-2020,fao_swarm
1914,36.88333333,5.633333333,1,10,21-04-2020,25-04-2020,fao_swarm
1915,37.11666667,5.216666667,1,10,21-04-2020,26-04-2020,fao_swarm
1916,37.26666667,5.1,1,10,21-04-2020,26-04-2020,fao_swarm
1917,36.81666667,5.366666667,1,10,21-04-2020,26-04-2020,fao_swarm
1918,37.03333333,5.816666667,1,10,21-04-2020,27-04-2020,fao_swarm
1919,37.26666667,5.1,1,10,21-04-2020,27-04-2020,fao_swarm
1920,36.91666667,5.3,1,10,21-04-2020,27-04-2020,fao_swarm
1921,36.83333333,5.35,1,10,21-04-2020,27-04-2020,fao_swarm
1922,36.75,5.466666667,1,10,21-04-2020,27-04-2020,fao_swarm
1923,37.31666667,5.683333333,1,10,21-04-2020,27-04-2020,fao_swarm
1924,36.95,5.766666667,1,10,21-04-2020,27-04-2020,fao_swarm
1925,37.05805556,5.3425,1,10,21-04-2020,24-04-2020,fao_swarm
1926,36.92722222,5.303888889,1,10,21-04-2020,24-04-2020,fao_swarm
1927,37.12111111,5.224444444,1,10,21-04-2020,26-04-2020,fao_swarm
1928,37.07166667,0.661388889,1,10,21-04-2020,21-04-2020,fao_swarm
1929,36.64194444,1.07,1,10,21-04-2020,21-04-2020,fao_swarm
1930,36.35083333,1.155,1,10,21-04-2020,22-04-2020,fao_swarm
1931,37.48138889,0.580277778,1,10,21-04-2020,21-04-2020,fao_swarm
1932,36.82666667,2.535,1,10,21-04-2020,22-04-2020,fao_swarm
1933,37.17138889,0.603611111,1,10,21-04-2020,22-04-2020,fao_swarm
1934,36.93777778,2.352222222,1,10,21-04-2020,23-04-2020,fao_swarm
1935,36.9375,2.352222222,1,10,21-04-2020,23-04-2020,fao_swarm
1936,36.89972222,2.319444444,1,10,21-04-2020,23-04-2020,fao_swarm
1937,36.95611111,0.686111111,1,10,21-04-2020,23-04-2020,fao_swarm
1938,36.55,0.733333333,1,10,21-04-2020,21-04-2020,fao_swarm
1939,36.68333333,1.633333333,1,10,21-04-2020,22-04-2020,fao_swarm
1940,36.36694444,1.166666667,1,10,21-04-2020,22-04-2020,fao_swarm
1941,37.48333333,0.416666667,1,10,21-04-2020,22-04-2020,fao_swarm
1942,37.06666667,0.666666667,1,10,21-04-2020,22-04-2020,fao_swarm
1943,37.16666667,0.6,1,10,21-04-2020,22-04-2020,fao_swarm
1944,37.2,0.283333333,1,10,21-04-2020,23-04-2020,fao_swarm
1945,36.59222222,1.496111111,1,10,21-04-2020,22-04-2020,fao_swarm
1946,36.8275,2.534444444,1,10,21-04-2020,22-04-2020,fao_swarm
1947,36.95,0.666666667,1,10,21-04-2020,23-04-2020,fao_swarm
1948,36.71666667,0.683333333,1,10,21-04-2020,23-04-2020,fao_swarm
1949,36.7,1.083333333,1,10,21-04-2020,23-04-2020,fao_swarm
1950,37.29333333,0.5325,1,10,21-04-2020,21-04-2020,fao_swarm
1951,37.34555556,0.557222222,1,10,21-04-2020,21-04-2020,fao_swarm
1952,38.45555805,4.011411624,0,10,21-04-2020,,synthetic_background
1953,38.92426729,3.662701441,0,10,21-04-2020,,synthetic_background
1954,38.34808301,1.877168608,0,10,21-04-2020,,synthetic_background
1955,37.69743145,1.849734242,0,10,21-04-2020,,synthetic_background
1956,38.22174455,0.700007501,0,10,21-04-2020,,synthetic_background
1957,38.92040658,2.581484877,0,10,21-04-2020,,synthetic_background
1958,38.12822823,3.59785429,0,10,21-04-2020,,synthetic_background
1959,38.93543161,1.364348618,0,10,21-04-2020,,synthetic_background
1960,36.27116868,4.379226459,0,10,21-04-2020,,synthetic_background
1961,37.62891599,3.816808587,0,10,21-04-2020,,synthetic_background
1962,36.08162591,2.419936571,0,10,21-04-2020,,synthetic_background
1963,38.12660489,4.278126185,0,10,21-04-2020,,synthetic_background
1964,36.63675492,2.247985564,0,10,21-04-2020,,synthetic_background
1965,36.28529095,5.284203862,0,10,21-04-2020,,synthetic_background
1966,38.83389025,2.579990082,0,10,21-04-2020,,synthetic_background
1967,38.50811179,2.831204255,0,10,21-04-2020,,synthetic_background
1968,38.1952312,0.60138495,0,10,21-04-2020,,synthetic_background
1969,38.31325235,4.944344714,0,10,21-04-2020,,synthetic_background
1970,37.51147762,2.477734594,0,10,21-04-2020,,synthetic_background
1971,38.30207697,5.184809445,0,10,21-04-2020,,synthetic_background
1972,37.30429484,2.906935744,0,10,21-04-2020,,synthetic_background
1973,37.05615864,2.911354302,0,10,21-04-2020,,synthetic_background
1974,37.21139359,1.905143477,0,10,21-04-2020,,synthetic_background
1975,36.70816535,0.175425215,0,10,21-04-2020,,synthetic_background
1976,38.9987758,0.417041027,0,10,21-04-2020,,synthetic_background
1977,37.68369586,3.071855678,0,10,21-04-2020,,synthetic_background
1978,36.60435185,3.449049535,0,10,21-04-2020,,synthetic_background
1979,37.62966259,4.522348124,0,10,21-04-2020,,synthetic_background
1980,38.94262124,1.585608188,0,10,21-04-2020,,synthetic_background
1981,36.62345676,5.493436991,0,10,21-04-2020,,synthetic_background
1982,36.95034892,0.593279128,0,10,21-04-2020,,synthetic_background
1983,38.200372,1.751207561,0,10,21-04-2020,,synthetic_background
1984,38.3605735,5.161818816,0,10,21-04-2020,,synthetic_background
1985,36.6078341,1.43160857,0,10,21-04-2020,,synthetic_background
1986,38.55027619,0.532263489,0,10,21-04-2020,,synthetic_background
1987,37.27888628,3.938997078,0,10,21-04-2020,,synthetic_background
1988,36.5920339,3.804869323,0,10,21-04-2020,,synthetic_background
1989,36.90133805,2.206228979,0,10,21-04-2020,,synthetic_background
1990,37.23238649,2.291102438,0,10,21-04-2020,,synthetic_background
1991,37.69647513,0.729235428,0,10,21-04-2020,,synthetic_background
1992,37.56564024,0.75334243,0,10,21-04-2020,,synthetic_background
1993,37.70142376,1.303170807,0,10,21-04-2020,,synthetic_background
1994,37.81509293,1.568247062,0,10,21-04-2020,,synthetic_background
1995,37.30319455,3.758687239,0,10,21-04-2020,,synthetic_background
1996,36.5045954,3.77230232,0,10,21-04-2020,,synthetic_background
1997,36.72448573,4.332324812,0,10,21-04-2020,,synthetic_background
1998,37.68129897,3.901879675,0,10,21-04-2020,,synthetic_background
1999,37.31875822,0.714010099,0,10,21-04-2020,,synthetic_background
2000,37.3039761,0.882043165,0,10,21-04-2020,,synthetic_background
2001,37.97439077,2.489861552,0,10,21-04-2020,,synthetic_background
2002,37.59881641,2.507441729,0,10,21-04-2020,,synthetic_background
2003,38.55388002,3.04339259,0,10,21-04-2020,,synthetic_background
2004,37.28005926,4.370998086,0,10,21-04-2020,,synthetic_background
2005,36.71238733,3.672335016,0,10,21-04-2020,,synthetic_background
2006,38.74137483,2.216538571,0,10,21-04-2020,,synthetic_background
2007,36.9011086,5.597145156,0,10,21-04-2020,,synthetic_background
2008,38.57710981,4.083083288,0,10,21-04-2020,,synthetic_background
2009,36.50393025,4.197753658,0,10,21-04-2020,,synthetic_background
2010,37.00096872,5.367960837,0,10,21-04-2020,,synthetic_background
2011,37.2322799,4.132656675,0,10,21-04-2020,,synthetic_background
2012,38.99179124,3.213309571,0,10,21-04-2020,,synthetic_background
2013,36.56122759,2.933597561,0,10,21-04-2020,,synthetic_background
2014,38.45688052,0.769114838,0,10,21-04-2020,,synthetic_background
2015,37.08359946,2.3616507,0,10,21-04-2020,,synthetic_background
2016,37.9013042,2.034202457,0,10,21-04-2020,,synthetic_background
2017,36.82863145,1.591625107,0,10,21-04-2020,,synthetic_background
2018,38.92868492,2.517688542,0,10,21-04-2020,,synthetic_background
2019,36.07634549,5.272669788,0,10,21-04-2020,,synthetic_background
2020,37.1992898,2.695769163,0,10,21-04-2020,,synthetic_background
2021,37.37639062,2.51620475,0,10,21-04-2020,,synthetic_background
2022,38.08191738,3.679296265,0,10,21-04-2020,,synthetic_background
2023,37.22455757,5.200599636,0,10,21-04-2020,,synthetic_background
2024,38.83753437,0.66502282,0,10,21-04-2020,,synthetic_background
2025,37.48058716,4.289869145,0,10,21-04-2020,,synthetic_background
2026,37.52993749,2.039471384,0,10,21-04-2020,,synthetic_background
2027,36.38508957,4.629131742,0,10,21-04-2020,,synthetic_background
2028,36.08604946,0.390486249,0,10,21-04-2020,,synthetic_background
2029,37.04418083,2.249920301,0,10,21-04-2020,,synthetic_background
2030,38.04488296,1.884466761,0,10,21-04-2020,,synthetic_background
2031,37.89598633,5.473661278,0,10,21-04-2020,,synthetic_background
2032,37.19148587,4.435291898,0,10,21-04-2020,,synthetic_background
2033,38.72151972,3.331855964,0,10,21-04-2020,,synthetic_background
2034,37.56180247,1.750537174,0,10,21-04-2020,,synthetic_background
2035,38.281226,4.446257455,0,10,21-04-2020,,synthetic_background
2036,38.02867359,1.614212935,0,10,21-04-2020,,synthetic_background
2037,38.81413955,0.998791773,0,10,21-04-2020,,synthetic_background
2038,38.9497282,0.048976065,0,10,21-04-2020,,synthetic_background
2039,38.66069311,4.647814458,0,10,21-04-2020,,synthetic_background
2040,38.54121863,4.441789147,0,10,21-04-2020,,synthetic_background
2041,37.77110702,4.646849686,0,10,21-04-2020,,synthetic_background
2042,37.95660138,0.560259661,0,10,21-04-2020,,synthetic_background
2043,36.19577594,1.254166575,0,10,21-04-2020,,synthetic_background
2044,37.5161868,3.322745456,0,10,21-04-2020,,synthetic_background
2045,38.55322905,0.813095497,0,10,21-04-2020,,synthetic_background
2046,36.57456691,0.366904317,0,10,21-04-2020,,synthetic_background
2047,37.02234934,0.45334708,0,10,21-04-2020,,synthetic_background
2048,37.69707466,1.209589903,0,10,21-04-2020,,synthetic_background
2049,38.84253028,3.499956828,0,10,21-04-2020,,synthetic_background
2050,38.01894705,3.675317901,0,10,21-04-2020,,synthetic_background
2051,38.5771944,2.965624007,0,10,21-04-2020,,synthetic_background
2052,37.50016869,1.052359155,0,10,21-04-2020,,synthetic_background
2053,37.27715122,3.612806567,0,10,21-04-2020,,synthetic_background
2054,37.38317008,2.667842454,0,10,21-04-2020,,synthetic_background
2055,37.79566098,0.495108622,0,10,21-04-2020,,synthetic_background
2056,37.31137886,1.038554319,0,10,21-04-2020,,synthetic_background
2057,36.75299477,2.872020547,0,10,21-04-2020,,synthetic_background
2058,36.24154056,5.145580767,0,10,21-04-2020,,synthetic_background
2059,37.68970577,1.081982181,0,10,21-04-2020,,synthetic_background
2060,38.23163478,4.397806371,0,10,21-04-2020,,synthetic_background
2061,37.55920661,1.737065735,0,10,21-04-2020,,synthetic_background
2062,38.00460642,2.398656375,0,10,21-04-2020,,synthetic_background
2063,38.13261234,2.178988331,0,10,21-04-2020,,synthetic_background
2064,38.78236809,0.047962193,0,10,21-04-2020,,synthetic_background
2065,38.19086238,5.393333119,0,10,21-04-2020,,synthetic_background
2066,38.81871416,0.903216035,0,10,21-04-2020,,synthetic_background
2067,38.21200505,1.288182031,0,10,21-04-2020,,synthetic_background
2068,37.42525825,0.474500749,0,10,21-04-2020,,synthetic_background
2069,38.35460372,0.412905148,0,10,21-04-2020,,synthetic_background
2070,36.18908198,1.396466984,0,10,21-04-2020,,synthetic_background
2071,37.81670674,3.170621385,0,10,21-04-2020,,synthetic_background
2072,37.61109619,2.329528822,0,10,21-04-2020,,synthetic_background
2073,37.74355756,0.34974473,0,10,21-04-2020,,synthetic_background
2074,38.20193947,4.846242966,0,10,21-04-2020,,synthetic_background
2075,37.00047159,2.944900782,0,10,21-04-2020,,synthetic_background
2076,36.49190714,0.642059454,0,10,21-04-2020,,synthetic_background
2077,37.2196564,5.189800495,0,10,21-04-2020,,synthetic_background
2078,36.03527707,2.702775395,0,10,21-04-2020,,synthetic_background
2079,37.30950159,1.615153951,0,10,21-04-2020,,synthetic_background
2080,36.17252531,5.970908367,0,10,21-04-2020,,synthetic_background
2081,38.37864215,1.807411215,0,10,21-04-2020,,synthetic_background
2082,36.84681355,3.650852455,0,10,21-04-2020,,synthetic_background
2083,37.56877422,2.158869762,0,10,21-04-2020,,synthetic_background
2084,38.55073303,0.509365926,0,10,21-04-2020,,synthetic_background
2085,36.74826963,5.856823906,0,10,21-04-2020,,synthetic_background
2086,36.09661913,2.608693011,0,10,21-04-2020,,synthetic_background
2087,36.70031531,4.865213867,0,10,21-04-2020,,synthetic_background
2088,36.22383723,4.861608089,0,10,21-04-2020,,synthetic_background
2089,36.36218894,2.10403857,0,10,21-04-2020,,synthetic_background
2090,38.14780719,1.631950084,0,10,21-04-2020,,synthetic_background
2091,38.4751093,0.388005774,0,10,21-04-2020,,synthetic_background
2092,36.91333999,2.887068814,0,10,21-04-2020,,synthetic_background
2093,36.89068473,5.605087538,0,10,21-04-2020,,synthetic_background
2094,36.3281895,1.705281897,0,10,21-04-2020,,synthetic_background
2095,36.26600237,3.814076893,0,10,21-04-2020,,synthetic_background
2096,38.24934734,3.216726306,0,10,21-04-2020,,synthetic_background
2097,38.81097072,0.734893305,0,10,21-04-2020,,synthetic_background
2098,38.89681808,5.379039651,0,10,21-04-2020,,synthetic_background
2099,37.11624869,4.078154456,0,10,21-04-2020,,synthetic_background
2100,36.34319208,2.064158575,0,10,21-04-2020,,synthetic_background
2101,38.51727538,1.363465941,0,10,21-04-2020,,synthetic_background
2102,37.78761384,4.269795541,0,10,21-04-2020,,synthetic_background
2103,37.62276276,3.036407368,0,10,21-04-2020,,synthetic_background
2104,38.44564025,0.538819339,0,10,21-04-2020,,synthetic_background
2105,37.41191943,4.191324209,0,10,21-04-2020,,synthetic_background
2106,37.0881801,2.398768119,0,10,21-04-2020,,synthetic_background
2107,36.72490923,4.110125646,0,10,21-04-2020,,synthetic_background
